MovementID,CompanyID,PartyID,PartyName,PartyType,FirstTransactionDate,LastTransactionDate,TotalSalesValue,TotalPurchaseValue,TransactionCount,DaysSinceLastTxn,Status,SalesPerson,City,State,CreatedAt,UpdatedAt
CMOV-0001,COMP-0001,PTY-0001,Neha Sharma Traders,Customer,2024-04-07,2024-05-29,53500,771500,7,-28,Active,Rajesh Kumar,Coimbatore,Tamil Nadu,2024-05-29 00:00:00,2024-05-01 08:00:00
CMOV-0002,COMP-0001,PTY-0002,Amit Gupta Distributors,Supplier,2024-04-29,2024-06-04,1080000,385000,5,-34,Active,Rajesh Kumar,Bangalore,Karnataka,2024-06-04 00:00:00,2024-05-01 08:00:00
CMOV-0003,COMP-0001,PTY-0003,Vikram Patel Traders,Customer,2024-05-26,2024-05-26,0,1350000,2,-25,Active,Amit Shah,Surat,Gujarat,2024-05-26 00:00:00,2024-05-01 08:00:00
CMOV-0004,COMP-0001,PTY-0004,Priya Gupta Distributors,Customer,2024-04-09,2024-06-18,1071500,321000,5,-48,Active,Rajesh Kumar,Pune,Maharashtra,2024-06-18 00:00:00,2024-05-01 08:00:00
CMOV-0005,COMP-0001,PTY-0005,Rajesh Sharma Traders,Customer,2024-06-14,2024-06-29,487700,630500,6,-59,Active,Amit Shah,Surat,Gujarat,2024-06-29 00:00:00,2024-05-01 08:00:00
CMOV-0006,COMP-0001,PTY-0006,Amit Singh Suppliers,Both,2024-04-30,2024-05-25,307000,161500,6,-24,Active,Rajesh Kumar,Delhi,Delhi,2024-05-25 00:00:00,2024-05-01 08:00:00
CMOV-0007,COMP-0001,PTY-0007,Amit Gupta Suppliers,Supplier,2024-04-18,2024-06-24,172500,715000,6,-54,Active,Rajesh Kumar,Ahmedabad,Gujarat,2024-06-24 00:00:00,2024-05-01 08:00:00
CMOV-0008,COMP-0001,PTY-0009,Priya Kumar Traders,Supplier,2024-06-15,2024-06-21,339000,465000,5,-51,Active,Unassigned,Bangalore,Karnataka,2024-06-21 00:00:00,2024-05-01 08:00:00
CMOV-0009,COMP-0001,PTY-0010,Priya Gupta Traders,Customer,2024-04-18,2024-06-16,516400,223800,11,-46,Active,Unassigned,Mysore,Karnataka,2024-06-16 00:00:00,2024-05-01 08:00:00
CMOV-0010,COMP-0001,PTY-0012,Rajesh Gupta Suppliers,Customer,2024-06-24,2024-06-28,98000,346000,4,-58,Active,Amit Shah,Delhi,Delhi,2024-06-28 00:00:00,2024-05-01 08:00:00
CMOV-0011,COMP-0001,PTY-0013,Neha Patel Suppliers,Both,2024-04-13,2024-06-19,1493500,315000,8,-49,Active,Rajesh Kumar,Chennai,Tamil Nadu,2024-06-19 00:00:00,2024-05-01 08:00:00
CMOV-0012,COMP-0001,PTY-0014,Amit Gupta Suppliers,Both,2024-04-04,2024-06-09,1976000,0,5,-39,Active,Rajesh Kumar,Chennai,Tamil Nadu,2024-06-09 00:00:00,2024-05-01 08:00:00
CMOV-0013,COMP-0001,PTY-0015,Amit Gupta Suppliers,Both,2024-04-05,2024-06-25,1213500,10500,6,-55,Active,Unassigned,Mumbai,Maharashtra,2024-06-25 00:00:00,2024-05-01 08:00:00
CMOV-0014,COMP-0001,PTY-0016,Priya Gupta Distributors,Both,2024-04-24,2024-06-16,237000,736800,7,-46,Active,Rajesh Kumar,Surat,Gujarat,2024-06-16 00:00:00,2024-05-01 08:00:00
CMOV-0015,COMP-0002,PTY-0017,Rajesh Singh Suppliers,Customer,2024-05-01,2024-05-01,495000,0,2,0,Active,Amit Shah,Nagpur,Maharashtra,2024-05-01 00:00:00,2024-05-01 08:00:00
CMOV-0016,COMP-0002,PTY-0018,Neha Kumar Traders,Supplier,2024-05-04,2024-06-20,181300,732500,8,-50,Active,Unassigned,Surat,Gujarat,2024-06-20 00:00:00,2024-05-01 08:00:00
CMOV-0017,COMP-0002,PTY-0019,Priya Sharma Distributors,Supplier,2024-05-25,2024-05-25,0,379000,3,-24,Active,Unassigned,Mumbai,Maharashtra,2024-05-25 00:00:00,2024-05-01 08:00:00
CMOV-0018,COMP-0002,PTY-0020,Priya Patel Suppliers,Supplier,2024-06-14,2024-06-14,195000,0,1,-44,Active,Rajesh Kumar,Bangalore,Karnataka,2024-06-14 00:00:00,2024-05-01 08:00:00
CMOV-0019,COMP-0002,PTY-0021,Neha Sharma Suppliers,Customer,2024-04-08,2024-06-10,998000,505000,9,-40,Active,Amit Shah,Mumbai,Maharashtra,2024-06-10 00:00:00,2024-05-01 08:00:00
CMOV-0020,COMP-0002,PTY-0022,Rajesh Kumar Suppliers,Supplier,2024-04-09,2024-05-31,110000,974000,6,-30,Active,Rajesh Kumar,Delhi,Delhi,2024-05-31 00:00:00,2024-05-01 08:00:00
CMOV-0021,COMP-0002,PTY-0023,Amit Patel Distributors,Customer,2024-04-08,2024-04-08,530000,0,3,23,Active,Rajesh Kumar,Delhi,Delhi,2024-04-08 00:00:00,2024-05-01 08:00:00
CMOV-0022,COMP-0002,PTY-0024,Priya Gupta Distributors,Customer,2024-04-10,2024-05-15,77900,1710000,11,-14,Active,Rajesh Kumar,Chennai,Tamil Nadu,2024-05-15 00:00:00,2024-05-01 08:00:00
CMOV-0023,COMP-0002,PTY-0025,Amit Kumar Distributors,Customer,2024-04-09,2024-06-24,1213100,248600,9,-54,Active,Rajesh Kumar,Nagpur,Maharashtra,2024-06-24 00:00:00,2024-05-01 08:00:00
CMOV-0024,COMP-0002,PTY-0026,Neha Gupta Distributors,Customer,2024-06-02,2024-06-02,0,360000,1,-32,Active,Unassigned,Delhi,Delhi,2024-06-02 00:00:00,2024-05-01 08:00:00
CMOV-0025,COMP-0002,PTY-0027,Vikram Kumar Suppliers,Customer,2024-04-08,2024-06-03,855400,515900,9,-33,Active,Rajesh Kumar,Delhi,Delhi,2024-06-03 00:00:00,2024-05-01 08:00:00
CMOV-0026,COMP-0002,PTY-0028,Vikram Patel Suppliers,Customer,2024-05-03,2024-06-04,974600,0,6,-34,Active,Rajesh Kumar,Delhi,Delhi,2024-06-04 00:00:00,2024-05-01 08:00:00
CMOV-0027,COMP-0002,PTY-0029,Neha Sharma Traders,Both,2024-05-05,2024-06-24,999900,0,5,-54,Active,Rajesh Kumar,Coimbatore,Tamil Nadu,2024-06-24 00:00:00,2024-05-01 08:00:00
CMOV-0028,COMP-0002,PTY-0030,Neha Patel Traders,Both,2024-04-01,2024-06-27,2276500,1196000,14,-57,Active,Rajesh Kumar,Delhi,Delhi,2024-06-27 00:00:00,2024-05-01 08:00:00
CMOV-0029,COMP-0002,PTY-0031,Priya Singh Suppliers,Both,2024-04-23,2024-04-24,768000,354000,5,7,Active,Unassigned,Mumbai,Maharashtra,2024-04-24 00:00:00,2024-05-01 08:00:00
CMOV-0030,COMP-0002,PTY-0032,Vikram Patel Traders,Both,2024-04-27,2024-04-27,0,453500,3,4,Active,Unassigned,Mysore,Karnataka,2024-04-27 00:00:00,2024-05-01 08:00:00
CMOV-0031,COMP-0003,PTY-0033,Vikram Kumar Distributors,Customer,2024-04-02,2024-04-02,452700,0,3,29,Active,Rajesh Kumar,Surat,Gujarat,2024-04-02 00:00:00,2024-05-01 08:00:00
CMOV-0032,COMP-0003,PTY-0034,Vikram Singh Distributors,Customer,2024-04-04,2024-04-04,0,522000,3,27,Active,Amit Shah,Ahmedabad,Gujarat,2024-04-04 00:00:00,2024-05-01 08:00:00
CMOV-0033,COMP-0003,PTY-0035,Neha Kumar Traders,Customer,2024-05-26,2024-06-28,21000,110000,3,-58,Active,Amit Shah,Coimbatore,Tamil Nadu,2024-06-28 00:00:00,2024-05-01 08:00:00
CMOV-0034,COMP-0003,PTY-0036,Rajesh Gupta Suppliers,Both,2024-05-14,2024-06-25,4500,854500,4,-55,Active,Amit Shah,Mysore,Karnataka,2024-06-25 00:00:00,2024-05-01 08:00:00
CMOV-0035,COMP-0003,PTY-0037,Vikram Sharma Distributors,Both,2024-05-23,2024-05-23,0,709200,6,-22,Active,Rajesh Kumar,Bangalore,Karnataka,2024-05-23 00:00:00,2024-05-01 08:00:00
CMOV-0036,COMP-0003,PTY-0038,Rajesh Singh Traders,Both,2024-04-29,2024-06-11,54000,990000,6,-41,Active,Amit Shah,Coimbatore,Tamil Nadu,2024-06-11 00:00:00,2024-05-01 08:00:00
CMOV-0037,COMP-0003,PTY-0039,Vikram Kumar Suppliers,Customer,2024-06-03,2024-06-23,1989500,0,5,-53,Active,Unassigned,Delhi,Delhi,2024-06-23 00:00:00,2024-05-01 08:00:00
CMOV-0038,COMP-0003,PTY-0040,Neha Singh Suppliers,Supplier,2024-04-07,2024-06-23,2129000,1589500,14,-53,Active,Rajesh Kumar,Bangalore,Karnataka,2024-06-23 00:00:00,2024-05-01 08:00:00
CMOV-0039,COMP-0003,PTY-0041,Priya Kumar Suppliers,Both,2024-04-27,2024-05-29,194300,266500,6,-28,Active,Amit Shah,Bangalore,Karnataka,2024-05-29 00:00:00,2024-05-01 08:00:00
CMOV-0040,COMP-0003,PTY-0042,Neha Gupta Distributors,Customer,2024-04-29,2024-04-29,28100,0,2,2,Active,Unassigned,Delhi,Delhi,2024-04-29 00:00:00,2024-05-01 08:00:00
CMOV-0041,COMP-0003,PTY-0043,Amit Kumar Suppliers,Supplier,2024-04-15,2024-05-12,515600,0,7,-11,Active,Amit Shah,Chennai,Tamil Nadu,2024-05-12 00:00:00,2024-05-01 08:00:00
CMOV-0042,COMP-0003,PTY-0044,Priya Kumar Distributors,Both,2024-05-13,2024-05-13,5400,0,1,-12,Active,Unassigned,Ahmedabad,Gujarat,2024-05-13 00:00:00,2024-05-01 08:00:00
CMOV-0043,COMP-0003,PTY-0045,Neha Kumar Traders,Customer,2024-05-25,2024-06-26,268500,88500,5,-56,Active,Rajesh Kumar,Nagpur,Maharashtra,2024-06-26 00:00:00,2024-05-01 08:00:00
CMOV-0044,COMP-0003,PTY-0046,Neha Singh Suppliers,Both,2024-04-10,2024-06-20,441200,143000,9,-50,Active,Unassigned,Mysore,Karnataka,2024-06-20 00:00:00,2024-05-01 08:00:00
CMOV-0045,COMP-0003,PTY-0047,Vikram Gupta Suppliers,Supplier,2024-04-15,2024-05-07,210000,457000,4,-6,Active,Rajesh Kumar,Bangalore,Karnataka,2024-05-07 00:00:00,2024-05-01 08:00:00
CMOV-0046,COMP-0003,PTY-0048,Neha Sharma Suppliers,Customer,2024-04-16,2024-05-08,0,566500,6,-7,Active,Amit Shah,Ahmedabad,Gujarat,2024-05-08 00:00:00,2024-05-01 08:00:00
CMOV-0047,COMP-0003,PTY-0049,Vikram Gupta Traders,Customer,2024-05-26,2024-06-17,380000,189100,5,-47,Active,Unassigned,Mysore,Karnataka,2024-06-17 00:00:00,2024-05-01 08:00:00
CMOV-0048,COMP-0004,PTY-0050,Rajesh Kumar Distributors,Customer,2024-04-20,2024-05-28,960200,252000,7,-27,Active,Amit Shah,Chennai,Tamil Nadu,2024-05-28 00:00:00,2024-05-01 08:00:00
CMOV-0049,COMP-0004,PTY-0052,Rajesh Gupta Distributors,Customer,2024-04-12,2024-04-14,3500,256000,3,17,Active,Unassigned,Pune,Maharashtra,2024-04-14 00:00:00,2024-05-01 08:00:00
CMOV-0050,COMP-0004,PTY-0053,Rajesh Gupta Suppliers,Customer,2024-04-10,2024-04-22,80900,875000,5,9,Active,Rajesh Kumar,Ahmedabad,Gujarat,2024-04-22 00:00:00,2024-05-01 08:00:00
CMOV-0051,COMP-0004,PTY-0054,Vikram Patel Suppliers,Customer,2024-04-17,2024-04-17,409500,0,2,14,Active,Rajesh Kumar,Chennai,Tamil Nadu,2024-04-17 00:00:00,2024-05-01 08:00:00
CMOV-0052,COMP-0004,PTY-0055,Priya Patel Distributors,Both,2024-04-21,2024-06-18,973500,393200,6,-48,Active,Amit Shah,Nagpur,Maharashtra,2024-06-18 00:00:00,2024-05-01 08:00:00
CMOV-0053,COMP-0004,PTY-0056,Neha Sharma Suppliers,Both,2024-04-12,2024-05-27,330000,2144800,13,-26,Active,Amit Shah,Delhi,Delhi,2024-05-27 00:00:00,2024-05-01 08:00:00
CMOV-0054,COMP-0004,PTY-0057,Rajesh Kumar Traders,Both,2024-05-29,2024-05-29,642000,0,2,-28,Active,Unassigned,Delhi,Delhi,2024-05-29 00:00:00,2024-05-01 08:00:00
CMOV-0055,COMP-0004,PTY-0058,Neha Kumar Distributors,Both,2024-04-23,2024-06-02,0,1383500,9,-32,Active,Amit Shah,Mysore,Karnataka,2024-06-02 00:00:00,2024-05-01 08:00:00
CMOV-0056,COMP-0004,PTY-0059,Amit Kumar Traders,Supplier,2024-04-26,2024-06-12,1035800,0,7,-42,Active,Amit Shah,Coimbatore,Tamil Nadu,2024-06-12 00:00:00,2024-05-01 08:00:00
CMOV-0057,COMP-0004,PTY-0060,Vikram Singh Traders,Both,2024-04-21,2024-06-11,111800,930000,5,-41,Active,Rajesh Kumar,Delhi,Delhi,2024-06-11 00:00:00,2024-05-01 08:00:00
CMOV-0058,COMP-0004,PTY-0061,Priya Gupta Distributors,Both,2024-04-01,2024-05-30,0,533700,7,-29,Active,Unassigned,Surat,Gujarat,2024-05-30 00:00:00,2024-05-01 08:00:00
CMOV-0059,COMP-0004,PTY-0062,Priya Patel Distributors,Supplier,2024-05-01,2024-06-06,0,248200,4,-36,Active,Amit Shah,Delhi,Delhi,2024-06-06 00:00:00,2024-05-01 08:00:00
CMOV-0060,COMP-0004,PTY-0063,Priya Singh Traders,Customer,2024-04-18,2024-06-28,0,873500,5,-58,Active,Rajesh Kumar,Delhi,Delhi,2024-06-28 00:00:00,2024-05-01 08:00:00
CMOV-0061,COMP-0004,PTY-0064,Amit Patel Distributors,Supplier,2024-04-18,2024-04-18,0,11500,2,13,Active,Rajesh Kumar,Surat,Gujarat,2024-04-18 00:00:00,2024-05-01 08:00:00
CMOV-0062,COMP-0004,PTY-0065,Vikram Patel Traders,Supplier,2024-05-23,2024-06-29,1071300,130500,8,-59,Active,Unassigned,Delhi,Delhi,2024-06-29 00:00:00,2024-05-01 08:00:00
CMOV-0063,COMP-0004,PTY-0066,Vikram Patel Distributors,Customer,2024-04-09,2024-04-22,110000,304000,3,9,Active,Amit Shah,Bangalore,Karnataka,2024-04-22 00:00:00,2024-05-01 08:00:00
CMOV-0064,COMP-0004,PTY-0067,Vikram Kumar Suppliers,Supplier,2024-05-11,2024-05-11,1110000,0,2,-10,Active,Rajesh Kumar,Mumbai,Maharashtra,2024-05-11 00:00:00,2024-05-01 08:00:00
CMOV-0065,COMP-0004,PTY-0068,Neha Singh Distributors,Customer,2024-05-06,2024-06-30,481000,7200,4,-60,Active,Amit Shah,Mumbai,Maharashtra,2024-06-30 00:00:00,2024-05-01 08:00:00
CMOV-0066,COMP-0004,PTY-0069,Priya Kumar Suppliers,Both,2024-04-11,2024-06-07,1643500,0,5,-37,Active,Unassigned,Mysore,Karnataka,2024-06-07 00:00:00,2024-05-01 08:00:00
CMOV-0067,COMP-0004,PTY-0070,Amit Patel Traders,Customer,2024-04-15,2024-06-17,426900,2700,6,-47,Active,Rajesh Kumar,Delhi,Delhi,2024-06-17 00:00:00,2024-05-01 08:00:00
CMOV-0068,COMP-0004,PTY-0071,Neha Kumar Suppliers,Customer,2024-06-16,2024-06-16,350000,0,2,-46,Active,Rajesh Kumar,Delhi,Delhi,2024-06-16 00:00:00,2024-05-01 08:00:00
CMOV-0069,COMP-0004,PTY-0072,Vikram Gupta Distributors,Customer,2024-04-18,2024-04-18,465500,0,2,13,Active,Amit Shah,Surat,Gujarat,2024-04-18 00:00:00,2024-05-01 08:00:00
CMOV-0070,COMP-0005,PTY-0073,Rajesh Sharma Suppliers,Both,2024-05-24,2024-06-26,1280000,589000,5,-56,Active,Amit Shah,Ahmedabad,Gujarat,2024-06-26 00:00:00,2024-05-01 08:00:00
CMOV-0071,COMP-0005,PTY-0074,Priya Singh Suppliers,Both,2024-04-07,2024-04-09,82300,7200,4,22,Active,Amit Shah,Surat,Gujarat,2024-04-09 00:00:00,2024-05-01 08:00:00
CMOV-0072,COMP-0005,PTY-0075,Rajesh Patel Suppliers,Both,2024-05-12,2024-05-12,960000,0,1,-11,Active,Unassigned,Delhi,Delhi,2024-05-12 00:00:00,2024-05-01 08:00:00
CMOV-0073,COMP-0005,PTY-0076,Vikram Singh Distributors,Supplier,2024-04-19,2024-05-15,0,1214000,7,-14,Active,Unassigned,Delhi,Delhi,2024-05-15 00:00:00,2024-05-01 08:00:00
CMOV-0074,COMP-0005,PTY-0077,Amit Gupta Suppliers,Both,2024-04-11,2024-06-23,450000,1175400,5,-53,Active,Amit Shah,Delhi,Delhi,2024-06-23 00:00:00,2024-05-01 08:00:00
CMOV-0075,COMP-0005,PTY-0078,Priya Kumar Distributors,Both,2024-04-27,2024-06-17,456000,2168900,12,-47,Active,Amit Shah,Mumbai,Maharashtra,2024-06-17 00:00:00,2024-05-01 08:00:00
CMOV-0076,COMP-0005,PTY-0079,Neha Kumar Suppliers,Customer,2024-04-13,2024-04-13,165000,0,1,18,Active,Unassigned,Mumbai,Maharashtra,2024-04-13 00:00:00,2024-05-01 08:00:00
CMOV-0077,COMP-0005,PTY-0080,Neha Singh Traders,Supplier,2024-04-21,2024-04-21,0,3600,1,10,Active,Amit Shah,Mysore,Karnataka,2024-04-21 00:00:00,2024-05-01 08:00:00
CMOV-0078,COMP-0005,PTY-0081,Amit Sharma Distributors,Supplier,2024-05-24,2024-05-24,0,15800,2,-23,Active,Amit Shah,Delhi,Delhi,2024-05-24 00:00:00,2024-05-01 08:00:00
CMOV-0079,COMP-0005,PTY-0082,Neha Kumar Suppliers,Both,2024-06-07,2024-06-13,1224900,0,7,-43,Active,Rajesh Kumar,Surat,Gujarat,2024-06-13 00:00:00,2024-05-01 08:00:00
CMOV-0080,COMP-0005,PTY-0083,Amit Patel Suppliers,Customer,2024-04-29,2024-06-04,954000,960000,4,-34,Active,Rajesh Kumar,Coimbatore,Tamil Nadu,2024-06-04 00:00:00,2024-05-01 08:00:00
CMOV-0081,COMP-0005,PTY-0084,Amit Kumar Distributors,Both,2024-05-17,2024-06-19,53500,24700,5,-49,Active,Rajesh Kumar,Mumbai,Maharashtra,2024-06-19 00:00:00,2024-05-01 08:00:00
CMOV-0082,COMP-0005,PTY-0085,Rajesh Patel Suppliers,Customer,2024-06-04,2024-06-04,0,80000,1,-34,Active,Unassigned,Bangalore,Karnataka,2024-06-04 00:00:00,2024-05-01 08:00:00
CMOV-0083,COMP-0005,PTY-0086,Rajesh Singh Distributors,Supplier,2024-04-06,2024-04-06,24500,0,1,25,Active,Unassigned,Coimbatore,Tamil Nadu,2024-04-06 00:00:00,2024-05-01 08:00:00
CMOV-0084,COMP-0005,PTY-0087,Rajesh Patel Traders,Both,2024-05-11,2024-05-30,637200,0,3,-29,Active,Unassigned,Delhi,Delhi,2024-05-30 00:00:00,2024-05-01 08:00:00
CMOV-0085,COMP-0005,PTY-0088,Amit Singh Traders,Supplier,2024-06-04,2024-06-27,476000,23800,6,-57,Active,Rajesh Kumar,Mumbai,Maharashtra,2024-06-27 00:00:00,2024-05-01 08:00:00
CMOV-0086,COMP-0005,PTY-0089,Priya Gupta Traders,Customer,2024-04-21,2024-06-28,1800,396900,4,-58,Active,Amit Shah,Ahmedabad,Gujarat,2024-06-28 00:00:00,2024-05-01 08:00:00
CMOV-0087,COMP-0005,PTY-0090,Neha Patel Suppliers,Both,2024-05-01,2024-06-21,20000,395400,3,-51,Active,Rajesh Kumar,Surat,Gujarat,2024-06-21 00:00:00,2024-05-01 08:00:00
CMOV-0088,COMP-0006,PTY-0092,Amit Patel Distributors,Both,2024-05-03,2024-05-29,0,894500,4,-28,Active,Amit Shah,Coimbatore,Tamil Nadu,2024-05-29 00:00:00,2024-05-01 08:00:00
CMOV-0089,COMP-0006,PTY-0093,Rajesh Singh Suppliers,Both,2024-04-03,2024-06-15,0,218100,6,-45,Active,Amit Shah,Bangalore,Karnataka,2024-06-15 00:00:00,2024-05-01 08:00:00
CMOV-0090,COMP-0006,PTY-0094,Amit Patel Distributors,Both,2024-04-15,2024-06-28,1451500,734000,11,-58,Active,Amit Shah,Surat,Gujarat,2024-06-28 00:00:00,2024-05-01 08:00:00
CMOV-0091,COMP-0006,PTY-0096,Rajesh Kumar Traders,Both,2024-05-10,2024-06-26,2329000,467300,8,-56,Active,Rajesh Kumar,Pune,Maharashtra,2024-06-26 00:00:00,2024-05-01 08:00:00
CMOV-0092,COMP-0006,PTY-0097,Vikram Sharma Distributors,Customer,2024-04-19,2024-06-21,65000,235000,4,-51,Active,Unassigned,Surat,Gujarat,2024-06-21 00:00:00,2024-05-01 08:00:00
CMOV-0093,COMP-0006,PTY-0098,Rajesh Kumar Traders,Customer,2024-04-13,2024-06-18,0,438900,4,-48,Active,Rajesh Kumar,Delhi,Delhi,2024-06-18 00:00:00,2024-05-01 08:00:00
CMOV-0094,COMP-0006,PTY-0099,Amit Gupta Suppliers,Supplier,2024-04-08,2024-06-12,167900,1128000,6,-42,Active,Amit Shah,Surat,Gujarat,2024-06-12 00:00:00,2024-05-01 08:00:00
CMOV-0095,COMP-0006,PTY-0100,Amit Kumar Suppliers,Both,2024-05-09,2024-05-09,720000,0,1,-8,Active,Rajesh Kumar,Pune,Maharashtra,2024-05-09 00:00:00,2024-05-01 08:00:00
CMOV-0096,COMP-0006,PTY-0101,Priya Kumar Distributors,Customer,2024-04-03,2024-06-26,2112500,462700,11,-56,Active,Amit Shah,Surat,Gujarat,2024-06-26 00:00:00,2024-05-01 08:00:00
CMOV-0097,COMP-0006,PTY-0102,Amit Sharma Traders,Both,2024-04-13,2024-06-14,2318600,577600,15,-44,Active,Amit Shah,Bangalore,Karnataka,2024-06-14 00:00:00,2024-05-01 08:00:00
CMOV-0098,COMP-0006,PTY-0103,Amit Gupta Traders,Both,2024-06-14,2024-06-14,424500,0,3,-44,Active,Amit Shah,Ahmedabad,Gujarat,2024-06-14 00:00:00,2024-05-01 08:00:00
CMOV-0099,COMP-0006,PTY-0104,Rajesh Singh Suppliers,Both,2024-04-04,2024-05-24,1026000,0,3,-23,Active,Rajesh Kumar,Ahmedabad,Gujarat,2024-05-24 00:00:00,2024-05-01 08:00:00
CMOV-0100,COMP-0006,PTY-0105,Vikram Patel Traders,Customer,2024-04-01,2024-04-16,418400,390900,6,15,Active,Amit Shah,Coimbatore,Tamil Nadu,2024-04-16 00:00:00,2024-05-01 08:00:00
CMOV-0101,COMP-0006,PTY-0106,Rajesh Kumar Distributors,Both,2024-04-04,2024-05-14,69500,621100,6,-13,Active,Amit Shah,Mysore,Karnataka,2024-05-14 00:00:00,2024-05-01 08:00:00
CMOV-0102,COMP-0006,PTY-0107,Neha Singh Suppliers,Customer,2024-06-07,2024-06-07,0,610000,2,-37,Active,Rajesh Kumar,Bangalore,Karnataka,2024-06-07 00:00:00,2024-05-01 08:00:00
CMOV-0103,COMP-0006,PTY-0108,Priya Sharma Traders,Both,2024-04-06,2024-04-06,26300,0,3,25,Active,Amit Shah,Pune,Maharashtra,2024-04-06 00:00:00,2024-05-01 08:00:00
CMOV-0104,COMP-0006,PTY-0109,Vikram Kumar Distributors,Supplier,2024-06-12,2024-06-17,4500,909500,4,-47,Active,Unassigned,Coimbatore,Tamil Nadu,2024-06-17 00:00:00,2024-05-01 08:00:00
CMOV-0105,COMP-0006,PTY-0111,Priya Singh Distributors,Customer,2024-04-23,2024-04-23,223000,0,2,8,Active,Amit Shah,Delhi,Delhi,2024-04-23 00:00:00,2024-05-01 08:00:00
CMOV-0106,COMP-0007,PTY-0112,Priya Patel Suppliers,Both,2024-05-17,2024-06-08,0,456800,5,-38,Active,Unassigned,Pune,Maharashtra,2024-06-08 00:00:00,2024-05-01 08:00:00
CMOV-0107,COMP-0007,PTY-0113,Neha Gupta Distributors,Both,2024-04-24,2024-04-24,294000,0,1,7,Active,Unassigned,Chennai,Tamil Nadu,2024-04-24 00:00:00,2024-05-01 08:00:00
CMOV-0108,COMP-0007,PTY-0114,Vikram Singh Traders,Customer,2024-05-10,2024-06-23,120400,201600,6,-53,Active,Unassigned,Delhi,Delhi,2024-06-23 00:00:00,2024-05-01 08:00:00
CMOV-0109,COMP-0007,PTY-0115,Rajesh Sharma Suppliers,Supplier,2024-05-22,2024-06-01,1065500,0,3,-31,Active,Amit Shah,Chennai,Tamil Nadu,2024-06-01 00:00:00,2024-05-01 08:00:00
CMOV-0110,COMP-0007,PTY-0116,Neha Gupta Traders,Customer,2024-04-17,2024-06-05,110000,337600,4,-35,Active,Unassigned,Mumbai,Maharashtra,2024-06-05 00:00:00,2024-05-01 08:00:00
CMOV-0111,COMP-0007,PTY-0117,Priya Kumar Suppliers,Supplier,2024-05-18,2024-06-19,1283000,130500,5,-49,Active,Amit Shah,Coimbatore,Tamil Nadu,2024-06-19 00:00:00,2024-05-01 08:00:00
CMOV-0112,COMP-0007,PTY-0118,Vikram Gupta Traders,Customer,2024-05-28,2024-05-28,0,20000,1,-27,Active,Rajesh Kumar,Mysore,Karnataka,2024-05-28 00:00:00,2024-05-01 08:00:00
CMOV-0113,COMP-0007,PTY-0119,Amit Singh Traders,Customer,2024-04-02,2024-04-02,20000,0,1,29,Active,Unassigned,Delhi,Delhi,2024-04-02 00:00:00,2024-05-01 08:00:00
CMOV-0114,COMP-0007,PTY-0120,Amit Gupta Suppliers,Customer,2024-04-28,2024-05-27,435000,355500,5,-26,Active,Rajesh Kumar,Coimbatore,Tamil Nadu,2024-05-27 00:00:00,2024-05-01 08:00:00
CMOV-0115,COMP-0007,PTY-0121,Vikram Gupta Distributors,Both,2024-04-04,2024-06-30,275000,131000,4,-60,Active,Rajesh Kumar,Mysore,Karnataka,2024-06-30 00:00:00,2024-05-01 08:00:00
CMOV-0116,COMP-0007,PTY-0122,Neha Kumar Traders,Supplier,2024-06-17,2024-06-17,249000,0,2,-47,Active,Rajesh Kumar,Delhi,Delhi,2024-06-17 00:00:00,2024-05-01 08:00:00
CMOV-0117,COMP-0007,PTY-0123,Vikram Singh Traders,Customer,2024-04-03,2024-05-12,915000,702700,9,-11,Active,Unassigned,Surat,Gujarat,2024-05-12 00:00:00,2024-05-01 08:00:00
CMOV-0118,COMP-0007,PTY-0124,Vikram Patel Suppliers,Customer,2024-04-21,2024-05-06,168000,763000,4,-5,Active,Unassigned,Ahmedabad,Gujarat,2024-05-06 00:00:00,2024-05-01 08:00:00
CMOV-0119,COMP-0007,PTY-0127,Vikram Kumar Suppliers,Customer,2024-04-04,2024-05-23,2405900,0,7,-22,Active,Rajesh Kumar,Bangalore,Karnataka,2024-05-23 00:00:00,2024-05-01 08:00:00
CMOV-0120,COMP-0007,PTY-0128,Neha Kumar Distributors,Supplier,2024-04-06,2024-04-06,0,84000,1,25,Active,Rajesh Kumar,Bangalore,Karnataka,2024-04-06 00:00:00,2024-05-01 08:00:00
CMOV-0121,COMP-0008,PTY-0129,Vikram Sharma Distributors,Both,2024-04-28,2024-04-28,0,415500,3,3,Active,Rajesh Kumar,Delhi,Delhi,2024-04-28 00:00:00,2024-05-01 08:00:00
CMOV-0122,COMP-0008,PTY-0130,Rajesh Gupta Distributors,Supplier,2024-04-22,2024-06-15,494000,135400,6,-45,Active,Rajesh Kumar,Surat,Gujarat,2024-06-15 00:00:00,2024-05-01 08:00:00
CMOV-0123,COMP-0008,PTY-0131,Vikram Gupta Distributors,Customer,2024-04-13,2024-04-13,785000,0,3,18,Active,Rajesh Kumar,Mysore,Karnataka,2024-04-13 00:00:00,2024-05-01 08:00:00
CMOV-0124,COMP-0008,PTY-0132,Priya Gupta Suppliers,Supplier,2024-04-19,2024-06-20,7200,1391800,7,-50,Active,Amit Shah,Delhi,Delhi,2024-06-20 00:00:00,2024-05-01 08:00:00
CMOV-0125,COMP-0008,PTY-0133,Amit Patel Distributors,Customer,2024-04-28,2024-05-24,0,1355500,5,-23,Active,Rajesh Kumar,Pune,Maharashtra,2024-05-24 00:00:00,2024-05-01 08:00:00
CMOV-0126,COMP-0008,PTY-0134,Neha Patel Traders,Customer,2024-05-22,2024-06-17,634200,0,7,-47,Active,Rajesh Kumar,Coimbatore,Tamil Nadu,2024-06-17 00:00:00,2024-05-01 08:00:00
CMOV-0127,COMP-0008,PTY-0135,Rajesh Kumar Distributors,Supplier,2024-05-21,2024-06-24,110000,1666900,8,-54,Active,Unassigned,Delhi,Delhi,2024-06-24 00:00:00,2024-05-01 08:00:00
CMOV-0128,COMP-0008,PTY-0136,Vikram Kumar Distributors,Both,2024-04-04,2024-06-13,358000,589500,7,-43,Active,Unassigned,Surat,Gujarat,2024-06-13 00:00:00,2024-05-01 08:00:00
CMOV-0129,COMP-0008,PTY-0137,Priya Patel Traders,Supplier,2024-04-22,2024-06-29,1083000,0,5,-59,Active,Amit Shah,Ahmedabad,Gujarat,2024-06-29 00:00:00,2024-05-01 08:00:00
CMOV-0130,COMP-0008,PTY-0138,Rajesh Singh Suppliers,Supplier,2024-04-06,2024-06-19,0,1133000,7,-49,Active,Unassigned,Mumbai,Maharashtra,2024-06-19 00:00:00,2024-05-01 08:00:00
CMOV-0131,COMP-0008,PTY-0139,Vikram Sharma Distributors,Supplier,2024-05-02,2024-06-06,1038000,663100,11,-36,Active,Amit Shah,Bangalore,Karnataka,2024-06-06 00:00:00,2024-05-01 08:00:00
CMOV-0132,COMP-0008,PTY-0140,Vikram Sharma Traders,Customer,2024-04-07,2024-06-25,954000,362500,6,-55,Active,Amit Shah,Delhi,Delhi,2024-06-25 00:00:00,2024-05-01 08:00:00
CMOV-0133,COMP-0008,PTY-0141,Priya Kumar Traders,Customer,2024-05-12,2024-06-30,841700,350000,6,-60,Active,Rajesh Kumar,Chennai,Tamil Nadu,2024-06-30 00:00:00,2024-05-01 08:00:00
CMOV-0134,COMP-0008,PTY-0142,Neha Kumar Suppliers,Customer,2024-05-17,2024-05-17,180000,0,2,-16,Active,Unassigned,Pune,Maharashtra,2024-05-17 00:00:00,2024-05-01 08:00:00
CMOV-0135,COMP-0008,PTY-0143,Rajesh Sharma Distributors,Both,2024-04-06,2024-06-11,408700,253800,5,-41,Active,Unassigned,Bangalore,Karnataka,2024-06-11 00:00:00,2024-05-01 08:00:00
CMOV-0136,COMP-0009,PTY-0144,Vikram Sharma Distributors,Both,2024-04-21,2024-05-19,703500,0,5,-18,Active,Unassigned,Delhi,Delhi,2024-05-19 00:00:00,2024-05-01 08:00:00
CMOV-0137,COMP-0009,PTY-0145,Rajesh Singh Traders,Both,2024-04-10,2024-05-31,0,456800,2,-30,Active,Rajesh Kumar,Coimbatore,Tamil Nadu,2024-05-31 00:00:00,2024-05-01 08:00:00
CMOV-0138,COMP-0009,PTY-0146,Amit Patel Traders,Supplier,2024-04-24,2024-06-05,0,1425000,8,-35,Active,Unassigned,Nagpur,Maharashtra,2024-06-05 00:00:00,2024-05-01 08:00:00
CMOV-0139,COMP-0009,PTY-0147,Neha Kumar Traders,Supplier,2024-04-23,2024-05-23,669000,0,8,-22,Active,Amit Shah,Coimbatore,Tamil Nadu,2024-05-23 00:00:00,2024-05-01 08:00:00
CMOV-0140,COMP-0009,PTY-0148,Vikram Singh Suppliers,Supplier,2024-05-02,2024-05-02,0,363500,3,-1,Active,Unassigned,Pune,Maharashtra,2024-05-02 00:00:00,2024-05-01 08:00:00
CMOV-0141,COMP-0009,PTY-0149,Priya Singh Distributors,Customer,2024-05-29,2024-05-30,222000,210000,4,-29,Active,Unassigned,Coimbatore,Tamil Nadu,2024-05-30 00:00:00,2024-05-01 08:00:00
CMOV-0142,COMP-0009,PTY-0151,Vikram Kumar Distributors,Supplier,2024-04-12,2024-04-28,12000,42000,2,3,Active,Amit Shah,Nagpur,Maharashtra,2024-04-28 00:00:00,2024-05-01 08:00:00
CMOV-0143,COMP-0009,PTY-0152,Priya Singh Traders,Customer,2024-04-26,2024-06-27,715500,0,4,-57,Active,Rajesh Kumar,Chennai,Tamil Nadu,2024-06-27 00:00:00,2024-05-01 08:00:00
CMOV-0144,COMP-0009,PTY-0153,Amit Singh Traders,Both,2024-04-06,2024-05-01,439500,30700,6,0,Active,Unassigned,Delhi,Delhi,2024-05-01 00:00:00,2024-05-01 08:00:00
CMOV-0145,COMP-0009,PTY-0154,Rajesh Gupta Suppliers,Supplier,2024-05-22,2024-06-03,1773000,0,5,-33,Active,Amit Shah,Surat,Gujarat,2024-06-03 00:00:00,2024-05-01 08:00:00
CMOV-0146,COMP-0009,PTY-0155,Priya Gupta Suppliers,Supplier,2024-04-24,2024-06-18,1039500,0,4,-48,Active,Rajesh Kumar,Bangalore,Karnataka,2024-06-18 00:00:00,2024-05-01 08:00:00
CMOV-0147,COMP-0009,PTY-0157,Vikram Sharma Traders,Supplier,2024-04-25,2024-06-27,0,1423400,6,-57,Active,Unassigned,Coimbatore,Tamil Nadu,2024-06-27 00:00:00,2024-05-01 08:00:00
CMOV-0148,COMP-0009,PTY-0158,Amit Sharma Suppliers,Customer,2024-04-03,2024-04-11,7000,510000,3,20,Active,Rajesh Kumar,Ahmedabad,Gujarat,2024-04-11 00:00:00,2024-05-01 08:00:00
CMOV-0149,COMP-0010,PTY-0159,Priya Gupta Traders,Both,2024-04-10,2024-05-02,374800,0,5,-1,Active,Amit Shah,Mumbai,Maharashtra,2024-05-02 00:00:00,2024-05-01 08:00:00
CMOV-0150,COMP-0010,PTY-0160,Neha Singh Distributors,Customer,2024-04-21,2024-06-24,486000,342000,8,-54,Active,Rajesh Kumar,Pune,Maharashtra,2024-06-24 00:00:00,2024-05-01 08:00:00
CMOV-0151,COMP-0010,PTY-0161,Rajesh Gupta Distributors,Customer,2024-04-10,2024-04-10,240000,0,1,21,Active,Amit Shah,Ahmedabad,Gujarat,2024-04-10 00:00:00,2024-05-01 08:00:00
CMOV-0152,COMP-0010,PTY-0162,Rajesh Sharma Traders,Both,2024-04-03,2024-04-03,112000,0,2,28,Active,Unassigned,Coimbatore,Tamil Nadu,2024-04-03 00:00:00,2024-05-01 08:00:00
CMOV-0153,COMP-0010,PTY-0163,Neha Singh Distributors,Customer,2024-05-09,2024-06-18,623000,826000,8,-48,Active,Amit Shah,Delhi,Delhi,2024-06-18 00:00:00,2024-05-01 08:00:00
CMOV-0154,COMP-0010,PTY-0164,Priya Kumar Suppliers,Customer,2024-04-20,2024-04-20,0,55000,1,11,Active,Amit Shah,Mysore,Karnataka,2024-04-20 00:00:00,2024-05-01 08:00:00
CMOV-0155,COMP-0010,PTY-0165,Amit Singh Traders,Supplier,2024-04-26,2024-04-26,177600,0,3,5,Active,Rajesh Kumar,Chennai,Tamil Nadu,2024-04-26 00:00:00,2024-05-01 08:00:00
CMOV-0156,COMP-0010,PTY-0166,Rajesh Singh Traders,Customer,2024-05-28,2024-06-30,148700,7200,5,-60,Active,Unassigned,Mysore,Karnataka,2024-06-30 00:00:00,2024-05-01 08:00:00
CMOV-0157,COMP-0010,PTY-0167,Neha Kumar Traders,Supplier,2024-04-21,2024-05-30,960000,1573300,6,-29,Active,Rajesh Kumar,Mysore,Karnataka,2024-05-30 00:00:00,2024-05-01 08:00:00
CMOV-0158,COMP-0010,PTY-0168,Neha Singh Suppliers,Supplier,2024-04-21,2024-06-20,2301000,0,11,-50,Active,Amit Shah,Mumbai,Maharashtra,2024-06-20 00:00:00,2024-05-01 08:00:00
CMOV-0159,COMP-0010,PTY-0169,Neha Sharma Suppliers,Customer,2024-05-11,2024-06-25,0,523200,7,-55,Active,Unassigned,Pune,Maharashtra,2024-06-25 00:00:00,2024-05-01 08:00:00
CMOV-0160,COMP-0010,PTY-0170,Rajesh Gupta Distributors,Supplier,2024-05-11,2024-06-20,30000,840200,6,-50,Active,Unassigned,Chennai,Tamil Nadu,2024-06-20 00:00:00,2024-05-01 08:00:00
CMOV-0161,COMP-0010,PTY-0171,Neha Gupta Suppliers,Customer,2024-04-06,2024-04-06,30900,0,2,25,Active,Amit Shah,Mumbai,Maharashtra,2024-04-06 00:00:00,2024-05-01 08:00:00
CMOV-0162,COMP-0010,PTY-0172,Neha Gupta Traders,Customer,2024-04-06,2024-04-21,0,46300,3,10,Active,Amit Shah,Bangalore,Karnataka,2024-04-21 00:00:00,2024-05-01 08:00:00
CMOV-0163,COMP-0010,PTY-0173,Neha Gupta Suppliers,Both,2024-06-29,2024-06-29,537500,0,2,-59,Active,Amit Shah,Surat,Gujarat,2024-06-29 00:00:00,2024-05-01 08:00:00
CMOV-0164,COMP-0010,PTY-0174,Neha Gupta Traders,Supplier,2024-04-11,2024-06-20,535000,575700,8,-50,Active,Rajesh Kumar,Mysore,Karnataka,2024-06-20 00:00:00,2024-05-01 08:00:00
CMOV-0165,COMP-0010,PTY-0175,Rajesh Gupta Distributors,Both,2024-05-13,2024-05-13,51000,0,2,-12,Active,Amit Shah,Mysore,Karnataka,2024-05-13 00:00:00,2024-05-01 08:00:00
CMOV-0166,COMP-0011,PTY-0176,Amit Gupta Suppliers,Both,2024-04-06,2024-06-15,1350000,1170000,7,-45,Active,Rajesh Kumar,Surat,Gujarat,2024-06-15 00:00:00,2024-05-01 08:00:00
CMOV-0167,COMP-0011,PTY-0177,Neha Singh Traders,Customer,2024-04-01,2024-05-31,1310700,0,7,-30,Active,Rajesh Kumar,Delhi,Delhi,2024-05-31 00:00:00,2024-05-01 08:00:00
CMOV-0168,COMP-0011,PTY-0178,Amit Kumar Distributors,Supplier,2024-06-10,2024-06-10,0,460000,2,-40,Active,Rajesh Kumar,Delhi,Delhi,2024-06-10 00:00:00,2024-05-01 08:00:00
CMOV-0169,COMP-0011,PTY-0179,Neha Kumar Suppliers,Customer,2024-04-06,2024-04-07,252000,656500,4,24,Active,Rajesh Kumar,Mysore,Karnataka,2024-04-07 00:00:00,2024-05-01 08:00:00
CMOV-0170,COMP-0011,PTY-0180,Vikram Kumar Suppliers,Both,2024-06-14,2024-06-14,0,132700,2,-44,Active,Unassigned,Ahmedabad,Gujarat,2024-06-14 00:00:00,2024-05-01 08:00:00
CMOV-0171,COMP-0011,PTY-0181,Neha Patel Distributors,Both,2024-04-23,2024-06-26,0,945500,4,-56,Active,Unassigned,Ahmedabad,Gujarat,2024-06-26 00:00:00,2024-05-01 08:00:00
CMOV-0172,COMP-0011,PTY-0182,Priya Sharma Traders,Both,2024-05-16,2024-06-11,985900,0,3,-41,Active,Unassigned,Ahmedabad,Gujarat,2024-06-11 00:00:00,2024-05-01 08:00:00
CMOV-0173,COMP-0011,PTY-0183,Vikram Singh Distributors,Both,2024-04-25,2024-05-16,455000,520500,4,-15,Active,Rajesh Kumar,Mumbai,Maharashtra,2024-05-16 00:00:00,2024-05-01 08:00:00
CMOV-0174,COMP-0011,PTY-0185,Vikram Singh Distributors,Customer,2024-05-21,2024-06-02,330000,295000,3,-32,Active,Amit Shah,Mysore,Karnataka,2024-06-02 00:00:00,2024-05-01 08:00:00
CMOV-0175,COMP-0011,PTY-0186,Priya Singh Suppliers,Both,2024-04-04,2024-05-12,1155500,79500,8,-11,Active,Rajesh Kumar,Ahmedabad,Gujarat,2024-05-12 00:00:00,2024-05-01 08:00:00
CMOV-0176,COMP-0011,PTY-0187,Priya Kumar Suppliers,Customer,2024-04-07,2024-05-09,0,1062900,5,-8,Active,Rajesh Kumar,Coimbatore,Tamil Nadu,2024-05-09 00:00:00,2024-05-01 08:00:00
CMOV-0177,COMP-0011,PTY-0188,Rajesh Singh Suppliers,Supplier,2024-06-07,2024-06-07,0,608000,2,-37,Active,Amit Shah,Bangalore,Karnataka,2024-06-07 00:00:00,2024-05-01 08:00:00
CMOV-0178,COMP-0011,PTY-0189,Vikram Patel Suppliers,Customer,2024-04-04,2024-04-04,0,55000,1,27,Active,Rajesh Kumar,Nagpur,Maharashtra,2024-04-04 00:00:00,2024-05-01 08:00:00
CMOV-0179,COMP-0011,PTY-0190,Rajesh Singh Traders,Customer,2024-04-17,2024-05-13,611500,181000,6,-12,Active,Unassigned,Delhi,Delhi,2024-05-13 00:00:00,2024-05-01 08:00:00
CMOV-0180,COMP-0012,PTY-0191,Neha Kumar Distributors,Customer,2024-05-18,2024-06-06,265500,0,3,-36,Active,Rajesh Kumar,Nagpur,Maharashtra,2024-06-06 00:00:00,2024-05-01 08:00:00
CMOV-0181,COMP-0012,PTY-0193,Vikram Sharma Suppliers,Customer,2024-05-24,2024-05-31,912500,0,4,-30,Active,Rajesh Kumar,Ahmedabad,Gujarat,2024-05-31 00:00:00,2024-05-01 08:00:00
CMOV-0182,COMP-0012,PTY-0194,Rajesh Singh Distributors,Customer,2024-04-16,2024-06-01,137500,138500,6,-31,Active,Unassigned,Bangalore,Karnataka,2024-06-01 00:00:00,2024-05-01 08:00:00
CMOV-0183,COMP-0012,PTY-0195,Priya Sharma Suppliers,Both,2024-05-25,2024-05-25,960000,0,1,-24,Active,Amit Shah,Chennai,Tamil Nadu,2024-05-25 00:00:00,2024-05-01 08:00:00
CMOV-0184,COMP-0012,PTY-0196,Amit Sharma Distributors,Supplier,2024-04-21,2024-06-18,1192500,440000,6,-48,Active,Amit Shah,Pune,Maharashtra,2024-06-18 00:00:00,2024-05-01 08:00:00
CMOV-0185,COMP-0012,PTY-0197,Priya Singh Distributors,Customer,2024-04-04,2024-06-13,308700,213000,8,-43,Active,Amit Shah,Surat,Gujarat,2024-06-13 00:00:00,2024-05-01 08:00:00
CMOV-0186,COMP-0012,PTY-0198,Amit Patel Traders,Both,2024-04-15,2024-06-10,240500,821700,9,-40,Active,Unassigned,Mumbai,Maharashtra,2024-06-10 00:00:00,2024-05-01 08:00:00
CMOV-0187,COMP-0012,PTY-0199,Priya Kumar Traders,Customer,2024-04-01,2024-05-21,226300,671500,6,-20,Active,Rajesh Kumar,Ahmedabad,Gujarat,2024-05-21 00:00:00,2024-05-01 08:00:00
CMOV-0188,COMP-0012,PTY-0200,Vikram Patel Distributors,Both,2024-04-01,2024-06-14,43600,64000,4,-44,Active,Rajesh Kumar,Delhi,Delhi,2024-06-14 00:00:00,2024-05-01 08:00:00
CMOV-0189,COMP-0012,PTY-0201,Amit Kumar Suppliers,Customer,2024-05-26,2024-06-16,1230900,763000,7,-46,Active,Rajesh Kumar,Coimbatore,Tamil Nadu,2024-06-16 00:00:00,2024-05-01 08:00:00
CMOV-0190,COMP-0012,PTY-0202,Priya Kumar Traders,Supplier,2024-04-05,2024-06-30,180500,1867900,10,-60,Active,Rajesh Kumar,Surat,Gujarat,2024-06-30 00:00:00,2024-05-01 08:00:00
CMOV-0191,COMP-0012,PTY-0203,Amit Kumar Suppliers,Supplier,2024-05-27,2024-06-02,1250000,0,6,-32,Active,Unassigned,Nagpur,Maharashtra,2024-06-02 00:00:00,2024-05-01 08:00:00
CMOV-0192,COMP-0012,PTY-0204,Vikram Sharma Distributors,Customer,2024-04-16,2024-05-26,2899300,977500,11,-25,Active,Rajesh Kumar,Mysore,Karnataka,2024-05-26 00:00:00,2024-05-01 08:00:00
CMOV-0193,COMP-0012,PTY-0205,Neha Gupta Distributors,Customer,2024-04-29,2024-05-12,20000,120000,2,-11,Active,Unassigned,Mumbai,Maharashtra,2024-05-12 00:00:00,2024-05-01 08:00:00
CMOV-0194,COMP-0012,PTY-0206,Vikram Sharma Traders,Both,2024-06-16,2024-06-16,0,10000,1,-46,Active,Unassigned,Ahmedabad,Gujarat,2024-06-16 00:00:00,2024-05-01 08:00:00
CMOV-0195,COMP-0012,PTY-0207,Amit Kumar Suppliers,Supplier,2024-04-19,2024-04-19,0,440000,1,12,Active,Unassigned,Surat,Gujarat,2024-04-19 00:00:00,2024-05-01 08:00:00
CMOV-0196,COMP-0012,PTY-0208,Neha Kumar Suppliers,Both,2024-06-29,2024-06-29,0,572700,3,-59,Active,Rajesh Kumar,Bangalore,Karnataka,2024-06-29 00:00:00,2024-05-01 08:00:00
CMOV-0197,COMP-0012,PTY-0209,Rajesh Gupta Suppliers,Customer,2024-04-02,2024-06-05,130000,1262700,7,-35,Active,Rajesh Kumar,Ahmedabad,Gujarat,2024-06-05 00:00:00,2024-05-01 08:00:00
CMOV-0198,COMP-0012,PTY-0210,Amit Patel Distributors,Supplier,2024-04-22,2024-06-21,802300,567500,9,-51,Active,Unassigned,Delhi,Delhi,2024-06-21 00:00:00,2024-05-01 08:00:00
CMOV-0199,COMP-0013,PTY-0211,Amit Sharma Distributors,Customer,2024-06-07,2024-06-20,52000,101000,4,-50,Active,Amit Shah,Ahmedabad,Gujarat,2024-06-20 00:00:00,2024-05-01 08:00:00
CMOV-0200,COMP-0013,PTY-0212,Priya Kumar Distributors,Both,2024-06-04,2024-06-05,0,398000,4,-35,Active,Amit Shah,Mumbai,Maharashtra,2024-06-05 00:00:00,2024-05-01 08:00:00
CMOV-0201,COMP-0013,PTY-0213,Vikram Sharma Traders,Customer,2024-05-18,2024-05-18,244000,0,3,-17,Active,Amit Shah,Coimbatore,Tamil Nadu,2024-05-18 00:00:00,2024-05-01 08:00:00
CMOV-0202,COMP-0013,PTY-0214,Neha Singh Traders,Supplier,2024-05-29,2024-05-29,228500,0,3,-28,Active,Amit Shah,Delhi,Delhi,2024-05-29 00:00:00,2024-05-01 08:00:00
CMOV-0203,COMP-0013,PTY-0215,Amit Singh Traders,Both,2024-05-09,2024-05-09,40000,0,1,-8,Active,Amit Shah,Nagpur,Maharashtra,2024-05-09 00:00:00,2024-05-01 08:00:00
CMOV-0204,COMP-0013,PTY-0216,Rajesh Patel Distributors,Supplier,2024-04-30,2024-06-19,14700,0,3,-49,Active,Rajesh Kumar,Pune,Maharashtra,2024-06-19 00:00:00,2024-05-01 08:00:00
CMOV-0205,COMP-0013,PTY-0217,Amit Gupta Traders,Customer,2024-05-01,2024-06-10,229500,165000,6,-40,Active,Amit Shah,Mysore,Karnataka,2024-06-10 00:00:00,2024-05-01 08:00:00
CMOV-0206,COMP-0013,PTY-0218,Amit Singh Traders,Both,2024-04-19,2024-04-19,392200,0,2,12,Active,Amit Shah,Mumbai,Maharashtra,2024-04-19 00:00:00,2024-05-01 08:00:00
CMOV-0207,COMP-0013,PTY-0219,Neha Patel Distributors,Both,2024-04-13,2024-05-11,1158700,0,6,-10,Active,Unassigned,Coimbatore,Tamil Nadu,2024-05-11 00:00:00,2024-05-01 08:00:00
CMOV-0208,COMP-0013,PTY-0221,Vikram Sharma Traders,Supplier,2024-04-11,2024-05-09,935000,152400,5,-8,Active,Amit Shah,Delhi,Delhi,2024-05-09 00:00:00,2024-05-01 08:00:00
CMOV-0209,COMP-0013,PTY-0222,Priya Sharma Distributors,Customer,2024-06-19,2024-06-19,3000,0,1,-49,Active,Unassigned,Coimbatore,Tamil Nadu,2024-06-19 00:00:00,2024-05-01 08:00:00
CMOV-0210,COMP-0013,PTY-0223,Amit Kumar Traders,Customer,2024-06-13,2024-06-18,71300,84500,4,-48,Active,Rajesh Kumar,Delhi,Delhi,2024-06-18 00:00:00,2024-05-01 08:00:00
CMOV-0211,COMP-0013,PTY-0225,Neha Sharma Traders,Supplier,2024-04-18,2024-06-08,1029800,0,8,-38,Active,Unassigned,Coimbatore,Tamil Nadu,2024-06-08 00:00:00,2024-05-01 08:00:00
CMOV-0212,COMP-0013,PTY-0226,Neha Gupta Traders,Customer,2024-04-05,2024-05-19,960000,240000,2,-18,Active,Unassigned,Surat,Gujarat,2024-05-19 00:00:00,2024-05-01 08:00:00
CMOV-0213,COMP-0013,PTY-0227,Priya Singh Traders,Supplier,2024-05-05,2024-06-25,290900,1335000,6,-55,Active,Rajesh Kumar,Mysore,Karnataka,2024-06-25 00:00:00,2024-05-01 08:00:00
CMOV-0214,COMP-0014,PTY-0228,Vikram Singh Suppliers,Supplier,2024-06-18,2024-06-18,3600,0,1,-48,Active,Rajesh Kumar,Bangalore,Karnataka,2024-06-18 00:00:00,2024-05-01 08:00:00
CMOV-0215,COMP-0014,PTY-0230,Vikram Sharma Distributors,Customer,2024-04-17,2024-06-09,26000,577300,7,-39,Active,Amit Shah,Mysore,Karnataka,2024-06-09 00:00:00,2024-05-01 08:00:00
CMOV-0216,COMP-0014,PTY-0231,Priya Sharma Suppliers,Both,2024-04-08,2024-04-08,0,440000,1,23,Active,Amit Shah,Mysore,Karnataka,2024-04-08 00:00:00,2024-05-01 08:00:00
CMOV-0217,COMP-0014,PTY-0232,Neha Gupta Distributors,Customer,2024-05-03,2024-05-03,1074500,0,3,-2,Active,Amit Shah,Mumbai,Maharashtra,2024-05-03 00:00:00,2024-05-01 08:00:00
CMOV-0218,COMP-0014,PTY-0234,Neha Patel Suppliers,Supplier,2024-04-23,2024-05-17,624500,20000,6,-16,Active,Rajesh Kumar,Mysore,Karnataka,2024-05-17 00:00:00,2024-05-01 08:00:00
CMOV-0219,COMP-0014,PTY-0235,Rajesh Kumar Traders,Supplier,2024-05-04,2024-06-25,1005000,0,3,-55,Active,Amit Shah,Pune,Maharashtra,2024-06-25 00:00:00,2024-05-01 08:00:00
CMOV-0220,COMP-0014,PTY-0236,Priya Patel Suppliers,Supplier,2024-05-30,2024-06-15,1165000,3000,3,-45,Active,Amit Shah,Coimbatore,Tamil Nadu,2024-06-15 00:00:00,2024-05-01 08:00:00
CMOV-0221,COMP-0014,PTY-0237,Vikram Sharma Distributors,Supplier,2024-04-10,2024-06-03,950500,394000,11,-33,Active,Unassigned,Mumbai,Maharashtra,2024-06-03 00:00:00,2024-05-01 08:00:00
CMOV-0222,COMP-0014,PTY-0239,Priya Kumar Traders,Both,2024-04-18,2024-06-29,740500,67500,6,-59,Active,Unassigned,Nagpur,Maharashtra,2024-06-29 00:00:00,2024-05-01 08:00:00
CMOV-0223,COMP-0014,PTY-0240,Amit Singh Distributors,Customer,2024-06-16,2024-06-16,110000,0,1,-46,Active,Rajesh Kumar,Nagpur,Maharashtra,2024-06-16 00:00:00,2024-05-01 08:00:00
CMOV-0224,COMP-0014,PTY-0241,Priya Gupta Suppliers,Both,2024-05-01,2024-05-10,275000,340000,3,-9,Active,Rajesh Kumar,Delhi,Delhi,2024-05-10 00:00:00,2024-05-01 08:00:00
CMOV-0225,COMP-0014,PTY-0243,Amit Gupta Traders,Both,2024-04-16,2024-06-25,1685500,165000,10,-55,Active,Amit Shah,Mysore,Karnataka,2024-06-25 00:00:00,2024-05-01 08:00:00
CMOV-0226,COMP-0014,PTY-0244,Amit Gupta Traders,Supplier,2024-04-19,2024-04-28,210400,0,5,3,Active,Rajesh Kumar,Surat,Gujarat,2024-04-28 00:00:00,2024-05-01 08:00:00
CMOV-0227,COMP-0014,PTY-0246,Priya Kumar Traders,Both,2024-04-06,2024-05-28,479500,345400,6,-27,Active,Amit Shah,Ahmedabad,Gujarat,2024-05-28 00:00:00,2024-05-01 08:00:00
CMOV-0228,COMP-0014,PTY-0247,Neha Singh Distributors,Both,2024-04-11,2024-06-05,221000,0,5,-35,Active,Unassigned,Surat,Gujarat,2024-06-05 00:00:00,2024-05-01 08:00:00
CMOV-0229,COMP-0014,PTY-0248,Rajesh Singh Traders,Both,2024-04-03,2024-05-26,1400000,714000,7,-25,Active,Unassigned,Coimbatore,Tamil Nadu,2024-05-26 00:00:00,2024-05-01 08:00:00
CMOV-0230,COMP-0015,PTY-0249,Vikram Gupta Distributors,Supplier,2024-05-06,2024-05-06,342000,0,2,-5,Active,Unassigned,Delhi,Delhi,2024-05-06 00:00:00,2024-05-01 08:00:00
CMOV-0231,COMP-0015,PTY-0252,Rajesh Kumar Suppliers,Both,2024-04-07,2024-06-23,1722000,275000,8,-53,Active,Amit Shah,Coimbatore,Tamil Nadu,2024-06-23 00:00:00,2024-05-01 08:00:00
CMOV-0232,COMP-0015,PTY-0253,Rajesh Kumar Suppliers,Both,2024-06-07,2024-06-07,270000,0,2,-37,Active,Amit Shah,Delhi,Delhi,2024-06-07 00:00:00,2024-05-01 08:00:00
CMOV-0233,COMP-0015,PTY-0254,Vikram Singh Suppliers,Both,2024-04-11,2024-04-11,775000,0,3,20,Active,Amit Shah,Chennai,Tamil Nadu,2024-04-11 00:00:00,2024-05-01 08:00:00
CMOV-0234,COMP-0015,PTY-0255,Priya Sharma Suppliers,Supplier,2024-05-29,2024-05-29,0,440000,2,-28,Active,Rajesh Kumar,Mumbai,Maharashtra,2024-05-29 00:00:00,2024-05-01 08:00:00
CMOV-0235,COMP-0015,PTY-0256,Vikram Patel Suppliers,Both,2024-04-06,2024-04-06,634000,0,3,25,Active,Rajesh Kumar,Delhi,Delhi,2024-04-06 00:00:00,2024-05-01 08:00:00
CMOV-0236,COMP-0015,PTY-0257,Priya Singh Traders,Both,2024-04-06,2024-06-15,350500,1287400,12,-45,Active,Rajesh Kumar,Surat,Gujarat,2024-06-15 00:00:00,2024-05-01 08:00:00
CMOV-0237,COMP-0015,PTY-0259,Priya Sharma Distributors,Customer,2024-05-12,2024-05-12,965400,0,2,-11,Active,Unassigned,Surat,Gujarat,2024-05-12 00:00:00,2024-05-01 08:00:00
CMOV-0238,COMP-0015,PTY-0260,Priya Patel Distributors,Both,2024-04-15,2024-04-15,702000,0,3,16,Active,Amit Shah,Ahmedabad,Gujarat,2024-04-15 00:00:00,2024-05-01 08:00:00
CMOV-0239,COMP-0015,PTY-0262,Vikram Kumar Suppliers,Customer,2024-04-06,2024-06-27,516000,7500,6,-57,Active,Rajesh Kumar,Delhi,Delhi,2024-06-27 00:00:00,2024-05-01 08:00:00
CMOV-0240,COMP-0015,PTY-0263,Neha Singh Traders,Supplier,2024-05-03,2024-05-09,65000,440000,2,-8,Active,Amit Shah,Nagpur,Maharashtra,2024-05-09 00:00:00,2024-05-01 08:00:00
CMOV-0241,COMP-0015,PTY-0264,Rajesh Patel Traders,Customer,2024-05-03,2024-06-12,86700,385000,3,-42,Active,Unassigned,Mysore,Karnataka,2024-06-12 00:00:00,2024-05-01 08:00:00
CMOV-0242,COMP-0015,PTY-0265,Vikram Patel Distributors,Supplier,2024-05-23,2024-06-20,236700,42000,4,-50,Active,Amit Shah,Mysore,Karnataka,2024-06-20 00:00:00,2024-05-01 08:00:00
CMOV-0243,COMP-0015,PTY-0266,Rajesh Sharma Traders,Customer,2024-04-30,2024-05-06,391300,110000,4,-5,Active,Amit Shah,Delhi,Delhi,2024-05-06 00:00:00,2024-05-01 08:00:00
CMOV-0244,COMP-0015,PTY-0268,Rajesh Gupta Suppliers,Both,2024-06-20,2024-06-20,0,728000,3,-50,Active,Unassigned,Ahmedabad,Gujarat,2024-06-20 00:00:00,2024-05-01 08:00:00
CMOV-0245,COMP-0015,PTY-0269,Vikram Kumar Traders,Customer,2024-04-19,2024-04-19,21000,0,1,12,Active,Unassigned,Ahmedabad,Gujarat,2024-04-19 00:00:00,2024-05-01 08:00:00
CMOV-0246,COMP-0015,PTY-0270,Vikram Patel Traders,Both,2024-05-20,2024-05-20,607800,0,3,-19,Active,Rajesh Kumar,Mumbai,Maharashtra,2024-05-20 00:00:00,2024-05-01 08:00:00
CMOV-0247,COMP-0016,PTY-0273,Vikram Patel Traders,Supplier,2024-06-25,2024-06-25,0,10500,1,-55,Active,Rajesh Kumar,Mysore,Karnataka,2024-06-25 00:00:00,2024-05-01 08:00:00
CMOV-0248,COMP-0016,PTY-0274,Amit Gupta Suppliers,Customer,2024-05-11,2024-06-26,502900,480000,7,-56,Active,Rajesh Kumar,Pune,Maharashtra,2024-06-26 00:00:00,2024-05-01 08:00:00
CMOV-0249,COMP-0016,PTY-0275,Priya Sharma Distributors,Supplier,2024-04-25,2024-06-21,0,887700,7,-51,Active,Unassigned,Delhi,Delhi,2024-06-21 00:00:00,2024-05-01 08:00:00
CMOV-0250,COMP-0016,PTY-0276,Neha Kumar Traders,Customer,2024-05-10,2024-06-15,324000,996000,7,-45,Active,Amit Shah,Ahmedabad,Gujarat,2024-06-15 00:00:00,2024-05-01 08:00:00
CMOV-0251,COMP-0016,PTY-0277,Rajesh Singh Distributors,Supplier,2024-06-06,2024-06-06,425000,0,2,-36,Active,Unassigned,Nagpur,Maharashtra,2024-06-06 00:00:00,2024-05-01 08:00:00
CMOV-0252,COMP-0016,PTY-0278,Priya Sharma Traders,Customer,2024-04-20,2024-06-25,124500,475000,5,-55,Active,Amit Shah,Surat,Gujarat,2024-06-25 00:00:00,2024-05-01 08:00:00
CMOV-0253,COMP-0016,PTY-0279,Priya Sharma Traders,Both,2024-04-06,2024-05-11,1382200,460000,6,-10,Active,Rajesh Kumar,Chennai,Tamil Nadu,2024-05-11 00:00:00,2024-05-01 08:00:00
CMOV-0254,COMP-0016,PTY-0280,Priya Patel Suppliers,Supplier,2024-06-24,2024-06-24,16000,0,2,-54,Active,Rajesh Kumar,Surat,Gujarat,2024-06-24 00:00:00,2024-05-01 08:00:00
CMOV-0255,COMP-0016,PTY-0281,Amit Sharma Traders,Both,2024-04-10,2024-05-12,412000,1078100,8,-11,Active,Unassigned,Ahmedabad,Gujarat,2024-05-12 00:00:00,2024-05-01 08:00:00
CMOV-0256,COMP-0016,PTY-0282,Rajesh Gupta Suppliers,Supplier,2024-04-19,2024-06-09,0,625000,4,-39,Active,Unassigned,Delhi,Delhi,2024-06-09 00:00:00,2024-05-01 08:00:00
CMOV-0257,COMP-0016,PTY-0283,Vikram Gupta Traders,Supplier,2024-04-04,2024-05-21,0,517000,3,-20,Active,Rajesh Kumar,Mumbai,Maharashtra,2024-05-21 00:00:00,2024-05-01 08:00:00
CMOV-0258,COMP-0016,PTY-0284,Vikram Singh Suppliers,Supplier,2024-04-28,2024-05-18,7500,130000,2,-17,Active,Amit Shah,Ahmedabad,Gujarat,2024-05-18 00:00:00,2024-05-01 08:00:00
CMOV-0259,COMP-0016,PTY-0285,Amit Sharma Traders,Customer,2024-05-20,2024-06-03,295500,0,4,-33,Active,Unassigned,Mumbai,Maharashtra,2024-06-03 00:00:00,2024-05-01 08:00:00
CMOV-0260,COMP-0016,PTY-0286,Rajesh Gupta Traders,Customer,2024-04-05,2024-05-31,564900,165000,7,-30,Active,Unassigned,Coimbatore,Tamil Nadu,2024-05-31 00:00:00,2024-05-01 08:00:00
CMOV-0261,COMP-0016,PTY-0287,Rajesh Sharma Distributors,Customer,2024-05-29,2024-06-06,62000,0,2,-36,Active,Unassigned,Bangalore,Karnataka,2024-06-06 00:00:00,2024-05-01 08:00:00
CMOV-0262,COMP-0016,PTY-0288,Priya Patel Suppliers,Customer,2024-06-28,2024-06-28,139000,0,3,-58,Active,Rajesh Kumar,Delhi,Delhi,2024-06-28 00:00:00,2024-05-01 08:00:00
CMOV-0263,COMP-0016,PTY-0289,Amit Singh Suppliers,Both,2024-05-13,2024-06-26,2421500,0,9,-56,Active,Amit Shah,Mysore,Karnataka,2024-06-26 00:00:00,2024-05-01 08:00:00
CMOV-0264,COMP-0016,PTY-0290,Neha Patel Distributors,Supplier,2024-04-07,2024-06-16,386700,520700,8,-46,Active,Rajesh Kumar,Chennai,Tamil Nadu,2024-06-16 00:00:00,2024-05-01 08:00:00
CMOV-0265,COMP-0017,PTY-0291,Priya Singh Distributors,Customer,2024-04-11,2024-06-16,449800,985000,6,-46,Active,Rajesh Kumar,Ahmedabad,Gujarat,2024-06-16 00:00:00,2024-05-01 08:00:00
CMOV-0266,COMP-0017,PTY-0292,Vikram Gupta Traders,Both,2024-06-12,2024-06-12,0,201300,2,-42,Active,Amit Shah,Chennai,Tamil Nadu,2024-06-12 00:00:00,2024-05-01 08:00:00
CMOV-0267,COMP-0017,PTY-0293,Rajesh Sharma Traders,Both,2024-04-04,2024-06-12,137500,2330500,9,-42,Active,Amit Shah,Mumbai,Maharashtra,2024-06-12 00:00:00,2024-05-01 08:00:00
CMOV-0268,COMP-0017,PTY-0294,Amit Singh Traders,Customer,2024-06-13,2024-06-13,1005000,0,2,-43,Active,Amit Shah,Surat,Gujarat,2024-06-13 00:00:00,2024-05-01 08:00:00
CMOV-0269,COMP-0017,PTY-0295,Rajesh Singh Suppliers,Supplier,2024-05-14,2024-05-29,500500,0,4,-28,Active,Unassigned,Bangalore,Karnataka,2024-05-29 00:00:00,2024-05-01 08:00:00
CMOV-0270,COMP-0017,PTY-0296,Vikram Patel Distributors,Customer,2024-05-03,2024-05-03,0,62000,2,-2,Active,Rajesh Kumar,Coimbatore,Tamil Nadu,2024-05-03 00:00:00,2024-05-01 08:00:00
CMOV-0271,COMP-0017,PTY-0297,Vikram Patel Distributors,Both,2024-06-12,2024-06-12,0,240000,1,-42,Active,Rajesh Kumar,Ahmedabad,Gujarat,2024-06-12 00:00:00,2024-05-01 08:00:00
CMOV-0272,COMP-0017,PTY-0298,Vikram Gupta Traders,Supplier,2024-04-25,2024-04-25,52500,0,2,6,Active,Rajesh Kumar,Ahmedabad,Gujarat,2024-04-25 00:00:00,2024-05-01 08:00:00
CMOV-0273,COMP-0017,PTY-0300,Rajesh Sharma Suppliers,Both,2024-05-01,2024-05-13,0,337500,4,-12,Active,Amit Shah,Mysore,Karnataka,2024-05-13 00:00:00,2024-05-01 08:00:00
CMOV-0274,COMP-0017,PTY-0302,Vikram Sharma Suppliers,Customer,2024-04-28,2024-04-28,850900,0,3,3,Active,Amit Shah,Pune,Maharashtra,2024-04-28 00:00:00,2024-05-01 08:00:00
CMOV-0275,COMP-0017,PTY-0303,Neha Kumar Traders,Both,2024-04-07,2024-05-14,608000,0,4,-13,Active,Rajesh Kumar,Pune,Maharashtra,2024-05-14 00:00:00,2024-05-01 08:00:00
CMOV-0276,COMP-0017,PTY-0304,Amit Patel Suppliers,Both,2024-05-14,2024-06-21,1301700,0,4,-51,Active,Amit Shah,Mysore,Karnataka,2024-06-21 00:00:00,2024-05-01 08:00:00
CMOV-0277,COMP-0017,PTY-0305,Priya Patel Suppliers,Customer,2024-05-20,2024-05-20,14000,0,1,-19,Active,Unassigned,Pune,Maharashtra,2024-05-20 00:00:00,2024-05-01 08:00:00
CMOV-0278,COMP-0017,PTY-0306,Amit Sharma Distributors,Customer,2024-05-05,2024-05-05,171300,0,2,-4,Active,Unassigned,Mumbai,Maharashtra,2024-05-05 00:00:00,2024-05-01 08:00:00
CMOV-0279,COMP-0017,PTY-0308,Vikram Kumar Suppliers,Customer,2024-04-15,2024-05-22,12900,0,2,-21,Active,Unassigned,Mysore,Karnataka,2024-05-22 00:00:00,2024-05-01 08:00:00
CMOV-0280,COMP-0017,PTY-0309,Vikram Gupta Traders,Both,2024-05-30,2024-05-30,0,260000,2,-29,Active,Amit Shah,Bangalore,Karnataka,2024-05-30 00:00:00,2024-05-01 08:00:00
CMOV-0281,COMP-0017,PTY-0310,Priya Gupta Traders,Supplier,2024-04-21,2024-05-12,0,385000,3,-11,Active,Unassigned,Surat,Gujarat,2024-05-12 00:00:00,2024-05-01 08:00:00
CMOV-0282,COMP-0017,PTY-0312,Rajesh Kumar Suppliers,Both,2024-04-29,2024-05-28,1293000,0,7,-27,Active,Unassigned,Ahmedabad,Gujarat,2024-05-28 00:00:00,2024-05-01 08:00:00
CMOV-0283,COMP-0017,PTY-0314,Rajesh Kumar Distributors,Both,2024-04-28,2024-06-08,6000,3500,2,-38,Active,Rajesh Kumar,Ahmedabad,Gujarat,2024-06-08 00:00:00,2024-05-01 08:00:00
CMOV-0284,COMP-0018,PTY-0315,Vikram Singh Suppliers,Supplier,2024-04-02,2024-04-02,129000,0,2,29,Active,Unassigned,Pune,Maharashtra,2024-04-02 00:00:00,2024-05-01 08:00:00
CMOV-0285,COMP-0018,PTY-0316,Amit Singh Distributors,Supplier,2024-04-21,2024-05-29,1055000,366300,4,-28,Active,Unassigned,Mysore,Karnataka,2024-05-29 00:00:00,2024-05-01 08:00:00
CMOV-0286,COMP-0018,PTY-0317,Priya Kumar Distributors,Customer,2024-04-27,2024-04-27,115400,0,2,4,Active,Amit Shah,Coimbatore,Tamil Nadu,2024-04-27 00:00:00,2024-05-01 08:00:00
CMOV-0287,COMP-0018,PTY-0318,Amit Gupta Traders,Customer,2024-04-27,2024-05-20,0,886900,5,-19,Active,Rajesh Kumar,Chennai,Tamil Nadu,2024-05-20 00:00:00,2024-05-01 08:00:00
CMOV-0288,COMP-0018,PTY-0319,Rajesh Singh Suppliers,Supplier,2024-04-01,2024-06-21,300000,0,6,-51,Active,Rajesh Kumar,Surat,Gujarat,2024-06-21 00:00:00,2024-05-01 08:00:00
CMOV-0289,COMP-0018,PTY-0320,Vikram Kumar Suppliers,Customer,2024-06-03,2024-06-03,0,55000,1,-33,Active,Amit Shah,Coimbatore,Tamil Nadu,2024-06-03 00:00:00,2024-05-01 08:00:00
CMOV-0290,COMP-0018,PTY-0321,Rajesh Singh Traders,Customer,2024-05-12,2024-05-12,632500,0,3,-11,Active,Rajesh Kumar,Pune,Maharashtra,2024-05-12 00:00:00,2024-05-01 08:00:00
CMOV-0291,COMP-0018,PTY-0322,Amit Singh Traders,Both,2024-05-23,2024-06-27,701300,395000,5,-57,Active,Unassigned,Bangalore,Karnataka,2024-06-27 00:00:00,2024-05-01 08:00:00
CMOV-0292,COMP-0018,PTY-0323,Amit Singh Distributors,Both,2024-05-14,2024-05-28,0,355500,3,-27,Active,Rajesh Kumar,Coimbatore,Tamil Nadu,2024-05-28 00:00:00,2024-05-01 08:00:00
CMOV-0293,COMP-0018,PTY-0325,Neha Singh Traders,Supplier,2024-04-22,2024-04-26,0,522300,6,5,Active,Unassigned,Delhi,Delhi,2024-04-26 00:00:00,2024-05-01 08:00:00
CMOV-0294,COMP-0018,PTY-0326,Vikram Patel Distributors,Customer,2024-04-24,2024-04-24,624000,0,2,7,Active,Amit Shah,Ahmedabad,Gujarat,2024-04-24 00:00:00,2024-05-01 08:00:00
CMOV-0295,COMP-0018,PTY-0327,Priya Singh Suppliers,Supplier,2024-04-14,2024-06-18,0,841000,4,-48,Active,Amit Shah,Delhi,Delhi,2024-06-18 00:00:00,2024-05-01 08:00:00
CMOV-0296,COMP-0018,PTY-0328,Amit Gupta Suppliers,Both,2024-06-07,2024-06-07,328500,0,2,-37,Active,Unassigned,Mysore,Karnataka,2024-06-07 00:00:00,2024-05-01 08:00:00
CMOV-0297,COMP-0018,PTY-0329,Rajesh Kumar Distributors,Both,2024-05-12,2024-05-12,0,785000,3,-11,Active,Amit Shah,Surat,Gujarat,2024-05-12 00:00:00,2024-05-01 08:00:00
CMOV-0298,COMP-0018,PTY-0330,Amit Singh Suppliers,Supplier,2024-04-03,2024-06-06,0,1445700,11,-36,Active,Unassigned,Surat,Gujarat,2024-06-06 00:00:00,2024-05-01 08:00:00
CMOV-0299,COMP-0018,PTY-0331,Rajesh Gupta Traders,Supplier,2024-05-05,2024-06-28,431000,135400,7,-58,Active,Rajesh Kumar,Chennai,Tamil Nadu,2024-06-28 00:00:00,2024-05-01 08:00:00
CMOV-0300,COMP-0018,PTY-0332,Rajesh Patel Suppliers,Supplier,2024-04-22,2024-04-23,68200,0,3,8,Active,Rajesh Kumar,Ahmedabad,Gujarat,2024-04-23 00:00:00,2024-05-01 08:00:00
CMOV-0301,COMP-0018,PTY-0333,Rajesh Kumar Distributors,Supplier,2024-05-14,2024-05-14,40000,0,1,-13,Active,Unassigned,Delhi,Delhi,2024-05-14 00:00:00,2024-05-01 08:00:00
CMOV-0302,COMP-0018,PTY-0334,Amit Kumar Suppliers,Both,2024-05-20,2024-06-17,429900,0,5,-47,Active,Rajesh Kumar,Mumbai,Maharashtra,2024-06-17 00:00:00,2024-05-01 08:00:00
CMOV-0303,COMP-0018,PTY-0335,Rajesh Gupta Suppliers,Customer,2024-04-20,2024-05-17,340500,110000,3,-16,Active,Amit Shah,Surat,Gujarat,2024-05-17 00:00:00,2024-05-01 08:00:00
CMOV-0304,COMP-0018,PTY-0336,Amit Patel Traders,Customer,2024-06-20,2024-06-20,0,564500,3,-50,Active,Rajesh Kumar,Delhi,Delhi,2024-06-20 00:00:00,2024-05-01 08:00:00
CMOV-0305,COMP-0019,PTY-0337,Neha Patel Distributors,Both,2024-05-08,2024-05-13,679600,0,6,-12,Active,Unassigned,Pune,Maharashtra,2024-05-13 00:00:00,2024-05-01 08:00:00
CMOV-0306,COMP-0019,PTY-0338,Rajesh Gupta Distributors,Customer,2024-04-16,2024-04-23,19200,350000,4,8,Active,Rajesh Kumar,Nagpur,Maharashtra,2024-04-23 00:00:00,2024-05-01 08:00:00
CMOV-0307,COMP-0019,PTY-0339,Priya Sharma Distributors,Supplier,2024-05-07,2024-05-12,428100,0,6,-11,Active,Rajesh Kumar,Coimbatore,Tamil Nadu,2024-05-12 00:00:00,2024-05-01 08:00:00
CMOV-0308,COMP-0019,PTY-0340,Priya Sharma Distributors,Both,2024-04-15,2024-04-15,42000,0,1,16,Active,Rajesh Kumar,Coimbatore,Tamil Nadu,2024-04-15 00:00:00,2024-05-01 08:00:00
CMOV-0309,COMP-0019,PTY-0341,Rajesh Singh Traders,Supplier,2024-05-01,2024-05-01,0,252000,1,0,Active,Unassigned,Mumbai,Maharashtra,2024-05-01 00:00:00,2024-05-01 08:00:00
CMOV-0310,COMP-0019,PTY-0342,Priya Singh Suppliers,Both,2024-04-01,2024-04-07,307000,179200,5,24,Active,Rajesh Kumar,Ahmedabad,Gujarat,2024-04-07 00:00:00,2024-05-01 08:00:00
CMOV-0311,COMP-0019,PTY-0343,Rajesh Sharma Suppliers,Both,2024-05-29,2024-05-29,0,372000,2,-28,Active,Unassigned,Nagpur,Maharashtra,2024-05-29 00:00:00,2024-05-01 08:00:00
CMOV-0312,COMP-0019,PTY-0344,Rajesh Singh Suppliers,Supplier,2024-05-10,2024-06-23,1376900,0,6,-53,Active,Unassigned,Surat,Gujarat,2024-06-23 00:00:00,2024-05-01 08:00:00
CMOV-0313,COMP-0019,PTY-0345,Vikram Kumar Traders,Customer,2024-04-06,2024-05-09,881000,0,5,-8,Active,Unassigned,Mumbai,Maharashtra,2024-05-09 00:00:00,2024-05-01 08:00:00
CMOV-0314,COMP-0019,PTY-0346,Priya Gupta Suppliers,Supplier,2024-04-23,2024-04-23,10500,0,1,8,Active,Amit Shah,Delhi,Delhi,2024-04-23 00:00:00,2024-05-01 08:00:00
CMOV-0315,COMP-0019,PTY-0347,Priya Kumar Distributors,Customer,2024-06-20,2024-06-20,0,10500,1,-50,Active,Rajesh Kumar,Ahmedabad,Gujarat,2024-06-20 00:00:00,2024-05-01 08:00:00
CMOV-0316,COMP-0019,PTY-0348,Priya Gupta Suppliers,Both,2024-04-15,2024-06-25,442700,615900,7,-55,Active,Rajesh Kumar,Bangalore,Karnataka,2024-06-25 00:00:00,2024-05-01 08:00:00
CMOV-0317,COMP-0019,PTY-0349,Priya Kumar Traders,Supplier,2024-04-20,2024-06-19,920000,260000,4,-49,Active,Rajesh Kumar,Pune,Maharashtra,2024-06-19 00:00:00,2024-05-01 08:00:00
CMOV-0318,COMP-0019,PTY-0350,Neha Gupta Suppliers,Both,2024-05-08,2024-05-08,0,363500,2,-7,Active,Unassigned,Chennai,Tamil Nadu,2024-05-08 00:00:00,2024-05-01 08:00:00
CMOV-0319,COMP-0019,PTY-0354,Rajesh Kumar Suppliers,Supplier,2024-06-21,2024-06-21,0,495500,3,-51,Active,Rajesh Kumar,Mumbai,Maharashtra,2024-06-21 00:00:00,2024-05-01 08:00:00
CMOV-0320,COMP-0019,PTY-0355,Vikram Gupta Distributors,Both,2024-04-24,2024-04-24,640000,0,3,7,Active,Unassigned,Chennai,Tamil Nadu,2024-04-24 00:00:00,2024-05-01 08:00:00
CMOV-0321,COMP-0019,PTY-0356,Vikram Gupta Distributors,Both,2024-04-09,2024-05-02,325000,6600,3,-1,Active,Amit Shah,Coimbatore,Tamil Nadu,2024-05-02 00:00:00,2024-05-01 08:00:00
CMOV-0322,COMP-0019,PTY-0357,Rajesh Singh Distributors,Both,2024-04-16,2024-04-16,0,842700,2,15,Active,Rajesh Kumar,Delhi,Delhi,2024-04-16 00:00:00,2024-05-01 08:00:00
CMOV-0323,COMP-0019,PTY-0358,Priya Sharma Traders,Customer,2024-04-17,2024-05-31,1056500,279500,9,-30,Active,Amit Shah,Delhi,Delhi,2024-05-31 00:00:00,2024-05-01 08:00:00
CMOV-0324,COMP-0019,PTY-0359,Vikram Sharma Distributors,Both,2024-05-15,2024-06-02,485700,253800,8,-32,Active,Unassigned,Bangalore,Karnataka,2024-06-02 00:00:00,2024-05-01 08:00:00
CMOV-0325,COMP-0019,PTY-0360,Neha Patel Distributors,Both,2024-04-07,2024-06-22,0,472000,2,-52,Active,Unassigned,Bangalore,Karnataka,2024-06-22 00:00:00,2024-05-01 08:00:00
CMOV-0326,COMP-0020,PTY-0361,Neha Singh Distributors,Both,2024-05-02,2024-06-30,1330300,55000,7,-60,Active,Rajesh Kumar,Coimbatore,Tamil Nadu,2024-06-30 00:00:00,2024-05-01 08:00:00
CMOV-0327,COMP-0020,PTY-0362,Vikram Singh Distributors,Both,2024-04-22,2024-06-02,526600,395000,6,-32,Active,Amit Shah,Ahmedabad,Gujarat,2024-06-02 00:00:00,2024-05-01 08:00:00
CMOV-0328,COMP-0020,PTY-0363,Neha Gupta Traders,Supplier,2024-04-04,2024-06-24,793200,1094000,10,-54,Active,Unassigned,Mysore,Karnataka,2024-06-24 00:00:00,2024-05-01 08:00:00
CMOV-0329,COMP-0020,PTY-0364,Rajesh Patel Distributors,Supplier,2024-04-20,2024-06-25,1026300,468000,12,-55,Active,Amit Shah,Delhi,Delhi,2024-06-25 00:00:00,2024-05-01 08:00:00
CMOV-0330,COMP-0020,PTY-0365,Neha Sharma Distributors,Customer,2024-05-23,2024-05-23,339000,0,2,-22,Active,Unassigned,Delhi,Delhi,2024-05-23 00:00:00,2024-05-01 08:00:00
CMOV-0331,COMP-0020,PTY-0366,Neha Kumar Distributors,Both,2024-04-12,2024-04-16,600900,359000,5,15,Active,Rajesh Kumar,Surat,Gujarat,2024-04-16 00:00:00,2024-05-01 08:00:00
CMOV-0332,COMP-0020,PTY-0367,Neha Sharma Traders,Supplier,2024-06-24,2024-06-24,196800,0,2,-54,Active,Unassigned,Nagpur,Maharashtra,2024-06-24 00:00:00,2024-05-01 08:00:00
CMOV-0333,COMP-0020,PTY-0368,Vikram Gupta Traders,Both,2024-06-08,2024-06-23,123400,835000,7,-53,Active,Rajesh Kumar,Chennai,Tamil Nadu,2024-06-23 00:00:00,2024-05-01 08:00:00
CMOV-0334,COMP-0020,PTY-0369,Neha Sharma Suppliers,Supplier,2024-04-05,2024-06-30,112500,252700,7,-60,Active,Amit Shah,Bangalore,Karnataka,2024-06-30 00:00:00,2024-05-01 08:00:00
CMOV-0335,COMP-0020,PTY-0372,Amit Kumar Suppliers,Customer,2024-04-25,2024-05-10,275000,530000,6,-9,Active,Unassigned,Coimbatore,Tamil Nadu,2024-05-10 00:00:00,2024-05-01 08:00:00
CMOV-0336,COMP-0020,PTY-0374,Neha Gupta Suppliers,Both,2024-04-26,2024-06-27,388000,1125000,5,-57,Active,Unassigned,Ahmedabad,Gujarat,2024-06-27 00:00:00,2024-05-01 08:00:00
CMOV-0337,COMP-0020,PTY-0375,Vikram Sharma Distributors,Both,2024-04-13,2024-05-19,518500,0,4,-18,Active,Amit Shah,Coimbatore,Tamil Nadu,2024-05-19 00:00:00,2024-05-01 08:00:00
CMOV-0338,COMP-0020,PTY-0376,Neha Sharma Distributors,Both,2024-05-16,2024-05-24,0,1311000,6,-23,Active,Amit Shah,Mumbai,Maharashtra,2024-05-24 00:00:00,2024-05-01 08:00:00
CMOV-0339,COMP-0020,PTY-0377,Priya Sharma Traders,Both,2024-04-04,2024-04-04,391000,0,2,27,Active,Rajesh Kumar,Surat,Gujarat,2024-04-04 00:00:00,2024-05-01 08:00:00
CMOV-0340,COMP-0020,PTY-0378,Rajesh Sharma Suppliers,Customer,2024-05-25,2024-06-20,385000,1185700,8,-50,Active,Rajesh Kumar,Mumbai,Maharashtra,2024-06-20 00:00:00,2024-05-01 08:00:00
CMOV-0341,COMP-0020,PTY-0380,Rajesh Gupta Suppliers,Customer,2024-04-06,2024-04-06,933000,0,3,25,Active,Amit Shah,Nagpur,Maharashtra,2024-04-06 00:00:00,2024-05-01 08:00:00
CMOV-0342,COMP-0020,PTY-0382,Priya Gupta Distributors,Supplier,2024-05-13,2024-05-28,30000,110000,3,-27,Active,Rajesh Kumar,Delhi,Delhi,2024-05-28 00:00:00,2024-05-01 08:00:00
CMOV-0343,COMP-0020,PTY-0383,Neha Patel Distributors,Customer,2024-05-02,2024-05-02,0,10500,1,-1,Active,Unassigned,Mumbai,Maharashtra,2024-05-02 00:00:00,2024-05-01 08:00:00
CMOV-0344,COMP-0021,PTY-0385,Priya Kumar Distributors,Both,2024-05-14,2024-05-14,0,265400,3,-13,Active,Unassigned,Delhi,Delhi,2024-05-14 00:00:00,2024-05-01 08:00:00
CMOV-0345,COMP-0021,PTY-0386,Rajesh Singh Distributors,Both,2024-06-16,2024-06-16,0,339800,3,-46,Active,Amit Shah,Ahmedabad,Gujarat,2024-06-16 00:00:00,2024-05-01 08:00:00
CMOV-0346,COMP-0021,PTY-0387,Vikram Kumar Suppliers,Supplier,2024-04-15,2024-04-15,935000,0,2,16,Active,Rajesh Kumar,Mysore,Karnataka,2024-04-15 00:00:00,2024-05-01 08:00:00
CMOV-0347,COMP-0021,PTY-0388,Vikram Patel Distributors,Supplier,2024-05-04,2024-05-04,339000,0,2,-3,Active,Amit Shah,Chennai,Tamil Nadu,2024-05-04 00:00:00,2024-05-01 08:00:00
CMOV-0348,COMP-0021,PTY-0390,Amit Singh Distributors,Both,2024-04-04,2024-06-29,1405000,0,6,-59,Active,Unassigned,Bangalore,Karnataka,2024-06-29 00:00:00,2024-05-01 08:00:00
CMOV-0349,COMP-0021,PTY-0391,Priya Singh Traders,Both,2024-04-15,2024-04-15,4500,0,1,16,Active,Rajesh Kumar,Chennai,Tamil Nadu,2024-04-15 00:00:00,2024-05-01 08:00:00
CMOV-0350,COMP-0021,PTY-0393,Priya Patel Traders,Supplier,2024-05-02,2024-05-12,635500,0,4,-11,Active,Rajesh Kumar,Pune,Maharashtra,2024-05-12 00:00:00,2024-05-01 08:00:00
CMOV-0351,COMP-0021,PTY-0394,Priya Sharma Traders,Supplier,2024-05-24,2024-05-24,385000,0,1,-23,Active,Amit Shah,Nagpur,Maharashtra,2024-05-24 00:00:00,2024-05-01 08:00:00
CMOV-0352,COMP-0021,PTY-0396,Priya Patel Suppliers,Supplier,2024-04-17,2024-04-17,34500,0,2,14,Active,Amit Shah,Coimbatore,Tamil Nadu,2024-04-17 00:00:00,2024-05-01 08:00:00
CMOV-0353,COMP-0021,PTY-0397,Priya Patel Distributors,Both,2024-04-07,2024-06-19,761300,0,5,-49,Active,Amit Shah,Ahmedabad,Gujarat,2024-06-19 00:00:00,2024-05-01 08:00:00
CMOV-0354,COMP-0021,PTY-0398,Rajesh Patel Traders,Both,2024-04-05,2024-05-24,1480500,387000,9,-23,Active,Amit Shah,Mysore,Karnataka,2024-05-24 00:00:00,2024-05-01 08:00:00
CMOV-0355,COMP-0021,PTY-0399,Priya Sharma Distributors,Customer,2024-04-13,2024-06-29,385000,27500,6,-59,Active,Unassigned,Ahmedabad,Gujarat,2024-06-29 00:00:00,2024-05-01 08:00:00
CMOV-0356,COMP-0021,PTY-0400,Amit Sharma Distributors,Customer,2024-06-08,2024-06-16,65000,868600,4,-46,Active,Rajesh Kumar,Surat,Gujarat,2024-06-16 00:00:00,2024-05-01 08:00:00
CMOV-0357,COMP-0021,PTY-0401,Vikram Sharma Suppliers,Both,2024-04-14,2024-04-22,723600,8700,4,9,Active,Amit Shah,Surat,Gujarat,2024-04-22 00:00:00,2024-05-01 08:00:00
CMOV-0358,COMP-0021,PTY-0402,Neha Patel Distributors,Customer,2024-04-17,2024-06-16,779500,497000,6,-46,Active,Rajesh Kumar,Coimbatore,Tamil Nadu,2024-06-16 00:00:00,2024-05-01 08:00:00
CMOV-0359,COMP-0021,PTY-0403,Priya Kumar Traders,Customer,2024-05-06,2024-06-16,1495000,375000,7,-46,Active,Amit Shah,Ahmedabad,Gujarat,2024-06-16 00:00:00,2024-05-01 08:00:00
CMOV-0360,COMP-0021,PTY-0404,Rajesh Patel Distributors,Both,2024-04-11,2024-06-20,1099500,0,4,-50,Active,Unassigned,Bangalore,Karnataka,2024-06-20 00:00:00,2024-05-01 08:00:00
CMOV-0361,COMP-0022,PTY-0406,Neha Sharma Suppliers,Both,2024-04-02,2024-05-03,10500,40000,2,-2,Active,Amit Shah,Bangalore,Karnataka,2024-05-03 00:00:00,2024-05-01 08:00:00
CMOV-0362,COMP-0022,PTY-0407,Vikram Singh Suppliers,Both,2024-05-20,2024-05-20,847000,4500,3,-19,Active,Rajesh Kumar,Coimbatore,Tamil Nadu,2024-05-20 00:00:00,2024-05-01 08:00:00
CMOV-0363,COMP-0022,PTY-0408,Neha Kumar Distributors,Both,2024-04-19,2024-06-09,168000,15900,5,-39,Active,Unassigned,Surat,Gujarat,2024-06-09 00:00:00,2024-05-01 08:00:00
CMOV-0364,COMP-0022,PTY-0409,Amit Sharma Traders,Both,2024-05-11,2024-06-13,50900,605000,5,-43,Active,Amit Shah,Surat,Gujarat,2024-06-13 00:00:00,2024-05-01 08:00:00
CMOV-0365,COMP-0022,PTY-0410,Rajesh Patel Traders,Customer,2024-04-04,2024-06-20,453000,185000,5,-50,Active,Rajesh Kumar,Bangalore,Karnataka,2024-06-20 00:00:00,2024-05-01 08:00:00
CMOV-0366,COMP-0022,PTY-0411,Amit Singh Distributors,Customer,2024-04-06,2024-05-26,40000,998500,6,-25,Active,Amit Shah,Nagpur,Maharashtra,2024-05-26 00:00:00,2024-05-01 08:00:00
CMOV-0367,COMP-0022,PTY-0412,Neha Sharma Traders,Supplier,2024-04-09,2024-06-15,227900,549500,9,-45,Active,Rajesh Kumar,Surat,Gujarat,2024-06-15 00:00:00,2024-05-01 08:00:00
CMOV-0368,COMP-0022,PTY-0413,Neha Gupta Traders,Both,2024-04-13,2024-06-30,1090900,306500,7,-60,Active,Amit Shah,Chennai,Tamil Nadu,2024-06-30 00:00:00,2024-05-01 08:00:00
CMOV-0369,COMP-0022,PTY-0414,Rajesh Singh Suppliers,Both,2024-05-21,2024-05-21,0,425000,3,-20,Active,Unassigned,Mysore,Karnataka,2024-05-21 00:00:00,2024-05-01 08:00:00
CMOV-0370,COMP-0022,PTY-0415,Rajesh Sharma Distributors,Both,2024-04-02,2024-04-23,0,797700,4,8,Active,Rajesh Kumar,Coimbatore,Tamil Nadu,2024-04-23 00:00:00,2024-05-01 08:00:00
CMOV-0371,COMP-0022,PTY-0416,Amit Kumar Traders,Supplier,2024-04-12,2024-06-22,565300,0,4,-52,Active,Unassigned,Bangalore,Karnataka,2024-06-22 00:00:00,2024-05-01 08:00:00
CMOV-0372,COMP-0022,PTY-0417,Vikram Sharma Distributors,Both,2024-04-10,2024-05-06,50000,360000,2,-5,Active,Unassigned,Coimbatore,Tamil Nadu,2024-05-06 00:00:00,2024-05-01 08:00:00
CMOV-0373,COMP-0022,PTY-0418,Vikram Kumar Traders,Supplier,2024-04-04,2024-06-28,93000,0,4,-58,Active,Rajesh Kumar,Bangalore,Karnataka,2024-06-28 00:00:00,2024-05-01 08:00:00
CMOV-0374,COMP-0022,PTY-0419,Amit Singh Distributors,Both,2024-04-21,2024-06-28,6000,230000,4,-58,Active,Unassigned,Mysore,Karnataka,2024-06-28 00:00:00,2024-05-01 08:00:00
CMOV-0375,COMP-0022,PTY-0420,Priya Singh Suppliers,Customer,2024-04-23,2024-06-27,91500,0,3,-57,Active,Rajesh Kumar,Nagpur,Maharashtra,2024-06-27 00:00:00,2024-05-01 08:00:00
CMOV-0376,COMP-0023,PTY-0422,Amit Sharma Distributors,Supplier,2024-04-05,2024-05-30,643900,1314400,15,-29,Active,Rajesh Kumar,Coimbatore,Tamil Nadu,2024-05-30 00:00:00,2024-05-01 08:00:00
CMOV-0377,COMP-0023,PTY-0424,Vikram Gupta Suppliers,Both,2024-06-20,2024-06-20,0,10500,1,-50,Active,Amit Shah,Delhi,Delhi,2024-06-20 00:00:00,2024-05-01 08:00:00
CMOV-0378,COMP-0023,PTY-0425,Priya Kumar Suppliers,Both,2024-05-19,2024-05-19,524000,0,2,-18,Active,Unassigned,Surat,Gujarat,2024-05-19 00:00:00,2024-05-01 08:00:00
CMOV-0379,COMP-0023,PTY-0426,Amit Gupta Suppliers,Both,2024-04-07,2024-04-11,0,460000,3,20,Active,Unassigned,Ahmedabad,Gujarat,2024-04-11 00:00:00,2024-05-01 08:00:00
CMOV-0380,COMP-0023,PTY-0427,Amit Kumar Suppliers,Supplier,2024-05-11,2024-05-11,298000,0,3,-10,Active,Amit Shah,Mumbai,Maharashtra,2024-05-11 00:00:00,2024-05-01 08:00:00
CMOV-0381,COMP-0023,PTY-0428,Vikram Kumar Distributors,Both,2024-06-09,2024-06-26,486000,0,5,-56,Active,Unassigned,Delhi,Delhi,2024-06-26 00:00:00,2024-05-01 08:00:00
CMOV-0382,COMP-0023,PTY-0429,Vikram Kumar Suppliers,Both,2024-04-17,2024-04-17,0,140000,2,14,Active,Amit Shah,Pune,Maharashtra,2024-04-17 00:00:00,2024-05-01 08:00:00
CMOV-0383,COMP-0023,PTY-0430,Rajesh Kumar Distributors,Both,2024-05-31,2024-06-24,403500,275000,6,-54,Active,Rajesh Kumar,Pune,Maharashtra,2024-06-24 00:00:00,2024-05-01 08:00:00
CMOV-0384,COMP-0023,PTY-0431,Vikram Singh Suppliers,Both,2024-04-18,2024-04-18,0,524500,2,13,Active,Unassigned,Delhi,Delhi,2024-04-18 00:00:00,2024-05-01 08:00:00
CMOV-0385,COMP-0023,PTY-0432,Amit Patel Distributors,Both,2024-05-13,2024-06-30,314000,0,5,-60,Active,Amit Shah,Delhi,Delhi,2024-06-30 00:00:00,2024-05-01 08:00:00
CMOV-0386,COMP-0023,PTY-0433,Amit Singh Suppliers,Both,2024-04-07,2024-05-21,340000,21000,3,-20,Active,Unassigned,Delhi,Delhi,2024-05-21 00:00:00,2024-05-01 08:00:00
CMOV-0387,COMP-0023,PTY-0435,Rajesh Patel Traders,Customer,2024-04-26,2024-04-26,60000,0,1,5,Active,Amit Shah,Surat,Gujarat,2024-04-26 00:00:00,2024-05-01 08:00:00
CMOV-0388,COMP-0023,PTY-0436,Neha Sharma Traders,Both,2024-06-27,2024-06-27,605000,0,2,-57,Active,Amit Shah,Pune,Maharashtra,2024-06-27 00:00:00,2024-05-01 08:00:00
CMOV-0389,COMP-0023,PTY-0438,Neha Singh Distributors,Customer,2024-05-28,2024-06-13,275000,577500,4,-43,Active,Rajesh Kumar,Coimbatore,Tamil Nadu,2024-06-13 00:00:00,2024-05-01 08:00:00
CMOV-0390,COMP-0023,PTY-0439,Neha Kumar Suppliers,Supplier,2024-05-21,2024-06-08,191000,60000,3,-38,Active,Amit Shah,Coimbatore,Tamil Nadu,2024-06-08 00:00:00,2024-05-01 08:00:00
CMOV-0391,COMP-0023,PTY-0441,Neha Sharma Traders,Supplier,2024-04-02,2024-04-02,740000,0,2,29,Active,Amit Shah,Mysore,Karnataka,2024-04-02 00:00:00,2024-05-01 08:00:00
CMOV-0392,COMP-0023,PTY-0442,Neha Singh Suppliers,Both,2024-04-13,2024-04-13,0,252000,1,18,Active,Rajesh Kumar,Surat,Gujarat,2024-04-13 00:00:00,2024-05-01 08:00:00
CMOV-0393,COMP-0023,PTY-0443,Vikram Sharma Distributors,Both,2024-04-06,2024-04-06,0,370000,2,25,Active,Unassigned,Bangalore,Karnataka,2024-04-06 00:00:00,2024-05-01 08:00:00
CMOV-0394,COMP-0023,PTY-0444,Neha Singh Traders,Customer,2024-04-13,2024-05-08,788600,0,3,-7,Active,Amit Shah,Bangalore,Karnataka,2024-05-08 00:00:00,2024-05-01 08:00:00
CMOV-0395,COMP-0024,PTY-0446,Priya Sharma Traders,Customer,2024-05-03,2024-05-24,277500,644000,7,-23,Active,Rajesh Kumar,Coimbatore,Tamil Nadu,2024-05-24 00:00:00,2024-05-01 08:00:00
CMOV-0396,COMP-0024,PTY-0447,Amit Kumar Traders,Both,2024-06-16,2024-06-16,85000,0,2,-46,Active,Unassigned,Bangalore,Karnataka,2024-06-16 00:00:00,2024-05-01 08:00:00
CMOV-0397,COMP-0024,PTY-0449,Priya Singh Distributors,Customer,2024-05-03,2024-06-29,701700,1046000,9,-59,Active,Amit Shah,Surat,Gujarat,2024-06-29 00:00:00,2024-05-01 08:00:00
CMOV-0398,COMP-0024,PTY-0450,Rajesh Patel Traders,Supplier,2024-04-24,2024-05-18,524000,0,2,-17,Active,Amit Shah,Delhi,Delhi,2024-05-18 00:00:00,2024-05-01 08:00:00
CMOV-0399,COMP-0024,PTY-0451,Neha Patel Traders,Customer,2024-04-15,2024-05-02,84000,456000,4,-1,Active,Unassigned,Delhi,Delhi,2024-05-02 00:00:00,2024-05-01 08:00:00
CMOV-0400,COMP-0024,PTY-0452,Rajesh Singh Suppliers,Customer,2024-04-22,2024-06-08,640000,0,3,-38,Active,Amit Shah,Ahmedabad,Gujarat,2024-06-08 00:00:00,2024-05-01 08:00:00
CMOV-0401,COMP-0024,PTY-0453,Amit Sharma Traders,Both,2024-05-22,2024-05-22,84500,0,2,-21,Active,Unassigned,Mysore,Karnataka,2024-05-22 00:00:00,2024-05-01 08:00:00
CMOV-0402,COMP-0024,PTY-0454,Vikram Gupta Traders,Both,2024-06-05,2024-06-21,677000,0,4,-51,Active,Amit Shah,Bangalore,Karnataka,2024-06-21 00:00:00,2024-05-01 08:00:00
CMOV-0403,COMP-0024,PTY-0456,Neha Kumar Suppliers,Both,2024-04-02,2024-04-02,0,35000,2,29,Active,Rajesh Kumar,Ahmedabad,Gujarat,2024-04-02 00:00:00,2024-05-01 08:00:00
CMOV-0404,COMP-0024,PTY-0457,Neha Kumar Traders,Both,2024-04-09,2024-06-13,0,426500,3,-43,Active,Unassigned,Surat,Gujarat,2024-06-13 00:00:00,2024-05-01 08:00:00
CMOV-0405,COMP-0024,PTY-0458,Rajesh Gupta Traders,Customer,2024-04-19,2024-04-22,547200,0,4,9,Active,Amit Shah,Mumbai,Maharashtra,2024-04-22 00:00:00,2024-05-01 08:00:00
CMOV-0406,COMP-0024,PTY-0459,Rajesh Gupta Distributors,Both,2024-06-16,2024-06-16,13300,0,2,-46,Active,Amit Shah,Mysore,Karnataka,2024-06-16 00:00:00,2024-05-01 08:00:00
CMOV-0407,COMP-0024,PTY-0460,Rajesh Sharma Suppliers,Customer,2024-04-12,2024-06-06,324000,264500,5,-36,Active,Amit Shah,Surat,Gujarat,2024-06-06 00:00:00,2024-05-01 08:00:00
CMOV-0408,COMP-0024,PTY-0461,Vikram Sharma Traders,Both,2024-04-13,2024-04-13,0,301300,3,18,Active,Rajesh Kumar,Coimbatore,Tamil Nadu,2024-04-13 00:00:00,2024-05-01 08:00:00
CMOV-0409,COMP-0024,PTY-0462,Rajesh Sharma Traders,Customer,2024-04-01,2024-06-12,165000,133000,3,-42,Active,Amit Shah,Surat,Gujarat,2024-06-12 00:00:00,2024-05-01 08:00:00
CMOV-0410,COMP-0024,PTY-0464,Amit Gupta Traders,Both,2024-05-15,2024-05-15,170700,0,2,-14,Active,Amit Shah,Mysore,Karnataka,2024-05-15 00:00:00,2024-05-01 08:00:00
CMOV-0411,COMP-0025,PTY-0465,Vikram Patel Distributors,Customer,2024-04-23,2024-06-22,51800,885000,5,-52,Active,Unassigned,Surat,Gujarat,2024-06-22 00:00:00,2024-05-01 08:00:00
CMOV-0412,COMP-0025,PTY-0466,Amit Sharma Traders,Supplier,2024-04-25,2024-04-26,295500,394500,5,5,Active,Amit Shah,Pune,Maharashtra,2024-04-26 00:00:00,2024-05-01 08:00:00
CMOV-0413,COMP-0025,PTY-0467,Vikram Sharma Traders,Both,2024-04-17,2024-06-12,1516800,879500,14,-42,Active,Rajesh Kumar,Coimbatore,Tamil Nadu,2024-06-12 00:00:00,2024-05-01 08:00:00
CMOV-0414,COMP-0025,PTY-0468,Neha Sharma Distributors,Customer,2024-04-04,2024-06-21,800000,705000,5,-51,Active,Unassigned,Coimbatore,Tamil Nadu,2024-06-21 00:00:00,2024-05-01 08:00:00
CMOV-0415,COMP-0025,PTY-0469,Priya Kumar Distributors,Both,2024-04-09,2024-06-24,1063400,0,6,-54,Active,Unassigned,Mumbai,Maharashtra,2024-06-24 00:00:00,2024-05-01 08:00:00
CMOV-0416,COMP-0025,PTY-0470,Vikram Gupta Distributors,Both,2024-04-15,2024-05-25,2059800,333000,10,-24,Active,Unassigned,Pune,Maharashtra,2024-05-25 00:00:00,2024-05-01 08:00:00
CMOV-0417,COMP-0025,PTY-0471,Priya Kumar Suppliers,Customer,2024-04-06,2024-05-16,0,306700,4,-15,Active,Rajesh Kumar,Chennai,Tamil Nadu,2024-05-16 00:00:00,2024-05-01 08:00:00
CMOV-0418,COMP-0025,PTY-0472,Priya Gupta Suppliers,Supplier,2024-04-05,2024-06-08,1053000,316800,7,-38,Active,Rajesh Kumar,Nagpur,Maharashtra,2024-06-08 00:00:00,2024-05-01 08:00:00
CMOV-0419,COMP-0025,PTY-0473,Priya Gupta Distributors,Supplier,2024-05-18,2024-06-29,549200,253600,8,-59,Active,Unassigned,Surat,Gujarat,2024-06-29 00:00:00,2024-05-01 08:00:00
CMOV-0420,COMP-0025,PTY-0474,Amit Sharma Distributors,Supplier,2024-06-16,2024-06-21,456000,974700,5,-51,Active,Unassigned,Delhi,Delhi,2024-06-21 00:00:00,2024-05-01 08:00:00
CMOV-0421,COMP-0025,PTY-0475,Vikram Singh Distributors,Supplier,2024-04-04,2024-05-27,1796000,958100,10,-26,Active,Rajesh Kumar,Surat,Gujarat,2024-05-27 00:00:00,2024-05-01 08:00:00
CMOV-0422,COMP-0025,PTY-0476,Priya Gupta Traders,Customer,2024-04-16,2024-04-16,499500,0,3,15,Active,Rajesh Kumar,Surat,Gujarat,2024-04-16 00:00:00,2024-05-01 08:00:00
CMOV-0423,COMP-0025,PTY-0477,Rajesh Patel Traders,Supplier,2024-04-20,2024-06-16,62000,361500,4,-46,Active,Amit Shah,Chennai,Tamil Nadu,2024-06-16 00:00:00,2024-05-01 08:00:00
CMOV-0424,COMP-0025,PTY-0478,Rajesh Singh Distributors,Customer,2024-04-13,2024-06-15,1193500,0,7,-45,Active,Unassigned,Ahmedabad,Gujarat,2024-06-15 00:00:00,2024-05-01 08:00:00
CMOV-0425,COMP-0025,PTY-0479,Amit Sharma Traders,Supplier,2024-04-10,2024-06-24,596600,1391800,12,-54,Active,Unassigned,Bangalore,Karnataka,2024-06-24 00:00:00,2024-05-01 08:00:00
CMOV-0426,COMP-0026,PTY-0480,Neha Kumar Traders,Customer,2024-06-02,2024-06-02,165000,0,1,-32,Active,Rajesh Kumar,Chennai,Tamil Nadu,2024-06-02 00:00:00,2024-05-01 08:00:00
CMOV-0427,COMP-0026,PTY-0481,Amit Sharma Distributors,Supplier,2024-04-05,2024-05-11,675000,0,3,-10,Active,Unassigned,Delhi,Delhi,2024-05-11 00:00:00,2024-05-01 08:00:00
CMOV-0428,COMP-0026,PTY-0483,Priya Gupta Traders,Supplier,2024-04-08,2024-04-13,2700,394500,3,18,Active,Amit Shah,Chennai,Tamil Nadu,2024-04-13 00:00:00,2024-05-01 08:00:00
CMOV-0429,COMP-0026,PTY-0485,Neha Patel Distributors,Both,2024-04-27,2024-04-27,7500,0,1,4,Active,Rajesh Kumar,Bangalore,Karnataka,2024-04-27 00:00:00,2024-05-01 08:00:00
CMOV-0430,COMP-0026,PTY-0486,Rajesh Patel Traders,Both,2024-04-30,2024-05-30,81800,830000,4,-29,Active,Amit Shah,Delhi,Delhi,2024-05-30 00:00:00,2024-05-01 08:00:00
CMOV-0431,COMP-0026,PTY-0487,Vikram Patel Traders,Customer,2024-04-09,2024-06-18,2900000,1477500,16,-48,Active,Amit Shah,Ahmedabad,Gujarat,2024-06-18 00:00:00,2024-05-01 08:00:00
CMOV-0432,COMP-0026,PTY-0488,Neha Patel Distributors,Customer,2024-05-29,2024-05-29,395000,0,2,-28,Active,Unassigned,Chennai,Tamil Nadu,2024-05-29 00:00:00,2024-05-01 08:00:00
CMOV-0433,COMP-0026,PTY-0489,Neha Kumar Suppliers,Supplier,2024-06-06,2024-06-06,216500,0,3,-36,Active,Amit Shah,Delhi,Delhi,2024-06-06 00:00:00,2024-05-01 08:00:00
CMOV-0434,COMP-0026,PTY-0490,Rajesh Singh Distributors,Both,2024-04-18,2024-04-18,340000,0,2,13,Active,Rajesh Kumar,Bangalore,Karnataka,2024-04-18 00:00:00,2024-05-01 08:00:00
CMOV-0435,COMP-0026,PTY-0491,Priya Singh Suppliers,Supplier,2024-04-02,2024-04-26,2035000,480900,8,5,Active,Unassigned,Bangalore,Karnataka,2024-04-26 00:00:00,2024-05-01 08:00:00
CMOV-0436,COMP-0026,PTY-0493,Priya Sharma Distributors,Both,2024-04-30,2024-06-28,1003000,259500,7,-58,Active,Rajesh Kumar,Coimbatore,Tamil Nadu,2024-06-28 00:00:00,2024-05-01 08:00:00
CMOV-0437,COMP-0026,PTY-0494,Priya Patel Traders,Both,2024-04-15,2024-06-18,946500,0,6,-48,Active,Unassigned,Mysore,Karnataka,2024-06-18 00:00:00,2024-05-01 08:00:00
CMOV-0438,COMP-0026,PTY-0495,Neha Sharma Suppliers,Supplier,2024-05-13,2024-06-23,715000,10500,3,-53,Active,Rajesh Kumar,Ahmedabad,Gujarat,2024-06-23 00:00:00,2024-05-01 08:00:00
CMOV-0439,COMP-0026,PTY-0496,Amit Kumar Distributors,Supplier,2024-04-07,2024-06-18,306500,172500,5,-48,Active,Unassigned,Pune,Maharashtra,2024-06-18 00:00:00,2024-05-01 08:00:00
CMOV-0440,COMP-0026,PTY-0497,Rajesh Sharma Distributors,Customer,2024-04-03,2024-04-03,0,168000,1,28,Active,Amit Shah,Mysore,Karnataka,2024-04-03 00:00:00,2024-05-01 08:00:00
CMOV-0441,COMP-0027,PTY-0498,Priya Kumar Suppliers,Both,2024-04-02,2024-05-04,390000,166500,3,-3,Active,Rajesh Kumar,Bangalore,Karnataka,2024-05-04 00:00:00,2024-05-01 08:00:00
CMOV-0442,COMP-0027,PTY-0499,Priya Sharma Distributors,Customer,2024-04-24,2024-06-15,500000,0,3,-45,Active,Unassigned,Chennai,Tamil Nadu,2024-06-15 00:00:00,2024-05-01 08:00:00
CMOV-0443,COMP-0027,PTY-0500,Amit Sharma Traders,Customer,2024-04-14,2024-06-26,260000,674500,8,-56,Active,Rajesh Kumar,Delhi,Delhi,2024-06-26 00:00:00,2024-05-01 08:00:00
CMOV-0444,COMP-0027,PTY-0502,Neha Patel Traders,Customer,2024-04-10,2024-04-10,574500,0,3,21,Active,Amit Shah,Mysore,Karnataka,2024-04-10 00:00:00,2024-05-01 08:00:00
CMOV-0445,COMP-0027,PTY-0503,Neha Sharma Traders,Customer,2024-05-08,2024-05-08,6300,0,1,-7,Active,Unassigned,Delhi,Delhi,2024-05-08 00:00:00,2024-05-01 08:00:00
CMOV-0446,COMP-0027,PTY-0504,Amit Patel Distributors,Customer,2024-04-20,2024-06-12,120000,460000,4,-42,Active,Amit Shah,Chennai,Tamil Nadu,2024-06-12 00:00:00,2024-05-01 08:00:00
CMOV-0447,COMP-0027,PTY-0505,Neha Singh Distributors,Supplier,2024-04-17,2024-05-27,0,151000,2,-26,Active,Amit Shah,Mysore,Karnataka,2024-05-27 00:00:00,2024-05-01 08:00:00
CMOV-0448,COMP-0027,PTY-0506,Neha Kumar Traders,Both,2024-05-04,2024-06-07,0,1165400,3,-37,Active,Rajesh Kumar,Bangalore,Karnataka,2024-06-07 00:00:00,2024-05-01 08:00:00
CMOV-0449,COMP-0027,PTY-0507,Rajesh Patel Traders,Supplier,2024-04-14,2024-05-13,0,1938000,9,-12,Active,Amit Shah,Coimbatore,Tamil Nadu,2024-05-13 00:00:00,2024-05-01 08:00:00
CMOV-0450,COMP-0027,PTY-0508,Amit Singh Suppliers,Supplier,2024-05-02,2024-06-28,252000,1800,2,-58,Active,Amit Shah,Delhi,Delhi,2024-06-28 00:00:00,2024-05-01 08:00:00
CMOV-0451,COMP-0027,PTY-0509,Vikram Kumar Traders,Customer,2024-06-03,2024-06-03,70000,0,1,-33,Active,Rajesh Kumar,Chennai,Tamil Nadu,2024-06-03 00:00:00,2024-05-01 08:00:00
CMOV-0452,COMP-0027,PTY-0510,Amit Kumar Suppliers,Both,2024-04-29,2024-06-28,1460200,2790500,17,-58,Active,Amit Shah,Surat,Gujarat,2024-06-28 00:00:00,2024-05-01 08:00:00
CMOV-0453,COMP-0027,PTY-0511,Vikram Gupta Distributors,Customer,2024-06-13,2024-06-22,165000,893000,5,-52,Active,Rajesh Kumar,Delhi,Delhi,2024-06-22 00:00:00,2024-05-01 08:00:00
CMOV-0454,COMP-0028,PTY-0513,Vikram Kumar Traders,Supplier,2024-06-02,2024-06-30,1191200,0,5,-60,Active,Amit Shah,Coimbatore,Tamil Nadu,2024-06-30 00:00:00,2024-05-01 08:00:00
CMOV-0455,COMP-0028,PTY-0514,Rajesh Kumar Suppliers,Customer,2024-04-17,2024-05-08,93000,394900,5,-7,Active,Amit Shah,Bangalore,Karnataka,2024-05-08 00:00:00,2024-05-01 08:00:00
CMOV-0456,COMP-0028,PTY-0515,Rajesh Sharma Distributors,Customer,2024-05-11,2024-06-24,333600,0,2,-54,Active,Unassigned,Coimbatore,Tamil Nadu,2024-06-24 00:00:00,2024-05-01 08:00:00
CMOV-0457,COMP-0028,PTY-0516,Vikram Singh Distributors,Supplier,2024-05-16,2024-06-09,1314000,420900,10,-39,Active,Unassigned,Coimbatore,Tamil Nadu,2024-06-09 00:00:00,2024-05-01 08:00:00
CMOV-0458,COMP-0028,PTY-0518,Neha Patel Distributors,Supplier,2024-04-02,2024-06-18,770000,1419500,9,-48,Active,Rajesh Kumar,Ahmedabad,Gujarat,2024-06-18 00:00:00,2024-05-01 08:00:00
CMOV-0459,COMP-0028,PTY-0519,Priya Sharma Traders,Customer,2024-04-15,2024-04-19,325000,223500,3,12,Active,Rajesh Kumar,Pune,Maharashtra,2024-04-19 00:00:00,2024-05-01 08:00:00
CMOV-0460,COMP-0028,PTY-0520,Priya Gupta Traders,Supplier,2024-04-15,2024-06-17,454500,28100,5,-47,Active,Amit Shah,Delhi,Delhi,2024-06-17 00:00:00,2024-05-01 08:00:00
CMOV-0461,COMP-0028,PTY-0521,Amit Sharma Suppliers,Supplier,2024-05-05,2024-06-15,0,758000,7,-45,Active,Amit Shah,Bangalore,Karnataka,2024-06-15 00:00:00,2024-05-01 08:00:00
CMOV-0462,COMP-0028,PTY-0522,Amit Gupta Traders,Supplier,2024-04-04,2024-06-28,600000,1175000,8,-58,Active,Unassigned,Delhi,Delhi,2024-06-28 00:00:00,2024-05-01 08:00:00
CMOV-0463,COMP-0028,PTY-0523,Rajesh Sharma Suppliers,Supplier,2024-06-19,2024-06-19,183000,0,3,-49,Active,Rajesh Kumar,Bangalore,Karnataka,2024-06-19 00:00:00,2024-05-01 08:00:00
CMOV-0464,COMP-0028,PTY-0524,Amit Gupta Traders,Both,2024-04-22,2024-04-22,0,612500,3,9,Active,Rajesh Kumar,Pune,Maharashtra,2024-04-22 00:00:00,2024-05-01 08:00:00
CMOV-0465,COMP-0028,PTY-0525,Priya Gupta Traders,Both,2024-04-06,2024-06-04,0,1325500,6,-34,Active,Rajesh Kumar,Bangalore,Karnataka,2024-06-04 00:00:00,2024-05-01 08:00:00
CMOV-0466,COMP-0028,PTY-0526,Neha Kumar Distributors,Both,2024-05-15,2024-06-20,0,1523800,7,-50,Active,Amit Shah,Mysore,Karnataka,2024-06-20 00:00:00,2024-05-01 08:00:00
CMOV-0467,COMP-0028,PTY-0527,Neha Kumar Suppliers,Both,2024-05-01,2024-06-21,506400,398500,10,-51,Active,Unassigned,Nagpur,Maharashtra,2024-06-21 00:00:00,2024-05-01 08:00:00
CMOV-0468,COMP-0028,PTY-0528,Rajesh Gupta Suppliers,Both,2024-04-15,2024-04-15,1284500,0,3,16,Active,Rajesh Kumar,Nagpur,Maharashtra,2024-04-15 00:00:00,2024-05-01 08:00:00
CMOV-0469,COMP-0028,PTY-0529,Amit Gupta Traders,Both,2024-04-25,2024-05-28,480000,685000,3,-27,Active,Rajesh Kumar,Mumbai,Maharashtra,2024-05-28 00:00:00,2024-05-01 08:00:00
CMOV-0470,COMP-0028,PTY-0530,Amit Patel Distributors,Both,2024-05-10,2024-06-17,1407000,1756400,10,-47,Active,Unassigned,Delhi,Delhi,2024-06-17 00:00:00,2024-05-01 08:00:00
CMOV-0471,COMP-0029,PTY-0532,Amit Patel Traders,Both,2024-04-09,2024-04-09,483500,0,3,22,Active,Rajesh Kumar,Mumbai,Maharashtra,2024-04-09 00:00:00,2024-05-01 08:00:00
CMOV-0472,COMP-0029,PTY-0534,Amit Patel Suppliers,Both,2024-04-13,2024-04-13,0,44500,2,18,Active,Unassigned,Bangalore,Karnataka,2024-04-13 00:00:00,2024-05-01 08:00:00
CMOV-0473,COMP-0029,PTY-0535,Neha Singh Suppliers,Both,2024-06-15,2024-06-15,7200,0,1,-45,Active,Amit Shah,Mumbai,Maharashtra,2024-06-15 00:00:00,2024-05-01 08:00:00
CMOV-0474,COMP-0029,PTY-0536,Amit Gupta Traders,Both,2024-04-27,2024-06-11,6900,315000,5,-41,Active,Unassigned,Delhi,Delhi,2024-06-11 00:00:00,2024-05-01 08:00:00
CMOV-0475,COMP-0029,PTY-0538,Priya Gupta Suppliers,Supplier,2024-04-09,2024-04-09,0,697500,3,22,Active,Rajesh Kumar,Delhi,Delhi,2024-04-09 00:00:00,2024-05-01 08:00:00
CMOV-0476,COMP-0029,PTY-0540,Rajesh Singh Distributors,Customer,2024-06-24,2024-06-24,0,385000,1,-54,Active,Rajesh Kumar,Bangalore,Karnataka,2024-06-24 00:00:00,2024-05-01 08:00:00
CMOV-0477,COMP-0029,PTY-0541,Vikram Singh Traders,Both,2024-04-27,2024-06-28,509800,663000,7,-58,Active,Unassigned,Delhi,Delhi,2024-06-28 00:00:00,2024-05-01 08:00:00
CMOV-0478,COMP-0029,PTY-0542,Amit Singh Distributors,Customer,2024-05-27,2024-05-27,13500,0,2,-26,Active,Amit Shah,Surat,Gujarat,2024-05-27 00:00:00,2024-05-01 08:00:00
CMOV-0479,COMP-0029,PTY-0543,Priya Kumar Suppliers,Both,2024-04-25,2024-06-01,495000,20000,3,-31,Active,Rajesh Kumar,Bangalore,Karnataka,2024-06-01 00:00:00,2024-05-01 08:00:00
CMOV-0480,COMP-0029,PTY-0544,Rajesh Singh Suppliers,Customer,2024-04-16,2024-04-19,390000,723000,3,12,Active,Amit Shah,Mumbai,Maharashtra,2024-04-19 00:00:00,2024-05-01 08:00:00
CMOV-0481,COMP-0029,PTY-0546,Vikram Gupta Distributors,Both,2024-05-29,2024-05-29,14000,0,1,-28,Active,Rajesh Kumar,Mumbai,Maharashtra,2024-05-29 00:00:00,2024-05-01 08:00:00
CMOV-0482,COMP-0029,PTY-0547,Vikram Singh Distributors,Supplier,2024-04-29,2024-05-22,49800,0,3,-21,Active,Rajesh Kumar,Delhi,Delhi,2024-05-22 00:00:00,2024-05-01 08:00:00
CMOV-0483,COMP-0029,PTY-0548,Neha Patel Distributors,Both,2024-04-30,2024-04-30,0,10500,1,1,Active,Unassigned,Coimbatore,Tamil Nadu,2024-04-30 00:00:00,2024-05-01 08:00:00
CMOV-0484,COMP-0029,PTY-0549,Rajesh Kumar Distributors,Customer,2024-04-07,2024-06-13,1446500,102200,9,-43,Active,Rajesh Kumar,Nagpur,Maharashtra,2024-06-13 00:00:00,2024-05-01 08:00:00
CMOV-0485,COMP-0029,PTY-0551,Rajesh Sharma Distributors,Supplier,2024-06-07,2024-06-08,0,1140900,4,-38,Active,Amit Shah,Chennai,Tamil Nadu,2024-06-08 00:00:00,2024-05-01 08:00:00
CMOV-0486,COMP-0030,PTY-0552,Rajesh Kumar Distributors,Customer,2024-04-19,2024-04-19,924000,0,2,12,Active,Rajesh Kumar,Surat,Gujarat,2024-04-19 00:00:00,2024-05-01 08:00:00
CMOV-0487,COMP-0030,PTY-0553,Rajesh Kumar Traders,Customer,2024-05-06,2024-05-06,493600,0,3,-5,Active,Rajesh Kumar,Delhi,Delhi,2024-05-06 00:00:00,2024-05-01 08:00:00
CMOV-0488,COMP-0030,PTY-0554,Amit Sharma Suppliers,Supplier,2024-05-08,2024-05-08,120500,0,2,-7,Active,Amit Shah,Nagpur,Maharashtra,2024-05-08 00:00:00,2024-05-01 08:00:00
CMOV-0489,COMP-0030,PTY-0555,Priya Kumar Traders,Both,2024-04-10,2024-06-26,735600,0,8,-56,Active,Amit Shah,Mysore,Karnataka,2024-06-26 00:00:00,2024-05-01 08:00:00
CMOV-0490,COMP-0030,PTY-0556,Neha Gupta Suppliers,Both,2024-04-07,2024-06-09,751300,41400,7,-39,Active,Rajesh Kumar,Delhi,Delhi,2024-06-09 00:00:00,2024-05-01 08:00:00
CMOV-0491,COMP-0030,PTY-0557,Vikram Sharma Traders,Both,2024-04-09,2024-04-24,0,554000,4,7,Active,Amit Shah,Mysore,Karnataka,2024-04-24 00:00:00,2024-05-01 08:00:00
CMOV-0492,COMP-0030,PTY-0558,Priya Sharma Distributors,Customer,2024-04-26,2024-04-26,672000,0,3,5,Active,Amit Shah,Delhi,Delhi,2024-04-26 00:00:00,2024-05-01 08:00:00
CMOV-0493,COMP-0030,PTY-0560,Vikram Sharma Traders,Supplier,2024-05-28,2024-05-28,120000,0,1,-27,Active,Amit Shah,Delhi,Delhi,2024-05-28 00:00:00,2024-05-01 08:00:00
CMOV-0494,COMP-0030,PTY-0562,Rajesh Patel Distributors,Customer,2024-04-05,2024-06-30,832200,0,7,-60,Active,Amit Shah,Ahmedabad,Gujarat,2024-06-30 00:00:00,2024-05-01 08:00:00
CMOV-0495,COMP-0030,PTY-0563,Neha Sharma Distributors,Supplier,2024-04-27,2024-06-12,389500,1287500,5,-42,Active,Unassigned,Mumbai,Maharashtra,2024-06-12 00:00:00,2024-05-01 08:00:00
CMOV-0496,COMP-0030,PTY-0564,Priya Singh Distributors,Both,2024-04-27,2024-04-27,1800,0,1,4,Active,Rajesh Kumar,Nagpur,Maharashtra,2024-04-27 00:00:00,2024-05-01 08:00:00
CMOV-0497,COMP-0030,PTY-0565,Vikram Sharma Suppliers,Customer,2024-05-04,2024-05-10,70000,0,2,-9,Active,Rajesh Kumar,Pune,Maharashtra,2024-05-10 00:00:00,2024-05-01 08:00:00
CMOV-0498,COMP-0030,PTY-0566,Neha Sharma Distributors,Both,2024-06-23,2024-06-23,325000,0,1,-53,Active,Unassigned,Ahmedabad,Gujarat,2024-06-23 00:00:00,2024-05-01 08:00:00
CMOV-0499,COMP-0030,PTY-0568,Amit Patel Traders,Supplier,2024-04-28,2024-04-28,0,595000,3,3,Active,Rajesh Kumar,Delhi,Delhi,2024-04-28 00:00:00,2024-05-01 08:00:00
CMOV-0500,COMP-0030,PTY-0571,Priya Kumar Traders,Both,2024-04-08,2024-04-14,0,635000,3,17,Active,Unassigned,Ahmedabad,Gujarat,2024-04-14 00:00:00,2024-05-01 08:00:00
CMOV-0501,COMP-0030,PTY-0572,Vikram Gupta Distributors,Customer,2024-06-25,2024-06-25,52000,0,2,-55,Active,Amit Shah,Bangalore,Karnataka,2024-06-25 00:00:00,2024-05-01 08:00:00
CMOV-0502,COMP-0030,PTY-0573,Neha Sharma Suppliers,Both,2024-04-16,2024-05-22,1939000,0,9,-21,Active,Rajesh Kumar,Mumbai,Maharashtra,2024-05-22 00:00:00,2024-05-01 08:00:00
CMOV-0503,COMP-0031,PTY-0574,Priya Patel Suppliers,Customer,2024-04-18,2024-06-21,757300,3000,8,-51,Active,Unassigned,Delhi,Delhi,2024-06-21 00:00:00,2024-05-01 08:00:00
CMOV-0504,COMP-0031,PTY-0575,Rajesh Kumar Suppliers,Customer,2024-05-04,2024-06-12,1329000,363000,6,-42,Active,Rajesh Kumar,Mysore,Karnataka,2024-06-12 00:00:00,2024-05-01 08:00:00
CMOV-0505,COMP-0031,PTY-0576,Amit Gupta Suppliers,Customer,2024-06-06,2024-06-06,165000,0,1,-36,Active,Rajesh Kumar,Chennai,Tamil Nadu,2024-06-06 00:00:00,2024-05-01 08:00:00
CMOV-0506,COMP-0031,PTY-0577,Vikram Sharma Suppliers,Customer,2024-04-12,2024-06-03,1695500,0,9,-33,Active,Amit Shah,Bangalore,Karnataka,2024-06-03 00:00:00,2024-05-01 08:00:00
CMOV-0507,COMP-0031,PTY-0578,Priya Sharma Distributors,Both,2024-04-09,2024-05-20,330000,336000,2,-19,Active,Unassigned,Pune,Maharashtra,2024-05-20 00:00:00,2024-05-01 08:00:00
CMOV-0508,COMP-0031,PTY-0579,Priya Kumar Traders,Both,2024-04-05,2024-06-03,437200,0,4,-33,Active,Unassigned,Ahmedabad,Gujarat,2024-06-03 00:00:00,2024-05-01 08:00:00
CMOV-0509,COMP-0031,PTY-0580,Amit Sharma Suppliers,Both,2024-04-21,2024-06-18,234500,2700,4,-48,Active,Unassigned,Pune,Maharashtra,2024-06-18 00:00:00,2024-05-01 08:00:00
CMOV-0510,COMP-0031,PTY-0581,Priya Kumar Suppliers,Customer,2024-05-23,2024-05-23,325900,0,2,-22,Active,Amit Shah,Surat,Gujarat,2024-05-23 00:00:00,2024-05-01 08:00:00
CMOV-0511,COMP-0031,PTY-0582,Priya Singh Suppliers,Supplier,2024-04-02,2024-04-30,457000,220900,6,1,Active,Amit Shah,Chennai,Tamil Nadu,2024-04-30 00:00:00,2024-05-01 08:00:00
CMOV-0512,COMP-0031,PTY-0583,Rajesh Gupta Distributors,Both,2024-06-04,2024-06-04,260000,0,1,-34,Active,Amit Shah,Delhi,Delhi,2024-06-04 00:00:00,2024-05-01 08:00:00
CMOV-0513,COMP-0031,PTY-0584,Neha Sharma Distributors,Customer,2024-05-23,2024-06-20,850500,0,4,-50,Active,Rajesh Kumar,Delhi,Delhi,2024-06-20 00:00:00,2024-05-01 08:00:00
CMOV-0514,COMP-0031,PTY-0585,Vikram Patel Suppliers,Both,2024-04-18,2024-06-28,1813700,0,7,-58,Active,Rajesh Kumar,Chennai,Tamil Nadu,2024-06-28 00:00:00,2024-05-01 08:00:00
CMOV-0515,COMP-0031,PTY-0586,Amit Singh Distributors,Both,2024-04-16,2024-05-17,871900,0,5,-16,Active,Unassigned,Delhi,Delhi,2024-05-17 00:00:00,2024-05-01 08:00:00
CMOV-0516,COMP-0031,PTY-0587,Priya Gupta Distributors,Supplier,2024-04-02,2024-06-27,220000,1052800,7,-57,Active,Unassigned,Chennai,Tamil Nadu,2024-06-27 00:00:00,2024-05-01 08:00:00
CMOV-0517,COMP-0031,PTY-0588,Vikram Sharma Traders,Customer,2024-05-23,2024-06-14,593000,0,5,-44,Active,Unassigned,Surat,Gujarat,2024-06-14 00:00:00,2024-05-01 08:00:00
CMOV-0518,COMP-0031,PTY-0589,Vikram Sharma Traders,Customer,2024-04-02,2024-05-01,1171600,0,6,0,Active,Rajesh Kumar,Surat,Gujarat,2024-05-01 00:00:00,2024-05-01 08:00:00
CMOV-0519,COMP-0031,PTY-0590,Neha Patel Suppliers,Supplier,2024-04-18,2024-04-29,0,809500,4,2,Active,Unassigned,Mysore,Karnataka,2024-04-29 00:00:00,2024-05-01 08:00:00
CMOV-0520,COMP-0032,PTY-0591,Vikram Singh Suppliers,Supplier,2024-04-01,2024-06-21,570000,720000,4,-51,Active,Amit Shah,Mumbai,Maharashtra,2024-06-21 00:00:00,2024-05-01 08:00:00
CMOV-0521,COMP-0032,PTY-0592,Vikram Patel Traders,Customer,2024-05-30,2024-05-30,0,1296800,3,-29,Active,Unassigned,Ahmedabad,Gujarat,2024-05-30 00:00:00,2024-05-01 08:00:00
CMOV-0522,COMP-0032,PTY-0593,Vikram Patel Suppliers,Both,2024-04-26,2024-05-25,0,285800,5,-24,Active,Amit Shah,Ahmedabad,Gujarat,2024-05-25 00:00:00,2024-05-01 08:00:00
CMOV-0523,COMP-0032,PTY-0594,Vikram Sharma Traders,Supplier,2024-04-09,2024-06-12,1704000,1432900,12,-42,Active,Unassigned,Pune,Maharashtra,2024-06-12 00:00:00,2024-05-01 08:00:00
CMOV-0524,COMP-0032,PTY-0595,Neha Singh Distributors,Supplier,2024-05-24,2024-05-24,63000,0,2,-23,Active,Amit Shah,Delhi,Delhi,2024-05-24 00:00:00,2024-05-01 08:00:00
CMOV-0525,COMP-0032,PTY-0596,Rajesh Kumar Distributors,Both,2024-04-03,2024-04-03,0,173700,3,28,Active,Unassigned,Mumbai,Maharashtra,2024-04-03 00:00:00,2024-05-01 08:00:00
CMOV-0526,COMP-0032,PTY-0597,Vikram Sharma Distributors,Both,2024-04-21,2024-04-21,1040000,0,3,10,Active,Amit Shah,Delhi,Delhi,2024-04-21 00:00:00,2024-05-01 08:00:00
CMOV-0527,COMP-0032,PTY-0598,Rajesh Gupta Suppliers,Both,2024-06-29,2024-06-29,14000,0,1,-59,Active,Amit Shah,Bangalore,Karnataka,2024-06-29 00:00:00,2024-05-01 08:00:00
CMOV-0528,COMP-0032,PTY-0599,Vikram Kumar Suppliers,Supplier,2024-04-26,2024-06-21,0,667100,9,-51,Active,Rajesh Kumar,Surat,Gujarat,2024-06-21 00:00:00,2024-05-01 08:00:00
CMOV-0529,COMP-0032,PTY-0600,Neha Sharma Suppliers,Both,2024-04-13,2024-04-13,0,28900,3,18,Active,Amit Shah,Surat,Gujarat,2024-04-13 00:00:00,2024-05-01 08:00:00
CMOV-0530,COMP-0032,PTY-0601,Priya Patel Traders,Customer,2024-04-22,2024-05-31,782000,0,3,-30,Active,Rajesh Kumar,Chennai,Tamil Nadu,2024-05-31 00:00:00,2024-05-01 08:00:00
CMOV-0531,COMP-0032,PTY-0602,Rajesh Sharma Traders,Supplier,2024-04-06,2024-04-06,80000,0,1,25,Active,Unassigned,Mysore,Karnataka,2024-04-06 00:00:00,2024-05-01 08:00:00
CMOV-0532,COMP-0032,PTY-0603,Priya Singh Suppliers,Customer,2024-04-04,2024-06-08,845000,0,3,-38,Active,Rajesh Kumar,Coimbatore,Tamil Nadu,2024-06-08 00:00:00,2024-05-01 08:00:00
CMOV-0533,COMP-0032,PTY-0604,Amit Sharma Suppliers,Supplier,2024-04-01,2024-04-07,504000,83200,6,24,Active,Rajesh Kumar,Mumbai,Maharashtra,2024-04-07 00:00:00,2024-05-01 08:00:00
CMOV-0534,COMP-0032,PTY-0605,Vikram Kumar Distributors,Both,2024-04-10,2024-05-27,887000,382000,5,-26,Active,Rajesh Kumar,Surat,Gujarat,2024-05-27 00:00:00,2024-05-01 08:00:00
CMOV-0535,COMP-0032,PTY-0606,Vikram Gupta Distributors,Supplier,2024-04-15,2024-04-15,405900,0,3,16,Active,Amit Shah,Mysore,Karnataka,2024-04-15 00:00:00,2024-05-01 08:00:00
CMOV-0536,COMP-0032,PTY-0607,Neha Sharma Traders,Both,2024-04-04,2024-04-04,0,2700,1,27,Active,Rajesh Kumar,Delhi,Delhi,2024-04-04 00:00:00,2024-05-01 08:00:00
CMOV-0537,COMP-0032,PTY-0608,Rajesh Singh Suppliers,Both,2024-06-10,2024-06-10,4400,0,2,-40,Active,Unassigned,Delhi,Delhi,2024-06-10 00:00:00,2024-05-01 08:00:00
CMOV-0538,COMP-0032,PTY-0609,Amit Patel Distributors,Customer,2024-06-05,2024-06-05,333000,0,2,-35,Active,Amit Shah,Nagpur,Maharashtra,2024-06-05 00:00:00,2024-05-01 08:00:00
CMOV-0539,COMP-0032,PTY-0610,Vikram Sharma Traders,Customer,2024-06-29,2024-06-29,133000,0,2,-59,Active,Amit Shah,Coimbatore,Tamil Nadu,2024-06-29 00:00:00,2024-05-01 08:00:00
CMOV-0540,COMP-0032,PTY-0611,Amit Sharma Traders,Both,2024-04-19,2024-04-19,235900,0,3,12,Active,Unassigned,Ahmedabad,Gujarat,2024-04-19 00:00:00,2024-05-01 08:00:00
CMOV-0541,COMP-0032,PTY-0612,Neha Gupta Traders,Supplier,2024-04-22,2024-06-21,1137800,774000,10,-51,Active,Rajesh Kumar,Pune,Maharashtra,2024-06-21 00:00:00,2024-05-01 08:00:00
CMOV-0542,COMP-0033,PTY-0613,Rajesh Sharma Traders,Customer,2024-04-03,2024-05-25,990000,407500,5,-24,Active,Amit Shah,Mysore,Karnataka,2024-05-25 00:00:00,2024-05-01 08:00:00
CMOV-0543,COMP-0033,PTY-0614,Priya Sharma Suppliers,Customer,2024-05-14,2024-05-20,485000,370500,4,-19,Active,Amit Shah,Delhi,Delhi,2024-05-20 00:00:00,2024-05-01 08:00:00
CMOV-0544,COMP-0033,PTY-0615,Neha Patel Traders,Customer,2024-04-21,2024-06-09,133600,715000,5,-39,Active,Rajesh Kumar,Surat,Gujarat,2024-06-09 00:00:00,2024-05-01 08:00:00
CMOV-0545,COMP-0033,PTY-0616,Amit Gupta Distributors,Both,2024-04-06,2024-04-06,0,586000,3,25,Active,Rajesh Kumar,Chennai,Tamil Nadu,2024-04-06 00:00:00,2024-05-01 08:00:00
CMOV-0546,COMP-0033,PTY-0617,Amit Singh Traders,Both,2024-06-30,2024-06-30,122000,0,2,-60,Active,Unassigned,Ahmedabad,Gujarat,2024-06-30 00:00:00,2024-05-01 08:00:00
CMOV-0547,COMP-0033,PTY-0618,Amit Kumar Suppliers,Supplier,2024-05-20,2024-06-15,415000,21000,3,-45,Active,Rajesh Kumar,Mumbai,Maharashtra,2024-06-15 00:00:00,2024-05-01 08:00:00
CMOV-0548,COMP-0033,PTY-0620,Rajesh Singh Suppliers,Supplier,2024-06-02,2024-06-02,1009000,0,3,-32,Active,Rajesh Kumar,Bangalore,Karnataka,2024-06-02 00:00:00,2024-05-01 08:00:00
CMOV-0549,COMP-0033,PTY-0621,Neha Kumar Traders,Customer,2024-05-17,2024-05-29,1608900,0,5,-28,Active,Unassigned,Delhi,Delhi,2024-05-29 00:00:00,2024-05-01 08:00:00
CMOV-0550,COMP-0033,PTY-0622,Rajesh Kumar Distributors,Supplier,2024-04-22,2024-05-28,15300,0,2,-27,Active,Unassigned,Pune,Maharashtra,2024-05-28 00:00:00,2024-05-01 08:00:00
CMOV-0551,COMP-0033,PTY-0623,Neha Sharma Traders,Supplier,2024-04-02,2024-05-24,527200,2700,3,-23,Active,Rajesh Kumar,Ahmedabad,Gujarat,2024-05-24 00:00:00,2024-05-01 08:00:00
CMOV-0552,COMP-0033,PTY-0624,Priya Singh Suppliers,Both,2024-04-08,2024-06-10,219500,1313500,8,-40,Active,Unassigned,Coimbatore,Tamil Nadu,2024-06-10 00:00:00,2024-05-01 08:00:00
CMOV-0553,COMP-0033,PTY-0625,Vikram Patel Suppliers,Customer,2024-04-15,2024-06-01,673200,0,6,-31,Active,Rajesh Kumar,Bangalore,Karnataka,2024-06-01 00:00:00,2024-05-01 08:00:00
CMOV-0554,COMP-0033,PTY-0626,Rajesh Sharma Suppliers,Customer,2024-05-31,2024-05-31,739500,0,3,-30,Active,Unassigned,Bangalore,Karnataka,2024-05-31 00:00:00,2024-05-01 08:00:00
CMOV-0555,COMP-0033,PTY-0627,Rajesh Sharma Traders,Supplier,2024-06-12,2024-06-12,545000,0,2,-42,Active,Unassigned,Coimbatore,Tamil Nadu,2024-06-12 00:00:00,2024-05-01 08:00:00
CMOV-0556,COMP-0033,PTY-0628,Vikram Gupta Suppliers,Customer,2024-05-18,2024-06-26,455000,116300,3,-56,Active,Rajesh Kumar,Chennai,Tamil Nadu,2024-06-26 00:00:00,2024-05-01 08:00:00
CMOV-0557,COMP-0034,PTY-0630,Vikram Sharma Traders,Customer,2024-04-24,2024-05-30,0,590000,4,-29,Active,Amit Shah,Nagpur,Maharashtra,2024-05-30 00:00:00,2024-05-01 08:00:00
CMOV-0558,COMP-0034,PTY-0631,Priya Sharma Suppliers,Supplier,2024-04-24,2024-04-24,950500,0,3,7,Active,Amit Shah,Mysore,Karnataka,2024-04-24 00:00:00,2024-05-01 08:00:00
CMOV-0559,COMP-0034,PTY-0632,Vikram Gupta Suppliers,Customer,2024-04-25,2024-04-25,14000,0,1,6,Active,Amit Shah,Nagpur,Maharashtra,2024-04-25 00:00:00,2024-05-01 08:00:00
CMOV-0560,COMP-0034,PTY-0633,Priya Kumar Traders,Supplier,2024-05-04,2024-06-18,0,414000,3,-48,Active,Amit Shah,Coimbatore,Tamil Nadu,2024-06-18 00:00:00,2024-05-01 08:00:00
CMOV-0561,COMP-0034,PTY-0634,Priya Singh Traders,Supplier,2024-04-23,2024-05-02,732000,0,4,-1,Active,Rajesh Kumar,Chennai,Tamil Nadu,2024-05-02 00:00:00,2024-05-01 08:00:00
CMOV-0562,COMP-0034,PTY-0635,Vikram Patel Suppliers,Supplier,2024-04-21,2024-05-17,916000,0,7,-16,Active,Unassigned,Coimbatore,Tamil Nadu,2024-05-17 00:00:00,2024-05-01 08:00:00
CMOV-0563,COMP-0034,PTY-0636,Vikram Sharma Distributors,Customer,2024-04-02,2024-06-19,210000,1050000,3,-49,Active,Amit Shah,Delhi,Delhi,2024-06-19 00:00:00,2024-05-01 08:00:00
CMOV-0564,COMP-0034,PTY-0637,Vikram Sharma Traders,Supplier,2024-04-16,2024-04-24,391000,572700,5,7,Active,Amit Shah,Coimbatore,Tamil Nadu,2024-04-24 00:00:00,2024-05-01 08:00:00
CMOV-0565,COMP-0034,PTY-0638,Priya Gupta Suppliers,Supplier,2024-04-10,2024-06-11,1565000,447000,6,-41,Active,Rajesh Kumar,Delhi,Delhi,2024-06-11 00:00:00,2024-05-01 08:00:00
CMOV-0566,COMP-0034,PTY-0639,Rajesh Gupta Distributors,Customer,2024-04-01,2024-05-13,244500,0,2,-12,Active,Amit Shah,Surat,Gujarat,2024-05-13 00:00:00,2024-05-01 08:00:00
CMOV-0567,COMP-0034,PTY-0640,Priya Gupta Suppliers,Customer,2024-04-09,2024-04-23,211500,0,4,8,Active,Unassigned,Nagpur,Maharashtra,2024-04-23 00:00:00,2024-05-01 08:00:00
CMOV-0568,COMP-0034,PTY-0642,Neha Patel Traders,Customer,2024-04-01,2024-04-29,680000,582500,6,2,Active,Amit Shah,Bangalore,Karnataka,2024-04-29 00:00:00,2024-05-01 08:00:00
CMOV-0569,COMP-0034,PTY-0643,Priya Kumar Suppliers,Customer,2024-06-19,2024-06-19,0,65000,1,-49,Active,Rajesh Kumar,Mumbai,Maharashtra,2024-06-19 00:00:00,2024-05-01 08:00:00
CMOV-0570,COMP-0034,PTY-0644,Rajesh Kumar Suppliers,Customer,2024-04-25,2024-04-25,263000,0,2,6,Active,Unassigned,Mumbai,Maharashtra,2024-04-25 00:00:00,2024-05-01 08:00:00
CMOV-0571,COMP-0034,PTY-0645,Rajesh Kumar Distributors,Customer,2024-04-23,2024-05-11,337700,0,5,-10,Active,Unassigned,Ahmedabad,Gujarat,2024-05-11 00:00:00,2024-05-01 08:00:00
CMOV-0572,COMP-0034,PTY-0646,Vikram Kumar Traders,Both,2024-05-09,2024-06-15,740000,515500,7,-45,Active,Amit Shah,Mumbai,Maharashtra,2024-06-15 00:00:00,2024-05-01 08:00:00
CMOV-0573,COMP-0034,PTY-0647,Amit Kumar Traders,Customer,2024-05-06,2024-05-06,360000,0,1,-5,Active,Amit Shah,Ahmedabad,Gujarat,2024-05-06 00:00:00,2024-05-01 08:00:00
CMOV-0574,COMP-0034,PTY-0648,Rajesh Kumar Traders,Both,2024-06-12,2024-06-12,0,455000,1,-42,Active,Amit Shah,Coimbatore,Tamil Nadu,2024-06-12 00:00:00,2024-05-01 08:00:00
CMOV-0575,COMP-0034,PTY-0649,Amit Singh Traders,Supplier,2024-04-06,2024-05-23,358000,484500,6,-22,Active,Unassigned,Mysore,Karnataka,2024-05-23 00:00:00,2024-05-01 08:00:00
CMOV-0576,COMP-0034,PTY-0650,Amit Singh Distributors,Supplier,2024-04-23,2024-06-13,0,358000,5,-43,Active,Rajesh Kumar,Coimbatore,Tamil Nadu,2024-06-13 00:00:00,2024-05-01 08:00:00
CMOV-0577,COMP-0034,PTY-0651,Priya Kumar Suppliers,Supplier,2024-04-05,2024-06-04,2211000,340500,11,-34,Active,Unassigned,Pune,Maharashtra,2024-06-04 00:00:00,2024-05-01 08:00:00
CMOV-0578,COMP-0035,PTY-0652,Priya Sharma Traders,Both,2024-04-04,2024-06-23,1187000,741300,11,-53,Active,Amit Shah,Nagpur,Maharashtra,2024-06-23 00:00:00,2024-05-01 08:00:00
CMOV-0579,COMP-0035,PTY-0653,Amit Singh Traders,Customer,2024-04-06,2024-04-17,907000,0,6,14,Active,Rajesh Kumar,Delhi,Delhi,2024-04-17 00:00:00,2024-05-01 08:00:00
CMOV-0580,COMP-0035,PTY-0654,Priya Singh Traders,Both,2024-06-20,2024-06-28,678200,450500,7,-58,Active,Unassigned,Mysore,Karnataka,2024-06-28 00:00:00,2024-05-01 08:00:00
CMOV-0581,COMP-0035,PTY-0655,Rajesh Kumar Suppliers,Supplier,2024-06-29,2024-06-29,7500,0,1,-59,Active,Rajesh Kumar,Delhi,Delhi,2024-06-29 00:00:00,2024-05-01 08:00:00
CMOV-0582,COMP-0035,PTY-0656,Neha Patel Suppliers,Customer,2024-06-02,2024-06-02,974000,0,2,-32,Active,Rajesh Kumar,Pune,Maharashtra,2024-06-02 00:00:00,2024-05-01 08:00:00
CMOV-0583,COMP-0035,PTY-0657,Neha Singh Traders,Supplier,2024-05-22,2024-05-23,666000,0,4,-22,Active,Amit Shah,Ahmedabad,Gujarat,2024-05-23 00:00:00,2024-05-01 08:00:00
CMOV-0584,COMP-0035,PTY-0658,Priya Kumar Traders,Both,2024-05-20,2024-06-22,0,1364000,4,-52,Active,Unassigned,Mumbai,Maharashtra,2024-06-22 00:00:00,2024-05-01 08:00:00
CMOV-0585,COMP-0035,PTY-0659,Priya Patel Traders,Both,2024-04-12,2024-04-12,0,435000,2,19,Active,Amit Shah,Bangalore,Karnataka,2024-04-12 00:00:00,2024-05-01 08:00:00
CMOV-0586,COMP-0035,PTY-0660,Priya Patel Traders,Supplier,2024-06-01,2024-06-21,524000,952800,10,-51,Active,Unassigned,Pune,Maharashtra,2024-06-21 00:00:00,2024-05-01 08:00:00
CMOV-0587,COMP-0035,PTY-0662,Priya Gupta Distributors,Customer,2024-06-23,2024-06-23,0,960000,1,-53,Active,Rajesh Kumar,Delhi,Delhi,2024-06-23 00:00:00,2024-05-01 08:00:00
CMOV-0588,COMP-0035,PTY-0664,Rajesh Gupta Distributors,Customer,2024-05-05,2024-05-05,343000,0,3,-4,Active,Unassigned,Surat,Gujarat,2024-05-05 00:00:00,2024-05-01 08:00:00
CMOV-0589,COMP-0035,PTY-0665,Neha Kumar Suppliers,Customer,2024-05-27,2024-05-27,1281500,0,3,-26,Active,Unassigned,Surat,Gujarat,2024-05-27 00:00:00,2024-05-01 08:00:00
CMOV-0590,COMP-0035,PTY-0666,Vikram Singh Suppliers,Both,2024-05-13,2024-05-19,668000,0,6,-18,Active,Unassigned,Coimbatore,Tamil Nadu,2024-05-19 00:00:00,2024-05-01 08:00:00
CMOV-0591,COMP-0035,PTY-0668,Priya Kumar Suppliers,Customer,2024-04-07,2024-06-18,1563500,0,8,-48,Active,Rajesh Kumar,Pune,Maharashtra,2024-06-18 00:00:00,2024-05-01 08:00:00
CMOV-0592,COMP-0035,PTY-0669,Amit Sharma Suppliers,Customer,2024-04-09,2024-05-04,0,1495000,4,-3,Active,Unassigned,Delhi,Delhi,2024-05-04 00:00:00,2024-05-01 08:00:00
CMOV-0593,COMP-0036,PTY-0672,Neha Gupta Suppliers,Supplier,2024-04-02,2024-06-08,17400,200000,7,-38,Active,Amit Shah,Bangalore,Karnataka,2024-06-08 00:00:00,2024-05-01 08:00:00
CMOV-0594,COMP-0036,PTY-0673,Amit Kumar Distributors,Both,2024-05-24,2024-05-24,4500,0,1,-23,Active,Amit Shah,Mysore,Karnataka,2024-05-24 00:00:00,2024-05-01 08:00:00
CMOV-0595,COMP-0036,PTY-0674,Neha Patel Distributors,Supplier,2024-06-16,2024-06-16,960000,0,1,-46,Active,Amit Shah,Delhi,Delhi,2024-06-16 00:00:00,2024-05-01 08:00:00
CMOV-0596,COMP-0036,PTY-0675,Neha Kumar Distributors,Supplier,2024-05-25,2024-05-25,0,500000,3,-24,Active,Amit Shah,Pune,Maharashtra,2024-05-25 00:00:00,2024-05-01 08:00:00
CMOV-0597,COMP-0036,PTY-0676,Vikram Kumar Distributors,Supplier,2024-05-02,2024-05-13,0,59500,2,-12,Active,Unassigned,Ahmedabad,Gujarat,2024-05-13 00:00:00,2024-05-01 08:00:00
CMOV-0598,COMP-0036,PTY-0677,Rajesh Kumar Distributors,Customer,2024-04-06,2024-06-30,1605600,210000,10,-60,Active,Rajesh Kumar,Delhi,Delhi,2024-06-30 00:00:00,2024-05-01 08:00:00
CMOV-0599,COMP-0036,PTY-0678,Neha Sharma Distributors,Customer,2024-04-26,2024-06-28,0,1935500,7,-58,Active,Unassigned,Chennai,Tamil Nadu,2024-06-28 00:00:00,2024-05-01 08:00:00
CMOV-0600,COMP-0036,PTY-0679,Neha Singh Traders,Both,2024-04-30,2024-05-06,6300,362000,3,-5,Active,Rajesh Kumar,Delhi,Delhi,2024-05-06 00:00:00,2024-05-01 08:00:00
CMOV-0601,COMP-0036,PTY-0680,Amit Patel Suppliers,Customer,2024-05-20,2024-06-10,330000,987700,6,-40,Active,Amit Shah,Bangalore,Karnataka,2024-06-10 00:00:00,2024-05-01 08:00:00
CMOV-0602,COMP-0036,PTY-0681,Priya Gupta Traders,Customer,2024-04-17,2024-05-10,1727900,0,8,-9,Active,Rajesh Kumar,Delhi,Delhi,2024-05-10 00:00:00,2024-05-01 08:00:00
CMOV-0603,COMP-0036,PTY-0682,Priya Gupta Traders,Supplier,2024-05-08,2024-05-12,105000,0,2,-11,Active,Unassigned,Mumbai,Maharashtra,2024-05-12 00:00:00,2024-05-01 08:00:00
CMOV-0604,COMP-0036,PTY-0683,Neha Kumar Distributors,Both,2024-04-23,2024-06-24,2264100,0,8,-54,Active,Unassigned,Delhi,Delhi,2024-06-24 00:00:00,2024-05-01 08:00:00
CMOV-0605,COMP-0036,PTY-0684,Rajesh Patel Traders,Both,2024-04-02,2024-06-27,1197300,65000,11,-57,Active,Amit Shah,Mumbai,Maharashtra,2024-06-27 00:00:00,2024-05-01 08:00:00
CMOV-0606,COMP-0036,PTY-0685,Amit Kumar Suppliers,Customer,2024-05-16,2024-05-16,342000,0,2,-15,Active,Unassigned,Chennai,Tamil Nadu,2024-05-16 00:00:00,2024-05-01 08:00:00
CMOV-0607,COMP-0036,PTY-0686,Amit Patel Traders,Supplier,2024-04-07,2024-04-07,0,430000,2,24,Active,Rajesh Kumar,Mysore,Karnataka,2024-04-07 00:00:00,2024-05-01 08:00:00
CMOV-0608,COMP-0036,PTY-0687,Priya Sharma Distributors,Customer,2024-04-01,2024-06-15,1470000,781000,7,-45,Active,Amit Shah,Delhi,Delhi,2024-06-15 00:00:00,2024-05-01 08:00:00
CMOV-0609,COMP-0037,PTY-0688,Rajesh Kumar Distributors,Supplier,2024-05-10,2024-05-10,0,685000,2,-9,Active,Amit Shah,Coimbatore,Tamil Nadu,2024-05-10 00:00:00,2024-05-01 08:00:00
CMOV-0610,COMP-0037,PTY-0689,Vikram Kumar Distributors,Both,2024-04-13,2024-06-04,6900,1036000,7,-34,Active,Rajesh Kumar,Ahmedabad,Gujarat,2024-06-04 00:00:00,2024-05-01 08:00:00
CMOV-0611,COMP-0037,PTY-0690,Priya Kumar Distributors,Customer,2024-04-17,2024-06-16,8500,785000,5,-46,Active,Unassigned,Delhi,Delhi,2024-06-16 00:00:00,2024-05-01 08:00:00
CMOV-0612,COMP-0037,PTY-0691,Amit Patel Suppliers,Customer,2024-05-20,2024-05-20,64000,0,2,-19,Active,Unassigned,Surat,Gujarat,2024-05-20 00:00:00,2024-05-01 08:00:00
CMOV-0613,COMP-0037,PTY-0692,Rajesh Singh Traders,Both,2024-05-01,2024-05-02,30000,600000,3,-1,Active,Unassigned,Delhi,Delhi,2024-05-02 00:00:00,2024-05-01 08:00:00
CMOV-0614,COMP-0037,PTY-0693,Rajesh Gupta Traders,Both,2024-04-18,2024-06-27,1533000,1019000,13,-57,Active,Rajesh Kumar,Ahmedabad,Gujarat,2024-06-27 00:00:00,2024-05-01 08:00:00
CMOV-0615,COMP-0037,PTY-0696,Vikram Kumar Traders,Both,2024-04-11,2024-04-11,1059500,0,3,20,Active,Unassigned,Coimbatore,Tamil Nadu,2024-04-11 00:00:00,2024-05-01 08:00:00
CMOV-0616,COMP-0037,PTY-0697,Priya Kumar Suppliers,Supplier,2024-04-17,2024-06-21,480000,1207000,4,-51,Active,Amit Shah,Mumbai,Maharashtra,2024-06-21 00:00:00,2024-05-01 08:00:00
CMOV-0617,COMP-0037,PTY-0698,Priya Singh Suppliers,Both,2024-04-28,2024-06-14,1161200,0,5,-44,Active,Rajesh Kumar,Ahmedabad,Gujarat,2024-06-14 00:00:00,2024-05-01 08:00:00
CMOV-0618,COMP-0037,PTY-0699,Neha Singh Traders,Customer,2024-04-21,2024-04-21,483600,0,2,10,Active,Unassigned,Pune,Maharashtra,2024-04-21 00:00:00,2024-05-01 08:00:00
CMOV-0619,COMP-0037,PTY-0700,Priya Patel Traders,Supplier,2024-04-15,2024-05-14,346000,440000,4,-13,Active,Amit Shah,Bangalore,Karnataka,2024-05-14 00:00:00,2024-05-01 08:00:00
CMOV-0620,COMP-0037,PTY-0701,Neha Singh Distributors,Both,2024-04-02,2024-05-02,30000,40500,3,-1,Active,Unassigned,Mysore,Karnataka,2024-05-02 00:00:00,2024-05-01 08:00:00
CMOV-0621,COMP-0037,PTY-0702,Neha Gupta Distributors,Supplier,2024-04-17,2024-06-15,731000,261100,7,-45,Active,Unassigned,Surat,Gujarat,2024-06-15 00:00:00,2024-05-01 08:00:00
CMOV-0622,COMP-0037,PTY-0703,Vikram Kumar Traders,Customer,2024-04-03,2024-04-29,516300,930400,6,2,Active,Rajesh Kumar,Surat,Gujarat,2024-04-29 00:00:00,2024-05-01 08:00:00
CMOV-0623,COMP-0037,PTY-0704,Amit Sharma Suppliers,Both,2024-05-15,2024-05-26,117000,410400,7,-25,Active,Amit Shah,Coimbatore,Tamil Nadu,2024-05-26 00:00:00,2024-05-01 08:00:00
CMOV-0624,COMP-0037,PTY-0705,Vikram Patel Traders,Both,2024-04-06,2024-06-11,892500,0,6,-41,Active,Amit Shah,Delhi,Delhi,2024-06-11 00:00:00,2024-05-01 08:00:00
CMOV-0625,COMP-0037,PTY-0706,Vikram Sharma Suppliers,Customer,2024-04-24,2024-06-24,1049500,1038000,9,-54,Active,Rajesh Kumar,Nagpur,Maharashtra,2024-06-24 00:00:00,2024-05-01 08:00:00
CMOV-0626,COMP-0037,PTY-0707,Neha Gupta Suppliers,Supplier,2024-04-19,2024-05-26,479500,1067700,8,-25,Active,Rajesh Kumar,Chennai,Tamil Nadu,2024-05-26 00:00:00,2024-05-01 08:00:00
CMOV-0627,COMP-0037,PTY-0708,Priya Gupta Distributors,Supplier,2024-05-27,2024-06-17,80000,966900,4,-47,Active,Unassigned,Ahmedabad,Gujarat,2024-06-17 00:00:00,2024-05-01 08:00:00
CMOV-0628,COMP-0038,PTY-0710,Neha Sharma Traders,Supplier,2024-05-20,2024-05-31,0,515000,2,-30,Active,Rajesh Kumar,Surat,Gujarat,2024-05-31 00:00:00,2024-05-01 08:00:00
CMOV-0629,COMP-0038,PTY-0713,Priya Sharma Traders,Supplier,2024-04-20,2024-06-18,666000,0,4,-48,Active,Rajesh Kumar,Nagpur,Maharashtra,2024-06-18 00:00:00,2024-05-01 08:00:00
CMOV-0630,COMP-0038,PTY-0716,Rajesh Kumar Distributors,Customer,2024-05-08,2024-05-08,10500,0,1,-7,Active,Rajesh Kumar,Delhi,Delhi,2024-05-08 00:00:00,2024-05-01 08:00:00
CMOV-0631,COMP-0038,PTY-0717,Neha Sharma Distributors,Both,2024-04-28,2024-06-21,1305000,926500,11,-51,Active,Rajesh Kumar,Ahmedabad,Gujarat,2024-06-21 00:00:00,2024-05-01 08:00:00
CMOV-0632,COMP-0038,PTY-0718,Neha Patel Traders,Customer,2024-06-27,2024-06-27,0,188000,3,-57,Active,Amit Shah,Pune,Maharashtra,2024-06-27 00:00:00,2024-05-01 08:00:00
CMOV-0633,COMP-0038,PTY-0722,Vikram Patel Suppliers,Supplier,2024-04-15,2024-06-29,1434400,1019500,12,-59,Active,Rajesh Kumar,Mysore,Karnataka,2024-06-29 00:00:00,2024-05-01 08:00:00
CMOV-0634,COMP-0038,PTY-0723,Neha Patel Suppliers,Customer,2024-05-17,2024-05-17,0,102000,2,-16,Active,Amit Shah,Mysore,Karnataka,2024-05-17 00:00:00,2024-05-01 08:00:00
CMOV-0635,COMP-0038,PTY-0724,Rajesh Kumar Distributors,Supplier,2024-04-30,2024-04-30,270300,0,3,1,Active,Amit Shah,Ahmedabad,Gujarat,2024-04-30 00:00:00,2024-05-01 08:00:00
CMOV-0636,COMP-0038,PTY-0725,Vikram Gupta Distributors,Customer,2024-05-05,2024-05-05,1195000,0,3,-4,Active,Rajesh Kumar,Mysore,Karnataka,2024-05-05 00:00:00,2024-05-01 08:00:00
CMOV-0637,COMP-0038,PTY-0726,Amit Gupta Traders,Customer,2024-04-12,2024-06-07,1128500,49500,11,-37,Active,Unassigned,Mysore,Karnataka,2024-06-07 00:00:00,2024-05-01 08:00:00
CMOV-0638,COMP-0038,PTY-0727,Rajesh Sharma Suppliers,Both,2024-06-10,2024-06-10,0,452000,3,-40,Active,Unassigned,Mysore,Karnataka,2024-06-10 00:00:00,2024-05-01 08:00:00
CMOV-0639,COMP-0038,PTY-0728,Neha Singh Distributors,Both,2024-05-10,2024-05-10,0,1171500,3,-9,Active,Rajesh Kumar,Mumbai,Maharashtra,2024-05-10 00:00:00,2024-05-01 08:00:00
CMOV-0640,COMP-0038,PTY-0729,Amit Gupta Distributors,Customer,2024-04-01,2024-04-05,223000,277500,4,26,Active,Rajesh Kumar,Delhi,Delhi,2024-04-05 00:00:00,2024-05-01 08:00:00
CMOV-0641,COMP-0038,PTY-0730,Vikram Kumar Suppliers,Both,2024-06-03,2024-06-03,24500,0,1,-33,Active,Rajesh Kumar,Delhi,Delhi,2024-06-03 00:00:00,2024-05-01 08:00:00
CMOV-0642,COMP-0038,PTY-0731,Amit Sharma Traders,Customer,2024-04-09,2024-05-06,578000,0,6,-5,Active,Rajesh Kumar,Coimbatore,Tamil Nadu,2024-05-06 00:00:00,2024-05-01 08:00:00
CMOV-0643,COMP-0038,PTY-0732,Priya Gupta Traders,Both,2024-04-08,2024-05-03,1001000,0,3,-2,Active,Amit Shah,Nagpur,Maharashtra,2024-05-03 00:00:00,2024-05-01 08:00:00
CMOV-0644,COMP-0039,PTY-0733,Amit Kumar Suppliers,Supplier,2024-05-27,2024-05-27,84000,0,1,-26,Active,Amit Shah,Delhi,Delhi,2024-05-27 00:00:00,2024-05-01 08:00:00
CMOV-0645,COMP-0039,PTY-0734,Priya Sharma Distributors,Customer,2024-05-12,2024-06-08,13400,173700,6,-38,Active,Rajesh Kumar,Delhi,Delhi,2024-06-08 00:00:00,2024-05-01 08:00:00
CMOV-0646,COMP-0039,PTY-0735,Neha Patel Distributors,Customer,2024-06-09,2024-06-09,393800,0,3,-39,Active,Rajesh Kumar,Nagpur,Maharashtra,2024-06-09 00:00:00,2024-05-01 08:00:00
CMOV-0647,COMP-0039,PTY-0736,Vikram Patel Distributors,Both,2024-06-16,2024-06-16,2700,0,1,-46,Active,Rajesh Kumar,Nagpur,Maharashtra,2024-06-16 00:00:00,2024-05-01 08:00:00
CMOV-0648,COMP-0039,PTY-0737,Rajesh Singh Traders,Supplier,2024-04-29,2024-05-30,141600,1086000,8,-29,Active,Amit Shah,Mysore,Karnataka,2024-05-30 00:00:00,2024-05-01 08:00:00
CMOV-0649,COMP-0039,PTY-0738,Amit Sharma Suppliers,Both,2024-06-30,2024-06-30,0,360000,1,-60,Active,Amit Shah,Delhi,Delhi,2024-06-30 00:00:00,2024-05-01 08:00:00
CMOV-0650,COMP-0039,PTY-0742,Priya Gupta Traders,Customer,2024-04-30,2024-05-31,0,1972500,4,-30,Active,Amit Shah,Mumbai,Maharashtra,2024-05-31 00:00:00,2024-05-01 08:00:00
CMOV-0651,COMP-0039,PTY-0743,Priya Sharma Traders,Customer,2024-05-16,2024-05-16,0,775000,2,-15,Active,Rajesh Kumar,Delhi,Delhi,2024-05-16 00:00:00,2024-05-01 08:00:00
CMOV-0652,COMP-0039,PTY-0744,Rajesh Gupta Distributors,Both,2024-05-09,2024-05-09,9000,0,1,-8,Active,Unassigned,Bangalore,Karnataka,2024-05-09 00:00:00,2024-05-01 08:00:00
CMOV-0653,COMP-0039,PTY-0745,Neha Sharma Distributors,Supplier,2024-04-11,2024-06-14,1582000,135100,12,-44,Active,Unassigned,Delhi,Delhi,2024-06-14 00:00:00,2024-05-01 08:00:00
CMOV-0654,COMP-0039,PTY-0746,Rajesh Gupta Distributors,Both,2024-06-10,2024-06-30,0,291900,4,-60,Active,Unassigned,Ahmedabad,Gujarat,2024-06-30 00:00:00,2024-05-01 08:00:00
CMOV-0655,COMP-0039,PTY-0747,Amit Patel Traders,Customer,2024-04-10,2024-05-24,0,1263900,6,-23,Active,Amit Shah,Ahmedabad,Gujarat,2024-05-24 00:00:00,2024-05-01 08:00:00
CMOV-0656,COMP-0039,PTY-0748,Neha Gupta Suppliers,Supplier,2024-04-04,2024-06-22,1239400,408700,9,-52,Active,Rajesh Kumar,Ahmedabad,Gujarat,2024-06-22 00:00:00,2024-05-01 08:00:00
CMOV-0657,COMP-0039,PTY-0749,Amit Sharma Suppliers,Supplier,2024-05-10,2024-05-10,1035000,0,3,-9,Active,Unassigned,Ahmedabad,Gujarat,2024-05-10 00:00:00,2024-05-01 08:00:00
CMOV-0658,COMP-0039,PTY-0750,Amit Kumar Distributors,Both,2024-04-08,2024-06-15,730000,294600,9,-45,Active,Amit Shah,Mysore,Karnataka,2024-06-15 00:00:00,2024-05-01 08:00:00
CMOV-0659,COMP-0040,PTY-0751,Neha Sharma Traders,Supplier,2024-05-19,2024-05-19,130000,0,1,-18,Active,Rajesh Kumar,Surat,Gujarat,2024-05-19 00:00:00,2024-05-01 08:00:00
CMOV-0660,COMP-0040,PTY-0752,Amit Singh Distributors,Supplier,2024-04-27,2024-06-23,360000,1346200,8,-53,Active,Rajesh Kumar,Ahmedabad,Gujarat,2024-06-23 00:00:00,2024-05-01 08:00:00
CMOV-0661,COMP-0040,PTY-0753,Rajesh Patel Distributors,Customer,2024-04-17,2024-04-17,396000,0,2,14,Active,Rajesh Kumar,Delhi,Delhi,2024-04-17 00:00:00,2024-05-01 08:00:00
CMOV-0662,COMP-0040,PTY-0754,Priya Patel Traders,Both,2024-04-05,2024-06-18,1483800,451000,13,-48,Active,Rajesh Kumar,Delhi,Delhi,2024-06-18 00:00:00,2024-05-01 08:00:00
CMOV-0663,COMP-0040,PTY-0755,Rajesh Patel Distributors,Customer,2024-04-02,2024-05-17,0,378100,6,-16,Active,Amit Shah,Ahmedabad,Gujarat,2024-05-17 00:00:00,2024-05-01 08:00:00
CMOV-0664,COMP-0040,PTY-0756,Amit Sharma Suppliers,Both,2024-05-23,2024-05-23,0,600000,1,-22,Active,Rajesh Kumar,Chennai,Tamil Nadu,2024-05-23 00:00:00,2024-05-01 08:00:00
CMOV-0665,COMP-0040,PTY-0757,Amit Gupta Distributors,Customer,2024-05-04,2024-05-26,360000,470000,4,-25,Active,Amit Shah,Coimbatore,Tamil Nadu,2024-05-26 00:00:00,2024-05-01 08:00:00
CMOV-0666,COMP-0040,PTY-0758,Neha Kumar Distributors,Supplier,2024-04-17,2024-06-13,250000,913000,5,-43,Active,Rajesh Kumar,Coimbatore,Tamil Nadu,2024-06-13 00:00:00,2024-05-01 08:00:00
CMOV-0667,COMP-0040,PTY-0759,Priya Kumar Distributors,Both,2024-06-27,2024-06-27,170700,0,2,-57,Active,Amit Shah,Delhi,Delhi,2024-06-27 00:00:00,2024-05-01 08:00:00
CMOV-0668,COMP-0040,PTY-0760,Priya Patel Distributors,Supplier,2024-05-24,2024-05-28,0,1543000,6,-27,Active,Rajesh Kumar,Delhi,Delhi,2024-05-28 00:00:00,2024-05-01 08:00:00
CMOV-0669,COMP-0040,PTY-0761,Amit Sharma Suppliers,Both,2024-04-13,2024-06-29,1718000,0,8,-59,Active,Rajesh Kumar,Delhi,Delhi,2024-06-29 00:00:00,2024-05-01 08:00:00
CMOV-0670,COMP-0040,PTY-0762,Priya Kumar Suppliers,Supplier,2024-04-12,2024-05-04,576400,0,4,-3,Active,Rajesh Kumar,Mysore,Karnataka,2024-05-04 00:00:00,2024-05-01 08:00:00
CMOV-0671,COMP-0040,PTY-0763,Priya Patel Traders,Supplier,2024-04-13,2024-06-12,455000,70500,3,-42,Active,Rajesh Kumar,Delhi,Delhi,2024-06-12 00:00:00,2024-05-01 08:00:00
CMOV-0672,COMP-0040,PTY-0764,Vikram Patel Suppliers,Customer,2024-04-03,2024-06-26,620500,329500,7,-56,Active,Amit Shah,Mumbai,Maharashtra,2024-06-26 00:00:00,2024-05-01 08:00:00
CMOV-0673,COMP-0040,PTY-0765,Vikram Singh Distributors,Both,2024-05-06,2024-05-06,126000,0,1,-5,Active,Rajesh Kumar,Delhi,Delhi,2024-05-06 00:00:00,2024-05-01 08:00:00
CMOV-0674,COMP-0041,PTY-0766,Amit Kumar Suppliers,Supplier,2024-05-30,2024-06-28,0,523000,2,-58,Active,Rajesh Kumar,Bangalore,Karnataka,2024-06-28 00:00:00,2024-05-01 08:00:00
CMOV-0675,COMP-0041,PTY-0767,Vikram Sharma Traders,Supplier,2024-04-26,2024-06-03,1061800,110000,4,-33,Active,Amit Shah,Mysore,Karnataka,2024-06-03 00:00:00,2024-05-01 08:00:00
CMOV-0676,COMP-0041,PTY-0769,Neha Kumar Traders,Supplier,2024-04-16,2024-05-13,1395000,0,3,-12,Active,Unassigned,Bangalore,Karnataka,2024-05-13 00:00:00,2024-05-01 08:00:00
CMOV-0677,COMP-0041,PTY-0770,Priya Singh Distributors,Customer,2024-04-15,2024-06-10,1516700,0,7,-40,Active,Rajesh Kumar,Mumbai,Maharashtra,2024-06-10 00:00:00,2024-05-01 08:00:00
CMOV-0678,COMP-0041,PTY-0771,Amit Patel Traders,Supplier,2024-05-14,2024-06-14,0,729900,5,-44,Active,Amit Shah,Pune,Maharashtra,2024-06-14 00:00:00,2024-05-01 08:00:00
CMOV-0679,COMP-0041,PTY-0772,Vikram Gupta Suppliers,Supplier,2024-05-02,2024-05-02,144500,0,3,-1,Active,Amit Shah,Mumbai,Maharashtra,2024-05-02 00:00:00,2024-05-01 08:00:00
CMOV-0680,COMP-0041,PTY-0773,Rajesh Kumar Suppliers,Customer,2024-06-19,2024-06-19,0,443000,2,-49,Active,Amit Shah,Ahmedabad,Gujarat,2024-06-19 00:00:00,2024-05-01 08:00:00
CMOV-0681,COMP-0041,PTY-0774,Neha Singh Distributors,Both,2024-05-02,2024-05-21,294000,484500,4,-20,Active,Unassigned,Chennai,Tamil Nadu,2024-05-21 00:00:00,2024-05-01 08:00:00
CMOV-0682,COMP-0041,PTY-0775,Rajesh Kumar Suppliers,Both,2024-04-14,2024-04-14,0,470900,3,17,Active,Amit Shah,Chennai,Tamil Nadu,2024-04-14 00:00:00,2024-05-01 08:00:00
CMOV-0683,COMP-0041,PTY-0776,Rajesh Singh Distributors,Both,2024-05-11,2024-05-11,0,10500,1,-10,Active,Rajesh Kumar,Mysore,Karnataka,2024-05-11 00:00:00,2024-05-01 08:00:00
CMOV-0684,COMP-0041,PTY-0777,Amit Gupta Distributors,Supplier,2024-05-05,2024-05-05,0,840000,1,-4,Active,Unassigned,Mysore,Karnataka,2024-05-05 00:00:00,2024-05-01 08:00:00
CMOV-0685,COMP-0041,PTY-0778,Amit Patel Traders,Both,2024-04-27,2024-06-29,240000,2700,2,-59,Active,Amit Shah,Delhi,Delhi,2024-06-29 00:00:00,2024-05-01 08:00:00
CMOV-0686,COMP-0041,PTY-0779,Rajesh Singh Suppliers,Both,2024-04-20,2024-06-25,1202800,75000,10,-55,Active,Unassigned,Mumbai,Maharashtra,2024-06-25 00:00:00,2024-05-01 08:00:00
CMOV-0687,COMP-0041,PTY-0781,Priya Sharma Distributors,Customer,2024-04-08,2024-04-08,440000,0,1,23,Active,Unassigned,Pune,Maharashtra,2024-04-08 00:00:00,2024-05-01 08:00:00
CMOV-0688,COMP-0041,PTY-0783,Amit Sharma Suppliers,Customer,2024-04-13,2024-04-13,440000,0,1,18,Active,Rajesh Kumar,Chennai,Tamil Nadu,2024-04-13 00:00:00,2024-05-01 08:00:00
CMOV-0689,COMP-0041,PTY-0784,Rajesh Singh Traders,Supplier,2024-04-14,2024-05-29,1205000,0,4,-28,Active,Amit Shah,Surat,Gujarat,2024-05-29 00:00:00,2024-05-01 08:00:00
CMOV-0690,COMP-0041,PTY-0785,Rajesh Gupta Suppliers,Both,2024-06-15,2024-06-15,0,813000,3,-45,Active,Rajesh Kumar,Pune,Maharashtra,2024-06-15 00:00:00,2024-05-01 08:00:00
CMOV-0691,COMP-0042,PTY-0786,Amit Gupta Traders,Supplier,2024-04-24,2024-06-11,540000,792700,8,-41,Active,Rajesh Kumar,Surat,Gujarat,2024-06-11 00:00:00,2024-05-01 08:00:00
CMOV-0692,COMP-0042,PTY-0787,Priya Singh Suppliers,Customer,2024-05-05,2024-05-23,214000,450000,6,-22,Active,Unassigned,Pune,Maharashtra,2024-05-23 00:00:00,2024-05-01 08:00:00
CMOV-0693,COMP-0042,PTY-0788,Rajesh Sharma Distributors,Supplier,2024-04-19,2024-05-13,267000,20000,4,-12,Active,Unassigned,Surat,Gujarat,2024-05-13 00:00:00,2024-05-01 08:00:00
CMOV-0694,COMP-0042,PTY-0789,Rajesh Gupta Distributors,Both,2024-06-29,2024-06-29,0,455000,1,-59,Active,Unassigned,Delhi,Delhi,2024-06-29 00:00:00,2024-05-01 08:00:00
CMOV-0695,COMP-0042,PTY-0790,Priya Sharma Distributors,Both,2024-06-07,2024-06-07,442500,0,3,-37,Active,Amit Shah,Delhi,Delhi,2024-06-07 00:00:00,2024-05-01 08:00:00
CMOV-0696,COMP-0042,PTY-0791,Neha Sharma Traders,Both,2024-04-19,2024-04-19,0,4500,1,12,Active,Amit Shah,Ahmedabad,Gujarat,2024-04-19 00:00:00,2024-05-01 08:00:00
CMOV-0697,COMP-0042,PTY-0792,Rajesh Patel Traders,Supplier,2024-05-31,2024-05-31,0,337500,3,-30,Active,Amit Shah,Delhi,Delhi,2024-05-31 00:00:00,2024-05-01 08:00:00
CMOV-0698,COMP-0042,PTY-0794,Vikram Sharma Traders,Supplier,2024-05-07,2024-05-07,266000,0,2,-6,Active,Amit Shah,Surat,Gujarat,2024-05-07 00:00:00,2024-05-01 08:00:00
CMOV-0699,COMP-0042,PTY-0795,Amit Gupta Suppliers,Customer,2024-06-17,2024-06-24,345000,325000,4,-54,Active,Rajesh Kumar,Mysore,Karnataka,2024-06-24 00:00:00,2024-05-01 08:00:00
CMOV-0700,COMP-0042,PTY-0796,Amit Patel Distributors,Customer,2024-06-25,2024-06-25,28000,0,1,-55,Active,Rajesh Kumar,Ahmedabad,Gujarat,2024-06-25 00:00:00,2024-05-01 08:00:00
CMOV-0701,COMP-0042,PTY-0797,Priya Kumar Traders,Both,2024-05-23,2024-06-22,370000,154000,4,-52,Active,Unassigned,Delhi,Delhi,2024-06-22 00:00:00,2024-05-01 08:00:00
CMOV-0702,COMP-0042,PTY-0798,Neha Kumar Traders,Supplier,2024-06-21,2024-06-21,0,452000,2,-51,Active,Unassigned,Surat,Gujarat,2024-06-21 00:00:00,2024-05-01 08:00:00
CMOV-0703,COMP-0042,PTY-0799,Priya Kumar Suppliers,Customer,2024-06-05,2024-06-05,0,55000,1,-35,Active,Rajesh Kumar,Coimbatore,Tamil Nadu,2024-06-05 00:00:00,2024-05-01 08:00:00
CMOV-0704,COMP-0042,PTY-0800,Neha Patel Suppliers,Supplier,2024-05-20,2024-05-31,960000,256000,3,-30,Active,Amit Shah,Chennai,Tamil Nadu,2024-05-31 00:00:00,2024-05-01 08:00:00
CMOV-0705,COMP-0042,PTY-0801,Priya Sharma Suppliers,Both,2024-06-21,2024-06-21,665400,0,3,-51,Active,Amit Shah,Delhi,Delhi,2024-06-21 00:00:00,2024-05-01 08:00:00
CMOV-0706,COMP-0042,PTY-0802,Vikram Kumar Distributors,Supplier,2024-04-29,2024-05-20,0,1698100,5,-19,Active,Rajesh Kumar,Mysore,Karnataka,2024-05-20 00:00:00,2024-05-01 08:00:00
CMOV-0707,COMP-0042,PTY-0803,Priya Sharma Traders,Both,2024-04-12,2024-06-22,333600,1274000,8,-52,Active,Rajesh Kumar,Pune,Maharashtra,2024-06-22 00:00:00,2024-05-01 08:00:00
CMOV-0708,COMP-0042,PTY-0805,Rajesh Patel Traders,Both,2024-06-21,2024-06-21,0,20000,1,-51,Active,Amit Shah,Delhi,Delhi,2024-06-21 00:00:00,2024-05-01 08:00:00
CMOV-0709,COMP-0042,PTY-0806,Rajesh Sharma Distributors,Both,2024-04-19,2024-05-20,639000,27500,5,-19,Active,Rajesh Kumar,Mysore,Karnataka,2024-05-20 00:00:00,2024-05-01 08:00:00
CMOV-0710,COMP-0042,PTY-0807,Vikram Singh Suppliers,Both,2024-05-26,2024-05-26,0,737500,2,-25,Active,Unassigned,Coimbatore,Tamil Nadu,2024-05-26 00:00:00,2024-05-01 08:00:00
CMOV-0711,COMP-0043,PTY-0809,Amit Patel Distributors,Supplier,2024-04-01,2024-04-29,574500,0,3,2,Active,Rajesh Kumar,Delhi,Delhi,2024-04-29 00:00:00,2024-05-01 08:00:00
CMOV-0712,COMP-0043,PTY-0810,Rajesh Kumar Suppliers,Customer,2024-06-07,2024-06-07,55000,0,1,-37,Active,Amit Shah,Pune,Maharashtra,2024-06-07 00:00:00,2024-05-01 08:00:00
CMOV-0713,COMP-0043,PTY-0811,Rajesh Sharma Distributors,Both,2024-04-11,2024-04-27,1585000,0,6,4,Active,Unassigned,Delhi,Delhi,2024-04-27 00:00:00,2024-05-01 08:00:00
CMOV-0714,COMP-0043,PTY-0813,Amit Singh Traders,Both,2024-06-02,2024-06-02,974000,0,2,-32,Active,Rajesh Kumar,Mysore,Karnataka,2024-06-02 00:00:00,2024-05-01 08:00:00
CMOV-0715,COMP-0043,PTY-0814,Priya Patel Distributors,Customer,2024-04-19,2024-06-22,2012800,0,6,-52,Active,Unassigned,Nagpur,Maharashtra,2024-06-22 00:00:00,2024-05-01 08:00:00
CMOV-0716,COMP-0043,PTY-0815,Priya Gupta Distributors,Customer,2024-05-21,2024-06-22,250500,802300,7,-52,Active,Rajesh Kumar,Bangalore,Karnataka,2024-06-22 00:00:00,2024-05-01 08:00:00
CMOV-0717,COMP-0043,PTY-0816,Vikram Kumar Distributors,Supplier,2024-05-09,2024-06-29,471000,528000,11,-59,Active,Rajesh Kumar,Surat,Gujarat,2024-06-29 00:00:00,2024-05-01 08:00:00
CMOV-0718,COMP-0043,PTY-0817,Rajesh Kumar Traders,Both,2024-04-11,2024-06-04,247500,0,3,-34,Active,Unassigned,Delhi,Delhi,2024-06-04 00:00:00,2024-05-01 08:00:00
CMOV-0719,COMP-0043,PTY-0818,Rajesh Singh Suppliers,Customer,2024-04-16,2024-05-29,253000,165000,4,-28,Active,Amit Shah,Coimbatore,Tamil Nadu,2024-05-29 00:00:00,2024-05-01 08:00:00
CMOV-0720,COMP-0043,PTY-0819,Amit Sharma Traders,Both,2024-04-17,2024-04-17,80000,0,1,14,Active,Rajesh Kumar,Pune,Maharashtra,2024-04-17 00:00:00,2024-05-01 08:00:00
CMOV-0721,COMP-0043,PTY-0820,Vikram Kumar Distributors,Customer,2024-05-19,2024-05-19,121800,0,2,-18,Active,Amit Shah,Nagpur,Maharashtra,2024-05-19 00:00:00,2024-05-01 08:00:00
CMOV-0722,COMP-0043,PTY-0821,Neha Gupta Suppliers,Supplier,2024-04-30,2024-06-24,1423000,339800,10,-54,Active,Unassigned,Nagpur,Maharashtra,2024-06-24 00:00:00,2024-05-01 08:00:00
CMOV-0723,COMP-0043,PTY-0822,Priya Patel Suppliers,Customer,2024-05-13,2024-05-13,351000,0,2,-12,Active,Unassigned,Surat,Gujarat,2024-05-13 00:00:00,2024-05-01 08:00:00
CMOV-0724,COMP-0043,PTY-0823,Rajesh Gupta Suppliers,Supplier,2024-06-20,2024-06-20,0,590000,2,-50,Active,Rajesh Kumar,Delhi,Delhi,2024-06-20 00:00:00,2024-05-01 08:00:00
CMOV-0725,COMP-0044,PTY-0825,Amit Kumar Suppliers,Customer,2024-04-02,2024-06-25,660000,0,5,-55,Active,Unassigned,Delhi,Delhi,2024-06-25 00:00:00,2024-05-01 08:00:00
CMOV-0726,COMP-0044,PTY-0826,Rajesh Patel Distributors,Supplier,2024-06-21,2024-06-21,0,175000,2,-51,Active,Unassigned,Mysore,Karnataka,2024-06-21 00:00:00,2024-05-01 08:00:00
CMOV-0727,COMP-0044,PTY-0827,Priya Kumar Traders,Supplier,2024-06-06,2024-06-19,0,640000,4,-49,Active,Amit Shah,Delhi,Delhi,2024-06-19 00:00:00,2024-05-01 08:00:00
CMOV-0728,COMP-0044,PTY-0828,Neha Kumar Distributors,Supplier,2024-04-01,2024-05-28,65000,1580000,5,-27,Active,Unassigned,Mumbai,Maharashtra,2024-05-28 00:00:00,2024-05-01 08:00:00
CMOV-0729,COMP-0044,PTY-0830,Vikram Gupta Suppliers,Customer,2024-05-27,2024-06-18,1008000,847600,7,-48,Active,Amit Shah,Nagpur,Maharashtra,2024-06-18 00:00:00,2024-05-01 08:00:00
CMOV-0730,COMP-0044,PTY-0832,Amit Sharma Suppliers,Supplier,2024-05-13,2024-06-12,0,694000,5,-42,Active,Rajesh Kumar,Mumbai,Maharashtra,2024-06-12 00:00:00,2024-05-01 08:00:00
CMOV-0731,COMP-0044,PTY-0833,Rajesh Kumar Distributors,Both,2024-04-25,2024-06-21,2475000,0,5,-51,Active,Unassigned,Mysore,Karnataka,2024-06-21 00:00:00,2024-05-01 08:00:00
CMOV-0732,COMP-0044,PTY-0834,Priya Gupta Distributors,Both,2024-05-17,2024-05-23,0,114500,3,-22,Active,Unassigned,Ahmedabad,Gujarat,2024-05-23 00:00:00,2024-05-01 08:00:00
CMOV-0733,COMP-0044,PTY-0835,Amit Kumar Distributors,Supplier,2024-04-03,2024-06-13,1045000,210000,3,-43,Active,Amit Shah,Mysore,Karnataka,2024-06-13 00:00:00,2024-05-01 08:00:00
CMOV-0734,COMP-0044,PTY-0836,Priya Sharma Distributors,Customer,2024-04-09,2024-06-28,1159000,1274700,16,-58,Active,Rajesh Kumar,Mysore,Karnataka,2024-06-28 00:00:00,2024-05-01 08:00:00
CMOV-0735,COMP-0044,PTY-0837,Rajesh Patel Distributors,Customer,2024-06-05,2024-06-13,755500,0,4,-43,Active,Amit Shah,Chennai,Tamil Nadu,2024-06-13 00:00:00,2024-05-01 08:00:00
CMOV-0736,COMP-0044,PTY-0838,Amit Patel Traders,Supplier,2024-05-28,2024-05-28,257200,0,3,-27,Active,Unassigned,Nagpur,Maharashtra,2024-05-28 00:00:00,2024-05-01 08:00:00
CMOV-0737,COMP-0044,PTY-0839,Priya Sharma Distributors,Customer,2024-06-28,2024-06-28,0,20000,1,-58,Active,Amit Shah,Surat,Gujarat,2024-06-28 00:00:00,2024-05-01 08:00:00
CMOV-0738,COMP-0044,PTY-0840,Neha Kumar Distributors,Both,2024-04-15,2024-06-26,442100,872500,12,-56,Active,Amit Shah,Delhi,Delhi,2024-06-26 00:00:00,2024-05-01 08:00:00
CMOV-0739,COMP-0044,PTY-0841,Rajesh Patel Traders,Customer,2024-04-09,2024-05-03,24500,86000,3,-2,Active,Amit Shah,Surat,Gujarat,2024-05-03 00:00:00,2024-05-01 08:00:00
CMOV-0740,COMP-0044,PTY-0843,Priya Patel Distributors,Customer,2024-05-04,2024-06-24,1956300,0,9,-54,Active,Amit Shah,Chennai,Tamil Nadu,2024-06-24 00:00:00,2024-05-01 08:00:00
CMOV-0741,COMP-0044,PTY-0844,Vikram Gupta Traders,Supplier,2024-05-03,2024-06-26,516000,400000,4,-56,Active,Rajesh Kumar,Chennai,Tamil Nadu,2024-06-26 00:00:00,2024-05-01 08:00:00
CMOV-0742,COMP-0044,PTY-0846,Vikram Singh Traders,Supplier,2024-04-18,2024-06-03,285900,1093200,8,-33,Active,Amit Shah,Ahmedabad,Gujarat,2024-06-03 00:00:00,2024-05-01 08:00:00
CMOV-0743,COMP-0044,PTY-0847,Neha Singh Distributors,Customer,2024-05-31,2024-05-31,0,275000,1,-30,Active,Amit Shah,Coimbatore,Tamil Nadu,2024-05-31 00:00:00,2024-05-01 08:00:00
CMOV-0744,COMP-0045,PTY-0848,Rajesh Singh Suppliers,Both,2024-04-07,2024-05-21,478000,120000,4,-20,Active,Rajesh Kumar,Surat,Gujarat,2024-05-21 00:00:00,2024-05-01 08:00:00
CMOV-0745,COMP-0045,PTY-0849,Priya Gupta Traders,Both,2024-04-02,2024-06-09,453600,0,3,-39,Active,Rajesh Kumar,Surat,Gujarat,2024-06-09 00:00:00,2024-05-01 08:00:00
CMOV-0746,COMP-0045,PTY-0852,Neha Patel Distributors,Supplier,2024-04-16,2024-06-01,1591400,0,7,-31,Active,Unassigned,Nagpur,Maharashtra,2024-06-01 00:00:00,2024-05-01 08:00:00
CMOV-0747,COMP-0045,PTY-0854,Vikram Patel Suppliers,Customer,2024-04-04,2024-06-22,0,1769500,8,-52,Active,Unassigned,Coimbatore,Tamil Nadu,2024-06-22 00:00:00,2024-05-01 08:00:00
CMOV-0748,COMP-0045,PTY-0855,Amit Gupta Suppliers,Supplier,2024-04-18,2024-06-19,0,237000,3,-49,Active,Unassigned,Pune,Maharashtra,2024-06-19 00:00:00,2024-05-01 08:00:00
CMOV-0749,COMP-0045,PTY-0856,Priya Patel Distributors,Supplier,2024-05-13,2024-06-17,781400,144500,7,-47,Active,Rajesh Kumar,Delhi,Delhi,2024-06-17 00:00:00,2024-05-01 08:00:00
CMOV-0750,COMP-0045,PTY-0857,Vikram Singh Suppliers,Customer,2024-04-11,2024-06-21,1112000,125900,7,-51,Active,Amit Shah,Delhi,Delhi,2024-06-21 00:00:00,2024-05-01 08:00:00
CMOV-0751,COMP-0045,PTY-0860,Priya Patel Suppliers,Both,2024-04-04,2024-04-04,488700,0,3,27,Active,Amit Shah,Surat,Gujarat,2024-04-04 00:00:00,2024-05-01 08:00:00
CMOV-0752,COMP-0045,PTY-0861,Rajesh Patel Suppliers,Both,2024-05-20,2024-06-28,220500,1280000,4,-58,Active,Rajesh Kumar,Mysore,Karnataka,2024-06-28 00:00:00,2024-05-01 08:00:00
CMOV-0753,COMP-0045,PTY-0862,Vikram Sharma Suppliers,Both,2024-05-25,2024-06-13,100400,911000,6,-43,Active,Rajesh Kumar,Mysore,Karnataka,2024-06-13 00:00:00,2024-05-01 08:00:00
CMOV-0754,COMP-0045,PTY-0863,Priya Patel Traders,Customer,2024-04-18,2024-04-18,258300,0,2,13,Active,Amit Shah,Mumbai,Maharashtra,2024-04-18 00:00:00,2024-05-01 08:00:00
CMOV-0755,COMP-0045,PTY-0864,Vikram Kumar Suppliers,Supplier,2024-04-09,2024-06-17,0,684000,3,-47,Active,Rajesh Kumar,Chennai,Tamil Nadu,2024-06-17 00:00:00,2024-05-01 08:00:00
CMOV-0756,COMP-0045,PTY-0865,Amit Gupta Traders,Supplier,2024-04-24,2024-04-24,0,349400,3,7,Active,Unassigned,Ahmedabad,Gujarat,2024-04-24 00:00:00,2024-05-01 08:00:00
CMOV-0757,COMP-0045,PTY-0866,Priya Sharma Distributors,Customer,2024-04-03,2024-06-13,69000,550000,4,-43,Active,Amit Shah,Chennai,Tamil Nadu,2024-06-13 00:00:00,2024-05-01 08:00:00
CMOV-0758,COMP-0046,PTY-0867,Vikram Sharma Suppliers,Supplier,2024-05-10,2024-06-28,1034500,1408300,13,-58,Active,Rajesh Kumar,Delhi,Delhi,2024-06-28 00:00:00,2024-05-01 08:00:00
CMOV-0759,COMP-0046,PTY-0868,Rajesh Sharma Suppliers,Supplier,2024-04-16,2024-05-25,4500,1035000,5,-24,Active,Rajesh Kumar,Delhi,Delhi,2024-05-25 00:00:00,2024-05-01 08:00:00
CMOV-0760,COMP-0046,PTY-0869,Priya Singh Traders,Customer,2024-05-28,2024-06-06,139200,0,4,-36,Active,Unassigned,Delhi,Delhi,2024-06-06 00:00:00,2024-05-01 08:00:00
CMOV-0761,COMP-0046,PTY-0870,Vikram Gupta Distributors,Customer,2024-04-13,2024-06-07,1386000,594000,10,-37,Active,Unassigned,Coimbatore,Tamil Nadu,2024-06-07 00:00:00,2024-05-01 08:00:00
CMOV-0762,COMP-0046,PTY-0871,Neha Sharma Traders,Both,2024-04-26,2024-05-01,939400,0,5,0,Active,Unassigned,Nagpur,Maharashtra,2024-05-01 00:00:00,2024-05-01 08:00:00
CMOV-0763,COMP-0046,PTY-0872,Vikram Singh Distributors,Both,2024-04-19,2024-05-13,1018500,0,6,-12,Active,Unassigned,Bangalore,Karnataka,2024-05-13 00:00:00,2024-05-01 08:00:00
CMOV-0764,COMP-0046,PTY-0873,Vikram Gupta Distributors,Supplier,2024-05-04,2024-06-20,890000,220000,3,-50,Active,Amit Shah,Delhi,Delhi,2024-06-20 00:00:00,2024-05-01 08:00:00
CMOV-0765,COMP-0046,PTY-0874,Neha Sharma Traders,Both,2024-05-12,2024-06-12,391000,673400,10,-42,Active,Unassigned,Surat,Gujarat,2024-06-12 00:00:00,2024-05-01 08:00:00
CMOV-0766,COMP-0046,PTY-0875,Priya Kumar Suppliers,Customer,2024-04-04,2024-05-24,65500,12000,3,-23,Active,Amit Shah,Chennai,Tamil Nadu,2024-05-24 00:00:00,2024-05-01 08:00:00
CMOV-0767,COMP-0046,PTY-0876,Vikram Patel Distributors,Customer,2024-04-08,2024-06-11,715000,885000,7,-41,Active,Rajesh Kumar,Ahmedabad,Gujarat,2024-06-11 00:00:00,2024-05-01 08:00:00
CMOV-0768,COMP-0046,PTY-0877,Neha Singh Distributors,Supplier,2024-04-09,2024-06-28,1462500,87500,10,-58,Active,Amit Shah,Delhi,Delhi,2024-06-28 00:00:00,2024-05-01 08:00:00
CMOV-0769,COMP-0046,PTY-0878,Amit Singh Suppliers,Customer,2024-05-09,2024-05-09,86000,0,2,-8,Active,Rajesh Kumar,Nagpur,Maharashtra,2024-05-09 00:00:00,2024-05-01 08:00:00
CMOV-0770,COMP-0046,PTY-0879,Neha Sharma Distributors,Supplier,2024-06-26,2024-06-26,0,525000,2,-56,Active,Rajesh Kumar,Nagpur,Maharashtra,2024-06-26 00:00:00,2024-05-01 08:00:00
CMOV-0771,COMP-0046,PTY-0880,Vikram Patel Traders,Supplier,2024-04-12,2024-05-30,527000,270000,6,-29,Active,Rajesh Kumar,Mysore,Karnataka,2024-05-30 00:00:00,2024-05-01 08:00:00
CMOV-0772,COMP-0046,PTY-0881,Amit Singh Distributors,Both,2024-04-26,2024-05-05,1494000,305000,5,-4,Active,Amit Shah,Nagpur,Maharashtra,2024-05-05 00:00:00,2024-05-01 08:00:00
CMOV-0773,COMP-0047,PTY-0882,Amit Gupta Suppliers,Both,2024-04-27,2024-05-27,3000,521200,5,-26,Active,Amit Shah,Bangalore,Karnataka,2024-05-27 00:00:00,2024-05-01 08:00:00
CMOV-0774,COMP-0047,PTY-0883,Amit Sharma Traders,Supplier,2024-05-20,2024-06-14,2355000,0,5,-44,Active,Rajesh Kumar,Ahmedabad,Gujarat,2024-06-14 00:00:00,2024-05-01 08:00:00
CMOV-0775,COMP-0047,PTY-0884,Amit Sharma Suppliers,Supplier,2024-04-03,2024-06-16,570500,634300,8,-46,Active,Amit Shah,Chennai,Tamil Nadu,2024-06-16 00:00:00,2024-05-01 08:00:00
CMOV-0776,COMP-0047,PTY-0886,Rajesh Patel Suppliers,Both,2024-06-17,2024-06-17,0,303000,2,-47,Active,Rajesh Kumar,Surat,Gujarat,2024-06-17 00:00:00,2024-05-01 08:00:00
CMOV-0777,COMP-0047,PTY-0887,Rajesh Gupta Traders,Customer,2024-04-05,2024-04-17,0,769400,7,14,Active,Amit Shah,Delhi,Delhi,2024-04-17 00:00:00,2024-05-01 08:00:00
CMOV-0778,COMP-0047,PTY-0888,Rajesh Patel Suppliers,Supplier,2024-04-12,2024-05-20,1438000,1021000,11,-19,Active,Rajesh Kumar,Mumbai,Maharashtra,2024-05-20 00:00:00,2024-05-01 08:00:00
CMOV-0779,COMP-0047,PTY-0889,Rajesh Kumar Traders,Customer,2024-04-03,2024-06-28,1232500,461900,10,-58,Active,Rajesh Kumar,Ahmedabad,Gujarat,2024-06-28 00:00:00,2024-05-01 08:00:00
CMOV-0780,COMP-0047,PTY-0890,Rajesh Sharma Suppliers,Customer,2024-04-22,2024-06-01,299500,0,3,-31,Active,Amit Shah,Chennai,Tamil Nadu,2024-06-01 00:00:00,2024-05-01 08:00:00
CMOV-0781,COMP-0047,PTY-0891,Vikram Gupta Suppliers,Customer,2024-04-28,2024-06-19,440000,1071700,11,-49,Active,Unassigned,Delhi,Delhi,2024-06-19 00:00:00,2024-05-01 08:00:00
CMOV-0782,COMP-0047,PTY-0892,Rajesh Patel Suppliers,Customer,2024-06-24,2024-06-24,405000,0,2,-54,Active,Unassigned,Surat,Gujarat,2024-06-24 00:00:00,2024-05-01 08:00:00
CMOV-0783,COMP-0047,PTY-0893,Priya Singh Traders,Supplier,2024-04-19,2024-06-28,1119000,780300,8,-58,Active,Unassigned,Ahmedabad,Gujarat,2024-06-28 00:00:00,2024-05-01 08:00:00
CMOV-0784,COMP-0047,PTY-0894,Priya Kumar Distributors,Customer,2024-04-05,2024-06-08,1190500,0,4,-38,Active,Amit Shah,Coimbatore,Tamil Nadu,2024-06-08 00:00:00,2024-05-01 08:00:00
CMOV-0785,COMP-0047,PTY-0895,Neha Kumar Traders,Supplier,2024-04-15,2024-06-19,702500,248600,11,-49,Active,Unassigned,Chennai,Tamil Nadu,2024-06-19 00:00:00,2024-05-01 08:00:00
CMOV-0786,COMP-0047,PTY-0896,Amit Sharma Traders,Customer,2024-04-14,2024-05-07,9000,642000,4,-6,Active,Amit Shah,Surat,Gujarat,2024-05-07 00:00:00,2024-05-01 08:00:00
CMOV-0787,COMP-0047,PTY-0897,Rajesh Singh Suppliers,Supplier,2024-04-02,2024-06-24,0,84500,2,-54,Active,Unassigned,Delhi,Delhi,2024-06-24 00:00:00,2024-05-01 08:00:00
CMOV-0788,COMP-0047,PTY-0898,Amit Sharma Distributors,Both,2024-04-13,2024-05-06,360000,130000,3,-5,Active,Unassigned,Ahmedabad,Gujarat,2024-05-06 00:00:00,2024-05-01 08:00:00
CMOV-0789,COMP-0048,PTY-0899,Vikram Kumar Distributors,Supplier,2024-06-13,2024-06-13,0,476000,2,-43,Active,Amit Shah,Mysore,Karnataka,2024-06-13 00:00:00,2024-05-01 08:00:00
CMOV-0790,COMP-0048,PTY-0900,Rajesh Gupta Suppliers,Customer,2024-06-02,2024-06-02,165000,0,1,-32,Active,Unassigned,Ahmedabad,Gujarat,2024-06-02 00:00:00,2024-05-01 08:00:00
CMOV-0791,COMP-0048,PTY-0901,Neha Gupta Traders,Supplier,2024-04-01,2024-04-01,0,593000,3,30,Dormant,Amit Shah,Delhi,Delhi,2024-04-01 00:00:00,2024-05-01 08:00:00
CMOV-0792,COMP-0048,PTY-0903,Priya Kumar Traders,Supplier,2024-05-06,2024-05-06,0,485000,2,-5,Active,Amit Shah,Delhi,Delhi,2024-05-06 00:00:00,2024-05-01 08:00:00
CMOV-0793,COMP-0048,PTY-0904,Rajesh Sharma Suppliers,Both,2024-06-16,2024-06-16,539500,0,3,-46,Active,Rajesh Kumar,Pune,Maharashtra,2024-06-16 00:00:00,2024-05-01 08:00:00
CMOV-0794,COMP-0048,PTY-0905,Amit Gupta Distributors,Customer,2024-05-24,2024-05-24,818000,0,3,-23,Active,Amit Shah,Pune,Maharashtra,2024-05-24 00:00:00,2024-05-01 08:00:00
CMOV-0795,COMP-0048,PTY-0906,Neha Sharma Traders,Customer,2024-06-20,2024-06-20,0,575000,3,-50,Active,Rajesh Kumar,Coimbatore,Tamil Nadu,2024-06-20 00:00:00,2024-05-01 08:00:00
CMOV-0796,COMP-0048,PTY-0907,Neha Patel Suppliers,Both,2024-05-14,2024-06-14,549400,0,4,-44,Active,Unassigned,Delhi,Delhi,2024-06-14 00:00:00,2024-05-01 08:00:00
CMOV-0797,COMP-0048,PTY-0908,Neha Sharma Distributors,Customer,2024-04-25,2024-04-25,927500,0,3,6,Active,Rajesh Kumar,Chennai,Tamil Nadu,2024-04-25 00:00:00,2024-05-01 08:00:00
CMOV-0798,COMP-0048,PTY-0909,Amit Kumar Distributors,Customer,2024-06-21,2024-06-21,195000,0,1,-51,Active,Unassigned,Nagpur,Maharashtra,2024-06-21 00:00:00,2024-05-01 08:00:00
CMOV-0799,COMP-0048,PTY-0910,Amit Gupta Traders,Supplier,2024-04-26,2024-06-30,130000,436300,4,-60,Active,Amit Shah,Coimbatore,Tamil Nadu,2024-06-30 00:00:00,2024-05-01 08:00:00
CMOV-0800,COMP-0048,PTY-0911,Priya Patel Distributors,Customer,2024-05-28,2024-06-22,291500,425000,7,-52,Active,Rajesh Kumar,Ahmedabad,Gujarat,2024-06-22 00:00:00,2024-05-01 08:00:00
CMOV-0801,COMP-0048,PTY-0912,Rajesh Kumar Traders,Supplier,2024-05-16,2024-05-16,0,30000,1,-15,Active,Unassigned,Pune,Maharashtra,2024-05-16 00:00:00,2024-05-01 08:00:00
CMOV-0802,COMP-0048,PTY-0913,Vikram Sharma Suppliers,Both,2024-04-26,2024-05-13,936000,0,4,-12,Active,Rajesh Kumar,Mumbai,Maharashtra,2024-05-13 00:00:00,2024-05-01 08:00:00
CMOV-0803,COMP-0048,PTY-0914,Neha Kumar Suppliers,Supplier,2024-06-11,2024-06-17,1570000,100500,6,-47,Active,Unassigned,Pune,Maharashtra,2024-06-17 00:00:00,2024-05-01 08:00:00
CMOV-0804,COMP-0048,PTY-0915,Neha Gupta Distributors,Customer,2024-05-18,2024-05-18,395000,0,2,-17,Active,Unassigned,Delhi,Delhi,2024-05-18 00:00:00,2024-05-01 08:00:00
CMOV-0805,COMP-0048,PTY-0917,Priya Kumar Suppliers,Supplier,2024-04-01,2024-06-24,1421500,136300,8,-54,Active,Rajesh Kumar,Pune,Maharashtra,2024-06-24 00:00:00,2024-05-01 08:00:00
CMOV-0806,COMP-0048,PTY-0918,Rajesh Kumar Suppliers,Supplier,2024-05-12,2024-06-17,785800,820000,7,-47,Active,Rajesh Kumar,Bangalore,Karnataka,2024-06-17 00:00:00,2024-05-01 08:00:00
CMOV-0807,COMP-0049,PTY-0922,Neha Patel Distributors,Both,2024-06-05,2024-06-05,0,76300,2,-35,Active,Rajesh Kumar,Nagpur,Maharashtra,2024-06-05 00:00:00,2024-05-01 08:00:00
CMOV-0808,COMP-0049,PTY-0924,Rajesh Kumar Distributors,Both,2024-05-08,2024-05-16,675000,0,6,-15,Active,Rajesh Kumar,Surat,Gujarat,2024-05-16 00:00:00,2024-05-01 08:00:00
CMOV-0809,COMP-0049,PTY-0925,Amit Gupta Traders,Supplier,2024-06-21,2024-06-21,12500,0,2,-51,Active,Amit Shah,Bangalore,Karnataka,2024-06-21 00:00:00,2024-05-01 08:00:00
CMOV-0810,COMP-0049,PTY-0927,Priya Gupta Suppliers,Customer,2024-05-17,2024-05-17,294000,0,1,-16,Active,Amit Shah,Delhi,Delhi,2024-05-17 00:00:00,2024-05-01 08:00:00
CMOV-0811,COMP-0049,PTY-0928,Priya Kumar Suppliers,Both,2024-04-27,2024-05-12,275000,65000,2,-11,Active,Unassigned,Delhi,Delhi,2024-05-12 00:00:00,2024-05-01 08:00:00
CMOV-0812,COMP-0049,PTY-0929,Rajesh Gupta Distributors,Supplier,2024-06-27,2024-06-29,151500,0,3,-59,Active,Rajesh Kumar,Bangalore,Karnataka,2024-06-29 00:00:00,2024-05-01 08:00:00
CMOV-0813,COMP-0049,PTY-0931,Rajesh Singh Distributors,Both,2024-04-10,2024-06-03,71800,534500,7,-33,Active,Rajesh Kumar,Mysore,Karnataka,2024-06-03 00:00:00,2024-05-01 08:00:00
CMOV-0814,COMP-0049,PTY-0932,Vikram Singh Distributors,Supplier,2024-04-18,2024-06-10,1176900,0,7,-40,Active,Unassigned,Delhi,Delhi,2024-06-10 00:00:00,2024-05-01 08:00:00
CMOV-0815,COMP-0049,PTY-0933,Vikram Gupta Traders,Supplier,2024-06-01,2024-06-01,0,440000,1,-31,Active,Rajesh Kumar,Coimbatore,Tamil Nadu,2024-06-01 00:00:00,2024-05-01 08:00:00
CMOV-0816,COMP-0049,PTY-0936,Amit Singh Traders,Customer,2024-04-25,2024-04-25,0,1360000,2,6,Active,Unassigned,Ahmedabad,Gujarat,2024-04-25 00:00:00,2024-05-01 08:00:00
CMOV-0817,COMP-0049,PTY-0937,Neha Sharma Distributors,Customer,2024-05-23,2024-05-30,330000,250000,4,-29,Active,Rajesh Kumar,Coimbatore,Tamil Nadu,2024-05-30 00:00:00,2024-05-01 08:00:00
CMOV-0818,COMP-0049,PTY-0938,Amit Patel Traders,Both,2024-04-02,2024-05-03,1170000,611000,4,-2,Active,Amit Shah,Delhi,Delhi,2024-05-03 00:00:00,2024-05-01 08:00:00
CMOV-0819,COMP-0049,PTY-0939,Vikram Sharma Distributors,Both,2024-04-02,2024-04-02,0,55000,1,29,Active,Unassigned,Ahmedabad,Gujarat,2024-04-02 00:00:00,2024-05-01 08:00:00
CMOV-0820,COMP-0049,PTY-0940,Amit Singh Traders,Customer,2024-05-04,2024-05-04,0,617500,3,-3,Active,Unassigned,Delhi,Delhi,2024-05-04 00:00:00,2024-05-01 08:00:00
CMOV-0821,COMP-0049,PTY-0941,Rajesh Kumar Traders,Both,2024-04-21,2024-06-29,977900,285000,12,-59,Active,Unassigned,Pune,Maharashtra,2024-06-29 00:00:00,2024-05-01 08:00:00
CMOV-0822,COMP-0049,PTY-0942,Amit Patel Distributors,Customer,2024-04-11,2024-04-11,243500,0,2,20,Active,Unassigned,Delhi,Delhi,2024-04-11 00:00:00,2024-05-01 08:00:00
CMOV-0823,COMP-0049,PTY-0943,Priya Gupta Distributors,Customer,2024-06-18,2024-06-18,0,30800,2,-48,Active,Rajesh Kumar,Chennai,Tamil Nadu,2024-06-18 00:00:00,2024-05-01 08:00:00
CMOV-0824,COMP-0049,PTY-0944,Rajesh Gupta Suppliers,Customer,2024-06-13,2024-06-13,0,967000,3,-43,Active,Unassigned,Chennai,Tamil Nadu,2024-06-13 00:00:00,2024-05-01 08:00:00
CMOV-0825,COMP-0050,PTY-0945,Priya Sharma Traders,Customer,2024-06-28,2024-06-28,0,4500,1,-58,Active,Unassigned,Coimbatore,Tamil Nadu,2024-06-28 00:00:00,2024-05-01 08:00:00
CMOV-0826,COMP-0050,PTY-0946,Vikram Singh Suppliers,Both,2024-04-27,2024-05-02,73000,0,4,-1,Active,Rajesh Kumar,Chennai,Tamil Nadu,2024-05-02 00:00:00,2024-05-01 08:00:00
CMOV-0827,COMP-0050,PTY-0947,Priya Patel Distributors,Supplier,2024-04-19,2024-06-14,1913000,255500,8,-44,Active,Rajesh Kumar,Nagpur,Maharashtra,2024-06-14 00:00:00,2024-05-01 08:00:00
CMOV-0828,COMP-0050,PTY-0948,Rajesh Sharma Traders,Supplier,2024-05-27,2024-05-27,760400,0,3,-26,Active,Amit Shah,Surat,Gujarat,2024-05-27 00:00:00,2024-05-01 08:00:00
CMOV-0829,COMP-0050,PTY-0949,Amit Singh Distributors,Supplier,2024-04-21,2024-06-30,1648000,1361200,13,-60,Active,Amit Shah,Mumbai,Maharashtra,2024-06-30 00:00:00,2024-05-01 08:00:00
CMOV-0830,COMP-0050,PTY-0950,Amit Gupta Distributors,Supplier,2024-04-21,2024-04-21,0,293000,3,10,Active,Unassigned,Pune,Maharashtra,2024-04-21 00:00:00,2024-05-01 08:00:00
CMOV-0831,COMP-0050,PTY-0951,Neha Sharma Suppliers,Both,2024-04-15,2024-04-28,442400,550000,6,3,Active,Rajesh Kumar,Coimbatore,Tamil Nadu,2024-04-28 00:00:00,2024-05-01 08:00:00
CMOV-0832,COMP-0050,PTY-0954,Neha Gupta Traders,Both,2024-05-10,2024-05-10,4500,0,1,-9,Active,Amit Shah,Pune,Maharashtra,2024-05-10 00:00:00,2024-05-01 08:00:00
CMOV-0833,COMP-0050,PTY-0956,Priya Sharma Traders,Customer,2024-05-04,2024-05-05,392200,402500,4,-4,Active,Rajesh Kumar,Delhi,Delhi,2024-05-05 00:00:00,2024-05-01 08:00:00
CMOV-0834,COMP-0050,PTY-0957,Priya Patel Distributors,Customer,2024-04-05,2024-04-05,50500,0,2,26,Active,Unassigned,Ahmedabad,Gujarat,2024-04-05 00:00:00,2024-05-01 08:00:00
CMOV-0835,COMP-0050,PTY-0958,Vikram Sharma Traders,Supplier,2024-06-20,2024-06-20,0,282000,2,-50,Active,Unassigned,Mumbai,Maharashtra,2024-06-20 00:00:00,2024-05-01 08:00:00
CMOV-0836,COMP-0050,PTY-0959,Amit Patel Traders,Customer,2024-04-15,2024-05-06,0,429500,5,-5,Active,Rajesh Kumar,Coimbatore,Tamil Nadu,2024-05-06 00:00:00,2024-05-01 08:00:00
CMOV-0837,COMP-0050,PTY-0960,Rajesh Gupta Suppliers,Both,2024-04-20,2024-06-21,22500,992000,7,-51,Active,Amit Shah,Chennai,Tamil Nadu,2024-06-21 00:00:00,2024-05-01 08:00:00
CMOV-0838,COMP-0050,PTY-0961,Rajesh Singh Distributors,Supplier,2024-05-23,2024-06-05,0,90400,4,-35,Active,Unassigned,Delhi,Delhi,2024-06-05 00:00:00,2024-05-01 08:00:00
CMOV-0839,COMP-0050,PTY-0962,Rajesh Sharma Traders,Customer,2024-05-19,2024-05-19,126000,0,1,-18,Active,Amit Shah,Bangalore,Karnataka,2024-05-19 00:00:00,2024-05-01 08:00:00
CMOV-0840,COMP-0050,PTY-0963,Vikram Patel Distributors,Supplier,2024-06-11,2024-06-21,1561000,0,4,-51,Active,Unassigned,Coimbatore,Tamil Nadu,2024-06-21 00:00:00,2024-05-01 08:00:00
