PartyID,CompanyID,PartyName,PartyType,Address,City,State,PIN,Phone,Email,GSTIN,PAN,CreditLimit,CreditDays,OpeningBalance,SalesPerson,Status,CreatedAt,UpdatedAt
PTY-0001,COMP-0001,Neha Sharma Traders,Customer,"112, Coimbatore",Coimbatore,Tamil Nadu,343962,+919170484433,nehasharma@example.com,27ABCD1234E1Z5,ABCD1234E,200000,15,49123,Unassigned,Active,2024-01-15 10:00:00,2024-05-01 08:00:00
PTY-0002,COMP-0001,Amit Gupta Distributors,Supplier,"415, Bangalore",Bangalore,Karnataka,106814,+917685731524,amitgupta@example.com,27ABCD1234E1Z5,ABCD1234E,200000,30,-145852,Amit Shah,Active,2024-01-15 10:00:00,2024-05-01 08:00:00
PTY-0003,COMP-0001,Vikram Patel Traders,Customer,"50, Surat",Surat,Gujarat,476417,+918477278577,vikrampatel@example.com,27ABCD1234E1Z5,ABCD1234E,200000,30,199191,Rajesh Kumar,Active,2024-01-15 10:00:00,2024-05-01 08:00:00
PTY-0004,COMP-0001,Priya Gupta Distributors,Customer,"425, Pune",Pune,Maharashtra,759176,+919656522106,priyagupta@example.com,27ABCD1234E1Z5,ABCD1234E,100000,45,153709,Rajesh Kumar,Active,2024-01-15 10:00:00,2024-05-01 08:00:00
PTY-0005,COMP-0001,Rajesh Sharma Traders,Customer,"52, Surat",Surat,Gujarat,498591,+918193887545,rajeshsharma@example.com,27ABCD1234E1Z5,ABCD1234E,100000,45,454286,Amit Shah,Active,2024-01-15 10:00:00,2024-05-01 08:00:00
PTY-0006,COMP-0001,Amit Singh Suppliers,Both,"480, Delhi",Delhi,Delhi,816751,+919783290795,amitsingh@example.com,27ABCD1234E1Z5,ABCD1234E,50000,45,367955,Unassigned,Active,2024-01-15 10:00:00,2024-05-01 08:00:00
PTY-0007,COMP-0001,Amit Gupta Suppliers,Supplier,"474, Ahmedabad",Ahmedabad,Gujarat,771088,+919955633092,amitgupta@example.com,27ABCD1234E1Z5,ABCD1234E,200000,15,-141530,Unassigned,Active,2024-01-15 10:00:00,2024-05-01 08:00:00
PTY-0008,COMP-0001,Vikram Sharma Suppliers,Supplier,"34, Ahmedabad",Ahmedabad,Gujarat,321231,+919436019774,vikramsharma@example.com,27ABCD1234E1Z5,ABCD1234E,200000,30,-140373,Rajesh Kumar,Active,2024-01-15 10:00:00,2024-05-01 08:00:00
PTY-0009,COMP-0001,Priya Kumar Traders,Supplier,"382, Bangalore",Bangalore,Karnataka,688637,+919314889832,priyakumar@example.com,27ABCD1234E1Z5,ABCD1234E,100000,45,-129303,Unassigned,Active,2024-01-15 10:00:00,2024-05-01 08:00:00
PTY-0010,COMP-0001,Priya Gupta Traders,Customer,"253, Mysore",Mysore,Karnataka,195325,+917202363285,priyagupta@example.com,27ABCD1234E1Z5,ABCD1234E,50000,15,267138,Unassigned,Active,2024-01-15 10:00:00,2024-05-01 08:00:00
PTY-0011,COMP-0001,Amit Kumar Suppliers,Supplier,"240, Chennai",Chennai,Tamil Nadu,654816,+918079815404,amitkumar@example.com,27ABCD1234E1Z5,ABCD1234E,200000,15,-312417,Unassigned,Active,2024-01-15 10:00:00,2024-05-01 08:00:00
PTY-0012,COMP-0001,Rajesh Gupta Suppliers,Customer,"81, Delhi",Delhi,Delhi,575763,+917013938521,rajeshgupta@example.com,27ABCD1234E1Z5,ABCD1234E,200000,45,227942,Amit Shah,Active,2024-01-15 10:00:00,2024-05-01 08:00:00
PTY-0013,COMP-0001,Neha Patel Suppliers,Both,"328, Chennai",Chennai,Tamil Nadu,632323,+919615507143,nehapatel@example.com,27ABCD1234E1Z5,ABCD1234E,50000,15,441277,Amit Shah,Active,2024-01-15 10:00:00,2024-05-01 08:00:00
PTY-0014,COMP-0001,Amit Gupta Suppliers,Both,"10, Chennai",Chennai,Tamil Nadu,217301,+918558990517,amitgupta@example.com,27ABCD1234E1Z5,ABCD1234E,100000,15,256170,Rajesh Kumar,Active,2024-01-15 10:00:00,2024-05-01 08:00:00
PTY-0015,COMP-0001,Amit Gupta Suppliers,Both,"36, Mumbai",Mumbai,Maharashtra,897549,+919287955558,amitgupta@example.com,27ABCD1234E1Z5,ABCD1234E,50000,15,427831,Unassigned,Active,2024-01-15 10:00:00,2024-05-01 08:00:00
PTY-0016,COMP-0001,Priya Gupta Distributors,Both,"494, Surat",Surat,Gujarat,322086,+919316259067,priyagupta@example.com,27ABCD1234E1Z5,ABCD1234E,200000,45,221846,Rajesh Kumar,Active,2024-01-15 10:00:00,2024-05-01 08:00:00
PTY-0017,COMP-0002,Rajesh Singh Suppliers,Customer,"249, Nagpur",Nagpur,Maharashtra,324643,+919315992115,rajeshsingh@example.com,27ABCD1234E1Z5,ABCD1234E,50000,45,350737,Unassigned,Active,2024-01-15 10:00:00,2024-05-01 08:00:00
PTY-0018,COMP-0002,Neha Kumar Traders,Supplier,"50, Surat",Surat,Gujarat,790993,+918851350739,nehakumar@example.com,27ABCD1234E1Z5,ABCD1234E,100000,30,-49453,Amit Shah,Active,2024-01-15 10:00:00,2024-05-01 08:00:00
PTY-0019,COMP-0002,Priya Sharma Distributors,Supplier,"410, Mumbai",Mumbai,Maharashtra,214576,+918067970820,priyasharma@example.com,27ABCD1234E1Z5,ABCD1234E,50000,15,-177892,Unassigned,Active,2024-01-15 10:00:00,2024-05-01 08:00:00
PTY-0020,COMP-0002,Priya Patel Suppliers,Supplier,"448, Bangalore",Bangalore,Karnataka,179046,+918903232052,priyapatel@example.com,27ABCD1234E1Z5,ABCD1234E,200000,15,-130970,Rajesh Kumar,Active,2024-01-15 10:00:00,2024-05-01 08:00:00
PTY-0021,COMP-0002,Neha Sharma Suppliers,Customer,"247, Mumbai",Mumbai,Maharashtra,324130,+918722454917,nehasharma@example.com,27ABCD1234E1Z5,ABCD1234E,50000,15,254615,Amit Shah,Active,2024-01-15 10:00:00,2024-05-01 08:00:00
PTY-0022,COMP-0002,Rajesh Kumar Suppliers,Supplier,"491, Delhi",Delhi,Delhi,865990,+919387006772,rajeshkumar@example.com,27ABCD1234E1Z5,ABCD1234E,200000,45,-365214,Amit Shah,Active,2024-01-15 10:00:00,2024-05-01 08:00:00
PTY-0023,COMP-0002,Amit Patel Distributors,Customer,"278, Delhi",Delhi,Delhi,163918,+918346922426,amitpatel@example.com,27ABCD1234E1Z5,ABCD1234E,50000,15,385738,Unassigned,Active,2024-01-15 10:00:00,2024-05-01 08:00:00
PTY-0024,COMP-0002,Priya Gupta Distributors,Customer,"436, Chennai",Chennai,Tamil Nadu,294851,+917294296873,priyagupta@example.com,27ABCD1234E1Z5,ABCD1234E,200000,15,42001,Unassigned,Active,2024-01-15 10:00:00,2024-05-01 08:00:00
PTY-0025,COMP-0002,Amit Kumar Distributors,Customer,"21, Nagpur",Nagpur,Maharashtra,749468,+917352116052,amitkumar@example.com,27ABCD1234E1Z5,ABCD1234E,100000,45,311699,Unassigned,Active,2024-01-15 10:00:00,2024-05-01 08:00:00
PTY-0026,COMP-0002,Neha Gupta Distributors,Customer,"161, Delhi",Delhi,Delhi,350280,+918140805649,nehagupta@example.com,27ABCD1234E1Z5,ABCD1234E,100000,15,375490,Unassigned,Active,2024-01-15 10:00:00,2024-05-01 08:00:00
PTY-0027,COMP-0002,Vikram Kumar Suppliers,Customer,"289, Delhi",Delhi,Delhi,204837,+917314652384,vikramkumar@example.com,27ABCD1234E1Z5,ABCD1234E,200000,15,325666,Unassigned,Active,2024-01-15 10:00:00,2024-05-01 08:00:00
PTY-0028,COMP-0002,Vikram Patel Suppliers,Customer,"81, Delhi",Delhi,Delhi,559469,+919333103372,vikrampatel@example.com,27ABCD1234E1Z5,ABCD1234E,200000,30,149415,Unassigned,Active,2024-01-15 10:00:00,2024-05-01 08:00:00
PTY-0029,COMP-0002,Neha Sharma Traders,Both,"450, Coimbatore",Coimbatore,Tamil Nadu,240814,+918135872495,nehasharma@example.com,27ABCD1234E1Z5,ABCD1234E,50000,15,492269,Unassigned,Active,2024-01-15 10:00:00,2024-05-01 08:00:00
PTY-0030,COMP-0002,Neha Patel Traders,Both,"176, Delhi",Delhi,Delhi,313487,+919952777682,nehapatel@example.com,27ABCD1234E1Z5,ABCD1234E,200000,30,376235,Unassigned,Active,2024-01-15 10:00:00,2024-05-01 08:00:00
PTY-0031,COMP-0002,Priya Singh Suppliers,Both,"142, Mumbai",Mumbai,Maharashtra,146228,+917015228622,priyasingh@example.com,27ABCD1234E1Z5,ABCD1234E,100000,15,434817,Unassigned,Active,2024-01-15 10:00:00,2024-05-01 08:00:00
PTY-0032,COMP-0002,Vikram Patel Traders,Both,"39, Mysore",Mysore,Karnataka,824586,+917640183291,vikrampatel@example.com,27ABCD1234E1Z5,ABCD1234E,200000,15,58654,Amit Shah,Active,2024-01-15 10:00:00,2024-05-01 08:00:00
PTY-0033,COMP-0003,Vikram Kumar Distributors,Customer,"196, Surat",Surat,Gujarat,140605,+919021598245,vikramkumar@example.com,27ABCD1234E1Z5,ABCD1234E,50000,15,56673,Amit Shah,Active,2024-01-15 10:00:00,2024-05-01 08:00:00
PTY-0034,COMP-0003,Vikram Singh Distributors,Customer,"205, Ahmedabad",Ahmedabad,Gujarat,444207,+918196591018,vikramsingh@example.com,27ABCD1234E1Z5,ABCD1234E,50000,30,101255,Amit Shah,Active,2024-01-15 10:00:00,2024-05-01 08:00:00
PTY-0035,COMP-0003,Neha Kumar Traders,Customer,"497, Coimbatore",Coimbatore,Tamil Nadu,373903,+917766942939,nehakumar@example.com,27ABCD1234E1Z5,ABCD1234E,200000,30,459820,Rajesh Kumar,Active,2024-01-15 10:00:00,2024-05-01 08:00:00
PTY-0036,COMP-0003,Rajesh Gupta Suppliers,Both,"311, Mysore",Mysore,Karnataka,636265,+917496694873,rajeshgupta@example.com,27ABCD1234E1Z5,ABCD1234E,100000,45,228796,Rajesh Kumar,Active,2024-01-15 10:00:00,2024-05-01 08:00:00
PTY-0037,COMP-0003,Vikram Sharma Distributors,Both,"369, Bangalore",Bangalore,Karnataka,877991,+919880327491,vikramsharma@example.com,27ABCD1234E1Z5,ABCD1234E,50000,30,360110,Amit Shah,Active,2024-01-15 10:00:00,2024-05-01 08:00:00
PTY-0038,COMP-0003,Rajesh Singh Traders,Both,"461, Coimbatore",Coimbatore,Tamil Nadu,414910,+919178074590,rajeshsingh@example.com,27ABCD1234E1Z5,ABCD1234E,100000,45,377358,Amit Shah,Active,2024-01-15 10:00:00,2024-05-01 08:00:00
PTY-0039,COMP-0003,Vikram Kumar Suppliers,Customer,"482, Delhi",Delhi,Delhi,497562,+919909058412,vikramkumar@example.com,27ABCD1234E1Z5,ABCD1234E,200000,15,348614,Unassigned,Active,2024-01-15 10:00:00,2024-05-01 08:00:00
PTY-0040,COMP-0003,Neha Singh Suppliers,Supplier,"221, Bangalore",Bangalore,Karnataka,923927,+919491015654,nehasingh@example.com,27ABCD1234E1Z5,ABCD1234E,200000,45,-110196,Amit Shah,Active,2024-01-15 10:00:00,2024-05-01 08:00:00
PTY-0041,COMP-0003,Priya Kumar Suppliers,Both,"462, Bangalore",Bangalore,Karnataka,934692,+917728818981,priyakumar@example.com,27ABCD1234E1Z5,ABCD1234E,200000,15,416145,Amit Shah,Active,2024-01-15 10:00:00,2024-05-01 08:00:00
PTY-0042,COMP-0003,Neha Gupta Distributors,Customer,"116, Delhi",Delhi,Delhi,945742,+917855256552,nehagupta@example.com,27ABCD1234E1Z5,ABCD1234E,50000,15,162749,Rajesh Kumar,Active,2024-01-15 10:00:00,2024-05-01 08:00:00
PTY-0043,COMP-0003,Amit Kumar Suppliers,Supplier,"323, Chennai",Chennai,Tamil Nadu,703634,+917835092972,amitkumar@example.com,27ABCD1234E1Z5,ABCD1234E,200000,45,-464590,Amit Shah,Active,2024-01-15 10:00:00,2024-05-01 08:00:00
PTY-0044,COMP-0003,Priya Kumar Distributors,Both,"458, Ahmedabad",Ahmedabad,Gujarat,887443,+917457788949,priyakumar@example.com,27ABCD1234E1Z5,ABCD1234E,100000,15,2907,Rajesh Kumar,Active,2024-01-15 10:00:00,2024-05-01 08:00:00
PTY-0045,COMP-0003,Neha Kumar Traders,Customer,"69, Nagpur",Nagpur,Maharashtra,940346,+918995627518,nehakumar@example.com,27ABCD1234E1Z5,ABCD1234E,200000,45,239317,Unassigned,Active,2024-01-15 10:00:00,2024-05-01 08:00:00
PTY-0046,COMP-0003,Neha Singh Suppliers,Both,"82, Mysore",Mysore,Karnataka,879779,+919038711176,nehasingh@example.com,27ABCD1234E1Z5,ABCD1234E,100000,30,470395,Rajesh Kumar,Active,2024-01-15 10:00:00,2024-05-01 08:00:00
PTY-0047,COMP-0003,Vikram Gupta Suppliers,Supplier,"366, Bangalore",Bangalore,Karnataka,399607,+918007142260,vikramgupta@example.com,27ABCD1234E1Z5,ABCD1234E,100000,30,-40623,Amit Shah,Active,2024-01-15 10:00:00,2024-05-01 08:00:00
PTY-0048,COMP-0003,Neha Sharma Suppliers,Customer,"79, Ahmedabad",Ahmedabad,Gujarat,840734,+917918920620,nehasharma@example.com,27ABCD1234E1Z5,ABCD1234E,50000,30,363829,Amit Shah,Active,2024-01-15 10:00:00,2024-05-01 08:00:00
PTY-0049,COMP-0003,Vikram Gupta Traders,Customer,"216, Mysore",Mysore,Karnataka,508396,+919508601974,vikramgupta@example.com,27ABCD1234E1Z5,ABCD1234E,200000,15,436674,Unassigned,Active,2024-01-15 10:00:00,2024-05-01 08:00:00
PTY-0050,COMP-0004,Rajesh Kumar Distributors,Customer,"70, Chennai",Chennai,Tamil Nadu,584125,+917780520225,rajeshkumar@example.com,27ABCD1234E1Z5,ABCD1234E,50000,30,224716,Amit Shah,Active,2024-01-15 10:00:00,2024-05-01 08:00:00
PTY-0051,COMP-0004,Vikram Patel Suppliers,Supplier,"386, Mysore",Mysore,Karnataka,972335,+918810607153,vikrampatel@example.com,27ABCD1234E1Z5,ABCD1234E,100000,15,-145886,Amit Shah,Active,2024-01-15 10:00:00,2024-05-01 08:00:00
PTY-0052,COMP-0004,Rajesh Gupta Distributors,Customer,"400, Pune",Pune,Maharashtra,783414,+917172907376,rajeshgupta@example.com,27ABCD1234E1Z5,ABCD1234E,50000,15,35975,Rajesh Kumar,Active,2024-01-15 10:00:00,2024-05-01 08:00:00
PTY-0053,COMP-0004,Rajesh Gupta Suppliers,Customer,"59, Ahmedabad",Ahmedabad,Gujarat,691364,+917936150587,rajeshgupta@example.com,27ABCD1234E1Z5,ABCD1234E,100000,45,350989,Amit Shah,Active,2024-01-15 10:00:00,2024-05-01 08:00:00
PTY-0054,COMP-0004,Vikram Patel Suppliers,Customer,"297, Chennai",Chennai,Tamil Nadu,126925,+918339846171,vikrampatel@example.com,27ABCD1234E1Z5,ABCD1234E,200000,45,56674,Amit Shah,Active,2024-01-15 10:00:00,2024-05-01 08:00:00
PTY-0055,COMP-0004,Priya Patel Distributors,Both,"53, Nagpur",Nagpur,Maharashtra,831059,+918295287749,priyapatel@example.com,27ABCD1234E1Z5,ABCD1234E,200000,45,127323,Rajesh Kumar,Active,2024-01-15 10:00:00,2024-05-01 08:00:00
PTY-0056,COMP-0004,Neha Sharma Suppliers,Both,"260, Delhi",Delhi,Delhi,778998,+918465576748,nehasharma@example.com,27ABCD1234E1Z5,ABCD1234E,50000,30,36153,Amit Shah,Active,2024-01-15 10:00:00,2024-05-01 08:00:00
PTY-0057,COMP-0004,Rajesh Kumar Traders,Both,"91, Delhi",Delhi,Delhi,869440,+919240885202,rajeshkumar@example.com,27ABCD1234E1Z5,ABCD1234E,200000,30,228320,Unassigned,Active,2024-01-15 10:00:00,2024-05-01 08:00:00
PTY-0058,COMP-0004,Neha Kumar Distributors,Both,"166, Mysore",Mysore,Karnataka,993085,+918054393708,nehakumar@example.com,27ABCD1234E1Z5,ABCD1234E,50000,30,140716,Amit Shah,Active,2024-01-15 10:00:00,2024-05-01 08:00:00
PTY-0059,COMP-0004,Amit Kumar Traders,Supplier,"436, Coimbatore",Coimbatore,Tamil Nadu,440802,+917780996231,amitkumar@example.com,27ABCD1234E1Z5,ABCD1234E,100000,15,-259158,Amit Shah,Active,2024-01-15 10:00:00,2024-05-01 08:00:00
PTY-0060,COMP-0004,Vikram Singh Traders,Both,"486, Delhi",Delhi,Delhi,300337,+917367704871,vikramsingh@example.com,27ABCD1234E1Z5,ABCD1234E,50000,45,270861,Amit Shah,Active,2024-01-15 10:00:00,2024-05-01 08:00:00
PTY-0061,COMP-0004,Priya Gupta Distributors,Both,"230, Surat",Surat,Gujarat,931450,+917074059253,priyagupta@example.com,27ABCD1234E1Z5,ABCD1234E,50000,30,257331,Rajesh Kumar,Active,2024-01-15 10:00:00,2024-05-01 08:00:00
PTY-0062,COMP-0004,Priya Patel Distributors,Supplier,"177, Delhi",Delhi,Delhi,546173,+919363900493,priyapatel@example.com,27ABCD1234E1Z5,ABCD1234E,100000,30,-278355,Unassigned,Active,2024-01-15 10:00:00,2024-05-01 08:00:00
PTY-0063,COMP-0004,Priya Singh Traders,Customer,"99, Delhi",Delhi,Delhi,430876,+917513483708,priyasingh@example.com,27ABCD1234E1Z5,ABCD1234E,200000,45,378160,Unassigned,Active,2024-01-15 10:00:00,2024-05-01 08:00:00
PTY-0064,COMP-0004,Amit Patel Distributors,Supplier,"390, Surat",Surat,Gujarat,650121,+919563196714,amitpatel@example.com,27ABCD1234E1Z5,ABCD1234E,100000,15,-309113,Rajesh Kumar,Active,2024-01-15 10:00:00,2024-05-01 08:00:00
PTY-0065,COMP-0004,Vikram Patel Traders,Supplier,"274, Delhi",Delhi,Delhi,232731,+918178158203,vikrampatel@example.com,27ABCD1234E1Z5,ABCD1234E,50000,15,-371205,Unassigned,Active,2024-01-15 10:00:00,2024-05-01 08:00:00
PTY-0066,COMP-0004,Vikram Patel Distributors,Customer,"241, Bangalore",Bangalore,Karnataka,601968,+918891799103,vikrampatel@example.com,27ABCD1234E1Z5,ABCD1234E,100000,15,149075,Rajesh Kumar,Active,2024-01-15 10:00:00,2024-05-01 08:00:00
PTY-0067,COMP-0004,Vikram Kumar Suppliers,Supplier,"296, Mumbai",Mumbai,Maharashtra,760021,+919948284698,vikramkumar@example.com,27ABCD1234E1Z5,ABCD1234E,50000,15,-38840,Rajesh Kumar,Active,2024-01-15 10:00:00,2024-05-01 08:00:00
PTY-0068,COMP-0004,Neha Singh Distributors,Customer,"214, Mumbai",Mumbai,Maharashtra,735770,+919560345306,nehasingh@example.com,27ABCD1234E1Z5,ABCD1234E,200000,15,400788,Unassigned,Active,2024-01-15 10:00:00,2024-05-01 08:00:00
PTY-0069,COMP-0004,Priya Kumar Suppliers,Both,"292, Mysore",Mysore,Karnataka,751194,+917258687184,priyakumar@example.com,27ABCD1234E1Z5,ABCD1234E,200000,45,160107,Rajesh Kumar,Active,2024-01-15 10:00:00,2024-05-01 08:00:00
PTY-0070,COMP-0004,Amit Patel Traders,Customer,"283, Delhi",Delhi,Delhi,178711,+917672302490,amitpatel@example.com,27ABCD1234E1Z5,ABCD1234E,50000,30,91128,Amit Shah,Active,2024-01-15 10:00:00,2024-05-01 08:00:00
PTY-0071,COMP-0004,Neha Kumar Suppliers,Customer,"145, Delhi",Delhi,Delhi,837135,+918950049698,nehakumar@example.com,27ABCD1234E1Z5,ABCD1234E,50000,45,370648,Rajesh Kumar,Active,2024-01-15 10:00:00,2024-05-01 08:00:00
PTY-0072,COMP-0004,Vikram Gupta Distributors,Customer,"332, Surat",Surat,Gujarat,256226,+918140882778,vikramgupta@example.com,27ABCD1234E1Z5,ABCD1234E,50000,15,117864,Rajesh Kumar,Active,2024-01-15 10:00:00,2024-05-01 08:00:00
PTY-0073,COMP-0005,Rajesh Sharma Suppliers,Both,"21, Ahmedabad",Ahmedabad,Gujarat,900177,+917752438459,rajeshsharma@example.com,27ABCD1234E1Z5,ABCD1234E,100000,45,302119,Unassigned,Active,2024-01-15 10:00:00,2024-05-01 08:00:00
PTY-0074,COMP-0005,Priya Singh Suppliers,Both,"241, Surat",Surat,Gujarat,464863,+918753841726,priyasingh@example.com,27ABCD1234E1Z5,ABCD1234E,100000,30,47837,Unassigned,Active,2024-01-15 10:00:00,2024-05-01 08:00:00
PTY-0075,COMP-0005,Rajesh Patel Suppliers,Both,"340, Delhi",Delhi,Delhi,519904,+919362646960,rajeshpatel@example.com,27ABCD1234E1Z5,ABCD1234E,50000,30,151109,Rajesh Kumar,Active,2024-01-15 10:00:00,2024-05-01 08:00:00
PTY-0076,COMP-0005,Vikram Singh Distributors,Supplier,"1, Delhi",Delhi,Delhi,789606,+919330421741,vikramsingh@example.com,27ABCD1234E1Z5,ABCD1234E,100000,30,-432499,Rajesh Kumar,Active,2024-01-15 10:00:00,2024-05-01 08:00:00
PTY-0077,COMP-0005,Amit Gupta Suppliers,Both,"27, Delhi",Delhi,Delhi,313446,+918146997816,amitgupta@example.com,27ABCD1234E1Z5,ABCD1234E,200000,15,398453,Amit Shah,Active,2024-01-15 10:00:00,2024-05-01 08:00:00
PTY-0078,COMP-0005,Priya Kumar Distributors,Both,"123, Mumbai",Mumbai,Maharashtra,844261,+917680229045,priyakumar@example.com,27ABCD1234E1Z5,ABCD1234E,100000,45,419070,Rajesh Kumar,Active,2024-01-15 10:00:00,2024-05-01 08:00:00
PTY-0079,COMP-0005,Neha Kumar Suppliers,Customer,"61, Mumbai",Mumbai,Maharashtra,779172,+917661300942,nehakumar@example.com,27ABCD1234E1Z5,ABCD1234E,100000,45,496532,Amit Shah,Active,2024-01-15 10:00:00,2024-05-01 08:00:00
PTY-0080,COMP-0005,Neha Singh Traders,Supplier,"283, Mysore",Mysore,Karnataka,251668,+918647489402,nehasingh@example.com,27ABCD1234E1Z5,ABCD1234E,50000,45,-239487,Unassigned,Active,2024-01-15 10:00:00,2024-05-01 08:00:00
PTY-0081,COMP-0005,Amit Sharma Distributors,Supplier,"421, Delhi",Delhi,Delhi,102689,+918214784185,amitsharma@example.com,27ABCD1234E1Z5,ABCD1234E,200000,30,-140075,Unassigned,Active,2024-01-15 10:00:00,2024-05-01 08:00:00
PTY-0082,COMP-0005,Neha Kumar Suppliers,Both,"171, Surat",Surat,Gujarat,678727,+919334014365,nehakumar@example.com,27ABCD1234E1Z5,ABCD1234E,100000,30,180944,Amit Shah,Active,2024-01-15 10:00:00,2024-05-01 08:00:00
PTY-0083,COMP-0005,Amit Patel Suppliers,Customer,"163, Coimbatore",Coimbatore,Tamil Nadu,880879,+919031417512,amitpatel@example.com,27ABCD1234E1Z5,ABCD1234E,200000,30,22883,Amit Shah,Active,2024-01-15 10:00:00,2024-05-01 08:00:00
PTY-0084,COMP-0005,Amit Kumar Distributors,Both,"446, Mumbai",Mumbai,Maharashtra,205239,+918891100776,amitkumar@example.com,27ABCD1234E1Z5,ABCD1234E,50000,45,174060,Amit Shah,Active,2024-01-15 10:00:00,2024-05-01 08:00:00
PTY-0085,COMP-0005,Rajesh Patel Suppliers,Customer,"497, Bangalore",Bangalore,Karnataka,377896,+918454109425,rajeshpatel@example.com,27ABCD1234E1Z5,ABCD1234E,200000,45,409744,Amit Shah,Active,2024-01-15 10:00:00,2024-05-01 08:00:00
PTY-0086,COMP-0005,Rajesh Singh Distributors,Supplier,"455, Coimbatore",Coimbatore,Tamil Nadu,896290,+919095718469,rajeshsingh@example.com,27ABCD1234E1Z5,ABCD1234E,200000,15,-376814,Unassigned,Active,2024-01-15 10:00:00,2024-05-01 08:00:00
PTY-0087,COMP-0005,Rajesh Patel Traders,Both,"51, Delhi",Delhi,Delhi,897305,+919721926191,rajeshpatel@example.com,27ABCD1234E1Z5,ABCD1234E,200000,15,227526,Amit Shah,Active,2024-01-15 10:00:00,2024-05-01 08:00:00
PTY-0088,COMP-0005,Amit Singh Traders,Supplier,"184, Mumbai",Mumbai,Maharashtra,493049,+918849785671,amitsingh@example.com,27ABCD1234E1Z5,ABCD1234E,50000,15,-153809,Unassigned,Active,2024-01-15 10:00:00,2024-05-01 08:00:00
PTY-0089,COMP-0005,Priya Gupta Traders,Customer,"446, Ahmedabad",Ahmedabad,Gujarat,501126,+919661635754,priyagupta@example.com,27ABCD1234E1Z5,ABCD1234E,200000,15,319549,Amit Shah,Active,2024-01-15 10:00:00,2024-05-01 08:00:00
PTY-0090,COMP-0005,Neha Patel Suppliers,Both,"131, Surat",Surat,Gujarat,799233,+917040361651,nehapatel@example.com,27ABCD1234E1Z5,ABCD1234E,100000,30,240947,Unassigned,Active,2024-01-15 10:00:00,2024-05-01 08:00:00
PTY-0091,COMP-0005,Neha Patel Distributors,Supplier,"328, Pune",Pune,Maharashtra,544920,+919964873967,nehapatel@example.com,27ABCD1234E1Z5,ABCD1234E,100000,30,-156842,Amit Shah,Active,2024-01-15 10:00:00,2024-05-01 08:00:00
PTY-0092,COMP-0006,Amit Patel Distributors,Both,"338, Coimbatore",Coimbatore,Tamil Nadu,813928,+917587462342,amitpatel@example.com,27ABCD1234E1Z5,ABCD1234E,200000,15,402375,Unassigned,Active,2024-01-15 10:00:00,2024-05-01 08:00:00
PTY-0093,COMP-0006,Rajesh Singh Suppliers,Both,"68, Bangalore",Bangalore,Karnataka,194511,+918267489756,rajeshsingh@example.com,27ABCD1234E1Z5,ABCD1234E,100000,45,383967,Amit Shah,Active,2024-01-15 10:00:00,2024-05-01 08:00:00
PTY-0094,COMP-0006,Amit Patel Distributors,Both,"140, Surat",Surat,Gujarat,970813,+917706712922,amitpatel@example.com,27ABCD1234E1Z5,ABCD1234E,100000,30,478930,Amit Shah,Active,2024-01-15 10:00:00,2024-05-01 08:00:00
PTY-0095,COMP-0006,Vikram Sharma Traders,Customer,"347, Bangalore",Bangalore,Karnataka,859396,+919896552701,vikramsharma@example.com,27ABCD1234E1Z5,ABCD1234E,100000,45,450961,Amit Shah,Active,2024-01-15 10:00:00,2024-05-01 08:00:00
PTY-0096,COMP-0006,Rajesh Kumar Traders,Both,"189, Pune",Pune,Maharashtra,805511,+919887681752,rajeshkumar@example.com,27ABCD1234E1Z5,ABCD1234E,100000,45,238438,Amit Shah,Active,2024-01-15 10:00:00,2024-05-01 08:00:00
PTY-0097,COMP-0006,Vikram Sharma Distributors,Customer,"483, Surat",Surat,Gujarat,688678,+918408776235,vikramsharma@example.com,27ABCD1234E1Z5,ABCD1234E,200000,15,463593,Unassigned,Active,2024-01-15 10:00:00,2024-05-01 08:00:00
PTY-0098,COMP-0006,Rajesh Kumar Traders,Customer,"485, Delhi",Delhi,Delhi,139019,+918307235909,rajeshkumar@example.com,27ABCD1234E1Z5,ABCD1234E,100000,15,23774,Rajesh Kumar,Active,2024-01-15 10:00:00,2024-05-01 08:00:00
PTY-0099,COMP-0006,Amit Gupta Suppliers,Supplier,"487, Surat",Surat,Gujarat,879238,+919991375951,amitgupta@example.com,27ABCD1234E1Z5,ABCD1234E,200000,30,-351527,Unassigned,Active,2024-01-15 10:00:00,2024-05-01 08:00:00
PTY-0100,COMP-0006,Amit Kumar Suppliers,Both,"488, Pune",Pune,Maharashtra,393328,+917140515379,amitkumar@example.com,27ABCD1234E1Z5,ABCD1234E,200000,30,492334,Rajesh Kumar,Active,2024-01-15 10:00:00,2024-05-01 08:00:00
PTY-0101,COMP-0006,Priya Kumar Distributors,Customer,"279, Surat",Surat,Gujarat,776149,+918540492440,priyakumar@example.com,27ABCD1234E1Z5,ABCD1234E,50000,30,192589,Amit Shah,Active,2024-01-15 10:00:00,2024-05-01 08:00:00
PTY-0102,COMP-0006,Amit Sharma Traders,Both,"328, Bangalore",Bangalore,Karnataka,726152,+917091729577,amitsharma@example.com,27ABCD1234E1Z5,ABCD1234E,50000,30,336437,Rajesh Kumar,Active,2024-01-15 10:00:00,2024-05-01 08:00:00
PTY-0103,COMP-0006,Amit Gupta Traders,Both,"111, Ahmedabad",Ahmedabad,Gujarat,952547,+918000721711,amitgupta@example.com,27ABCD1234E1Z5,ABCD1234E,100000,15,307433,Unassigned,Active,2024-01-15 10:00:00,2024-05-01 08:00:00
PTY-0104,COMP-0006,Rajesh Singh Suppliers,Both,"90, Ahmedabad",Ahmedabad,Gujarat,215266,+919839220941,rajeshsingh@example.com,27ABCD1234E1Z5,ABCD1234E,50000,15,418651,Rajesh Kumar,Active,2024-01-15 10:00:00,2024-05-01 08:00:00
PTY-0105,COMP-0006,Vikram Patel Traders,Customer,"27, Coimbatore",Coimbatore,Tamil Nadu,232915,+918808011838,vikrampatel@example.com,27ABCD1234E1Z5,ABCD1234E,200000,15,139129,Unassigned,Active,2024-01-15 10:00:00,2024-05-01 08:00:00
PTY-0106,COMP-0006,Rajesh Kumar Distributors,Both,"232, Mysore",Mysore,Karnataka,628313,+917951548935,rajeshkumar@example.com,27ABCD1234E1Z5,ABCD1234E,200000,15,57175,Unassigned,Active,2024-01-15 10:00:00,2024-05-01 08:00:00
PTY-0107,COMP-0006,Neha Singh Suppliers,Customer,"206, Bangalore",Bangalore,Karnataka,546980,+919946766309,nehasingh@example.com,27ABCD1234E1Z5,ABCD1234E,50000,30,444228,Unassigned,Active,2024-01-15 10:00:00,2024-05-01 08:00:00
PTY-0108,COMP-0006,Priya Sharma Traders,Both,"65, Pune",Pune,Maharashtra,388375,+919681423225,priyasharma@example.com,27ABCD1234E1Z5,ABCD1234E,200000,45,34436,Unassigned,Active,2024-01-15 10:00:00,2024-05-01 08:00:00
PTY-0109,COMP-0006,Vikram Kumar Distributors,Supplier,"221, Coimbatore",Coimbatore,Tamil Nadu,203996,+917491404673,vikramkumar@example.com,27ABCD1234E1Z5,ABCD1234E,200000,45,-317418,Unassigned,Active,2024-01-15 10:00:00,2024-05-01 08:00:00
PTY-0110,COMP-0006,Amit Kumar Suppliers,Supplier,"233, Bangalore",Bangalore,Karnataka,518098,+918786661942,amitkumar@example.com,27ABCD1234E1Z5,ABCD1234E,200000,15,-433805,Amit Shah,Active,2024-01-15 10:00:00,2024-05-01 08:00:00
PTY-0111,COMP-0006,Priya Singh Distributors,Customer,"243, Delhi",Delhi,Delhi,170394,+917391807468,priyasingh@example.com,27ABCD1234E1Z5,ABCD1234E,50000,15,483909,Amit Shah,Active,2024-01-15 10:00:00,2024-05-01 08:00:00
PTY-0112,COMP-0007,Priya Patel Suppliers,Both,"391, Pune",Pune,Maharashtra,392099,+919465740756,priyapatel@example.com,27ABCD1234E1Z5,ABCD1234E,50000,30,60232,Unassigned,Active,2024-01-15 10:00:00,2024-05-01 08:00:00
PTY-0113,COMP-0007,Neha Gupta Distributors,Both,"356, Chennai",Chennai,Tamil Nadu,380439,+917124352982,nehagupta@example.com,27ABCD1234E1Z5,ABCD1234E,50000,30,434876,Unassigned,Active,2024-01-15 10:00:00,2024-05-01 08:00:00
PTY-0114,COMP-0007,Vikram Singh Traders,Customer,"337, Delhi",Delhi,Delhi,520252,+917298867122,vikramsingh@example.com,27ABCD1234E1Z5,ABCD1234E,50000,45,296915,Unassigned,Active,2024-01-15 10:00:00,2024-05-01 08:00:00
PTY-0115,COMP-0007,Rajesh Sharma Suppliers,Supplier,"175, Chennai",Chennai,Tamil Nadu,265055,+918589365925,rajeshsharma@example.com,27ABCD1234E1Z5,ABCD1234E,100000,45,-237841,Amit Shah,Active,2024-01-15 10:00:00,2024-05-01 08:00:00
PTY-0116,COMP-0007,Neha Gupta Traders,Customer,"317, Mumbai",Mumbai,Maharashtra,152179,+919894673596,nehagupta@example.com,27ABCD1234E1Z5,ABCD1234E,50000,30,395541,Amit Shah,Active,2024-01-15 10:00:00,2024-05-01 08:00:00
PTY-0117,COMP-0007,Priya Kumar Suppliers,Supplier,"387, Coimbatore",Coimbatore,Tamil Nadu,637234,+917488842470,priyakumar@example.com,27ABCD1234E1Z5,ABCD1234E,100000,30,-113020,Rajesh Kumar,Active,2024-01-15 10:00:00,2024-05-01 08:00:00
PTY-0118,COMP-0007,Vikram Gupta Traders,Customer,"307, Mysore",Mysore,Karnataka,157443,+917033015788,vikramgupta@example.com,27ABCD1234E1Z5,ABCD1234E,50000,30,207231,Rajesh Kumar,Active,2024-01-15 10:00:00,2024-05-01 08:00:00
PTY-0119,COMP-0007,Amit Singh Traders,Customer,"383, Delhi",Delhi,Delhi,551574,+917754603440,amitsingh@example.com,27ABCD1234E1Z5,ABCD1234E,50000,30,260773,Unassigned,Active,2024-01-15 10:00:00,2024-05-01 08:00:00
PTY-0120,COMP-0007,Amit Gupta Suppliers,Customer,"380, Coimbatore",Coimbatore,Tamil Nadu,144357,+918873548915,amitgupta@example.com,27ABCD1234E1Z5,ABCD1234E,50000,30,451812,Rajesh Kumar,Active,2024-01-15 10:00:00,2024-05-01 08:00:00
PTY-0121,COMP-0007,Vikram Gupta Distributors,Both,"149, Mysore",Mysore,Karnataka,220768,+918739600515,vikramgupta@example.com,27ABCD1234E1Z5,ABCD1234E,50000,30,218991,Rajesh Kumar,Active,2024-01-15 10:00:00,2024-05-01 08:00:00
PTY-0122,COMP-0007,Neha Kumar Traders,Supplier,"224, Delhi",Delhi,Delhi,717476,+918719918855,nehakumar@example.com,27ABCD1234E1Z5,ABCD1234E,200000,15,-127567,Amit Shah,Active,2024-01-15 10:00:00,2024-05-01 08:00:00
PTY-0123,COMP-0007,Vikram Singh Traders,Customer,"325, Surat",Surat,Gujarat,219565,+919278930366,vikramsingh@example.com,27ABCD1234E1Z5,ABCD1234E,200000,15,267640,Amit Shah,Active,2024-01-15 10:00:00,2024-05-01 08:00:00
PTY-0124,COMP-0007,Vikram Patel Suppliers,Customer,"89, Ahmedabad",Ahmedabad,Gujarat,731661,+917656570734,vikrampatel@example.com,27ABCD1234E1Z5,ABCD1234E,200000,15,103427,Rajesh Kumar,Active,2024-01-15 10:00:00,2024-05-01 08:00:00
PTY-0125,COMP-0007,Priya Kumar Distributors,Both,"326, Coimbatore",Coimbatore,Tamil Nadu,754858,+918388168801,priyakumar@example.com,27ABCD1234E1Z5,ABCD1234E,200000,30,337112,Rajesh Kumar,Active,2024-01-15 10:00:00,2024-05-01 08:00:00
PTY-0126,COMP-0007,Priya Sharma Suppliers,Both,"141, Mysore",Mysore,Karnataka,720148,+917241257421,priyasharma@example.com,27ABCD1234E1Z5,ABCD1234E,100000,45,417506,Rajesh Kumar,Active,2024-01-15 10:00:00,2024-05-01 08:00:00
PTY-0127,COMP-0007,Vikram Kumar Suppliers,Customer,"147, Bangalore",Bangalore,Karnataka,180458,+919768821397,vikramkumar@example.com,27ABCD1234E1Z5,ABCD1234E,50000,45,436048,Unassigned,Active,2024-01-15 10:00:00,2024-05-01 08:00:00
PTY-0128,COMP-0007,Neha Kumar Distributors,Supplier,"97, Bangalore",Bangalore,Karnataka,437145,+919598480273,nehakumar@example.com,27ABCD1234E1Z5,ABCD1234E,100000,45,-341750,Rajesh Kumar,Active,2024-01-15 10:00:00,2024-05-01 08:00:00
PTY-0129,COMP-0008,Vikram Sharma Distributors,Both,"146, Delhi",Delhi,Delhi,364236,+919819921250,vikramsharma@example.com,27ABCD1234E1Z5,ABCD1234E,200000,15,202670,Amit Shah,Active,2024-01-15 10:00:00,2024-05-01 08:00:00
PTY-0130,COMP-0008,Rajesh Gupta Distributors,Supplier,"340, Surat",Surat,Gujarat,510997,+917553843145,rajeshgupta@example.com,27ABCD1234E1Z5,ABCD1234E,200000,45,-366204,Rajesh Kumar,Active,2024-01-15 10:00:00,2024-05-01 08:00:00
PTY-0131,COMP-0008,Vikram Gupta Distributors,Customer,"425, Mysore",Mysore,Karnataka,874661,+919943832590,vikramgupta@example.com,27ABCD1234E1Z5,ABCD1234E,200000,15,368485,Unassigned,Active,2024-01-15 10:00:00,2024-05-01 08:00:00
PTY-0132,COMP-0008,Priya Gupta Suppliers,Supplier,"487, Delhi",Delhi,Delhi,324597,+918467729242,priyagupta@example.com,27ABCD1234E1Z5,ABCD1234E,100000,15,-94509,Rajesh Kumar,Active,2024-01-15 10:00:00,2024-05-01 08:00:00
PTY-0133,COMP-0008,Amit Patel Distributors,Customer,"277, Pune",Pune,Maharashtra,975686,+919261436148,amitpatel@example.com,27ABCD1234E1Z5,ABCD1234E,50000,45,404160,Amit Shah,Active,2024-01-15 10:00:00,2024-05-01 08:00:00
PTY-0134,COMP-0008,Neha Patel Traders,Customer,"426, Coimbatore",Coimbatore,Tamil Nadu,826501,+919683239935,nehapatel@example.com,27ABCD1234E1Z5,ABCD1234E,50000,45,94815,Amit Shah,Active,2024-01-15 10:00:00,2024-05-01 08:00:00
PTY-0135,COMP-0008,Rajesh Kumar Distributors,Supplier,"386, Delhi",Delhi,Delhi,884897,+918928130926,rajeshkumar@example.com,27ABCD1234E1Z5,ABCD1234E,50000,45,-149384,Rajesh Kumar,Active,2024-01-15 10:00:00,2024-05-01 08:00:00
PTY-0136,COMP-0008,Vikram Kumar Distributors,Both,"237, Surat",Surat,Gujarat,906814,+918210200352,vikramkumar@example.com,27ABCD1234E1Z5,ABCD1234E,100000,45,230999,Unassigned,Active,2024-01-15 10:00:00,2024-05-01 08:00:00
PTY-0137,COMP-0008,Priya Patel Traders,Supplier,"247, Ahmedabad",Ahmedabad,Gujarat,489244,+919381734362,priyapatel@example.com,27ABCD1234E1Z5,ABCD1234E,50000,45,-336162,Unassigned,Active,2024-01-15 10:00:00,2024-05-01 08:00:00
PTY-0138,COMP-0008,Rajesh Singh Suppliers,Supplier,"263, Mumbai",Mumbai,Maharashtra,254506,+918878930355,rajeshsingh@example.com,27ABCD1234E1Z5,ABCD1234E,50000,15,-474641,Amit Shah,Active,2024-01-15 10:00:00,2024-05-01 08:00:00
PTY-0139,COMP-0008,Vikram Sharma Distributors,Supplier,"121, Bangalore",Bangalore,Karnataka,504924,+917350492684,vikramsharma@example.com,27ABCD1234E1Z5,ABCD1234E,100000,15,-196063,Rajesh Kumar,Active,2024-01-15 10:00:00,2024-05-01 08:00:00
PTY-0140,COMP-0008,Vikram Sharma Traders,Customer,"470, Delhi",Delhi,Delhi,970068,+919029178475,vikramsharma@example.com,27ABCD1234E1Z5,ABCD1234E,200000,15,150407,Unassigned,Active,2024-01-15 10:00:00,2024-05-01 08:00:00
PTY-0141,COMP-0008,Priya Kumar Traders,Customer,"111, Chennai",Chennai,Tamil Nadu,975522,+917642181881,priyakumar@example.com,27ABCD1234E1Z5,ABCD1234E,200000,45,134177,Unassigned,Active,2024-01-15 10:00:00,2024-05-01 08:00:00
PTY-0142,COMP-0008,Neha Kumar Suppliers,Customer,"25, Pune",Pune,Maharashtra,350021,+918803136972,nehakumar@example.com,27ABCD1234E1Z5,ABCD1234E,200000,45,63883,Amit Shah,Active,2024-01-15 10:00:00,2024-05-01 08:00:00
PTY-0143,COMP-0008,Rajesh Sharma Distributors,Both,"124, Bangalore",Bangalore,Karnataka,853448,+917616657849,rajeshsharma@example.com,27ABCD1234E1Z5,ABCD1234E,100000,30,301490,Rajesh Kumar,Active,2024-01-15 10:00:00,2024-05-01 08:00:00
PTY-0144,COMP-0009,Vikram Sharma Distributors,Both,"54, Delhi",Delhi,Delhi,908977,+919499255738,vikramsharma@example.com,27ABCD1234E1Z5,ABCD1234E,200000,30,329387,Rajesh Kumar,Active,2024-01-15 10:00:00,2024-05-01 08:00:00
PTY-0145,COMP-0009,Rajesh Singh Traders,Both,"399, Coimbatore",Coimbatore,Tamil Nadu,817941,+918995540139,rajeshsingh@example.com,27ABCD1234E1Z5,ABCD1234E,200000,30,435360,Unassigned,Active,2024-01-15 10:00:00,2024-05-01 08:00:00
PTY-0146,COMP-0009,Amit Patel Traders,Supplier,"104, Nagpur",Nagpur,Maharashtra,145934,+917856716405,amitpatel@example.com,27ABCD1234E1Z5,ABCD1234E,50000,30,-153848,Amit Shah,Active,2024-01-15 10:00:00,2024-05-01 08:00:00
PTY-0147,COMP-0009,Neha Kumar Traders,Supplier,"332, Coimbatore",Coimbatore,Tamil Nadu,300386,+918228836941,nehakumar@example.com,27ABCD1234E1Z5,ABCD1234E,100000,15,-394941,Unassigned,Active,2024-01-15 10:00:00,2024-05-01 08:00:00
PTY-0148,COMP-0009,Vikram Singh Suppliers,Supplier,"226, Pune",Pune,Maharashtra,505426,+918456151216,vikramsingh@example.com,27ABCD1234E1Z5,ABCD1234E,50000,30,-389707,Unassigned,Active,2024-01-15 10:00:00,2024-05-01 08:00:00
PTY-0149,COMP-0009,Priya Singh Distributors,Customer,"41, Coimbatore",Coimbatore,Tamil Nadu,551524,+919587517187,priyasingh@example.com,27ABCD1234E1Z5,ABCD1234E,50000,45,222560,Amit Shah,Active,2024-01-15 10:00:00,2024-05-01 08:00:00
PTY-0150,COMP-0009,Vikram Sharma Suppliers,Both,"229, Pune",Pune,Maharashtra,731894,+918830154607,vikramsharma@example.com,27ABCD1234E1Z5,ABCD1234E,50000,45,160692,Amit Shah,Active,2024-01-15 10:00:00,2024-05-01 08:00:00
PTY-0151,COMP-0009,Vikram Kumar Distributors,Supplier,"141, Nagpur",Nagpur,Maharashtra,770532,+917246351029,vikramkumar@example.com,27ABCD1234E1Z5,ABCD1234E,50000,45,-228034,Unassigned,Active,2024-01-15 10:00:00,2024-05-01 08:00:00
PTY-0152,COMP-0009,Priya Singh Traders,Customer,"312, Chennai",Chennai,Tamil Nadu,811027,+918881937953,priyasingh@example.com,27ABCD1234E1Z5,ABCD1234E,50000,15,444947,Rajesh Kumar,Active,2024-01-15 10:00:00,2024-05-01 08:00:00
PTY-0153,COMP-0009,Amit Singh Traders,Both,"79, Delhi",Delhi,Delhi,812048,+918932402710,amitsingh@example.com,27ABCD1234E1Z5,ABCD1234E,100000,30,317243,Amit Shah,Active,2024-01-15 10:00:00,2024-05-01 08:00:00
PTY-0154,COMP-0009,Rajesh Gupta Suppliers,Supplier,"143, Surat",Surat,Gujarat,361736,+917487258103,rajeshgupta@example.com,27ABCD1234E1Z5,ABCD1234E,50000,45,-340556,Rajesh Kumar,Active,2024-01-15 10:00:00,2024-05-01 08:00:00
PTY-0155,COMP-0009,Priya Gupta Suppliers,Supplier,"229, Bangalore",Bangalore,Karnataka,324993,+919627992499,priyagupta@example.com,27ABCD1234E1Z5,ABCD1234E,100000,45,-369118,Amit Shah,Active,2024-01-15 10:00:00,2024-05-01 08:00:00
PTY-0156,COMP-0009,Amit Sharma Traders,Supplier,"366, Ahmedabad",Ahmedabad,Gujarat,566732,+917377058351,amitsharma@example.com,27ABCD1234E1Z5,ABCD1234E,200000,30,-471166,Unassigned,Active,2024-01-15 10:00:00,2024-05-01 08:00:00
PTY-0157,COMP-0009,Vikram Sharma Traders,Supplier,"364, Coimbatore",Coimbatore,Tamil Nadu,834233,+919738900744,vikramsharma@example.com,27ABCD1234E1Z5,ABCD1234E,50000,30,-373192,Unassigned,Active,2024-01-15 10:00:00,2024-05-01 08:00:00
PTY-0158,COMP-0009,Amit Sharma Suppliers,Customer,"185, Ahmedabad",Ahmedabad,Gujarat,680933,+919457912746,amitsharma@example.com,27ABCD1234E1Z5,ABCD1234E,100000,30,13780,Unassigned,Active,2024-01-15 10:00:00,2024-05-01 08:00:00
PTY-0159,COMP-0010,Priya Gupta Traders,Both,"85, Mumbai",Mumbai,Maharashtra,269834,+918385817349,priyagupta@example.com,27ABCD1234E1Z5,ABCD1234E,200000,15,159448,Amit Shah,Active,2024-01-15 10:00:00,2024-05-01 08:00:00
PTY-0160,COMP-0010,Neha Singh Distributors,Customer,"141, Pune",Pune,Maharashtra,231250,+919684450592,nehasingh@example.com,27ABCD1234E1Z5,ABCD1234E,100000,45,288799,Unassigned,Active,2024-01-15 10:00:00,2024-05-01 08:00:00
PTY-0161,COMP-0010,Rajesh Gupta Distributors,Customer,"369, Ahmedabad",Ahmedabad,Gujarat,734534,+918450065086,rajeshgupta@example.com,27ABCD1234E1Z5,ABCD1234E,200000,15,327406,Rajesh Kumar,Active,2024-01-15 10:00:00,2024-05-01 08:00:00
PTY-0162,COMP-0010,Rajesh Sharma Traders,Both,"293, Coimbatore",Coimbatore,Tamil Nadu,536822,+919654755464,rajeshsharma@example.com,27ABCD1234E1Z5,ABCD1234E,200000,15,402107,Amit Shah,Active,2024-01-15 10:00:00,2024-05-01 08:00:00
PTY-0163,COMP-0010,Neha Singh Distributors,Customer,"153, Delhi",Delhi,Delhi,575575,+917313416738,nehasingh@example.com,27ABCD1234E1Z5,ABCD1234E,200000,15,212909,Rajesh Kumar,Active,2024-01-15 10:00:00,2024-05-01 08:00:00
PTY-0164,COMP-0010,Priya Kumar Suppliers,Customer,"74, Mysore",Mysore,Karnataka,427766,+918371453454,priyakumar@example.com,27ABCD1234E1Z5,ABCD1234E,200000,30,318064,Amit Shah,Active,2024-01-15 10:00:00,2024-05-01 08:00:00
PTY-0165,COMP-0010,Amit Singh Traders,Supplier,"63, Chennai",Chennai,Tamil Nadu,380464,+918931000173,amitsingh@example.com,27ABCD1234E1Z5,ABCD1234E,50000,15,-244565,Rajesh Kumar,Active,2024-01-15 10:00:00,2024-05-01 08:00:00
PTY-0166,COMP-0010,Rajesh Singh Traders,Customer,"168, Mysore",Mysore,Karnataka,705748,+918343100352,rajeshsingh@example.com,27ABCD1234E1Z5,ABCD1234E,50000,15,426496,Amit Shah,Active,2024-01-15 10:00:00,2024-05-01 08:00:00
PTY-0167,COMP-0010,Neha Kumar Traders,Supplier,"484, Mysore",Mysore,Karnataka,512344,+919170867436,nehakumar@example.com,27ABCD1234E1Z5,ABCD1234E,100000,15,-47211,Rajesh Kumar,Active,2024-01-15 10:00:00,2024-05-01 08:00:00
PTY-0168,COMP-0010,Neha Singh Suppliers,Supplier,"452, Mumbai",Mumbai,Maharashtra,983791,+919810025457,nehasingh@example.com,27ABCD1234E1Z5,ABCD1234E,200000,30,-313271,Amit Shah,Active,2024-01-15 10:00:00,2024-05-01 08:00:00
PTY-0169,COMP-0010,Neha Sharma Suppliers,Customer,"188, Pune",Pune,Maharashtra,900961,+918731963069,nehasharma@example.com,27ABCD1234E1Z5,ABCD1234E,100000,15,381423,Amit Shah,Active,2024-01-15 10:00:00,2024-05-01 08:00:00
PTY-0170,COMP-0010,Rajesh Gupta Distributors,Supplier,"38, Chennai",Chennai,Tamil Nadu,505116,+919165761020,rajeshgupta@example.com,27ABCD1234E1Z5,ABCD1234E,100000,45,-151310,Amit Shah,Active,2024-01-15 10:00:00,2024-05-01 08:00:00
PTY-0171,COMP-0010,Neha Gupta Suppliers,Customer,"407, Mumbai",Mumbai,Maharashtra,455556,+919395869480,nehagupta@example.com,27ABCD1234E1Z5,ABCD1234E,100000,15,195663,Rajesh Kumar,Active,2024-01-15 10:00:00,2024-05-01 08:00:00
PTY-0172,COMP-0010,Neha Gupta Traders,Customer,"366, Bangalore",Bangalore,Karnataka,449218,+919034715642,nehagupta@example.com,27ABCD1234E1Z5,ABCD1234E,200000,30,71846,Rajesh Kumar,Active,2024-01-15 10:00:00,2024-05-01 08:00:00
PTY-0173,COMP-0010,Neha Gupta Suppliers,Both,"202, Surat",Surat,Gujarat,746447,+918285201700,nehagupta@example.com,27ABCD1234E1Z5,ABCD1234E,200000,30,85197,Unassigned,Active,2024-01-15 10:00:00,2024-05-01 08:00:00
PTY-0174,COMP-0010,Neha Gupta Traders,Supplier,"170, Mysore",Mysore,Karnataka,806537,+917470748124,nehagupta@example.com,27ABCD1234E1Z5,ABCD1234E,100000,45,-193125,Amit Shah,Active,2024-01-15 10:00:00,2024-05-01 08:00:00
PTY-0175,COMP-0010,Rajesh Gupta Distributors,Both,"117, Mysore",Mysore,Karnataka,856442,+917220568746,rajeshgupta@example.com,27ABCD1234E1Z5,ABCD1234E,200000,30,302846,Rajesh Kumar,Active,2024-01-15 10:00:00,2024-05-01 08:00:00
PTY-0176,COMP-0011,Amit Gupta Suppliers,Both,"193, Surat",Surat,Gujarat,428993,+917743812855,amitgupta@example.com,27ABCD1234E1Z5,ABCD1234E,100000,45,275501,Amit Shah,Active,2024-01-15 10:00:00,2024-05-01 08:00:00
PTY-0177,COMP-0011,Neha Singh Traders,Customer,"286, Delhi",Delhi,Delhi,412999,+917965796553,nehasingh@example.com,27ABCD1234E1Z5,ABCD1234E,100000,30,146279,Unassigned,Active,2024-01-15 10:00:00,2024-05-01 08:00:00
PTY-0178,COMP-0011,Amit Kumar Distributors,Supplier,"479, Delhi",Delhi,Delhi,934042,+918174491176,amitkumar@example.com,27ABCD1234E1Z5,ABCD1234E,100000,15,-489527,Unassigned,Active,2024-01-15 10:00:00,2024-05-01 08:00:00
PTY-0179,COMP-0011,Neha Kumar Suppliers,Customer,"148, Mysore",Mysore,Karnataka,848831,+917339428835,nehakumar@example.com,27ABCD1234E1Z5,ABCD1234E,100000,30,22054,Unassigned,Active,2024-01-15 10:00:00,2024-05-01 08:00:00
PTY-0180,COMP-0011,Vikram Kumar Suppliers,Both,"288, Ahmedabad",Ahmedabad,Gujarat,829988,+918166605339,vikramkumar@example.com,27ABCD1234E1Z5,ABCD1234E,50000,15,489173,Unassigned,Active,2024-01-15 10:00:00,2024-05-01 08:00:00
PTY-0181,COMP-0011,Neha Patel Distributors,Both,"327, Ahmedabad",Ahmedabad,Gujarat,344146,+917225447588,nehapatel@example.com,27ABCD1234E1Z5,ABCD1234E,50000,30,118316,Amit Shah,Active,2024-01-15 10:00:00,2024-05-01 08:00:00
PTY-0182,COMP-0011,Priya Sharma Traders,Both,"335, Ahmedabad",Ahmedabad,Gujarat,598807,+919050625761,priyasharma@example.com,27ABCD1234E1Z5,ABCD1234E,200000,15,213336,Amit Shah,Active,2024-01-15 10:00:00,2024-05-01 08:00:00
PTY-0183,COMP-0011,Vikram Singh Distributors,Both,"274, Mumbai",Mumbai,Maharashtra,874568,+917160194739,vikramsingh@example.com,27ABCD1234E1Z5,ABCD1234E,50000,30,121750,Rajesh Kumar,Active,2024-01-15 10:00:00,2024-05-01 08:00:00
PTY-0184,COMP-0011,Rajesh Kumar Suppliers,Both,"20, Bangalore",Bangalore,Karnataka,109717,+918281584789,rajeshkumar@example.com,27ABCD1234E1Z5,ABCD1234E,200000,45,459665,Rajesh Kumar,Active,2024-01-15 10:00:00,2024-05-01 08:00:00
PTY-0185,COMP-0011,Vikram Singh Distributors,Customer,"140, Mysore",Mysore,Karnataka,302177,+917483814153,vikramsingh@example.com,27ABCD1234E1Z5,ABCD1234E,100000,15,245377,Unassigned,Active,2024-01-15 10:00:00,2024-05-01 08:00:00
PTY-0186,COMP-0011,Priya Singh Suppliers,Both,"152, Ahmedabad",Ahmedabad,Gujarat,695361,+919896530837,priyasingh@example.com,27ABCD1234E1Z5,ABCD1234E,50000,15,414589,Unassigned,Active,2024-01-15 10:00:00,2024-05-01 08:00:00
PTY-0187,COMP-0011,Priya Kumar Suppliers,Customer,"49, Coimbatore",Coimbatore,Tamil Nadu,293757,+917603923411,priyakumar@example.com,27ABCD1234E1Z5,ABCD1234E,100000,30,350882,Rajesh Kumar,Active,2024-01-15 10:00:00,2024-05-01 08:00:00
PTY-0188,COMP-0011,Rajesh Singh Suppliers,Supplier,"155, Bangalore",Bangalore,Karnataka,710754,+919460489491,rajeshsingh@example.com,27ABCD1234E1Z5,ABCD1234E,50000,30,-172818,Unassigned,Active,2024-01-15 10:00:00,2024-05-01 08:00:00
PTY-0189,COMP-0011,Vikram Patel Suppliers,Customer,"82, Nagpur",Nagpur,Maharashtra,525110,+919946663769,vikrampatel@example.com,27ABCD1234E1Z5,ABCD1234E,200000,45,160854,Amit Shah,Active,2024-01-15 10:00:00,2024-05-01 08:00:00
PTY-0190,COMP-0011,Rajesh Singh Traders,Customer,"79, Delhi",Delhi,Delhi,577079,+919601628976,rajeshsingh@example.com,27ABCD1234E1Z5,ABCD1234E,100000,30,250705,Unassigned,Active,2024-01-15 10:00:00,2024-05-01 08:00:00
PTY-0191,COMP-0012,Neha Kumar Distributors,Customer,"251, Nagpur",Nagpur,Maharashtra,195359,+919192045446,nehakumar@example.com,27ABCD1234E1Z5,ABCD1234E,100000,15,305737,Amit Shah,Active,2024-01-15 10:00:00,2024-05-01 08:00:00
PTY-0192,COMP-0012,Amit Gupta Traders,Both,"237, Mysore",Mysore,Karnataka,805448,+918323578190,amitgupta@example.com,27ABCD1234E1Z5,ABCD1234E,200000,15,292970,Amit Shah,Active,2024-01-15 10:00:00,2024-05-01 08:00:00
PTY-0193,COMP-0012,Vikram Sharma Suppliers,Customer,"359, Ahmedabad",Ahmedabad,Gujarat,166857,+919324279536,vikramsharma@example.com,27ABCD1234E1Z5,ABCD1234E,50000,15,180632,Amit Shah,Active,2024-01-15 10:00:00,2024-05-01 08:00:00
PTY-0194,COMP-0012,Rajesh Singh Distributors,Customer,"331, Bangalore",Bangalore,Karnataka,540781,+918608297407,rajeshsingh@example.com,27ABCD1234E1Z5,ABCD1234E,100000,30,382357,Amit Shah,Active,2024-01-15 10:00:00,2024-05-01 08:00:00
PTY-0195,COMP-0012,Priya Sharma Suppliers,Both,"92, Chennai",Chennai,Tamil Nadu,663356,+918688173960,priyasharma@example.com,27ABCD1234E1Z5,ABCD1234E,200000,15,62197,Unassigned,Active,2024-01-15 10:00:00,2024-05-01 08:00:00
PTY-0196,COMP-0012,Amit Sharma Distributors,Supplier,"279, Pune",Pune,Maharashtra,544730,+919284637470,amitsharma@example.com,27ABCD1234E1Z5,ABCD1234E,100000,15,-377012,Rajesh Kumar,Active,2024-01-15 10:00:00,2024-05-01 08:00:00
PTY-0197,COMP-0012,Priya Singh Distributors,Customer,"58, Surat",Surat,Gujarat,133782,+919835527487,priyasingh@example.com,27ABCD1234E1Z5,ABCD1234E,100000,45,401337,Rajesh Kumar,Active,2024-01-15 10:00:00,2024-05-01 08:00:00
PTY-0198,COMP-0012,Amit Patel Traders,Both,"307, Mumbai",Mumbai,Maharashtra,804667,+917209063208,amitpatel@example.com,27ABCD1234E1Z5,ABCD1234E,50000,45,234063,Rajesh Kumar,Active,2024-01-15 10:00:00,2024-05-01 08:00:00
PTY-0199,COMP-0012,Priya Kumar Traders,Customer,"149, Ahmedabad",Ahmedabad,Gujarat,345536,+919474375067,priyakumar@example.com,27ABCD1234E1Z5,ABCD1234E,100000,45,264186,Unassigned,Active,2024-01-15 10:00:00,2024-05-01 08:00:00
PTY-0200,COMP-0012,Vikram Patel Distributors,Both,"212, Delhi",Delhi,Delhi,415098,+918181777110,vikrampatel@example.com,27ABCD1234E1Z5,ABCD1234E,50000,45,115890,Unassigned,Active,2024-01-15 10:00:00,2024-05-01 08:00:00
PTY-0201,COMP-0012,Amit Kumar Suppliers,Customer,"330, Coimbatore",Coimbatore,Tamil Nadu,803953,+918637046672,amitkumar@example.com,27ABCD1234E1Z5,ABCD1234E,200000,30,493662,Unassigned,Active,2024-01-15 10:00:00,2024-05-01 08:00:00
PTY-0202,COMP-0012,Priya Kumar Traders,Supplier,"276, Surat",Surat,Gujarat,596520,+918034950478,priyakumar@example.com,27ABCD1234E1Z5,ABCD1234E,50000,30,-395531,Unassigned,Active,2024-01-15 10:00:00,2024-05-01 08:00:00
PTY-0203,COMP-0012,Amit Kumar Suppliers,Supplier,"272, Nagpur",Nagpur,Maharashtra,240606,+918668247132,amitkumar@example.com,27ABCD1234E1Z5,ABCD1234E,50000,30,-292178,Rajesh Kumar,Active,2024-01-15 10:00:00,2024-05-01 08:00:00
PTY-0204,COMP-0012,Vikram Sharma Distributors,Customer,"425, Mysore",Mysore,Karnataka,299734,+917221348142,vikramsharma@example.com,27ABCD1234E1Z5,ABCD1234E,100000,30,379891,Unassigned,Active,2024-01-15 10:00:00,2024-05-01 08:00:00
PTY-0205,COMP-0012,Neha Gupta Distributors,Customer,"344, Mumbai",Mumbai,Maharashtra,685997,+917932078864,nehagupta@example.com,27ABCD1234E1Z5,ABCD1234E,100000,15,379744,Amit Shah,Active,2024-01-15 10:00:00,2024-05-01 08:00:00
PTY-0206,COMP-0012,Vikram Sharma Traders,Both,"387, Ahmedabad",Ahmedabad,Gujarat,602184,+918041929790,vikramsharma@example.com,27ABCD1234E1Z5,ABCD1234E,200000,45,391579,Unassigned,Active,2024-01-15 10:00:00,2024-05-01 08:00:00
PTY-0207,COMP-0012,Amit Kumar Suppliers,Supplier,"274, Surat",Surat,Gujarat,780233,+918543008060,amitkumar@example.com,27ABCD1234E1Z5,ABCD1234E,100000,30,-244449,Amit Shah,Active,2024-01-15 10:00:00,2024-05-01 08:00:00
PTY-0208,COMP-0012,Neha Kumar Suppliers,Both,"430, Bangalore",Bangalore,Karnataka,435788,+917872425923,nehakumar@example.com,27ABCD1234E1Z5,ABCD1234E,100000,30,399312,Amit Shah,Active,2024-01-15 10:00:00,2024-05-01 08:00:00
PTY-0209,COMP-0012,Rajesh Gupta Suppliers,Customer,"479, Ahmedabad",Ahmedabad,Gujarat,712401,+919487399910,rajeshgupta@example.com,27ABCD1234E1Z5,ABCD1234E,200000,30,290094,Amit Shah,Active,2024-01-15 10:00:00,2024-05-01 08:00:00
PTY-0210,COMP-0012,Amit Patel Distributors,Supplier,"126, Delhi",Delhi,Delhi,623555,+919364991672,amitpatel@example.com,27ABCD1234E1Z5,ABCD1234E,200000,45,-436922,Amit Shah,Active,2024-01-15 10:00:00,2024-05-01 08:00:00
PTY-0211,COMP-0013,Amit Sharma Distributors,Customer,"192, Ahmedabad",Ahmedabad,Gujarat,163386,+919653582116,amitsharma@example.com,27ABCD1234E1Z5,ABCD1234E,200000,45,239080,Unassigned,Active,2024-01-15 10:00:00,2024-05-01 08:00:00
PTY-0212,COMP-0013,Priya Kumar Distributors,Both,"7, Mumbai",Mumbai,Maharashtra,117538,+919273831457,priyakumar@example.com,27ABCD1234E1Z5,ABCD1234E,200000,30,215659,Unassigned,Active,2024-01-15 10:00:00,2024-05-01 08:00:00
PTY-0213,COMP-0013,Vikram Sharma Traders,Customer,"50, Coimbatore",Coimbatore,Tamil Nadu,649857,+917639509845,vikramsharma@example.com,27ABCD1234E1Z5,ABCD1234E,50000,15,481321,Unassigned,Active,2024-01-15 10:00:00,2024-05-01 08:00:00
PTY-0214,COMP-0013,Neha Singh Traders,Supplier,"492, Delhi",Delhi,Delhi,525750,+918971380304,nehasingh@example.com,27ABCD1234E1Z5,ABCD1234E,200000,15,-195586,Unassigned,Active,2024-01-15 10:00:00,2024-05-01 08:00:00
PTY-0215,COMP-0013,Amit Singh Traders,Both,"208, Nagpur",Nagpur,Maharashtra,497687,+918619930972,amitsingh@example.com,27ABCD1234E1Z5,ABCD1234E,200000,30,49021,Rajesh Kumar,Active,2024-01-15 10:00:00,2024-05-01 08:00:00
PTY-0216,COMP-0013,Rajesh Patel Distributors,Supplier,"170, Pune",Pune,Maharashtra,693343,+917409575959,rajeshpatel@example.com,27ABCD1234E1Z5,ABCD1234E,200000,15,-411239,Rajesh Kumar,Active,2024-01-15 10:00:00,2024-05-01 08:00:00
PTY-0217,COMP-0013,Amit Gupta Traders,Customer,"474, Mysore",Mysore,Karnataka,393992,+919332299091,amitgupta@example.com,27ABCD1234E1Z5,ABCD1234E,200000,45,358837,Rajesh Kumar,Active,2024-01-15 10:00:00,2024-05-01 08:00:00
PTY-0218,COMP-0013,Amit Singh Traders,Both,"421, Mumbai",Mumbai,Maharashtra,847332,+918710668371,amitsingh@example.com,27ABCD1234E1Z5,ABCD1234E,50000,30,394397,Rajesh Kumar,Active,2024-01-15 10:00:00,2024-05-01 08:00:00
PTY-0219,COMP-0013,Neha Patel Distributors,Both,"197, Coimbatore",Coimbatore,Tamil Nadu,892313,+917601083212,nehapatel@example.com,27ABCD1234E1Z5,ABCD1234E,200000,45,173921,Rajesh Kumar,Active,2024-01-15 10:00:00,2024-05-01 08:00:00
PTY-0220,COMP-0013,Neha Singh Traders,Supplier,"39, Mumbai",Mumbai,Maharashtra,457137,+919599179944,nehasingh@example.com,27ABCD1234E1Z5,ABCD1234E,200000,45,-439707,Amit Shah,Active,2024-01-15 10:00:00,2024-05-01 08:00:00
PTY-0221,COMP-0013,Vikram Sharma Traders,Supplier,"284, Delhi",Delhi,Delhi,493663,+918854772804,vikramsharma@example.com,27ABCD1234E1Z5,ABCD1234E,50000,45,-186547,Unassigned,Active,2024-01-15 10:00:00,2024-05-01 08:00:00
PTY-0222,COMP-0013,Priya Sharma Distributors,Customer,"43, Coimbatore",Coimbatore,Tamil Nadu,380989,+917662373991,priyasharma@example.com,27ABCD1234E1Z5,ABCD1234E,100000,45,38538,Unassigned,Active,2024-01-15 10:00:00,2024-05-01 08:00:00
PTY-0223,COMP-0013,Amit Kumar Traders,Customer,"483, Delhi",Delhi,Delhi,423241,+918910126009,amitkumar@example.com,27ABCD1234E1Z5,ABCD1234E,100000,30,2723,Rajesh Kumar,Active,2024-01-15 10:00:00,2024-05-01 08:00:00
PTY-0224,COMP-0013,Amit Sharma Distributors,Supplier,"263, Surat",Surat,Gujarat,527865,+917443639751,amitsharma@example.com,27ABCD1234E1Z5,ABCD1234E,50000,15,-290843,Amit Shah,Active,2024-01-15 10:00:00,2024-05-01 08:00:00
PTY-0225,COMP-0013,Neha Sharma Traders,Supplier,"212, Coimbatore",Coimbatore,Tamil Nadu,506637,+917363781647,nehasharma@example.com,27ABCD1234E1Z5,ABCD1234E,200000,45,-153012,Rajesh Kumar,Active,2024-01-15 10:00:00,2024-05-01 08:00:00
PTY-0226,COMP-0013,Neha Gupta Traders,Customer,"155, Surat",Surat,Gujarat,381444,+919117951204,nehagupta@example.com,27ABCD1234E1Z5,ABCD1234E,50000,15,140990,Rajesh Kumar,Active,2024-01-15 10:00:00,2024-05-01 08:00:00
PTY-0227,COMP-0013,Priya Singh Traders,Supplier,"129, Mysore",Mysore,Karnataka,358568,+919684499242,priyasingh@example.com,27ABCD1234E1Z5,ABCD1234E,100000,45,-189333,Unassigned,Active,2024-01-15 10:00:00,2024-05-01 08:00:00
PTY-0228,COMP-0014,Vikram Singh Suppliers,Supplier,"419, Bangalore",Bangalore,Karnataka,924040,+918687643539,vikramsingh@example.com,27ABCD1234E1Z5,ABCD1234E,100000,15,-146958,Unassigned,Active,2024-01-15 10:00:00,2024-05-01 08:00:00
PTY-0229,COMP-0014,Amit Gupta Distributors,Both,"488, Chennai",Chennai,Tamil Nadu,862538,+918982652348,amitgupta@example.com,27ABCD1234E1Z5,ABCD1234E,200000,15,14111,Amit Shah,Active,2024-01-15 10:00:00,2024-05-01 08:00:00
PTY-0230,COMP-0014,Vikram Sharma Distributors,Customer,"124, Mysore",Mysore,Karnataka,364955,+919828935922,vikramsharma@example.com,27ABCD1234E1Z5,ABCD1234E,50000,45,158771,Amit Shah,Active,2024-01-15 10:00:00,2024-05-01 08:00:00
PTY-0231,COMP-0014,Priya Sharma Suppliers,Both,"260, Mysore",Mysore,Karnataka,825309,+918796587803,priyasharma@example.com,27ABCD1234E1Z5,ABCD1234E,200000,15,280162,Amit Shah,Active,2024-01-15 10:00:00,2024-05-01 08:00:00
PTY-0232,COMP-0014,Neha Gupta Distributors,Customer,"182, Mumbai",Mumbai,Maharashtra,274418,+919778843173,nehagupta@example.com,27ABCD1234E1Z5,ABCD1234E,200000,15,348491,Unassigned,Active,2024-01-15 10:00:00,2024-05-01 08:00:00
PTY-0233,COMP-0014,Priya Singh Traders,Customer,"114, Bangalore",Bangalore,Karnataka,635482,+919228219449,priyasingh@example.com,27ABCD1234E1Z5,ABCD1234E,200000,45,135653,Unassigned,Active,2024-01-15 10:00:00,2024-05-01 08:00:00
PTY-0234,COMP-0014,Neha Patel Suppliers,Supplier,"348, Mysore",Mysore,Karnataka,717181,+919965405644,nehapatel@example.com,27ABCD1234E1Z5,ABCD1234E,200000,15,-404929,Amit Shah,Active,2024-01-15 10:00:00,2024-05-01 08:00:00
PTY-0235,COMP-0014,Rajesh Kumar Traders,Supplier,"426, Pune",Pune,Maharashtra,865618,+917608490241,rajeshkumar@example.com,27ABCD1234E1Z5,ABCD1234E,100000,30,-60853,Amit Shah,Active,2024-01-15 10:00:00,2024-05-01 08:00:00
PTY-0236,COMP-0014,Priya Patel Suppliers,Supplier,"225, Coimbatore",Coimbatore,Tamil Nadu,857065,+919992575455,priyapatel@example.com,27ABCD1234E1Z5,ABCD1234E,100000,30,-51182,Rajesh Kumar,Active,2024-01-15 10:00:00,2024-05-01 08:00:00
PTY-0237,COMP-0014,Vikram Sharma Distributors,Supplier,"347, Mumbai",Mumbai,Maharashtra,938913,+917705895455,vikramsharma@example.com,27ABCD1234E1Z5,ABCD1234E,200000,15,-57337,Unassigned,Active,2024-01-15 10:00:00,2024-05-01 08:00:00
PTY-0238,COMP-0014,Amit Gupta Suppliers,Both,"119, Surat",Surat,Gujarat,936507,+918739665472,amitgupta@example.com,27ABCD1234E1Z5,ABCD1234E,200000,15,242249,Rajesh Kumar,Active,2024-01-15 10:00:00,2024-05-01 08:00:00
PTY-0239,COMP-0014,Priya Kumar Traders,Both,"304, Nagpur",Nagpur,Maharashtra,550418,+918670036982,priyakumar@example.com,27ABCD1234E1Z5,ABCD1234E,50000,45,235706,Rajesh Kumar,Active,2024-01-15 10:00:00,2024-05-01 08:00:00
PTY-0240,COMP-0014,Amit Singh Distributors,Customer,"188, Nagpur",Nagpur,Maharashtra,441819,+917846427583,amitsingh@example.com,27ABCD1234E1Z5,ABCD1234E,100000,15,98020,Amit Shah,Active,2024-01-15 10:00:00,2024-05-01 08:00:00
PTY-0241,COMP-0014,Priya Gupta Suppliers,Both,"59, Delhi",Delhi,Delhi,464825,+918511763726,priyagupta@example.com,27ABCD1234E1Z5,ABCD1234E,100000,45,307759,Rajesh Kumar,Active,2024-01-15 10:00:00,2024-05-01 08:00:00
PTY-0242,COMP-0014,Vikram Gupta Traders,Both,"61, Chennai",Chennai,Tamil Nadu,350161,+918311597141,vikramgupta@example.com,27ABCD1234E1Z5,ABCD1234E,50000,15,164199,Amit Shah,Active,2024-01-15 10:00:00,2024-05-01 08:00:00
PTY-0243,COMP-0014,Amit Gupta Traders,Both,"197, Mysore",Mysore,Karnataka,543588,+917797806061,amitgupta@example.com,27ABCD1234E1Z5,ABCD1234E,100000,45,301363,Unassigned,Active,2024-01-15 10:00:00,2024-05-01 08:00:00
PTY-0244,COMP-0014,Amit Gupta Traders,Supplier,"162, Surat",Surat,Gujarat,982885,+918937034431,amitgupta@example.com,27ABCD1234E1Z5,ABCD1234E,200000,15,-98093,Amit Shah,Active,2024-01-15 10:00:00,2024-05-01 08:00:00
PTY-0245,COMP-0014,Rajesh Kumar Distributors,Supplier,"335, Ahmedabad",Ahmedabad,Gujarat,619013,+918757218651,rajeshkumar@example.com,27ABCD1234E1Z5,ABCD1234E,200000,30,-264995,Amit Shah,Active,2024-01-15 10:00:00,2024-05-01 08:00:00
PTY-0246,COMP-0014,Priya Kumar Traders,Both,"390, Ahmedabad",Ahmedabad,Gujarat,331241,+918254516608,priyakumar@example.com,27ABCD1234E1Z5,ABCD1234E,50000,30,417270,Rajesh Kumar,Active,2024-01-15 10:00:00,2024-05-01 08:00:00
PTY-0247,COMP-0014,Neha Singh Distributors,Both,"393, Surat",Surat,Gujarat,619373,+919361055973,nehasingh@example.com,27ABCD1234E1Z5,ABCD1234E,200000,15,405037,Unassigned,Active,2024-01-15 10:00:00,2024-05-01 08:00:00
PTY-0248,COMP-0014,Rajesh Singh Traders,Both,"369, Coimbatore",Coimbatore,Tamil Nadu,562806,+919346569443,rajeshsingh@example.com,27ABCD1234E1Z5,ABCD1234E,50000,30,398461,Rajesh Kumar,Active,2024-01-15 10:00:00,2024-05-01 08:00:00
PTY-0249,COMP-0015,Vikram Gupta Distributors,Supplier,"149, Delhi",Delhi,Delhi,700556,+918148229704,vikramgupta@example.com,27ABCD1234E1Z5,ABCD1234E,200000,45,-153424,Rajesh Kumar,Active,2024-01-15 10:00:00,2024-05-01 08:00:00
PTY-0250,COMP-0015,Amit Kumar Traders,Both,"444, Pune",Pune,Maharashtra,239136,+918072355594,amitkumar@example.com,27ABCD1234E1Z5,ABCD1234E,50000,45,367749,Amit Shah,Active,2024-01-15 10:00:00,2024-05-01 08:00:00
PTY-0251,COMP-0015,Amit Kumar Distributors,Both,"322, Bangalore",Bangalore,Karnataka,534346,+918611352885,amitkumar@example.com,27ABCD1234E1Z5,ABCD1234E,100000,15,140885,Unassigned,Active,2024-01-15 10:00:00,2024-05-01 08:00:00
PTY-0252,COMP-0015,Rajesh Kumar Suppliers,Both,"487, Coimbatore",Coimbatore,Tamil Nadu,611751,+918405696743,rajeshkumar@example.com,27ABCD1234E1Z5,ABCD1234E,200000,15,238391,Unassigned,Active,2024-01-15 10:00:00,2024-05-01 08:00:00
PTY-0253,COMP-0015,Rajesh Kumar Suppliers,Both,"496, Delhi",Delhi,Delhi,550513,+917909895115,rajeshkumar@example.com,27ABCD1234E1Z5,ABCD1234E,100000,30,114205,Amit Shah,Active,2024-01-15 10:00:00,2024-05-01 08:00:00
PTY-0254,COMP-0015,Vikram Singh Suppliers,Both,"176, Chennai",Chennai,Tamil Nadu,815707,+917207916194,vikramsingh@example.com,27ABCD1234E1Z5,ABCD1234E,50000,15,413298,Unassigned,Active,2024-01-15 10:00:00,2024-05-01 08:00:00
PTY-0255,COMP-0015,Priya Sharma Suppliers,Supplier,"491, Mumbai",Mumbai,Maharashtra,548580,+917868950062,priyasharma@example.com,27ABCD1234E1Z5,ABCD1234E,200000,15,-354,Unassigned,Active,2024-01-15 10:00:00,2024-05-01 08:00:00
PTY-0256,COMP-0015,Vikram Patel Suppliers,Both,"43, Delhi",Delhi,Delhi,489906,+919854043590,vikrampatel@example.com,27ABCD1234E1Z5,ABCD1234E,200000,15,131276,Rajesh Kumar,Active,2024-01-15 10:00:00,2024-05-01 08:00:00
PTY-0257,COMP-0015,Priya Singh Traders,Both,"49, Surat",Surat,Gujarat,101139,+917916636971,priyasingh@example.com,27ABCD1234E1Z5,ABCD1234E,100000,15,368940,Rajesh Kumar,Active,2024-01-15 10:00:00,2024-05-01 08:00:00
PTY-0258,COMP-0015,Neha Patel Traders,Customer,"176, Coimbatore",Coimbatore,Tamil Nadu,956800,+917517946362,nehapatel@example.com,27ABCD1234E1Z5,ABCD1234E,100000,45,364693,Rajesh Kumar,Active,2024-01-15 10:00:00,2024-05-01 08:00:00
PTY-0259,COMP-0015,Priya Sharma Distributors,Customer,"53, Surat",Surat,Gujarat,208214,+918345834347,priyasharma@example.com,27ABCD1234E1Z5,ABCD1234E,100000,30,422553,Rajesh Kumar,Active,2024-01-15 10:00:00,2024-05-01 08:00:00
PTY-0260,COMP-0015,Priya Patel Distributors,Both,"313, Ahmedabad",Ahmedabad,Gujarat,781595,+917704875220,priyapatel@example.com,27ABCD1234E1Z5,ABCD1234E,100000,30,4443,Unassigned,Active,2024-01-15 10:00:00,2024-05-01 08:00:00
PTY-0261,COMP-0015,Amit Patel Traders,Customer,"52, Mysore",Mysore,Karnataka,246814,+917528956230,amitpatel@example.com,27ABCD1234E1Z5,ABCD1234E,200000,45,470072,Amit Shah,Active,2024-01-15 10:00:00,2024-05-01 08:00:00
PTY-0262,COMP-0015,Vikram Kumar Suppliers,Customer,"44, Delhi",Delhi,Delhi,360221,+919376820435,vikramkumar@example.com,27ABCD1234E1Z5,ABCD1234E,200000,45,337966,Unassigned,Active,2024-01-15 10:00:00,2024-05-01 08:00:00
PTY-0263,COMP-0015,Neha Singh Traders,Supplier,"311, Nagpur",Nagpur,Maharashtra,634273,+917810230640,nehasingh@example.com,27ABCD1234E1Z5,ABCD1234E,200000,30,-271449,Amit Shah,Active,2024-01-15 10:00:00,2024-05-01 08:00:00
PTY-0264,COMP-0015,Rajesh Patel Traders,Customer,"327, Mysore",Mysore,Karnataka,722780,+917304994238,rajeshpatel@example.com,27ABCD1234E1Z5,ABCD1234E,200000,15,261925,Amit Shah,Active,2024-01-15 10:00:00,2024-05-01 08:00:00
PTY-0265,COMP-0015,Vikram Patel Distributors,Supplier,"89, Mysore",Mysore,Karnataka,899776,+919022992405,vikrampatel@example.com,27ABCD1234E1Z5,ABCD1234E,50000,15,-358058,Unassigned,Active,2024-01-15 10:00:00,2024-05-01 08:00:00
PTY-0266,COMP-0015,Rajesh Sharma Traders,Customer,"405, Delhi",Delhi,Delhi,517307,+919175875968,rajeshsharma@example.com,27ABCD1234E1Z5,ABCD1234E,100000,45,497381,Unassigned,Active,2024-01-15 10:00:00,2024-05-01 08:00:00
PTY-0267,COMP-0015,Neha Kumar Distributors,Customer,"276, Mysore",Mysore,Karnataka,745972,+917655757505,nehakumar@example.com,27ABCD1234E1Z5,ABCD1234E,100000,15,281314,Amit Shah,Active,2024-01-15 10:00:00,2024-05-01 08:00:00
PTY-0268,COMP-0015,Rajesh Gupta Suppliers,Both,"301, Ahmedabad",Ahmedabad,Gujarat,765105,+919791039531,rajeshgupta@example.com,27ABCD1234E1Z5,ABCD1234E,200000,45,204855,Rajesh Kumar,Active,2024-01-15 10:00:00,2024-05-01 08:00:00
PTY-0269,COMP-0015,Vikram Kumar Traders,Customer,"223, Ahmedabad",Ahmedabad,Gujarat,221620,+918947217245,vikramkumar@example.com,27ABCD1234E1Z5,ABCD1234E,200000,45,484771,Rajesh Kumar,Active,2024-01-15 10:00:00,2024-05-01 08:00:00
PTY-0270,COMP-0015,Vikram Patel Traders,Both,"6, Mumbai",Mumbai,Maharashtra,271790,+919132077306,vikrampatel@example.com,27ABCD1234E1Z5,ABCD1234E,100000,45,367787,Unassigned,Active,2024-01-15 10:00:00,2024-05-01 08:00:00
PTY-0271,COMP-0015,Vikram Patel Suppliers,Both,"454, Delhi",Delhi,Delhi,223791,+917126084156,vikrampatel@example.com,27ABCD1234E1Z5,ABCD1234E,100000,30,384269,Amit Shah,Active,2024-01-15 10:00:00,2024-05-01 08:00:00
PTY-0272,COMP-0015,Neha Sharma Suppliers,Supplier,"185, Delhi",Delhi,Delhi,158132,+919145808627,nehasharma@example.com,27ABCD1234E1Z5,ABCD1234E,200000,15,-267796,Amit Shah,Active,2024-01-15 10:00:00,2024-05-01 08:00:00
PTY-0273,COMP-0016,Vikram Patel Traders,Supplier,"191, Mysore",Mysore,Karnataka,225200,+919156249415,vikrampatel@example.com,27ABCD1234E1Z5,ABCD1234E,200000,15,-299649,Rajesh Kumar,Active,2024-01-15 10:00:00,2024-05-01 08:00:00
PTY-0274,COMP-0016,Amit Gupta Suppliers,Customer,"145, Pune",Pune,Maharashtra,911102,+918334436786,amitgupta@example.com,27ABCD1234E1Z5,ABCD1234E,100000,15,454050,Unassigned,Active,2024-01-15 10:00:00,2024-05-01 08:00:00
PTY-0275,COMP-0016,Priya Sharma Distributors,Supplier,"156, Delhi",Delhi,Delhi,875501,+919674551397,priyasharma@example.com,27ABCD1234E1Z5,ABCD1234E,50000,30,-411307,Amit Shah,Active,2024-01-15 10:00:00,2024-05-01 08:00:00
PTY-0276,COMP-0016,Neha Kumar Traders,Customer,"210, Ahmedabad",Ahmedabad,Gujarat,125071,+918000717686,nehakumar@example.com,27ABCD1234E1Z5,ABCD1234E,200000,30,488844,Unassigned,Active,2024-01-15 10:00:00,2024-05-01 08:00:00
PTY-0277,COMP-0016,Rajesh Singh Distributors,Supplier,"158, Nagpur",Nagpur,Maharashtra,208998,+917881303105,rajeshsingh@example.com,27ABCD1234E1Z5,ABCD1234E,200000,15,-381270,Amit Shah,Active,2024-01-15 10:00:00,2024-05-01 08:00:00
PTY-0278,COMP-0016,Priya Sharma Traders,Customer,"119, Surat",Surat,Gujarat,986575,+919232348845,priyasharma@example.com,27ABCD1234E1Z5,ABCD1234E,100000,45,483013,Amit Shah,Active,2024-01-15 10:00:00,2024-05-01 08:00:00
PTY-0279,COMP-0016,Priya Sharma Traders,Both,"420, Chennai",Chennai,Tamil Nadu,513507,+917321394470,priyasharma@example.com,27ABCD1234E1Z5,ABCD1234E,200000,45,334084,Rajesh Kumar,Active,2024-01-15 10:00:00,2024-05-01 08:00:00
PTY-0280,COMP-0016,Priya Patel Suppliers,Supplier,"411, Surat",Surat,Gujarat,512040,+918401239832,priyapatel@example.com,27ABCD1234E1Z5,ABCD1234E,100000,30,-485512,Amit Shah,Active,2024-01-15 10:00:00,2024-05-01 08:00:00
PTY-0281,COMP-0016,Amit Sharma Traders,Both,"55, Ahmedabad",Ahmedabad,Gujarat,272359,+918930874468,amitsharma@example.com,27ABCD1234E1Z5,ABCD1234E,100000,30,81479,Amit Shah,Active,2024-01-15 10:00:00,2024-05-01 08:00:00
PTY-0282,COMP-0016,Rajesh Gupta Suppliers,Supplier,"136, Delhi",Delhi,Delhi,993892,+917515024824,rajeshgupta@example.com,27ABCD1234E1Z5,ABCD1234E,50000,15,-242927,Unassigned,Active,2024-01-15 10:00:00,2024-05-01 08:00:00
PTY-0283,COMP-0016,Vikram Gupta Traders,Supplier,"365, Mumbai",Mumbai,Maharashtra,360276,+918527903519,vikramgupta@example.com,27ABCD1234E1Z5,ABCD1234E,100000,45,-47821,Rajesh Kumar,Active,2024-01-15 10:00:00,2024-05-01 08:00:00
PTY-0284,COMP-0016,Vikram Singh Suppliers,Supplier,"384, Ahmedabad",Ahmedabad,Gujarat,676843,+918073108894,vikramsingh@example.com,27ABCD1234E1Z5,ABCD1234E,50000,30,-291479,Rajesh Kumar,Active,2024-01-15 10:00:00,2024-05-01 08:00:00
PTY-0285,COMP-0016,Amit Sharma Traders,Customer,"422, Mumbai",Mumbai,Maharashtra,520040,+918598757527,amitsharma@example.com,27ABCD1234E1Z5,ABCD1234E,200000,45,103878,Unassigned,Active,2024-01-15 10:00:00,2024-05-01 08:00:00
PTY-0286,COMP-0016,Rajesh Gupta Traders,Customer,"102, Coimbatore",Coimbatore,Tamil Nadu,777366,+918904523027,rajeshgupta@example.com,27ABCD1234E1Z5,ABCD1234E,50000,15,33801,Amit Shah,Active,2024-01-15 10:00:00,2024-05-01 08:00:00
PTY-0287,COMP-0016,Rajesh Sharma Distributors,Customer,"421, Bangalore",Bangalore,Karnataka,859620,+918696506450,rajeshsharma@example.com,27ABCD1234E1Z5,ABCD1234E,100000,15,227098,Amit Shah,Active,2024-01-15 10:00:00,2024-05-01 08:00:00
PTY-0288,COMP-0016,Priya Patel Suppliers,Customer,"229, Delhi",Delhi,Delhi,255851,+917148818209,priyapatel@example.com,27ABCD1234E1Z5,ABCD1234E,200000,45,146724,Unassigned,Active,2024-01-15 10:00:00,2024-05-01 08:00:00
PTY-0289,COMP-0016,Amit Singh Suppliers,Both,"45, Mysore",Mysore,Karnataka,393366,+918645038111,amitsingh@example.com,27ABCD1234E1Z5,ABCD1234E,50000,30,31970,Rajesh Kumar,Active,2024-01-15 10:00:00,2024-05-01 08:00:00
PTY-0290,COMP-0016,Neha Patel Distributors,Supplier,"246, Chennai",Chennai,Tamil Nadu,670968,+919081682554,nehapatel@example.com,27ABCD1234E1Z5,ABCD1234E,100000,45,-188278,Unassigned,Active,2024-01-15 10:00:00,2024-05-01 08:00:00
PTY-0291,COMP-0017,Priya Singh Distributors,Customer,"413, Ahmedabad",Ahmedabad,Gujarat,873959,+919996283266,priyasingh@example.com,27ABCD1234E1Z5,ABCD1234E,100000,45,166725,Rajesh Kumar,Active,2024-01-15 10:00:00,2024-05-01 08:00:00
PTY-0292,COMP-0017,Vikram Gupta Traders,Both,"415, Chennai",Chennai,Tamil Nadu,616137,+919328407443,vikramgupta@example.com,27ABCD1234E1Z5,ABCD1234E,100000,15,438670,Amit Shah,Active,2024-01-15 10:00:00,2024-05-01 08:00:00
PTY-0293,COMP-0017,Rajesh Sharma Traders,Both,"270, Mumbai",Mumbai,Maharashtra,601207,+917002935589,rajeshsharma@example.com,27ABCD1234E1Z5,ABCD1234E,100000,45,10448,Rajesh Kumar,Active,2024-01-15 10:00:00,2024-05-01 08:00:00
PTY-0294,COMP-0017,Amit Singh Traders,Customer,"301, Surat",Surat,Gujarat,838927,+917608393560,amitsingh@example.com,27ABCD1234E1Z5,ABCD1234E,50000,45,77443,Amit Shah,Active,2024-01-15 10:00:00,2024-05-01 08:00:00
PTY-0295,COMP-0017,Rajesh Singh Suppliers,Supplier,"70, Bangalore",Bangalore,Karnataka,265154,+918876335418,rajeshsingh@example.com,27ABCD1234E1Z5,ABCD1234E,200000,30,-169136,Unassigned,Active,2024-01-15 10:00:00,2024-05-01 08:00:00
PTY-0296,COMP-0017,Vikram Patel Distributors,Customer,"418, Coimbatore",Coimbatore,Tamil Nadu,283869,+918625147377,vikrampatel@example.com,27ABCD1234E1Z5,ABCD1234E,100000,45,308779,Unassigned,Active,2024-01-15 10:00:00,2024-05-01 08:00:00
PTY-0297,COMP-0017,Vikram Patel Distributors,Both,"436, Ahmedabad",Ahmedabad,Gujarat,908274,+919437319900,vikrampatel@example.com,27ABCD1234E1Z5,ABCD1234E,50000,15,205311,Unassigned,Active,2024-01-15 10:00:00,2024-05-01 08:00:00
PTY-0298,COMP-0017,Vikram Gupta Traders,Supplier,"382, Ahmedabad",Ahmedabad,Gujarat,181586,+918022184735,vikramgupta@example.com,27ABCD1234E1Z5,ABCD1234E,100000,30,-173627,Rajesh Kumar,Active,2024-01-15 10:00:00,2024-05-01 08:00:00
PTY-0299,COMP-0017,Rajesh Singh Traders,Supplier,"355, Bangalore",Bangalore,Karnataka,171087,+918505305132,rajeshsingh@example.com,27ABCD1234E1Z5,ABCD1234E,100000,15,-130831,Unassigned,Active,2024-01-15 10:00:00,2024-05-01 08:00:00
PTY-0300,COMP-0017,Rajesh Sharma Suppliers,Both,"453, Mysore",Mysore,Karnataka,534130,+919117771015,rajeshsharma@example.com,27ABCD1234E1Z5,ABCD1234E,100000,30,87209,Unassigned,Active,2024-01-15 10:00:00,2024-05-01 08:00:00
PTY-0301,COMP-0017,Priya Sharma Suppliers,Customer,"410, Bangalore",Bangalore,Karnataka,986846,+917143506818,priyasharma@example.com,27ABCD1234E1Z5,ABCD1234E,100000,15,38644,Amit Shah,Active,2024-01-15 10:00:00,2024-05-01 08:00:00
PTY-0302,COMP-0017,Vikram Sharma Suppliers,Customer,"375, Pune",Pune,Maharashtra,178645,+919349545786,vikramsharma@example.com,27ABCD1234E1Z5,ABCD1234E,50000,30,84360,Unassigned,Active,2024-01-15 10:00:00,2024-05-01 08:00:00
PTY-0303,COMP-0017,Neha Kumar Traders,Both,"456, Pune",Pune,Maharashtra,555292,+917674755608,nehakumar@example.com,27ABCD1234E1Z5,ABCD1234E,50000,15,318409,Amit Shah,Active,2024-01-15 10:00:00,2024-05-01 08:00:00
PTY-0304,COMP-0017,Amit Patel Suppliers,Both,"122, Mysore",Mysore,Karnataka,200575,+917213182609,amitpatel@example.com,27ABCD1234E1Z5,ABCD1234E,100000,45,155923,Unassigned,Active,2024-01-15 10:00:00,2024-05-01 08:00:00
PTY-0305,COMP-0017,Priya Patel Suppliers,Customer,"151, Pune",Pune,Maharashtra,963918,+919843355206,priyapatel@example.com,27ABCD1234E1Z5,ABCD1234E,200000,45,45942,Amit Shah,Active,2024-01-15 10:00:00,2024-05-01 08:00:00
PTY-0306,COMP-0017,Amit Sharma Distributors,Customer,"42, Mumbai",Mumbai,Maharashtra,596574,+917496107065,amitsharma@example.com,27ABCD1234E1Z5,ABCD1234E,100000,30,152993,Amit Shah,Active,2024-01-15 10:00:00,2024-05-01 08:00:00
PTY-0307,COMP-0017,Priya Singh Suppliers,Both,"190, Nagpur",Nagpur,Maharashtra,499974,+918586568081,priyasingh@example.com,27ABCD1234E1Z5,ABCD1234E,50000,30,96931,Rajesh Kumar,Active,2024-01-15 10:00:00,2024-05-01 08:00:00
PTY-0308,COMP-0017,Vikram Kumar Suppliers,Customer,"32, Mysore",Mysore,Karnataka,258471,+919991319958,vikramkumar@example.com,27ABCD1234E1Z5,ABCD1234E,200000,15,295827,Rajesh Kumar,Active,2024-01-15 10:00:00,2024-05-01 08:00:00
PTY-0309,COMP-0017,Vikram Gupta Traders,Both,"199, Bangalore",Bangalore,Karnataka,958160,+919244473790,vikramgupta@example.com,27ABCD1234E1Z5,ABCD1234E,100000,45,440819,Unassigned,Active,2024-01-15 10:00:00,2024-05-01 08:00:00
PTY-0310,COMP-0017,Priya Gupta Traders,Supplier,"463, Surat",Surat,Gujarat,995420,+917149157745,priyagupta@example.com,27ABCD1234E1Z5,ABCD1234E,200000,45,-206991,Unassigned,Active,2024-01-15 10:00:00,2024-05-01 08:00:00
PTY-0311,COMP-0017,Neha Gupta Traders,Supplier,"86, Ahmedabad",Ahmedabad,Gujarat,322182,+917827752234,nehagupta@example.com,27ABCD1234E1Z5,ABCD1234E,50000,15,-497581,Amit Shah,Active,2024-01-15 10:00:00,2024-05-01 08:00:00
PTY-0312,COMP-0017,Rajesh Kumar Suppliers,Both,"467, Ahmedabad",Ahmedabad,Gujarat,862422,+917287814151,rajeshkumar@example.com,27ABCD1234E1Z5,ABCD1234E,50000,30,167640,Unassigned,Active,2024-01-15 10:00:00,2024-05-01 08:00:00
PTY-0313,COMP-0017,Priya Gupta Suppliers,Both,"448, Delhi",Delhi,Delhi,112964,+919676013419,priyagupta@example.com,27ABCD1234E1Z5,ABCD1234E,200000,45,480856,Amit Shah,Active,2024-01-15 10:00:00,2024-05-01 08:00:00
PTY-0314,COMP-0017,Rajesh Kumar Distributors,Both,"389, Ahmedabad",Ahmedabad,Gujarat,205071,+917453698094,rajeshkumar@example.com,27ABCD1234E1Z5,ABCD1234E,200000,15,305490,Amit Shah,Active,2024-01-15 10:00:00,2024-05-01 08:00:00
PTY-0315,COMP-0018,Vikram Singh Suppliers,Supplier,"432, Pune",Pune,Maharashtra,615500,+919990082548,vikramsingh@example.com,27ABCD1234E1Z5,ABCD1234E,200000,15,-146982,Rajesh Kumar,Active,2024-01-15 10:00:00,2024-05-01 08:00:00
PTY-0316,COMP-0018,Amit Singh Distributors,Supplier,"310, Mysore",Mysore,Karnataka,776913,+917383484123,amitsingh@example.com,27ABCD1234E1Z5,ABCD1234E,50000,30,-218508,Rajesh Kumar,Active,2024-01-15 10:00:00,2024-05-01 08:00:00
PTY-0317,COMP-0018,Priya Kumar Distributors,Customer,"82, Coimbatore",Coimbatore,Tamil Nadu,168804,+918336263518,priyakumar@example.com,27ABCD1234E1Z5,ABCD1234E,200000,45,414968,Amit Shah,Active,2024-01-15 10:00:00,2024-05-01 08:00:00
PTY-0318,COMP-0018,Amit Gupta Traders,Customer,"427, Chennai",Chennai,Tamil Nadu,310477,+917247508299,amitgupta@example.com,27ABCD1234E1Z5,ABCD1234E,50000,15,458846,Amit Shah,Active,2024-01-15 10:00:00,2024-05-01 08:00:00
PTY-0319,COMP-0018,Rajesh Singh Suppliers,Supplier,"204, Surat",Surat,Gujarat,766275,+917532029870,rajeshsingh@example.com,27ABCD1234E1Z5,ABCD1234E,200000,15,-264831,Rajesh Kumar,Active,2024-01-15 10:00:00,2024-05-01 08:00:00
PTY-0320,COMP-0018,Vikram Kumar Suppliers,Customer,"283, Coimbatore",Coimbatore,Tamil Nadu,466749,+918478538226,vikramkumar@example.com,27ABCD1234E1Z5,ABCD1234E,50000,30,307694,Unassigned,Active,2024-01-15 10:00:00,2024-05-01 08:00:00
PTY-0321,COMP-0018,Rajesh Singh Traders,Customer,"293, Pune",Pune,Maharashtra,917711,+917920491305,rajeshsingh@example.com,27ABCD1234E1Z5,ABCD1234E,50000,45,447648,Rajesh Kumar,Active,2024-01-15 10:00:00,2024-05-01 08:00:00
PTY-0322,COMP-0018,Amit Singh Traders,Both,"467, Bangalore",Bangalore,Karnataka,238741,+919780439666,amitsingh@example.com,27ABCD1234E1Z5,ABCD1234E,50000,45,248563,Rajesh Kumar,Active,2024-01-15 10:00:00,2024-05-01 08:00:00
PTY-0323,COMP-0018,Amit Singh Distributors,Both,"141, Coimbatore",Coimbatore,Tamil Nadu,544393,+918616949739,amitsingh@example.com,27ABCD1234E1Z5,ABCD1234E,100000,30,336981,Amit Shah,Active,2024-01-15 10:00:00,2024-05-01 08:00:00
PTY-0324,COMP-0018,Amit Kumar Traders,Both,"262, Delhi",Delhi,Delhi,794530,+918607304606,amitkumar@example.com,27ABCD1234E1Z5,ABCD1234E,200000,45,3852,Unassigned,Active,2024-01-15 10:00:00,2024-05-01 08:00:00
PTY-0325,COMP-0018,Neha Singh Traders,Supplier,"142, Delhi",Delhi,Delhi,771712,+918396453077,nehasingh@example.com,27ABCD1234E1Z5,ABCD1234E,100000,30,-176309,Unassigned,Active,2024-01-15 10:00:00,2024-05-01 08:00:00
PTY-0326,COMP-0018,Vikram Patel Distributors,Customer,"339, Ahmedabad",Ahmedabad,Gujarat,435109,+919923823693,vikrampatel@example.com,27ABCD1234E1Z5,ABCD1234E,50000,45,211863,Rajesh Kumar,Active,2024-01-15 10:00:00,2024-05-01 08:00:00
PTY-0327,COMP-0018,Priya Singh Suppliers,Supplier,"19, Delhi",Delhi,Delhi,711344,+919456903534,priyasingh@example.com,27ABCD1234E1Z5,ABCD1234E,50000,30,-386259,Unassigned,Active,2024-01-15 10:00:00,2024-05-01 08:00:00
PTY-0328,COMP-0018,Amit Gupta Suppliers,Both,"88, Mysore",Mysore,Karnataka,981473,+919824433548,amitgupta@example.com,27ABCD1234E1Z5,ABCD1234E,200000,15,443243,Amit Shah,Active,2024-01-15 10:00:00,2024-05-01 08:00:00
PTY-0329,COMP-0018,Rajesh Kumar Distributors,Both,"468, Surat",Surat,Gujarat,291961,+919919342370,rajeshkumar@example.com,27ABCD1234E1Z5,ABCD1234E,100000,45,399988,Rajesh Kumar,Active,2024-01-15 10:00:00,2024-05-01 08:00:00
PTY-0330,COMP-0018,Amit Singh Suppliers,Supplier,"134, Surat",Surat,Gujarat,714015,+918262939955,amitsingh@example.com,27ABCD1234E1Z5,ABCD1234E,100000,15,-194868,Amit Shah,Active,2024-01-15 10:00:00,2024-05-01 08:00:00
PTY-0331,COMP-0018,Rajesh Gupta Traders,Supplier,"62, Chennai",Chennai,Tamil Nadu,813763,+918639256813,rajeshgupta@example.com,27ABCD1234E1Z5,ABCD1234E,200000,30,-262394,Amit Shah,Active,2024-01-15 10:00:00,2024-05-01 08:00:00
PTY-0332,COMP-0018,Rajesh Patel Suppliers,Supplier,"458, Ahmedabad",Ahmedabad,Gujarat,579798,+917615143045,rajeshpatel@example.com,27ABCD1234E1Z5,ABCD1234E,100000,45,-298531,Rajesh Kumar,Active,2024-01-15 10:00:00,2024-05-01 08:00:00
PTY-0333,COMP-0018,Rajesh Kumar Distributors,Supplier,"3, Delhi",Delhi,Delhi,574012,+918174793230,rajeshkumar@example.com,27ABCD1234E1Z5,ABCD1234E,50000,15,-30415,Unassigned,Active,2024-01-15 10:00:00,2024-05-01 08:00:00
PTY-0334,COMP-0018,Amit Kumar Suppliers,Both,"220, Mumbai",Mumbai,Maharashtra,522988,+918842650262,amitkumar@example.com,27ABCD1234E1Z5,ABCD1234E,100000,30,332129,Rajesh Kumar,Active,2024-01-15 10:00:00,2024-05-01 08:00:00
PTY-0335,COMP-0018,Rajesh Gupta Suppliers,Customer,"427, Surat",Surat,Gujarat,656829,+917818520766,rajeshgupta@example.com,27ABCD1234E1Z5,ABCD1234E,50000,45,396806,Rajesh Kumar,Active,2024-01-15 10:00:00,2024-05-01 08:00:00
PTY-0336,COMP-0018,Amit Patel Traders,Customer,"258, Delhi",Delhi,Delhi,717265,+918314754322,amitpatel@example.com,27ABCD1234E1Z5,ABCD1234E,50000,15,201090,Rajesh Kumar,Active,2024-01-15 10:00:00,2024-05-01 08:00:00
PTY-0337,COMP-0019,Neha Patel Distributors,Both,"20, Pune",Pune,Maharashtra,493417,+919750158124,nehapatel@example.com,27ABCD1234E1Z5,ABCD1234E,100000,45,415302,Unassigned,Active,2024-01-15 10:00:00,2024-05-01 08:00:00
PTY-0338,COMP-0019,Rajesh Gupta Distributors,Customer,"11, Nagpur",Nagpur,Maharashtra,150578,+919962452613,rajeshgupta@example.com,27ABCD1234E1Z5,ABCD1234E,50000,30,438367,Amit Shah,Active,2024-01-15 10:00:00,2024-05-01 08:00:00
PTY-0339,COMP-0019,Priya Sharma Distributors,Supplier,"106, Coimbatore",Coimbatore,Tamil Nadu,828961,+919945230984,priyasharma@example.com,27ABCD1234E1Z5,ABCD1234E,200000,15,-80282,Amit Shah,Active,2024-01-15 10:00:00,2024-05-01 08:00:00
PTY-0340,COMP-0019,Priya Sharma Distributors,Both,"71, Coimbatore",Coimbatore,Tamil Nadu,539170,+917450603215,priyasharma@example.com,27ABCD1234E1Z5,ABCD1234E,200000,45,367382,Unassigned,Active,2024-01-15 10:00:00,2024-05-01 08:00:00
PTY-0341,COMP-0019,Rajesh Singh Traders,Supplier,"103, Mumbai",Mumbai,Maharashtra,915749,+918129550258,rajeshsingh@example.com,27ABCD1234E1Z5,ABCD1234E,200000,15,-319292,Amit Shah,Active,2024-01-15 10:00:00,2024-05-01 08:00:00
PTY-0342,COMP-0019,Priya Singh Suppliers,Both,"107, Ahmedabad",Ahmedabad,Gujarat,821634,+919064435929,priyasingh@example.com,27ABCD1234E1Z5,ABCD1234E,100000,15,477289,Rajesh Kumar,Active,2024-01-15 10:00:00,2024-05-01 08:00:00
PTY-0343,COMP-0019,Rajesh Sharma Suppliers,Both,"487, Nagpur",Nagpur,Maharashtra,194458,+919197757742,rajeshsharma@example.com,27ABCD1234E1Z5,ABCD1234E,50000,45,78194,Unassigned,Active,2024-01-15 10:00:00,2024-05-01 08:00:00
PTY-0344,COMP-0019,Rajesh Singh Suppliers,Supplier,"26, Surat",Surat,Gujarat,204657,+917750338556,rajeshsingh@example.com,27ABCD1234E1Z5,ABCD1234E,50000,30,-243415,Amit Shah,Active,2024-01-15 10:00:00,2024-05-01 08:00:00
PTY-0345,COMP-0019,Vikram Kumar Traders,Customer,"71, Mumbai",Mumbai,Maharashtra,795578,+919779696951,vikramkumar@example.com,27ABCD1234E1Z5,ABCD1234E,50000,30,446692,Amit Shah,Active,2024-01-15 10:00:00,2024-05-01 08:00:00
PTY-0346,COMP-0019,Priya Gupta Suppliers,Supplier,"59, Delhi",Delhi,Delhi,520245,+918719061621,priyagupta@example.com,27ABCD1234E1Z5,ABCD1234E,100000,30,-95876,Amit Shah,Active,2024-01-15 10:00:00,2024-05-01 08:00:00
PTY-0347,COMP-0019,Priya Kumar Distributors,Customer,"31, Ahmedabad",Ahmedabad,Gujarat,985364,+917684598046,priyakumar@example.com,27ABCD1234E1Z5,ABCD1234E,50000,30,380848,Unassigned,Active,2024-01-15 10:00:00,2024-05-01 08:00:00
PTY-0348,COMP-0019,Priya Gupta Suppliers,Both,"184, Bangalore",Bangalore,Karnataka,741055,+917123764767,priyagupta@example.com,27ABCD1234E1Z5,ABCD1234E,200000,45,408506,Rajesh Kumar,Active,2024-01-15 10:00:00,2024-05-01 08:00:00
PTY-0349,COMP-0019,Priya Kumar Traders,Supplier,"134, Pune",Pune,Maharashtra,786789,+918349641712,priyakumar@example.com,27ABCD1234E1Z5,ABCD1234E,50000,45,-33206,Unassigned,Active,2024-01-15 10:00:00,2024-05-01 08:00:00
PTY-0350,COMP-0019,Neha Gupta Suppliers,Both,"268, Chennai",Chennai,Tamil Nadu,821673,+919655316364,nehagupta@example.com,27ABCD1234E1Z5,ABCD1234E,50000,30,272157,Unassigned,Active,2024-01-15 10:00:00,2024-05-01 08:00:00
PTY-0351,COMP-0019,Amit Kumar Distributors,Customer,"314, Delhi",Delhi,Delhi,157216,+917050014313,amitkumar@example.com,27ABCD1234E1Z5,ABCD1234E,200000,15,467697,Unassigned,Active,2024-01-15 10:00:00,2024-05-01 08:00:00
PTY-0352,COMP-0019,Priya Kumar Suppliers,Supplier,"170, Ahmedabad",Ahmedabad,Gujarat,391668,+917216254664,priyakumar@example.com,27ABCD1234E1Z5,ABCD1234E,200000,15,-126296,Unassigned,Active,2024-01-15 10:00:00,2024-05-01 08:00:00
PTY-0353,COMP-0019,Priya Kumar Suppliers,Supplier,"294, Ahmedabad",Ahmedabad,Gujarat,569865,+917378042415,priyakumar@example.com,27ABCD1234E1Z5,ABCD1234E,100000,30,-420091,Amit Shah,Active,2024-01-15 10:00:00,2024-05-01 08:00:00
PTY-0354,COMP-0019,Rajesh Kumar Suppliers,Supplier,"286, Mumbai",Mumbai,Maharashtra,675771,+917000728926,rajeshkumar@example.com,27ABCD1234E1Z5,ABCD1234E,50000,45,-18786,Unassigned,Active,2024-01-15 10:00:00,2024-05-01 08:00:00
PTY-0355,COMP-0019,Vikram Gupta Distributors,Both,"487, Chennai",Chennai,Tamil Nadu,457411,+918560544045,vikramgupta@example.com,27ABCD1234E1Z5,ABCD1234E,50000,15,239184,Amit Shah,Active,2024-01-15 10:00:00,2024-05-01 08:00:00
PTY-0356,COMP-0019,Vikram Gupta Distributors,Both,"367, Coimbatore",Coimbatore,Tamil Nadu,574514,+917489726608,vikramgupta@example.com,27ABCD1234E1Z5,ABCD1234E,50000,45,190470,Rajesh Kumar,Active,2024-01-15 10:00:00,2024-05-01 08:00:00
PTY-0357,COMP-0019,Rajesh Singh Distributors,Both,"360, Delhi",Delhi,Delhi,211486,+917196615480,rajeshsingh@example.com,27ABCD1234E1Z5,ABCD1234E,50000,30,196026,Rajesh Kumar,Active,2024-01-15 10:00:00,2024-05-01 08:00:00
PTY-0358,COMP-0019,Priya Sharma Traders,Customer,"437, Delhi",Delhi,Delhi,511981,+917925949882,priyasharma@example.com,27ABCD1234E1Z5,ABCD1234E,100000,15,487701,Unassigned,Active,2024-01-15 10:00:00,2024-05-01 08:00:00
PTY-0359,COMP-0019,Vikram Sharma Distributors,Both,"64, Bangalore",Bangalore,Karnataka,909652,+918934902523,vikramsharma@example.com,27ABCD1234E1Z5,ABCD1234E,100000,45,308706,Unassigned,Active,2024-01-15 10:00:00,2024-05-01 08:00:00
PTY-0360,COMP-0019,Neha Patel Distributors,Both,"284, Bangalore",Bangalore,Karnataka,553834,+919513074317,nehapatel@example.com,27ABCD1234E1Z5,ABCD1234E,100000,45,25465,Rajesh Kumar,Active,2024-01-15 10:00:00,2024-05-01 08:00:00
PTY-0361,COMP-0020,Neha Singh Distributors,Both,"284, Coimbatore",Coimbatore,Tamil Nadu,763311,+917933479178,nehasingh@example.com,27ABCD1234E1Z5,ABCD1234E,50000,15,490477,Unassigned,Active,2024-01-15 10:00:00,2024-05-01 08:00:00
PTY-0362,COMP-0020,Vikram Singh Distributors,Both,"327, Ahmedabad",Ahmedabad,Gujarat,438041,+917495661785,vikramsingh@example.com,27ABCD1234E1Z5,ABCD1234E,100000,45,364019,Amit Shah,Active,2024-01-15 10:00:00,2024-05-01 08:00:00
PTY-0363,COMP-0020,Neha Gupta Traders,Supplier,"55, Mysore",Mysore,Karnataka,126499,+918635825546,nehagupta@example.com,27ABCD1234E1Z5,ABCD1234E,50000,15,-274061,Unassigned,Active,2024-01-15 10:00:00,2024-05-01 08:00:00
PTY-0364,COMP-0020,Rajesh Patel Distributors,Supplier,"75, Delhi",Delhi,Delhi,980155,+917266428954,rajeshpatel@example.com,27ABCD1234E1Z5,ABCD1234E,200000,30,-131366,Rajesh Kumar,Active,2024-01-15 10:00:00,2024-05-01 08:00:00
PTY-0365,COMP-0020,Neha Sharma Distributors,Customer,"346, Delhi",Delhi,Delhi,875414,+919413277601,nehasharma@example.com,27ABCD1234E1Z5,ABCD1234E,50000,45,455100,Unassigned,Active,2024-01-15 10:00:00,2024-05-01 08:00:00
PTY-0366,COMP-0020,Neha Kumar Distributors,Both,"475, Surat",Surat,Gujarat,500118,+918664534549,nehakumar@example.com,27ABCD1234E1Z5,ABCD1234E,100000,45,24630,Amit Shah,Active,2024-01-15 10:00:00,2024-05-01 08:00:00
PTY-0367,COMP-0020,Neha Sharma Traders,Supplier,"445, Nagpur",Nagpur,Maharashtra,918859,+918902944754,nehasharma@example.com,27ABCD1234E1Z5,ABCD1234E,50000,45,-325353,Unassigned,Active,2024-01-15 10:00:00,2024-05-01 08:00:00
PTY-0368,COMP-0020,Vikram Gupta Traders,Both,"230, Chennai",Chennai,Tamil Nadu,286044,+919931997465,vikramgupta@example.com,27ABCD1234E1Z5,ABCD1234E,50000,15,154233,Rajesh Kumar,Active,2024-01-15 10:00:00,2024-05-01 08:00:00
PTY-0369,COMP-0020,Neha Sharma Suppliers,Supplier,"136, Bangalore",Bangalore,Karnataka,236384,+917691184145,nehasharma@example.com,27ABCD1234E1Z5,ABCD1234E,200000,30,-291817,Rajesh Kumar,Active,2024-01-15 10:00:00,2024-05-01 08:00:00
PTY-0370,COMP-0020,Vikram Kumar Suppliers,Customer,"27, Ahmedabad",Ahmedabad,Gujarat,911242,+919685929361,vikramkumar@example.com,27ABCD1234E1Z5,ABCD1234E,200000,45,312937,Amit Shah,Active,2024-01-15 10:00:00,2024-05-01 08:00:00
PTY-0371,COMP-0020,Priya Gupta Distributors,Customer,"270, Coimbatore",Coimbatore,Tamil Nadu,330646,+917789711774,priyagupta@example.com,27ABCD1234E1Z5,ABCD1234E,200000,15,166649,Unassigned,Active,2024-01-15 10:00:00,2024-05-01 08:00:00
PTY-0372,COMP-0020,Amit Kumar Suppliers,Customer,"453, Coimbatore",Coimbatore,Tamil Nadu,323717,+919848999900,amitkumar@example.com,27ABCD1234E1Z5,ABCD1234E,100000,30,115971,Amit Shah,Active,2024-01-15 10:00:00,2024-05-01 08:00:00
PTY-0373,COMP-0020,Vikram Patel Distributors,Both,"59, Coimbatore",Coimbatore,Tamil Nadu,801432,+918486090002,vikrampatel@example.com,27ABCD1234E1Z5,ABCD1234E,100000,15,4615,Unassigned,Active,2024-01-15 10:00:00,2024-05-01 08:00:00
PTY-0374,COMP-0020,Neha Gupta Suppliers,Both,"469, Ahmedabad",Ahmedabad,Gujarat,934883,+917486937758,nehagupta@example.com,27ABCD1234E1Z5,ABCD1234E,100000,30,199949,Unassigned,Active,2024-01-15 10:00:00,2024-05-01 08:00:00
PTY-0375,COMP-0020,Vikram Sharma Distributors,Both,"250, Coimbatore",Coimbatore,Tamil Nadu,145981,+918273174184,vikramsharma@example.com,27ABCD1234E1Z5,ABCD1234E,200000,15,233600,Amit Shah,Active,2024-01-15 10:00:00,2024-05-01 08:00:00
PTY-0376,COMP-0020,Neha Sharma Distributors,Both,"321, Mumbai",Mumbai,Maharashtra,168652,+917905299540,nehasharma@example.com,27ABCD1234E1Z5,ABCD1234E,200000,45,3843,Rajesh Kumar,Active,2024-01-15 10:00:00,2024-05-01 08:00:00
PTY-0377,COMP-0020,Priya Sharma Traders,Both,"352, Surat",Surat,Gujarat,261223,+917102018113,priyasharma@example.com,27ABCD1234E1Z5,ABCD1234E,100000,45,391585,Amit Shah,Active,2024-01-15 10:00:00,2024-05-01 08:00:00
PTY-0378,COMP-0020,Rajesh Sharma Suppliers,Customer,"37, Mumbai",Mumbai,Maharashtra,702891,+917977730531,rajeshsharma@example.com,27ABCD1234E1Z5,ABCD1234E,100000,30,292596,Amit Shah,Active,2024-01-15 10:00:00,2024-05-01 08:00:00
PTY-0379,COMP-0020,Priya Kumar Suppliers,Customer,"61, Mysore",Mysore,Karnataka,660814,+917025335682,priyakumar@example.com,27ABCD1234E1Z5,ABCD1234E,200000,45,353002,Unassigned,Active,2024-01-15 10:00:00,2024-05-01 08:00:00
PTY-0380,COMP-0020,Rajesh Gupta Suppliers,Customer,"258, Nagpur",Nagpur,Maharashtra,211291,+918244838690,rajeshgupta@example.com,27ABCD1234E1Z5,ABCD1234E,200000,30,486564,Unassigned,Active,2024-01-15 10:00:00,2024-05-01 08:00:00
PTY-0381,COMP-0020,Rajesh Singh Distributors,Supplier,"243, Mysore",Mysore,Karnataka,263917,+919291226621,rajeshsingh@example.com,27ABCD1234E1Z5,ABCD1234E,50000,15,-16158,Unassigned,Active,2024-01-15 10:00:00,2024-05-01 08:00:00
PTY-0382,COMP-0020,Priya Gupta Distributors,Supplier,"469, Delhi",Delhi,Delhi,933635,+919782883717,priyagupta@example.com,27ABCD1234E1Z5,ABCD1234E,100000,15,-465031,Unassigned,Active,2024-01-15 10:00:00,2024-05-01 08:00:00
PTY-0383,COMP-0020,Neha Patel Distributors,Customer,"202, Mumbai",Mumbai,Maharashtra,663244,+919351603889,nehapatel@example.com,27ABCD1234E1Z5,ABCD1234E,50000,30,312818,Rajesh Kumar,Active,2024-01-15 10:00:00,2024-05-01 08:00:00
PTY-0384,COMP-0020,Vikram Patel Traders,Customer,"316, Bangalore",Bangalore,Karnataka,975297,+918085517692,vikrampatel@example.com,27ABCD1234E1Z5,ABCD1234E,50000,15,115756,Rajesh Kumar,Active,2024-01-15 10:00:00,2024-05-01 08:00:00
PTY-0385,COMP-0021,Priya Kumar Distributors,Both,"290, Delhi",Delhi,Delhi,694397,+918565487367,priyakumar@example.com,27ABCD1234E1Z5,ABCD1234E,100000,30,79898,Rajesh Kumar,Active,2024-01-15 10:00:00,2024-05-01 08:00:00
PTY-0386,COMP-0021,Rajesh Singh Distributors,Both,"224, Ahmedabad",Ahmedabad,Gujarat,390119,+918543980627,rajeshsingh@example.com,27ABCD1234E1Z5,ABCD1234E,50000,45,335983,Unassigned,Active,2024-01-15 10:00:00,2024-05-01 08:00:00
PTY-0387,COMP-0021,Vikram Kumar Suppliers,Supplier,"283, Mysore",Mysore,Karnataka,214119,+917754927096,vikramkumar@example.com,27ABCD1234E1Z5,ABCD1234E,200000,45,-255313,Rajesh Kumar,Active,2024-01-15 10:00:00,2024-05-01 08:00:00
PTY-0388,COMP-0021,Vikram Patel Distributors,Supplier,"321, Chennai",Chennai,Tamil Nadu,180176,+917323840346,vikrampatel@example.com,27ABCD1234E1Z5,ABCD1234E,50000,45,-464695,Unassigned,Active,2024-01-15 10:00:00,2024-05-01 08:00:00
PTY-0389,COMP-0021,Rajesh Gupta Traders,Both,"19, Coimbatore",Coimbatore,Tamil Nadu,678388,+918119338568,rajeshgupta@example.com,27ABCD1234E1Z5,ABCD1234E,200000,45,475164,Amit Shah,Active,2024-01-15 10:00:00,2024-05-01 08:00:00
PTY-0390,COMP-0021,Amit Singh Distributors,Both,"149, Bangalore",Bangalore,Karnataka,240384,+918995876216,amitsingh@example.com,27ABCD1234E1Z5,ABCD1234E,200000,45,449400,Rajesh Kumar,Active,2024-01-15 10:00:00,2024-05-01 08:00:00
PTY-0391,COMP-0021,Priya Singh Traders,Both,"494, Chennai",Chennai,Tamil Nadu,945718,+919637264426,priyasingh@example.com,27ABCD1234E1Z5,ABCD1234E,200000,15,444586,Unassigned,Active,2024-01-15 10:00:00,2024-05-01 08:00:00
PTY-0392,COMP-0021,Amit Kumar Distributors,Both,"447, Ahmedabad",Ahmedabad,Gujarat,253300,+919076631329,amitkumar@example.com,27ABCD1234E1Z5,ABCD1234E,100000,15,345722,Rajesh Kumar,Active,2024-01-15 10:00:00,2024-05-01 08:00:00
PTY-0393,COMP-0021,Priya Patel Traders,Supplier,"343, Pune",Pune,Maharashtra,316818,+919224300124,priyapatel@example.com,27ABCD1234E1Z5,ABCD1234E,100000,30,-22443,Amit Shah,Active,2024-01-15 10:00:00,2024-05-01 08:00:00
PTY-0394,COMP-0021,Priya Sharma Traders,Supplier,"496, Nagpur",Nagpur,Maharashtra,646699,+919721149457,priyasharma@example.com,27ABCD1234E1Z5,ABCD1234E,100000,45,-368960,Amit Shah,Active,2024-01-15 10:00:00,2024-05-01 08:00:00
PTY-0395,COMP-0021,Neha Gupta Distributors,Supplier,"188, Chennai",Chennai,Tamil Nadu,716225,+919806059083,nehagupta@example.com,27ABCD1234E1Z5,ABCD1234E,50000,45,-198452,Amit Shah,Active,2024-01-15 10:00:00,2024-05-01 08:00:00
PTY-0396,COMP-0021,Priya Patel Suppliers,Supplier,"406, Coimbatore",Coimbatore,Tamil Nadu,605529,+919595066420,priyapatel@example.com,27ABCD1234E1Z5,ABCD1234E,50000,45,-255255,Rajesh Kumar,Active,2024-01-15 10:00:00,2024-05-01 08:00:00
PTY-0397,COMP-0021,Priya Patel Distributors,Both,"109, Ahmedabad",Ahmedabad,Gujarat,257538,+917802753761,priyapatel@example.com,27ABCD1234E1Z5,ABCD1234E,50000,30,147225,Unassigned,Active,2024-01-15 10:00:00,2024-05-01 08:00:00
PTY-0398,COMP-0021,Rajesh Patel Traders,Both,"346, Mysore",Mysore,Karnataka,602073,+919057380250,rajeshpatel@example.com,27ABCD1234E1Z5,ABCD1234E,50000,45,252453,Rajesh Kumar,Active,2024-01-15 10:00:00,2024-05-01 08:00:00
PTY-0399,COMP-0021,Priya Sharma Distributors,Customer,"83, Ahmedabad",Ahmedabad,Gujarat,241268,+919703855522,priyasharma@example.com,27ABCD1234E1Z5,ABCD1234E,200000,15,310560,Unassigned,Active,2024-01-15 10:00:00,2024-05-01 08:00:00
PTY-0400,COMP-0021,Amit Sharma Distributors,Customer,"307, Surat",Surat,Gujarat,690982,+919738568701,amitsharma@example.com,27ABCD1234E1Z5,ABCD1234E,50000,45,212575,Unassigned,Active,2024-01-15 10:00:00,2024-05-01 08:00:00
PTY-0401,COMP-0021,Vikram Sharma Suppliers,Both,"247, Surat",Surat,Gujarat,278852,+917942160389,vikramsharma@example.com,27ABCD1234E1Z5,ABCD1234E,100000,45,454716,Rajesh Kumar,Active,2024-01-15 10:00:00,2024-05-01 08:00:00
PTY-0402,COMP-0021,Neha Patel Distributors,Customer,"176, Coimbatore",Coimbatore,Tamil Nadu,575497,+919562091291,nehapatel@example.com,27ABCD1234E1Z5,ABCD1234E,200000,15,359447,Rajesh Kumar,Active,2024-01-15 10:00:00,2024-05-01 08:00:00
PTY-0403,COMP-0021,Priya Kumar Traders,Customer,"441, Ahmedabad",Ahmedabad,Gujarat,628859,+919939337464,priyakumar@example.com,27ABCD1234E1Z5,ABCD1234E,100000,15,274051,Unassigned,Active,2024-01-15 10:00:00,2024-05-01 08:00:00
PTY-0404,COMP-0021,Rajesh Patel Distributors,Both,"61, Bangalore",Bangalore,Karnataka,197716,+919071209024,rajeshpatel@example.com,27ABCD1234E1Z5,ABCD1234E,200000,15,394465,Unassigned,Active,2024-01-15 10:00:00,2024-05-01 08:00:00
PTY-0405,COMP-0022,Vikram Gupta Traders,Supplier,"364, Coimbatore",Coimbatore,Tamil Nadu,879769,+917030554742,vikramgupta@example.com,27ABCD1234E1Z5,ABCD1234E,200000,45,-2867,Rajesh Kumar,Active,2024-01-15 10:00:00,2024-05-01 08:00:00
PTY-0406,COMP-0022,Neha Sharma Suppliers,Both,"186, Bangalore",Bangalore,Karnataka,211760,+917664768939,nehasharma@example.com,27ABCD1234E1Z5,ABCD1234E,100000,45,214352,Unassigned,Active,2024-01-15 10:00:00,2024-05-01 08:00:00
PTY-0407,COMP-0022,Vikram Singh Suppliers,Both,"142, Coimbatore",Coimbatore,Tamil Nadu,813666,+918707052548,vikramsingh@example.com,27ABCD1234E1Z5,ABCD1234E,50000,30,320801,Unassigned,Active,2024-01-15 10:00:00,2024-05-01 08:00:00
PTY-0408,COMP-0022,Neha Kumar Distributors,Both,"130, Surat",Surat,Gujarat,421549,+919480992821,nehakumar@example.com,27ABCD1234E1Z5,ABCD1234E,100000,45,253629,Amit Shah,Active,2024-01-15 10:00:00,2024-05-01 08:00:00
PTY-0409,COMP-0022,Amit Sharma Traders,Both,"110, Surat",Surat,Gujarat,633036,+918720395994,amitsharma@example.com,27ABCD1234E1Z5,ABCD1234E,100000,45,52574,Unassigned,Active,2024-01-15 10:00:00,2024-05-01 08:00:00
PTY-0410,COMP-0022,Rajesh Patel Traders,Customer,"475, Bangalore",Bangalore,Karnataka,729402,+918869931869,rajeshpatel@example.com,27ABCD1234E1Z5,ABCD1234E,50000,15,247290,Amit Shah,Active,2024-01-15 10:00:00,2024-05-01 08:00:00
PTY-0411,COMP-0022,Amit Singh Distributors,Customer,"477, Nagpur",Nagpur,Maharashtra,520106,+919636962116,amitsingh@example.com,27ABCD1234E1Z5,ABCD1234E,200000,45,201497,Amit Shah,Active,2024-01-15 10:00:00,2024-05-01 08:00:00
PTY-0412,COMP-0022,Neha Sharma Traders,Supplier,"436, Surat",Surat,Gujarat,788793,+919225451403,nehasharma@example.com,27ABCD1234E1Z5,ABCD1234E,100000,15,-105752,Rajesh Kumar,Active,2024-01-15 10:00:00,2024-05-01 08:00:00
PTY-0413,COMP-0022,Neha Gupta Traders,Both,"19, Chennai",Chennai,Tamil Nadu,477214,+918027599387,nehagupta@example.com,27ABCD1234E1Z5,ABCD1234E,200000,15,353382,Rajesh Kumar,Active,2024-01-15 10:00:00,2024-05-01 08:00:00
PTY-0414,COMP-0022,Rajesh Singh Suppliers,Both,"301, Mysore",Mysore,Karnataka,310040,+919223687972,rajeshsingh@example.com,27ABCD1234E1Z5,ABCD1234E,50000,45,212573,Unassigned,Active,2024-01-15 10:00:00,2024-05-01 08:00:00
PTY-0415,COMP-0022,Rajesh Sharma Distributors,Both,"299, Coimbatore",Coimbatore,Tamil Nadu,465004,+918492394136,rajeshsharma@example.com,27ABCD1234E1Z5,ABCD1234E,100000,15,479728,Unassigned,Active,2024-01-15 10:00:00,2024-05-01 08:00:00
PTY-0416,COMP-0022,Amit Kumar Traders,Supplier,"260, Bangalore",Bangalore,Karnataka,211636,+919399300652,amitkumar@example.com,27ABCD1234E1Z5,ABCD1234E,50000,45,-213455,Amit Shah,Active,2024-01-15 10:00:00,2024-05-01 08:00:00
PTY-0417,COMP-0022,Vikram Sharma Distributors,Both,"356, Coimbatore",Coimbatore,Tamil Nadu,564276,+918619547472,vikramsharma@example.com,27ABCD1234E1Z5,ABCD1234E,200000,30,131146,Rajesh Kumar,Active,2024-01-15 10:00:00,2024-05-01 08:00:00
PTY-0418,COMP-0022,Vikram Kumar Traders,Supplier,"35, Bangalore",Bangalore,Karnataka,501261,+919721556673,vikramkumar@example.com,27ABCD1234E1Z5,ABCD1234E,50000,45,-135171,Unassigned,Active,2024-01-15 10:00:00,2024-05-01 08:00:00
PTY-0419,COMP-0022,Amit Singh Distributors,Both,"359, Mysore",Mysore,Karnataka,972600,+918131078331,amitsingh@example.com,27ABCD1234E1Z5,ABCD1234E,50000,30,5097,Rajesh Kumar,Active,2024-01-15 10:00:00,2024-05-01 08:00:00
PTY-0420,COMP-0022,Priya Singh Suppliers,Customer,"182, Nagpur",Nagpur,Maharashtra,329183,+919464076949,priyasingh@example.com,27ABCD1234E1Z5,ABCD1234E,100000,15,164559,Unassigned,Active,2024-01-15 10:00:00,2024-05-01 08:00:00
PTY-0421,COMP-0023,Vikram Kumar Traders,Supplier,"469, Coimbatore",Coimbatore,Tamil Nadu,635962,+918203735991,vikramkumar@example.com,27ABCD1234E1Z5,ABCD1234E,100000,15,-400693,Unassigned,Active,2024-01-15 10:00:00,2024-05-01 08:00:00
PTY-0422,COMP-0023,Amit Sharma Distributors,Supplier,"258, Coimbatore",Coimbatore,Tamil Nadu,464158,+918691001287,amitsharma@example.com,27ABCD1234E1Z5,ABCD1234E,200000,15,-17072,Amit Shah,Active,2024-01-15 10:00:00,2024-05-01 08:00:00
PTY-0423,COMP-0023,Rajesh Gupta Traders,Both,"346, Mysore",Mysore,Karnataka,320989,+918629630857,rajeshgupta@example.com,27ABCD1234E1Z5,ABCD1234E,200000,15,6197,Amit Shah,Active,2024-01-15 10:00:00,2024-05-01 08:00:00
PTY-0424,COMP-0023,Vikram Gupta Suppliers,Both,"138, Delhi",Delhi,Delhi,594241,+919633175934,vikramgupta@example.com,27ABCD1234E1Z5,ABCD1234E,100000,30,124329,Rajesh Kumar,Active,2024-01-15 10:00:00,2024-05-01 08:00:00
PTY-0425,COMP-0023,Priya Kumar Suppliers,Both,"438, Surat",Surat,Gujarat,520051,+918200999709,priyakumar@example.com,27ABCD1234E1Z5,ABCD1234E,100000,15,191406,Unassigned,Active,2024-01-15 10:00:00,2024-05-01 08:00:00
PTY-0426,COMP-0023,Amit Gupta Suppliers,Both,"121, Ahmedabad",Ahmedabad,Gujarat,682316,+918856365377,amitgupta@example.com,27ABCD1234E1Z5,ABCD1234E,100000,15,421573,Rajesh Kumar,Active,2024-01-15 10:00:00,2024-05-01 08:00:00
PTY-0427,COMP-0023,Amit Kumar Suppliers,Supplier,"458, Mumbai",Mumbai,Maharashtra,990649,+919708629635,amitkumar@example.com,27ABCD1234E1Z5,ABCD1234E,200000,45,-70501,Unassigned,Active,2024-01-15 10:00:00,2024-05-01 08:00:00
PTY-0428,COMP-0023,Vikram Kumar Distributors,Both,"204, Delhi",Delhi,Delhi,203782,+919965860354,vikramkumar@example.com,27ABCD1234E1Z5,ABCD1234E,50000,15,25013,Rajesh Kumar,Active,2024-01-15 10:00:00,2024-05-01 08:00:00
PTY-0429,COMP-0023,Vikram Kumar Suppliers,Both,"185, Pune",Pune,Maharashtra,477808,+919406685070,vikramkumar@example.com,27ABCD1234E1Z5,ABCD1234E,200000,30,136193,Amit Shah,Active,2024-01-15 10:00:00,2024-05-01 08:00:00
PTY-0430,COMP-0023,Rajesh Kumar Distributors,Both,"296, Pune",Pune,Maharashtra,703869,+919791150990,rajeshkumar@example.com,27ABCD1234E1Z5,ABCD1234E,200000,45,104311,Rajesh Kumar,Active,2024-01-15 10:00:00,2024-05-01 08:00:00
PTY-0431,COMP-0023,Vikram Singh Suppliers,Both,"41, Delhi",Delhi,Delhi,499581,+919635665829,vikramsingh@example.com,27ABCD1234E1Z5,ABCD1234E,100000,30,466423,Unassigned,Active,2024-01-15 10:00:00,2024-05-01 08:00:00
PTY-0432,COMP-0023,Amit Patel Distributors,Both,"208, Delhi",Delhi,Delhi,990136,+917306420495,amitpatel@example.com,27ABCD1234E1Z5,ABCD1234E,50000,15,299702,Amit Shah,Active,2024-01-15 10:00:00,2024-05-01 08:00:00
PTY-0433,COMP-0023,Amit Singh Suppliers,Both,"331, Delhi",Delhi,Delhi,514664,+918165001700,amitsingh@example.com,27ABCD1234E1Z5,ABCD1234E,100000,30,317396,Unassigned,Active,2024-01-15 10:00:00,2024-05-01 08:00:00
PTY-0434,COMP-0023,Neha Gupta Traders,Customer,"12, Mysore",Mysore,Karnataka,231113,+918007716123,nehagupta@example.com,27ABCD1234E1Z5,ABCD1234E,200000,30,447853,Unassigned,Active,2024-01-15 10:00:00,2024-05-01 08:00:00
PTY-0435,COMP-0023,Rajesh Patel Traders,Customer,"480, Surat",Surat,Gujarat,596171,+919355504998,rajeshpatel@example.com,27ABCD1234E1Z5,ABCD1234E,50000,15,33445,Amit Shah,Active,2024-01-15 10:00:00,2024-05-01 08:00:00
PTY-0436,COMP-0023,Neha Sharma Traders,Both,"336, Pune",Pune,Maharashtra,508783,+918328736852,nehasharma@example.com,27ABCD1234E1Z5,ABCD1234E,50000,15,44203,Unassigned,Active,2024-01-15 10:00:00,2024-05-01 08:00:00
PTY-0437,COMP-0023,Vikram Kumar Traders,Both,"18, Ahmedabad",Ahmedabad,Gujarat,795781,+918532621454,vikramkumar@example.com,27ABCD1234E1Z5,ABCD1234E,100000,30,14979,Amit Shah,Active,2024-01-15 10:00:00,2024-05-01 08:00:00
PTY-0438,COMP-0023,Neha Singh Distributors,Customer,"91, Coimbatore",Coimbatore,Tamil Nadu,719531,+919566604583,nehasingh@example.com,27ABCD1234E1Z5,ABCD1234E,100000,45,282742,Unassigned,Active,2024-01-15 10:00:00,2024-05-01 08:00:00
PTY-0439,COMP-0023,Neha Kumar Suppliers,Supplier,"117, Coimbatore",Coimbatore,Tamil Nadu,943797,+917384631600,nehakumar@example.com,27ABCD1234E1Z5,ABCD1234E,100000,30,-282941,Amit Shah,Active,2024-01-15 10:00:00,2024-05-01 08:00:00
PTY-0440,COMP-0023,Priya Singh Traders,Customer,"418, Surat",Surat,Gujarat,895128,+917585405992,priyasingh@example.com,27ABCD1234E1Z5,ABCD1234E,100000,30,274368,Amit Shah,Active,2024-01-15 10:00:00,2024-05-01 08:00:00
PTY-0441,COMP-0023,Neha Sharma Traders,Supplier,"221, Mysore",Mysore,Karnataka,936726,+918258093032,nehasharma@example.com,27ABCD1234E1Z5,ABCD1234E,200000,15,-401536,Rajesh Kumar,Active,2024-01-15 10:00:00,2024-05-01 08:00:00
PTY-0442,COMP-0023,Neha Singh Suppliers,Both,"128, Surat",Surat,Gujarat,271200,+919774509349,nehasingh@example.com,27ABCD1234E1Z5,ABCD1234E,100000,30,206963,Rajesh Kumar,Active,2024-01-15 10:00:00,2024-05-01 08:00:00
PTY-0443,COMP-0023,Vikram Sharma Distributors,Both,"356, Bangalore",Bangalore,Karnataka,817897,+918167651784,vikramsharma@example.com,27ABCD1234E1Z5,ABCD1234E,100000,45,423401,Unassigned,Active,2024-01-15 10:00:00,2024-05-01 08:00:00
PTY-0444,COMP-0023,Neha Singh Traders,Customer,"149, Bangalore",Bangalore,Karnataka,215717,+919735433372,nehasingh@example.com,27ABCD1234E1Z5,ABCD1234E,100000,45,71630,Amit Shah,Active,2024-01-15 10:00:00,2024-05-01 08:00:00
PTY-0445,COMP-0024,Priya Singh Distributors,Supplier,"17, Mysore",Mysore,Karnataka,446290,+917344555557,priyasingh@example.com,27ABCD1234E1Z5,ABCD1234E,50000,15,-414934,Amit Shah,Active,2024-01-15 10:00:00,2024-05-01 08:00:00
PTY-0446,COMP-0024,Priya Sharma Traders,Customer,"431, Coimbatore",Coimbatore,Tamil Nadu,362227,+918638862478,priyasharma@example.com,27ABCD1234E1Z5,ABCD1234E,50000,15,469604,Unassigned,Active,2024-01-15 10:00:00,2024-05-01 08:00:00
PTY-0447,COMP-0024,Amit Kumar Traders,Both,"236, Bangalore",Bangalore,Karnataka,871041,+917403556437,amitkumar@example.com,27ABCD1234E1Z5,ABCD1234E,200000,45,104427,Rajesh Kumar,Active,2024-01-15 10:00:00,2024-05-01 08:00:00
PTY-0448,COMP-0024,Priya Kumar Distributors,Customer,"22, Delhi",Delhi,Delhi,880900,+919360427902,priyakumar@example.com,27ABCD1234E1Z5,ABCD1234E,200000,15,381805,Amit Shah,Active,2024-01-15 10:00:00,2024-05-01 08:00:00
PTY-0449,COMP-0024,Priya Singh Distributors,Customer,"499, Surat",Surat,Gujarat,218414,+918013465558,priyasingh@example.com,27ABCD1234E1Z5,ABCD1234E,200000,30,114183,Amit Shah,Active,2024-01-15 10:00:00,2024-05-01 08:00:00
PTY-0450,COMP-0024,Rajesh Patel Traders,Supplier,"497, Delhi",Delhi,Delhi,144033,+919495706809,rajeshpatel@example.com,27ABCD1234E1Z5,ABCD1234E,200000,30,-4681,Unassigned,Active,2024-01-15 10:00:00,2024-05-01 08:00:00
PTY-0451,COMP-0024,Neha Patel Traders,Customer,"47, Delhi",Delhi,Delhi,819265,+919657059443,nehapatel@example.com,27ABCD1234E1Z5,ABCD1234E,100000,45,262101,Rajesh Kumar,Active,2024-01-15 10:00:00,2024-05-01 08:00:00
PTY-0452,COMP-0024,Rajesh Singh Suppliers,Customer,"163, Ahmedabad",Ahmedabad,Gujarat,685472,+919768733387,rajeshsingh@example.com,27ABCD1234E1Z5,ABCD1234E,100000,30,121988,Unassigned,Active,2024-01-15 10:00:00,2024-05-01 08:00:00
PTY-0453,COMP-0024,Amit Sharma Traders,Both,"461, Mysore",Mysore,Karnataka,141406,+919084356796,amitsharma@example.com,27ABCD1234E1Z5,ABCD1234E,200000,30,131437,Unassigned,Active,2024-01-15 10:00:00,2024-05-01 08:00:00
PTY-0454,COMP-0024,Vikram Gupta Traders,Both,"179, Bangalore",Bangalore,Karnataka,439403,+919011740002,vikramgupta@example.com,27ABCD1234E1Z5,ABCD1234E,100000,45,285013,Unassigned,Active,2024-01-15 10:00:00,2024-05-01 08:00:00
PTY-0455,COMP-0024,Amit Sharma Suppliers,Supplier,"135, Chennai",Chennai,Tamil Nadu,667915,+918576737058,amitsharma@example.com,27ABCD1234E1Z5,ABCD1234E,100000,15,-429611,Unassigned,Active,2024-01-15 10:00:00,2024-05-01 08:00:00
PTY-0456,COMP-0024,Neha Kumar Suppliers,Both,"318, Ahmedabad",Ahmedabad,Gujarat,350385,+918377370646,nehakumar@example.com,27ABCD1234E1Z5,ABCD1234E,200000,15,406856,Unassigned,Active,2024-01-15 10:00:00,2024-05-01 08:00:00
PTY-0457,COMP-0024,Neha Kumar Traders,Both,"145, Surat",Surat,Gujarat,438270,+918760097041,nehakumar@example.com,27ABCD1234E1Z5,ABCD1234E,200000,30,321409,Rajesh Kumar,Active,2024-01-15 10:00:00,2024-05-01 08:00:00
PTY-0458,COMP-0024,Rajesh Gupta Traders,Customer,"17, Mumbai",Mumbai,Maharashtra,311895,+917459798459,rajeshgupta@example.com,27ABCD1234E1Z5,ABCD1234E,100000,15,457961,Rajesh Kumar,Active,2024-01-15 10:00:00,2024-05-01 08:00:00
PTY-0459,COMP-0024,Rajesh Gupta Distributors,Both,"303, Mysore",Mysore,Karnataka,368371,+917210821160,rajeshgupta@example.com,27ABCD1234E1Z5,ABCD1234E,100000,15,367690,Unassigned,Active,2024-01-15 10:00:00,2024-05-01 08:00:00
PTY-0460,COMP-0024,Rajesh Sharma Suppliers,Customer,"328, Surat",Surat,Gujarat,163648,+918550165596,rajeshsharma@example.com,27ABCD1234E1Z5,ABCD1234E,200000,45,419965,Amit Shah,Active,2024-01-15 10:00:00,2024-05-01 08:00:00
PTY-0461,COMP-0024,Vikram Sharma Traders,Both,"37, Coimbatore",Coimbatore,Tamil Nadu,974991,+918305260125,vikramsharma@example.com,27ABCD1234E1Z5,ABCD1234E,50000,15,384984,Unassigned,Active,2024-01-15 10:00:00,2024-05-01 08:00:00
PTY-0462,COMP-0024,Rajesh Sharma Traders,Customer,"337, Surat",Surat,Gujarat,360846,+919448250186,rajeshsharma@example.com,27ABCD1234E1Z5,ABCD1234E,200000,15,275876,Unassigned,Active,2024-01-15 10:00:00,2024-05-01 08:00:00
PTY-0463,COMP-0024,Neha Kumar Suppliers,Both,"235, Nagpur",Nagpur,Maharashtra,836677,+919857194152,nehakumar@example.com,27ABCD1234E1Z5,ABCD1234E,100000,15,353628,Rajesh Kumar,Active,2024-01-15 10:00:00,2024-05-01 08:00:00
PTY-0464,COMP-0024,Amit Gupta Traders,Both,"308, Mysore",Mysore,Karnataka,564531,+918513220374,amitgupta@example.com,27ABCD1234E1Z5,ABCD1234E,100000,45,279917,Amit Shah,Active,2024-01-15 10:00:00,2024-05-01 08:00:00
PTY-0465,COMP-0025,Vikram Patel Distributors,Customer,"142, Surat",Surat,Gujarat,680557,+919195894317,vikrampatel@example.com,27ABCD1234E1Z5,ABCD1234E,200000,45,431141,Unassigned,Active,2024-01-15 10:00:00,2024-05-01 08:00:00
PTY-0466,COMP-0025,Amit Sharma Traders,Supplier,"136, Pune",Pune,Maharashtra,484914,+919500339713,amitsharma@example.com,27ABCD1234E1Z5,ABCD1234E,50000,15,-72565,Amit Shah,Active,2024-01-15 10:00:00,2024-05-01 08:00:00
PTY-0467,COMP-0025,Vikram Sharma Traders,Both,"40, Coimbatore",Coimbatore,Tamil Nadu,858729,+918394541743,vikramsharma@example.com,27ABCD1234E1Z5,ABCD1234E,100000,15,384966,Amit Shah,Active,2024-01-15 10:00:00,2024-05-01 08:00:00
PTY-0468,COMP-0025,Neha Sharma Distributors,Customer,"296, Coimbatore",Coimbatore,Tamil Nadu,500080,+917337057834,nehasharma@example.com,27ABCD1234E1Z5,ABCD1234E,50000,30,423803,Amit Shah,Active,2024-01-15 10:00:00,2024-05-01 08:00:00
PTY-0469,COMP-0025,Priya Kumar Distributors,Both,"309, Mumbai",Mumbai,Maharashtra,111989,+919722524375,priyakumar@example.com,27ABCD1234E1Z5,ABCD1234E,200000,30,445371,Rajesh Kumar,Active,2024-01-15 10:00:00,2024-05-01 08:00:00
PTY-0470,COMP-0025,Vikram Gupta Distributors,Both,"168, Pune",Pune,Maharashtra,626806,+919996893560,vikramgupta@example.com,27ABCD1234E1Z5,ABCD1234E,50000,15,78423,Rajesh Kumar,Active,2024-01-15 10:00:00,2024-05-01 08:00:00
PTY-0471,COMP-0025,Priya Kumar Suppliers,Customer,"403, Chennai",Chennai,Tamil Nadu,513477,+917635708419,priyakumar@example.com,27ABCD1234E1Z5,ABCD1234E,50000,30,151929,Rajesh Kumar,Active,2024-01-15 10:00:00,2024-05-01 08:00:00
PTY-0472,COMP-0025,Priya Gupta Suppliers,Supplier,"205, Nagpur",Nagpur,Maharashtra,626199,+918866125107,priyagupta@example.com,27ABCD1234E1Z5,ABCD1234E,200000,15,-44605,Rajesh Kumar,Active,2024-01-15 10:00:00,2024-05-01 08:00:00
PTY-0473,COMP-0025,Priya Gupta Distributors,Supplier,"101, Surat",Surat,Gujarat,688426,+919645686265,priyagupta@example.com,27ABCD1234E1Z5,ABCD1234E,200000,45,-299541,Rajesh Kumar,Active,2024-01-15 10:00:00,2024-05-01 08:00:00
PTY-0474,COMP-0025,Amit Sharma Distributors,Supplier,"295, Delhi",Delhi,Delhi,193946,+917483312111,amitsharma@example.com,27ABCD1234E1Z5,ABCD1234E,200000,30,-484514,Amit Shah,Active,2024-01-15 10:00:00,2024-05-01 08:00:00
PTY-0475,COMP-0025,Vikram Singh Distributors,Supplier,"13, Surat",Surat,Gujarat,907069,+918309186996,vikramsingh@example.com,27ABCD1234E1Z5,ABCD1234E,50000,30,-343623,Unassigned,Active,2024-01-15 10:00:00,2024-05-01 08:00:00
PTY-0476,COMP-0025,Priya Gupta Traders,Customer,"351, Surat",Surat,Gujarat,491979,+917669977163,priyagupta@example.com,27ABCD1234E1Z5,ABCD1234E,200000,15,104692,Rajesh Kumar,Active,2024-01-15 10:00:00,2024-05-01 08:00:00
PTY-0477,COMP-0025,Rajesh Patel Traders,Supplier,"356, Chennai",Chennai,Tamil Nadu,943349,+917477935341,rajeshpatel@example.com,27ABCD1234E1Z5,ABCD1234E,100000,30,-179973,Amit Shah,Active,2024-01-15 10:00:00,2024-05-01 08:00:00
PTY-0478,COMP-0025,Rajesh Singh Distributors,Customer,"385, Ahmedabad",Ahmedabad,Gujarat,371222,+919357078276,rajeshsingh@example.com,27ABCD1234E1Z5,ABCD1234E,100000,45,274342,Unassigned,Active,2024-01-15 10:00:00,2024-05-01 08:00:00
PTY-0479,COMP-0025,Amit Sharma Traders,Supplier,"146, Bangalore",Bangalore,Karnataka,310445,+919991559353,amitsharma@example.com,27ABCD1234E1Z5,ABCD1234E,200000,30,-31514,Rajesh Kumar,Active,2024-01-15 10:00:00,2024-05-01 08:00:00
PTY-0480,COMP-0026,Neha Kumar Traders,Customer,"272, Chennai",Chennai,Tamil Nadu,419739,+918432670675,nehakumar@example.com,27ABCD1234E1Z5,ABCD1234E,100000,30,483535,Unassigned,Active,2024-01-15 10:00:00,2024-05-01 08:00:00
PTY-0481,COMP-0026,Amit Sharma Distributors,Supplier,"121, Delhi",Delhi,Delhi,625600,+918184888162,amitsharma@example.com,27ABCD1234E1Z5,ABCD1234E,50000,45,-158506,Amit Shah,Active,2024-01-15 10:00:00,2024-05-01 08:00:00
PTY-0482,COMP-0026,Priya Sharma Traders,Customer,"460, Coimbatore",Coimbatore,Tamil Nadu,511929,+919821500440,priyasharma@example.com,27ABCD1234E1Z5,ABCD1234E,50000,15,179194,Unassigned,Active,2024-01-15 10:00:00,2024-05-01 08:00:00
PTY-0483,COMP-0026,Priya Gupta Traders,Supplier,"79, Chennai",Chennai,Tamil Nadu,547180,+918341673745,priyagupta@example.com,27ABCD1234E1Z5,ABCD1234E,200000,30,-300363,Amit Shah,Active,2024-01-15 10:00:00,2024-05-01 08:00:00
PTY-0484,COMP-0026,Neha Patel Distributors,Both,"410, Ahmedabad",Ahmedabad,Gujarat,312137,+917593176411,nehapatel@example.com,27ABCD1234E1Z5,ABCD1234E,100000,45,358638,Unassigned,Active,2024-01-15 10:00:00,2024-05-01 08:00:00
PTY-0485,COMP-0026,Neha Patel Distributors,Both,"81, Bangalore",Bangalore,Karnataka,432918,+917291259085,nehapatel@example.com,27ABCD1234E1Z5,ABCD1234E,200000,45,480830,Unassigned,Active,2024-01-15 10:00:00,2024-05-01 08:00:00
PTY-0486,COMP-0026,Rajesh Patel Traders,Both,"164, Delhi",Delhi,Delhi,534152,+918766312876,rajeshpatel@example.com,27ABCD1234E1Z5,ABCD1234E,100000,30,401308,Unassigned,Active,2024-01-15 10:00:00,2024-05-01 08:00:00
PTY-0487,COMP-0026,Vikram Patel Traders,Customer,"391, Ahmedabad",Ahmedabad,Gujarat,741709,+919649765075,vikrampatel@example.com,27ABCD1234E1Z5,ABCD1234E,100000,45,13735,Unassigned,Active,2024-01-15 10:00:00,2024-05-01 08:00:00
PTY-0488,COMP-0026,Neha Patel Distributors,Customer,"184, Chennai",Chennai,Tamil Nadu,183336,+919955544302,nehapatel@example.com,27ABCD1234E1Z5,ABCD1234E,100000,15,13675,Unassigned,Active,2024-01-15 10:00:00,2024-05-01 08:00:00
PTY-0489,COMP-0026,Neha Kumar Suppliers,Supplier,"71, Delhi",Delhi,Delhi,271742,+917830044665,nehakumar@example.com,27ABCD1234E1Z5,ABCD1234E,50000,15,-248432,Amit Shah,Active,2024-01-15 10:00:00,2024-05-01 08:00:00
PTY-0490,COMP-0026,Rajesh Singh Distributors,Both,"388, Bangalore",Bangalore,Karnataka,314498,+917284053367,rajeshsingh@example.com,27ABCD1234E1Z5,ABCD1234E,50000,30,106343,Unassigned,Active,2024-01-15 10:00:00,2024-05-01 08:00:00
PTY-0491,COMP-0026,Priya Singh Suppliers,Supplier,"22, Bangalore",Bangalore,Karnataka,737460,+918633694617,priyasingh@example.com,27ABCD1234E1Z5,ABCD1234E,200000,30,-406960,Amit Shah,Active,2024-01-15 10:00:00,2024-05-01 08:00:00
PTY-0492,COMP-0026,Neha Gupta Traders,Both,"234, Chennai",Chennai,Tamil Nadu,967182,+917182174975,nehagupta@example.com,27ABCD1234E1Z5,ABCD1234E,50000,45,236773,Unassigned,Active,2024-01-15 10:00:00,2024-05-01 08:00:00
PTY-0493,COMP-0026,Priya Sharma Distributors,Both,"98, Coimbatore",Coimbatore,Tamil Nadu,405323,+918887869509,priyasharma@example.com,27ABCD1234E1Z5,ABCD1234E,100000,30,25845,Amit Shah,Active,2024-01-15 10:00:00,2024-05-01 08:00:00
PTY-0494,COMP-0026,Priya Patel Traders,Both,"265, Mysore",Mysore,Karnataka,249149,+918991056435,priyapatel@example.com,27ABCD1234E1Z5,ABCD1234E,200000,30,361734,Rajesh Kumar,Active,2024-01-15 10:00:00,2024-05-01 08:00:00
PTY-0495,COMP-0026,Neha Sharma Suppliers,Supplier,"231, Ahmedabad",Ahmedabad,Gujarat,126122,+917768277634,nehasharma@example.com,27ABCD1234E1Z5,ABCD1234E,100000,45,-169586,Unassigned,Active,2024-01-15 10:00:00,2024-05-01 08:00:00
PTY-0496,COMP-0026,Amit Kumar Distributors,Supplier,"465, Pune",Pune,Maharashtra,846030,+917704348972,amitkumar@example.com,27ABCD1234E1Z5,ABCD1234E,200000,45,-340040,Rajesh Kumar,Active,2024-01-15 10:00:00,2024-05-01 08:00:00
PTY-0497,COMP-0026,Rajesh Sharma Distributors,Customer,"197, Mysore",Mysore,Karnataka,862182,+919197590676,rajeshsharma@example.com,27ABCD1234E1Z5,ABCD1234E,200000,15,370817,Amit Shah,Active,2024-01-15 10:00:00,2024-05-01 08:00:00
PTY-0498,COMP-0027,Priya Kumar Suppliers,Both,"112, Bangalore",Bangalore,Karnataka,717466,+919832404750,priyakumar@example.com,27ABCD1234E1Z5,ABCD1234E,100000,30,124716,Amit Shah,Active,2024-01-15 10:00:00,2024-05-01 08:00:00
PTY-0499,COMP-0027,Priya Sharma Distributors,Customer,"318, Chennai",Chennai,Tamil Nadu,759172,+919394653192,priyasharma@example.com,27ABCD1234E1Z5,ABCD1234E,50000,15,145811,Rajesh Kumar,Active,2024-01-15 10:00:00,2024-05-01 08:00:00
PTY-0500,COMP-0027,Amit Sharma Traders,Customer,"296, Delhi",Delhi,Delhi,978721,+919591091338,amitsharma@example.com,27ABCD1234E1Z5,ABCD1234E,100000,30,349698,Rajesh Kumar,Active,2024-01-15 10:00:00,2024-05-01 08:00:00
PTY-0501,COMP-0027,Rajesh Sharma Distributors,Customer,"313, Bangalore",Bangalore,Karnataka,793029,+919970028366,rajeshsharma@example.com,27ABCD1234E1Z5,ABCD1234E,200000,45,149097,Unassigned,Active,2024-01-15 10:00:00,2024-05-01 08:00:00
PTY-0502,COMP-0027,Neha Patel Traders,Customer,"154, Mysore",Mysore,Karnataka,438503,+918582993601,nehapatel@example.com,27ABCD1234E1Z5,ABCD1234E,100000,15,402921,Amit Shah,Active,2024-01-15 10:00:00,2024-05-01 08:00:00
PTY-0503,COMP-0027,Neha Sharma Traders,Customer,"441, Delhi",Delhi,Delhi,387748,+918413939856,nehasharma@example.com,27ABCD1234E1Z5,ABCD1234E,200000,30,364180,Unassigned,Active,2024-01-15 10:00:00,2024-05-01 08:00:00
PTY-0504,COMP-0027,Amit Patel Distributors,Customer,"323, Chennai",Chennai,Tamil Nadu,654640,+917376538681,amitpatel@example.com,27ABCD1234E1Z5,ABCD1234E,100000,45,382587,Unassigned,Active,2024-01-15 10:00:00,2024-05-01 08:00:00
PTY-0505,COMP-0027,Neha Singh Distributors,Supplier,"320, Mysore",Mysore,Karnataka,471042,+917557113691,nehasingh@example.com,27ABCD1234E1Z5,ABCD1234E,200000,45,-301540,Amit Shah,Active,2024-01-15 10:00:00,2024-05-01 08:00:00
PTY-0506,COMP-0027,Neha Kumar Traders,Both,"149, Bangalore",Bangalore,Karnataka,302957,+917006789986,nehakumar@example.com,27ABCD1234E1Z5,ABCD1234E,50000,15,371503,Amit Shah,Active,2024-01-15 10:00:00,2024-05-01 08:00:00
PTY-0507,COMP-0027,Rajesh Patel Traders,Supplier,"180, Coimbatore",Coimbatore,Tamil Nadu,687638,+919738056872,rajeshpatel@example.com,27ABCD1234E1Z5,ABCD1234E,50000,15,-175003,Unassigned,Active,2024-01-15 10:00:00,2024-05-01 08:00:00
PTY-0508,COMP-0027,Amit Singh Suppliers,Supplier,"282, Delhi",Delhi,Delhi,439658,+917026333597,amitsingh@example.com,27ABCD1234E1Z5,ABCD1234E,50000,45,-265651,Amit Shah,Active,2024-01-15 10:00:00,2024-05-01 08:00:00
PTY-0509,COMP-0027,Vikram Kumar Traders,Customer,"427, Chennai",Chennai,Tamil Nadu,454352,+919888249353,vikramkumar@example.com,27ABCD1234E1Z5,ABCD1234E,100000,30,173284,Rajesh Kumar,Active,2024-01-15 10:00:00,2024-05-01 08:00:00
PTY-0510,COMP-0027,Amit Kumar Suppliers,Both,"402, Surat",Surat,Gujarat,953715,+918777914852,amitkumar@example.com,27ABCD1234E1Z5,ABCD1234E,200000,15,242467,Unassigned,Active,2024-01-15 10:00:00,2024-05-01 08:00:00
PTY-0511,COMP-0027,Vikram Gupta Distributors,Customer,"170, Delhi",Delhi,Delhi,938373,+918518681304,vikramgupta@example.com,27ABCD1234E1Z5,ABCD1234E,50000,15,359395,Amit Shah,Active,2024-01-15 10:00:00,2024-05-01 08:00:00
PTY-0512,COMP-0027,Rajesh Singh Distributors,Both,"96, Bangalore",Bangalore,Karnataka,724103,+917501843874,rajeshsingh@example.com,27ABCD1234E1Z5,ABCD1234E,100000,45,204244,Amit Shah,Active,2024-01-15 10:00:00,2024-05-01 08:00:00
PTY-0513,COMP-0028,Vikram Kumar Traders,Supplier,"447, Coimbatore",Coimbatore,Tamil Nadu,203024,+919216832856,vikramkumar@example.com,27ABCD1234E1Z5,ABCD1234E,200000,15,-403429,Rajesh Kumar,Active,2024-01-15 10:00:00,2024-05-01 08:00:00
PTY-0514,COMP-0028,Rajesh Kumar Suppliers,Customer,"23, Bangalore",Bangalore,Karnataka,820426,+919552445702,rajeshkumar@example.com,27ABCD1234E1Z5,ABCD1234E,50000,30,488813,Amit Shah,Active,2024-01-15 10:00:00,2024-05-01 08:00:00
PTY-0515,COMP-0028,Rajesh Sharma Distributors,Customer,"160, Coimbatore",Coimbatore,Tamil Nadu,769883,+917901280364,rajeshsharma@example.com,27ABCD1234E1Z5,ABCD1234E,100000,15,397669,Rajesh Kumar,Active,2024-01-15 10:00:00,2024-05-01 08:00:00
PTY-0516,COMP-0028,Vikram Singh Distributors,Supplier,"140, Coimbatore",Coimbatore,Tamil Nadu,256574,+917676440254,vikramsingh@example.com,27ABCD1234E1Z5,ABCD1234E,100000,15,-61682,Rajesh Kumar,Active,2024-01-15 10:00:00,2024-05-01 08:00:00
PTY-0517,COMP-0028,Neha Gupta Distributors,Customer,"282, Chennai",Chennai,Tamil Nadu,433955,+918164159934,nehagupta@example.com,27ABCD1234E1Z5,ABCD1234E,50000,45,183667,Amit Shah,Active,2024-01-15 10:00:00,2024-05-01 08:00:00
PTY-0518,COMP-0028,Neha Patel Distributors,Supplier,"174, Ahmedabad",Ahmedabad,Gujarat,666836,+918905452099,nehapatel@example.com,27ABCD1234E1Z5,ABCD1234E,50000,15,-467792,Rajesh Kumar,Active,2024-01-15 10:00:00,2024-05-01 08:00:00
PTY-0519,COMP-0028,Priya Sharma Traders,Customer,"201, Pune",Pune,Maharashtra,287677,+919560321728,priyasharma@example.com,27ABCD1234E1Z5,ABCD1234E,200000,45,223590,Unassigned,Active,2024-01-15 10:00:00,2024-05-01 08:00:00
PTY-0520,COMP-0028,Priya Gupta Traders,Supplier,"389, Delhi",Delhi,Delhi,803458,+919291300350,priyagupta@example.com,27ABCD1234E1Z5,ABCD1234E,50000,30,-373764,Unassigned,Active,2024-01-15 10:00:00,2024-05-01 08:00:00
PTY-0521,COMP-0028,Amit Sharma Suppliers,Supplier,"330, Bangalore",Bangalore,Karnataka,844715,+918998863011,amitsharma@example.com,27ABCD1234E1Z5,ABCD1234E,100000,15,-358863,Rajesh Kumar,Active,2024-01-15 10:00:00,2024-05-01 08:00:00
PTY-0522,COMP-0028,Amit Gupta Traders,Supplier,"470, Delhi",Delhi,Delhi,797492,+918418747769,amitgupta@example.com,27ABCD1234E1Z5,ABCD1234E,100000,30,-366799,Amit Shah,Active,2024-01-15 10:00:00,2024-05-01 08:00:00
PTY-0523,COMP-0028,Rajesh Sharma Suppliers,Supplier,"434, Bangalore",Bangalore,Karnataka,279098,+918212286165,rajeshsharma@example.com,27ABCD1234E1Z5,ABCD1234E,100000,45,-241823,Unassigned,Active,2024-01-15 10:00:00,2024-05-01 08:00:00
PTY-0524,COMP-0028,Amit Gupta Traders,Both,"285, Pune",Pune,Maharashtra,780999,+917304616203,amitgupta@example.com,27ABCD1234E1Z5,ABCD1234E,100000,45,170849,Amit Shah,Active,2024-01-15 10:00:00,2024-05-01 08:00:00
PTY-0525,COMP-0028,Priya Gupta Traders,Both,"82, Bangalore",Bangalore,Karnataka,605806,+918648479139,priyagupta@example.com,27ABCD1234E1Z5,ABCD1234E,50000,30,287283,Rajesh Kumar,Active,2024-01-15 10:00:00,2024-05-01 08:00:00
PTY-0526,COMP-0028,Neha Kumar Distributors,Both,"89, Mysore",Mysore,Karnataka,794799,+919875932424,nehakumar@example.com,27ABCD1234E1Z5,ABCD1234E,50000,45,123812,Unassigned,Active,2024-01-15 10:00:00,2024-05-01 08:00:00
PTY-0527,COMP-0028,Neha Kumar Suppliers,Both,"285, Nagpur",Nagpur,Maharashtra,202397,+918912189154,nehakumar@example.com,27ABCD1234E1Z5,ABCD1234E,50000,30,170591,Amit Shah,Active,2024-01-15 10:00:00,2024-05-01 08:00:00
PTY-0528,COMP-0028,Rajesh Gupta Suppliers,Both,"254, Nagpur",Nagpur,Maharashtra,776320,+919835386061,rajeshgupta@example.com,27ABCD1234E1Z5,ABCD1234E,50000,15,171656,Rajesh Kumar,Active,2024-01-15 10:00:00,2024-05-01 08:00:00
PTY-0529,COMP-0028,Amit Gupta Traders,Both,"273, Mumbai",Mumbai,Maharashtra,405663,+918674962768,amitgupta@example.com,27ABCD1234E1Z5,ABCD1234E,200000,45,237489,Amit Shah,Active,2024-01-15 10:00:00,2024-05-01 08:00:00
PTY-0530,COMP-0028,Amit Patel Distributors,Both,"471, Delhi",Delhi,Delhi,555844,+918478605304,amitpatel@example.com,27ABCD1234E1Z5,ABCD1234E,50000,45,159671,Rajesh Kumar,Active,2024-01-15 10:00:00,2024-05-01 08:00:00
PTY-0531,COMP-0029,Priya Gupta Traders,Supplier,"285, Ahmedabad",Ahmedabad,Gujarat,503277,+918547424693,priyagupta@example.com,27ABCD1234E1Z5,ABCD1234E,100000,15,-98685,Amit Shah,Active,2024-01-15 10:00:00,2024-05-01 08:00:00
PTY-0532,COMP-0029,Amit Patel Traders,Both,"370, Mumbai",Mumbai,Maharashtra,610343,+919825773649,amitpatel@example.com,27ABCD1234E1Z5,ABCD1234E,100000,15,75495,Rajesh Kumar,Active,2024-01-15 10:00:00,2024-05-01 08:00:00
PTY-0533,COMP-0029,Amit Kumar Traders,Both,"261, Mysore",Mysore,Karnataka,544726,+919371036817,amitkumar@example.com,27ABCD1234E1Z5,ABCD1234E,100000,30,238233,Amit Shah,Active,2024-01-15 10:00:00,2024-05-01 08:00:00
PTY-0534,COMP-0029,Amit Patel Suppliers,Both,"375, Bangalore",Bangalore,Karnataka,348250,+919154908810,amitpatel@example.com,27ABCD1234E1Z5,ABCD1234E,100000,30,443969,Unassigned,Active,2024-01-15 10:00:00,2024-05-01 08:00:00
PTY-0535,COMP-0029,Neha Singh Suppliers,Both,"189, Mumbai",Mumbai,Maharashtra,218661,+919492235444,nehasingh@example.com,27ABCD1234E1Z5,ABCD1234E,100000,45,369561,Rajesh Kumar,Active,2024-01-15 10:00:00,2024-05-01 08:00:00
PTY-0536,COMP-0029,Amit Gupta Traders,Both,"456, Delhi",Delhi,Delhi,739705,+917379874179,amitgupta@example.com,27ABCD1234E1Z5,ABCD1234E,50000,30,274389,Unassigned,Active,2024-01-15 10:00:00,2024-05-01 08:00:00
PTY-0537,COMP-0029,Rajesh Gupta Traders,Both,"176, Coimbatore",Coimbatore,Tamil Nadu,661023,+917046314343,rajeshgupta@example.com,27ABCD1234E1Z5,ABCD1234E,100000,30,473738,Unassigned,Active,2024-01-15 10:00:00,2024-05-01 08:00:00
PTY-0538,COMP-0029,Priya Gupta Suppliers,Supplier,"86, Delhi",Delhi,Delhi,137042,+919985221988,priyagupta@example.com,27ABCD1234E1Z5,ABCD1234E,200000,45,-151628,Amit Shah,Active,2024-01-15 10:00:00,2024-05-01 08:00:00
PTY-0539,COMP-0029,Neha Singh Distributors,Supplier,"294, Nagpur",Nagpur,Maharashtra,154127,+919818872419,nehasingh@example.com,27ABCD1234E1Z5,ABCD1234E,100000,45,-88646,Unassigned,Active,2024-01-15 10:00:00,2024-05-01 08:00:00
PTY-0540,COMP-0029,Rajesh Singh Distributors,Customer,"436, Bangalore",Bangalore,Karnataka,921834,+918193351499,rajeshsingh@example.com,27ABCD1234E1Z5,ABCD1234E,100000,15,40297,Unassigned,Active,2024-01-15 10:00:00,2024-05-01 08:00:00
PTY-0541,COMP-0029,Vikram Singh Traders,Both,"90, Delhi",Delhi,Delhi,720515,+917649122505,vikramsingh@example.com,27ABCD1234E1Z5,ABCD1234E,200000,30,316576,Amit Shah,Active,2024-01-15 10:00:00,2024-05-01 08:00:00
PTY-0542,COMP-0029,Amit Singh Distributors,Customer,"17, Surat",Surat,Gujarat,459502,+917362501515,amitsingh@example.com,27ABCD1234E1Z5,ABCD1234E,50000,45,451943,Rajesh Kumar,Active,2024-01-15 10:00:00,2024-05-01 08:00:00
PTY-0543,COMP-0029,Priya Kumar Suppliers,Both,"327, Bangalore",Bangalore,Karnataka,275409,+917905622824,priyakumar@example.com,27ABCD1234E1Z5,ABCD1234E,200000,45,380632,Amit Shah,Active,2024-01-15 10:00:00,2024-05-01 08:00:00
PTY-0544,COMP-0029,Rajesh Singh Suppliers,Customer,"244, Mumbai",Mumbai,Maharashtra,416006,+919045547915,rajeshsingh@example.com,27ABCD1234E1Z5,ABCD1234E,200000,45,209057,Rajesh Kumar,Active,2024-01-15 10:00:00,2024-05-01 08:00:00
PTY-0545,COMP-0029,Priya Kumar Distributors,Customer,"223, Mysore",Mysore,Karnataka,112439,+918240353129,priyakumar@example.com,27ABCD1234E1Z5,ABCD1234E,100000,30,456276,Unassigned,Active,2024-01-15 10:00:00,2024-05-01 08:00:00
PTY-0546,COMP-0029,Vikram Gupta Distributors,Both,"490, Mumbai",Mumbai,Maharashtra,985249,+918854506228,vikramgupta@example.com,27ABCD1234E1Z5,ABCD1234E,200000,45,185507,Amit Shah,Active,2024-01-15 10:00:00,2024-05-01 08:00:00
PTY-0547,COMP-0029,Vikram Singh Distributors,Supplier,"201, Delhi",Delhi,Delhi,583507,+919900353279,vikramsingh@example.com,27ABCD1234E1Z5,ABCD1234E,200000,15,-306276,Unassigned,Active,2024-01-15 10:00:00,2024-05-01 08:00:00
PTY-0548,COMP-0029,Neha Patel Distributors,Both,"161, Coimbatore",Coimbatore,Tamil Nadu,674213,+917045432125,nehapatel@example.com,27ABCD1234E1Z5,ABCD1234E,200000,15,94328,Rajesh Kumar,Active,2024-01-15 10:00:00,2024-05-01 08:00:00
PTY-0549,COMP-0029,Rajesh Kumar Distributors,Customer,"180, Nagpur",Nagpur,Maharashtra,330074,+918216751436,rajeshkumar@example.com,27ABCD1234E1Z5,ABCD1234E,100000,15,233802,Rajesh Kumar,Active,2024-01-15 10:00:00,2024-05-01 08:00:00
PTY-0550,COMP-0029,Rajesh Gupta Distributors,Both,"428, Mumbai",Mumbai,Maharashtra,327357,+919574338859,rajeshgupta@example.com,27ABCD1234E1Z5,ABCD1234E,200000,15,468696,Unassigned,Active,2024-01-15 10:00:00,2024-05-01 08:00:00
PTY-0551,COMP-0029,Rajesh Sharma Distributors,Supplier,"461, Chennai",Chennai,Tamil Nadu,779378,+919431246996,rajeshsharma@example.com,27ABCD1234E1Z5,ABCD1234E,50000,15,-400481,Unassigned,Active,2024-01-15 10:00:00,2024-05-01 08:00:00
PTY-0552,COMP-0030,Rajesh Kumar Distributors,Customer,"56, Surat",Surat,Gujarat,250861,+919321997415,rajeshkumar@example.com,27ABCD1234E1Z5,ABCD1234E,100000,15,257979,Unassigned,Active,2024-01-15 10:00:00,2024-05-01 08:00:00
PTY-0553,COMP-0030,Rajesh Kumar Traders,Customer,"293, Delhi",Delhi,Delhi,862886,+918076303124,rajeshkumar@example.com,27ABCD1234E1Z5,ABCD1234E,100000,15,36916,Amit Shah,Active,2024-01-15 10:00:00,2024-05-01 08:00:00
PTY-0554,COMP-0030,Amit Sharma Suppliers,Supplier,"359, Nagpur",Nagpur,Maharashtra,445852,+918680751126,amitsharma@example.com,27ABCD1234E1Z5,ABCD1234E,200000,15,-79485,Unassigned,Active,2024-01-15 10:00:00,2024-05-01 08:00:00
PTY-0555,COMP-0030,Priya Kumar Traders,Both,"116, Mysore",Mysore,Karnataka,103468,+918651087940,priyakumar@example.com,27ABCD1234E1Z5,ABCD1234E,200000,30,283183,Rajesh Kumar,Active,2024-01-15 10:00:00,2024-05-01 08:00:00
PTY-0556,COMP-0030,Neha Gupta Suppliers,Both,"29, Delhi",Delhi,Delhi,762985,+919779163450,nehagupta@example.com,27ABCD1234E1Z5,ABCD1234E,50000,30,210037,Unassigned,Active,2024-01-15 10:00:00,2024-05-01 08:00:00
PTY-0557,COMP-0030,Vikram Sharma Traders,Both,"284, Mysore",Mysore,Karnataka,141241,+918649970409,vikramsharma@example.com,27ABCD1234E1Z5,ABCD1234E,200000,15,92598,Amit Shah,Active,2024-01-15 10:00:00,2024-05-01 08:00:00
PTY-0558,COMP-0030,Priya Sharma Distributors,Customer,"377, Delhi",Delhi,Delhi,298667,+917601050402,priyasharma@example.com,27ABCD1234E1Z5,ABCD1234E,50000,15,229629,Rajesh Kumar,Active,2024-01-15 10:00:00,2024-05-01 08:00:00
PTY-0559,COMP-0030,Neha Patel Distributors,Customer,"158, Mysore",Mysore,Karnataka,623956,+919293255031,nehapatel@example.com,27ABCD1234E1Z5,ABCD1234E,100000,15,337330,Rajesh Kumar,Active,2024-01-15 10:00:00,2024-05-01 08:00:00
PTY-0560,COMP-0030,Vikram Sharma Traders,Supplier,"414, Delhi",Delhi,Delhi,785611,+919866102200,vikramsharma@example.com,27ABCD1234E1Z5,ABCD1234E,200000,30,-110980,Unassigned,Active,2024-01-15 10:00:00,2024-05-01 08:00:00
PTY-0561,COMP-0030,Neha Patel Traders,Customer,"73, Chennai",Chennai,Tamil Nadu,612643,+919808185031,nehapatel@example.com,27ABCD1234E1Z5,ABCD1234E,50000,30,385592,Unassigned,Active,2024-01-15 10:00:00,2024-05-01 08:00:00
PTY-0562,COMP-0030,Rajesh Patel Distributors,Customer,"464, Ahmedabad",Ahmedabad,Gujarat,422266,+917417866985,rajeshpatel@example.com,27ABCD1234E1Z5,ABCD1234E,100000,45,26192,Rajesh Kumar,Active,2024-01-15 10:00:00,2024-05-01 08:00:00
PTY-0563,COMP-0030,Neha Sharma Distributors,Supplier,"316, Mumbai",Mumbai,Maharashtra,331287,+917271055863,nehasharma@example.com,27ABCD1234E1Z5,ABCD1234E,50000,30,-418997,Amit Shah,Active,2024-01-15 10:00:00,2024-05-01 08:00:00
PTY-0564,COMP-0030,Priya Singh Distributors,Both,"165, Nagpur",Nagpur,Maharashtra,977057,+917915823748,priyasingh@example.com,27ABCD1234E1Z5,ABCD1234E,50000,45,72000,Rajesh Kumar,Active,2024-01-15 10:00:00,2024-05-01 08:00:00
PTY-0565,COMP-0030,Vikram Sharma Suppliers,Customer,"357, Pune",Pune,Maharashtra,487896,+919376868109,vikramsharma@example.com,27ABCD1234E1Z5,ABCD1234E,50000,30,88107,Rajesh Kumar,Active,2024-01-15 10:00:00,2024-05-01 08:00:00
PTY-0566,COMP-0030,Neha Sharma Distributors,Both,"399, Ahmedabad",Ahmedabad,Gujarat,265416,+917067131712,nehasharma@example.com,27ABCD1234E1Z5,ABCD1234E,100000,15,197200,Rajesh Kumar,Active,2024-01-15 10:00:00,2024-05-01 08:00:00
PTY-0567,COMP-0030,Rajesh Patel Distributors,Both,"146, Nagpur",Nagpur,Maharashtra,536440,+919978574975,rajeshpatel@example.com,27ABCD1234E1Z5,ABCD1234E,100000,45,464998,Rajesh Kumar,Active,2024-01-15 10:00:00,2024-05-01 08:00:00
PTY-0568,COMP-0030,Amit Patel Traders,Supplier,"90, Delhi",Delhi,Delhi,740195,+919970715367,amitpatel@example.com,27ABCD1234E1Z5,ABCD1234E,50000,45,-491829,Rajesh Kumar,Active,2024-01-15 10:00:00,2024-05-01 08:00:00
PTY-0569,COMP-0030,Priya Gupta Suppliers,Supplier,"3, Nagpur",Nagpur,Maharashtra,684801,+918012061834,priyagupta@example.com,27ABCD1234E1Z5,ABCD1234E,50000,15,-219564,Unassigned,Active,2024-01-15 10:00:00,2024-05-01 08:00:00
PTY-0570,COMP-0030,Rajesh Gupta Distributors,Supplier,"107, Delhi",Delhi,Delhi,389854,+917227929714,rajeshgupta@example.com,27ABCD1234E1Z5,ABCD1234E,50000,15,-345677,Rajesh Kumar,Active,2024-01-15 10:00:00,2024-05-01 08:00:00
PTY-0571,COMP-0030,Priya Kumar Traders,Both,"331, Ahmedabad",Ahmedabad,Gujarat,481884,+918224342797,priyakumar@example.com,27ABCD1234E1Z5,ABCD1234E,50000,30,28326,Amit Shah,Active,2024-01-15 10:00:00,2024-05-01 08:00:00
PTY-0572,COMP-0030,Vikram Gupta Distributors,Customer,"474, Bangalore",Bangalore,Karnataka,663463,+917755431522,vikramgupta@example.com,27ABCD1234E1Z5,ABCD1234E,50000,15,27502,Amit Shah,Active,2024-01-15 10:00:00,2024-05-01 08:00:00
PTY-0573,COMP-0030,Neha Sharma Suppliers,Both,"297, Mumbai",Mumbai,Maharashtra,441806,+918799875937,nehasharma@example.com,27ABCD1234E1Z5,ABCD1234E,50000,45,310748,Unassigned,Active,2024-01-15 10:00:00,2024-05-01 08:00:00
PTY-0574,COMP-0031,Priya Patel Suppliers,Customer,"17, Delhi",Delhi,Delhi,825835,+919442401169,priyapatel@example.com,27ABCD1234E1Z5,ABCD1234E,50000,30,66695,Rajesh Kumar,Active,2024-01-15 10:00:00,2024-05-01 08:00:00
PTY-0575,COMP-0031,Rajesh Kumar Suppliers,Customer,"454, Mysore",Mysore,Karnataka,409499,+919592596823,rajeshkumar@example.com,27ABCD1234E1Z5,ABCD1234E,50000,45,115266,Unassigned,Active,2024-01-15 10:00:00,2024-05-01 08:00:00
PTY-0576,COMP-0031,Amit Gupta Suppliers,Customer,"268, Chennai",Chennai,Tamil Nadu,612977,+917929613915,amitgupta@example.com,27ABCD1234E1Z5,ABCD1234E,200000,30,449301,Amit Shah,Active,2024-01-15 10:00:00,2024-05-01 08:00:00
PTY-0577,COMP-0031,Vikram Sharma Suppliers,Customer,"297, Bangalore",Bangalore,Karnataka,333210,+919541639799,vikramsharma@example.com,27ABCD1234E1Z5,ABCD1234E,50000,45,227671,Rajesh Kumar,Active,2024-01-15 10:00:00,2024-05-01 08:00:00
PTY-0578,COMP-0031,Priya Sharma Distributors,Both,"218, Pune",Pune,Maharashtra,656921,+918693592188,priyasharma@example.com,27ABCD1234E1Z5,ABCD1234E,100000,45,17626,Rajesh Kumar,Active,2024-01-15 10:00:00,2024-05-01 08:00:00
PTY-0579,COMP-0031,Priya Kumar Traders,Both,"375, Ahmedabad",Ahmedabad,Gujarat,526369,+917936330742,priyakumar@example.com,27ABCD1234E1Z5,ABCD1234E,50000,30,363415,Amit Shah,Active,2024-01-15 10:00:00,2024-05-01 08:00:00
PTY-0580,COMP-0031,Amit Sharma Suppliers,Both,"361, Pune",Pune,Maharashtra,581592,+919449766862,amitsharma@example.com,27ABCD1234E1Z5,ABCD1234E,200000,45,84831,Rajesh Kumar,Active,2024-01-15 10:00:00,2024-05-01 08:00:00
PTY-0581,COMP-0031,Priya Kumar Suppliers,Customer,"238, Surat",Surat,Gujarat,838094,+919720442203,priyakumar@example.com,27ABCD1234E1Z5,ABCD1234E,50000,45,328629,Rajesh Kumar,Active,2024-01-15 10:00:00,2024-05-01 08:00:00
PTY-0582,COMP-0031,Priya Singh Suppliers,Supplier,"139, Chennai",Chennai,Tamil Nadu,831963,+919630672799,priyasingh@example.com,27ABCD1234E1Z5,ABCD1234E,200000,45,-394730,Rajesh Kumar,Active,2024-01-15 10:00:00,2024-05-01 08:00:00
PTY-0583,COMP-0031,Rajesh Gupta Distributors,Both,"455, Delhi",Delhi,Delhi,154067,+917476597680,rajeshgupta@example.com,27ABCD1234E1Z5,ABCD1234E,100000,30,190835,Amit Shah,Active,2024-01-15 10:00:00,2024-05-01 08:00:00
PTY-0584,COMP-0031,Neha Sharma Distributors,Customer,"361, Delhi",Delhi,Delhi,170260,+919408438165,nehasharma@example.com,27ABCD1234E1Z5,ABCD1234E,200000,15,292967,Rajesh Kumar,Active,2024-01-15 10:00:00,2024-05-01 08:00:00
PTY-0585,COMP-0031,Vikram Patel Suppliers,Both,"481, Chennai",Chennai,Tamil Nadu,888819,+919491593775,vikrampatel@example.com,27ABCD1234E1Z5,ABCD1234E,200000,15,386599,Unassigned,Active,2024-01-15 10:00:00,2024-05-01 08:00:00
PTY-0586,COMP-0031,Amit Singh Distributors,Both,"142, Delhi",Delhi,Delhi,157105,+917272168566,amitsingh@example.com,27ABCD1234E1Z5,ABCD1234E,100000,30,221736,Amit Shah,Active,2024-01-15 10:00:00,2024-05-01 08:00:00
PTY-0587,COMP-0031,Priya Gupta Distributors,Supplier,"348, Chennai",Chennai,Tamil Nadu,965472,+919288596778,priyagupta@example.com,27ABCD1234E1Z5,ABCD1234E,100000,30,-278871,Unassigned,Active,2024-01-15 10:00:00,2024-05-01 08:00:00
PTY-0588,COMP-0031,Vikram Sharma Traders,Customer,"460, Surat",Surat,Gujarat,287497,+918238551232,vikramsharma@example.com,27ABCD1234E1Z5,ABCD1234E,50000,15,204830,Rajesh Kumar,Active,2024-01-15 10:00:00,2024-05-01 08:00:00
PTY-0589,COMP-0031,Vikram Sharma Traders,Customer,"488, Surat",Surat,Gujarat,757746,+917097453982,vikramsharma@example.com,27ABCD1234E1Z5,ABCD1234E,100000,30,272990,Unassigned,Active,2024-01-15 10:00:00,2024-05-01 08:00:00
PTY-0590,COMP-0031,Neha Patel Suppliers,Supplier,"331, Mysore",Mysore,Karnataka,122525,+918252055106,nehapatel@example.com,27ABCD1234E1Z5,ABCD1234E,50000,15,-386772,Rajesh Kumar,Active,2024-01-15 10:00:00,2024-05-01 08:00:00
PTY-0591,COMP-0032,Vikram Singh Suppliers,Supplier,"490, Mumbai",Mumbai,Maharashtra,274444,+919656996606,vikramsingh@example.com,27ABCD1234E1Z5,ABCD1234E,50000,45,-239036,Unassigned,Active,2024-01-15 10:00:00,2024-05-01 08:00:00
PTY-0592,COMP-0032,Vikram Patel Traders,Customer,"22, Ahmedabad",Ahmedabad,Gujarat,432006,+919467566824,vikrampatel@example.com,27ABCD1234E1Z5,ABCD1234E,50000,30,61298,Amit Shah,Active,2024-01-15 10:00:00,2024-05-01 08:00:00
PTY-0593,COMP-0032,Vikram Patel Suppliers,Both,"76, Ahmedabad",Ahmedabad,Gujarat,491029,+918925988293,vikrampatel@example.com,27ABCD1234E1Z5,ABCD1234E,200000,15,180274,Unassigned,Active,2024-01-15 10:00:00,2024-05-01 08:00:00
PTY-0594,COMP-0032,Vikram Sharma Traders,Supplier,"235, Pune",Pune,Maharashtra,435772,+917670243704,vikramsharma@example.com,27ABCD1234E1Z5,ABCD1234E,50000,45,-496914,Unassigned,Active,2024-01-15 10:00:00,2024-05-01 08:00:00
PTY-0595,COMP-0032,Neha Singh Distributors,Supplier,"76, Delhi",Delhi,Delhi,938416,+919427650861,nehasingh@example.com,27ABCD1234E1Z5,ABCD1234E,200000,30,-349641,Amit Shah,Active,2024-01-15 10:00:00,2024-05-01 08:00:00
PTY-0596,COMP-0032,Rajesh Kumar Distributors,Both,"158, Mumbai",Mumbai,Maharashtra,126000,+918724987382,rajeshkumar@example.com,27ABCD1234E1Z5,ABCD1234E,200000,15,61276,Amit Shah,Active,2024-01-15 10:00:00,2024-05-01 08:00:00
PTY-0597,COMP-0032,Vikram Sharma Distributors,Both,"299, Delhi",Delhi,Delhi,652005,+917954100590,vikramsharma@example.com,27ABCD1234E1Z5,ABCD1234E,100000,15,102314,Rajesh Kumar,Active,2024-01-15 10:00:00,2024-05-01 08:00:00
PTY-0598,COMP-0032,Rajesh Gupta Suppliers,Both,"252, Bangalore",Bangalore,Karnataka,433193,+919590603471,rajeshgupta@example.com,27ABCD1234E1Z5,ABCD1234E,200000,45,101947,Rajesh Kumar,Active,2024-01-15 10:00:00,2024-05-01 08:00:00
PTY-0599,COMP-0032,Vikram Kumar Suppliers,Supplier,"7, Surat",Surat,Gujarat,398477,+918481421047,vikramkumar@example.com,27ABCD1234E1Z5,ABCD1234E,100000,30,-195470,Amit Shah,Active,2024-01-15 10:00:00,2024-05-01 08:00:00
PTY-0600,COMP-0032,Neha Sharma Suppliers,Both,"227, Surat",Surat,Gujarat,402654,+917703474164,nehasharma@example.com,27ABCD1234E1Z5,ABCD1234E,200000,30,421362,Unassigned,Active,2024-01-15 10:00:00,2024-05-01 08:00:00
PTY-0601,COMP-0032,Priya Patel Traders,Customer,"244, Chennai",Chennai,Tamil Nadu,650818,+918440603960,priyapatel@example.com,27ABCD1234E1Z5,ABCD1234E,50000,45,158980,Amit Shah,Active,2024-01-15 10:00:00,2024-05-01 08:00:00
PTY-0602,COMP-0032,Rajesh Sharma Traders,Supplier,"237, Mysore",Mysore,Karnataka,844747,+919439182043,rajeshsharma@example.com,27ABCD1234E1Z5,ABCD1234E,50000,15,-291406,Rajesh Kumar,Active,2024-01-15 10:00:00,2024-05-01 08:00:00
PTY-0603,COMP-0032,Priya Singh Suppliers,Customer,"300, Coimbatore",Coimbatore,Tamil Nadu,418677,+919122145416,priyasingh@example.com,27ABCD1234E1Z5,ABCD1234E,200000,45,437563,Amit Shah,Active,2024-01-15 10:00:00,2024-05-01 08:00:00
PTY-0604,COMP-0032,Amit Sharma Suppliers,Supplier,"428, Mumbai",Mumbai,Maharashtra,767482,+919029548895,amitsharma@example.com,27ABCD1234E1Z5,ABCD1234E,50000,45,-335835,Unassigned,Active,2024-01-15 10:00:00,2024-05-01 08:00:00
PTY-0605,COMP-0032,Vikram Kumar Distributors,Both,"15, Surat",Surat,Gujarat,225152,+918190638090,vikramkumar@example.com,27ABCD1234E1Z5,ABCD1234E,100000,15,128319,Unassigned,Active,2024-01-15 10:00:00,2024-05-01 08:00:00
PTY-0606,COMP-0032,Vikram Gupta Distributors,Supplier,"244, Mysore",Mysore,Karnataka,827968,+917513608027,vikramgupta@example.com,27ABCD1234E1Z5,ABCD1234E,100000,45,-359615,Unassigned,Active,2024-01-15 10:00:00,2024-05-01 08:00:00
PTY-0607,COMP-0032,Neha Sharma Traders,Both,"164, Delhi",Delhi,Delhi,583439,+919977628013,nehasharma@example.com,27ABCD1234E1Z5,ABCD1234E,50000,30,76617,Rajesh Kumar,Active,2024-01-15 10:00:00,2024-05-01 08:00:00
PTY-0608,COMP-0032,Rajesh Singh Suppliers,Both,"149, Delhi",Delhi,Delhi,405831,+919274667646,rajeshsingh@example.com,27ABCD1234E1Z5,ABCD1234E,200000,15,25540,Unassigned,Active,2024-01-15 10:00:00,2024-05-01 08:00:00
PTY-0609,COMP-0032,Amit Patel Distributors,Customer,"447, Nagpur",Nagpur,Maharashtra,431570,+919941911500,amitpatel@example.com,27ABCD1234E1Z5,ABCD1234E,100000,30,169138,Unassigned,Active,2024-01-15 10:00:00,2024-05-01 08:00:00
PTY-0610,COMP-0032,Vikram Sharma Traders,Customer,"266, Coimbatore",Coimbatore,Tamil Nadu,395087,+918602083761,vikramsharma@example.com,27ABCD1234E1Z5,ABCD1234E,100000,30,71800,Amit Shah,Active,2024-01-15 10:00:00,2024-05-01 08:00:00
PTY-0611,COMP-0032,Amit Sharma Traders,Both,"97, Ahmedabad",Ahmedabad,Gujarat,933729,+919399405857,amitsharma@example.com,27ABCD1234E1Z5,ABCD1234E,200000,45,435984,Unassigned,Active,2024-01-15 10:00:00,2024-05-01 08:00:00
PTY-0612,COMP-0032,Neha Gupta Traders,Supplier,"420, Pune",Pune,Maharashtra,237606,+917074643958,nehagupta@example.com,27ABCD1234E1Z5,ABCD1234E,100000,30,-61113,Amit Shah,Active,2024-01-15 10:00:00,2024-05-01 08:00:00
PTY-0613,COMP-0033,Rajesh Sharma Traders,Customer,"17, Mysore",Mysore,Karnataka,931578,+919833771491,rajeshsharma@example.com,27ABCD1234E1Z5,ABCD1234E,200000,45,56527,Rajesh Kumar,Active,2024-01-15 10:00:00,2024-05-01 08:00:00
PTY-0614,COMP-0033,Priya Sharma Suppliers,Customer,"6, Delhi",Delhi,Delhi,891203,+917414479793,priyasharma@example.com,27ABCD1234E1Z5,ABCD1234E,50000,45,350007,Rajesh Kumar,Active,2024-01-15 10:00:00,2024-05-01 08:00:00
PTY-0615,COMP-0033,Neha Patel Traders,Customer,"434, Surat",Surat,Gujarat,882445,+918191319381,nehapatel@example.com,27ABCD1234E1Z5,ABCD1234E,200000,30,76313,Amit Shah,Active,2024-01-15 10:00:00,2024-05-01 08:00:00
PTY-0616,COMP-0033,Amit Gupta Distributors,Both,"51, Chennai",Chennai,Tamil Nadu,959398,+919483065233,amitgupta@example.com,27ABCD1234E1Z5,ABCD1234E,50000,45,35828,Rajesh Kumar,Active,2024-01-15 10:00:00,2024-05-01 08:00:00
PTY-0617,COMP-0033,Amit Singh Traders,Both,"110, Ahmedabad",Ahmedabad,Gujarat,628687,+919038887576,amitsingh@example.com,27ABCD1234E1Z5,ABCD1234E,100000,45,484563,Unassigned,Active,2024-01-15 10:00:00,2024-05-01 08:00:00
PTY-0618,COMP-0033,Amit Kumar Suppliers,Supplier,"110, Mumbai",Mumbai,Maharashtra,639231,+917977337913,amitkumar@example.com,27ABCD1234E1Z5,ABCD1234E,100000,15,-222346,Amit Shah,Active,2024-01-15 10:00:00,2024-05-01 08:00:00
PTY-0619,COMP-0033,Rajesh Kumar Suppliers,Customer,"185, Nagpur",Nagpur,Maharashtra,838963,+918238115647,rajeshkumar@example.com,27ABCD1234E1Z5,ABCD1234E,200000,45,399650,Rajesh Kumar,Active,2024-01-15 10:00:00,2024-05-01 08:00:00
PTY-0620,COMP-0033,Rajesh Singh Suppliers,Supplier,"308, Bangalore",Bangalore,Karnataka,871934,+918340059485,rajeshsingh@example.com,27ABCD1234E1Z5,ABCD1234E,200000,30,-239571,Rajesh Kumar,Active,2024-01-15 10:00:00,2024-05-01 08:00:00
PTY-0621,COMP-0033,Neha Kumar Traders,Customer,"431, Delhi",Delhi,Delhi,941415,+919043016282,nehakumar@example.com,27ABCD1234E1Z5,ABCD1234E,200000,30,469109,Rajesh Kumar,Active,2024-01-15 10:00:00,2024-05-01 08:00:00
PTY-0622,COMP-0033,Rajesh Kumar Distributors,Supplier,"347, Pune",Pune,Maharashtra,189135,+917512036736,rajeshkumar@example.com,27ABCD1234E1Z5,ABCD1234E,50000,30,-345268,Amit Shah,Active,2024-01-15 10:00:00,2024-05-01 08:00:00
PTY-0623,COMP-0033,Neha Sharma Traders,Supplier,"103, Ahmedabad",Ahmedabad,Gujarat,723861,+918736408179,nehasharma@example.com,27ABCD1234E1Z5,ABCD1234E,50000,15,-177540,Amit Shah,Active,2024-01-15 10:00:00,2024-05-01 08:00:00
PTY-0624,COMP-0033,Priya Singh Suppliers,Both,"244, Coimbatore",Coimbatore,Tamil Nadu,799061,+919590575789,priyasingh@example.com,27ABCD1234E1Z5,ABCD1234E,100000,30,186697,Unassigned,Active,2024-01-15 10:00:00,2024-05-01 08:00:00
PTY-0625,COMP-0033,Vikram Patel Suppliers,Customer,"255, Bangalore",Bangalore,Karnataka,342034,+919698833021,vikrampatel@example.com,27ABCD1234E1Z5,ABCD1234E,50000,15,256555,Rajesh Kumar,Active,2024-01-15 10:00:00,2024-05-01 08:00:00
PTY-0626,COMP-0033,Rajesh Sharma Suppliers,Customer,"348, Bangalore",Bangalore,Karnataka,442838,+917655998939,rajeshsharma@example.com,27ABCD1234E1Z5,ABCD1234E,100000,45,316976,Unassigned,Active,2024-01-15 10:00:00,2024-05-01 08:00:00
PTY-0627,COMP-0033,Rajesh Sharma Traders,Supplier,"339, Coimbatore",Coimbatore,Tamil Nadu,622084,+919105609249,rajeshsharma@example.com,27ABCD1234E1Z5,ABCD1234E,200000,30,-153911,Unassigned,Active,2024-01-15 10:00:00,2024-05-01 08:00:00
PTY-0628,COMP-0033,Vikram Gupta Suppliers,Customer,"469, Chennai",Chennai,Tamil Nadu,224921,+918647677764,vikramgupta@example.com,27ABCD1234E1Z5,ABCD1234E,100000,30,461439,Amit Shah,Active,2024-01-15 10:00:00,2024-05-01 08:00:00
PTY-0629,COMP-0034,Amit Gupta Suppliers,Supplier,"498, Pune",Pune,Maharashtra,496149,+919649735743,amitgupta@example.com,27ABCD1234E1Z5,ABCD1234E,200000,30,-309877,Amit Shah,Active,2024-01-15 10:00:00,2024-05-01 08:00:00
PTY-0630,COMP-0034,Vikram Sharma Traders,Customer,"188, Nagpur",Nagpur,Maharashtra,465823,+919508119100,vikramsharma@example.com,27ABCD1234E1Z5,ABCD1234E,50000,45,438794,Amit Shah,Active,2024-01-15 10:00:00,2024-05-01 08:00:00
PTY-0631,COMP-0034,Priya Sharma Suppliers,Supplier,"29, Mysore",Mysore,Karnataka,793360,+918048955076,priyasharma@example.com,27ABCD1234E1Z5,ABCD1234E,50000,15,-184166,Unassigned,Active,2024-01-15 10:00:00,2024-05-01 08:00:00
PTY-0632,COMP-0034,Vikram Gupta Suppliers,Customer,"173, Nagpur",Nagpur,Maharashtra,278026,+917084662344,vikramgupta@example.com,27ABCD1234E1Z5,ABCD1234E,200000,30,60015,Rajesh Kumar,Active,2024-01-15 10:00:00,2024-05-01 08:00:00
PTY-0633,COMP-0034,Priya Kumar Traders,Supplier,"241, Coimbatore",Coimbatore,Tamil Nadu,716551,+917095504800,priyakumar@example.com,27ABCD1234E1Z5,ABCD1234E,100000,30,-364882,Unassigned,Active,2024-01-15 10:00:00,2024-05-01 08:00:00
PTY-0634,COMP-0034,Priya Singh Traders,Supplier,"346, Chennai",Chennai,Tamil Nadu,315910,+918442969253,priyasingh@example.com,27ABCD1234E1Z5,ABCD1234E,100000,45,-362211,Unassigned,Active,2024-01-15 10:00:00,2024-05-01 08:00:00
PTY-0635,COMP-0034,Vikram Patel Suppliers,Supplier,"255, Coimbatore",Coimbatore,Tamil Nadu,766311,+917323502003,vikrampatel@example.com,27ABCD1234E1Z5,ABCD1234E,200000,15,-105779,Amit Shah,Active,2024-01-15 10:00:00,2024-05-01 08:00:00
PTY-0636,COMP-0034,Vikram Sharma Distributors,Customer,"491, Delhi",Delhi,Delhi,196424,+919483321097,vikramsharma@example.com,27ABCD1234E1Z5,ABCD1234E,50000,45,389487,Amit Shah,Active,2024-01-15 10:00:00,2024-05-01 08:00:00
PTY-0637,COMP-0034,Vikram Sharma Traders,Supplier,"408, Coimbatore",Coimbatore,Tamil Nadu,180385,+919798329306,vikramsharma@example.com,27ABCD1234E1Z5,ABCD1234E,100000,45,-182093,Amit Shah,Active,2024-01-15 10:00:00,2024-05-01 08:00:00
PTY-0638,COMP-0034,Priya Gupta Suppliers,Supplier,"320, Delhi",Delhi,Delhi,640403,+918946602034,priyagupta@example.com,27ABCD1234E1Z5,ABCD1234E,200000,45,-131735,Rajesh Kumar,Active,2024-01-15 10:00:00,2024-05-01 08:00:00
PTY-0639,COMP-0034,Rajesh Gupta Distributors,Customer,"381, Surat",Surat,Gujarat,589994,+918150776141,rajeshgupta@example.com,27ABCD1234E1Z5,ABCD1234E,200000,45,431965,Unassigned,Active,2024-01-15 10:00:00,2024-05-01 08:00:00
PTY-0640,COMP-0034,Priya Gupta Suppliers,Customer,"76, Nagpur",Nagpur,Maharashtra,352050,+917646275116,priyagupta@example.com,27ABCD1234E1Z5,ABCD1234E,200000,45,242476,Amit Shah,Active,2024-01-15 10:00:00,2024-05-01 08:00:00
PTY-0641,COMP-0034,Priya Kumar Traders,Both,"212, Delhi",Delhi,Delhi,379901,+918232847163,priyakumar@example.com,27ABCD1234E1Z5,ABCD1234E,200000,15,443530,Amit Shah,Active,2024-01-15 10:00:00,2024-05-01 08:00:00
PTY-0642,COMP-0034,Neha Patel Traders,Customer,"15, Bangalore",Bangalore,Karnataka,357516,+918333761598,nehapatel@example.com,27ABCD1234E1Z5,ABCD1234E,100000,30,100619,Unassigned,Active,2024-01-15 10:00:00,2024-05-01 08:00:00
PTY-0643,COMP-0034,Priya Kumar Suppliers,Customer,"15, Mumbai",Mumbai,Maharashtra,370948,+918193021614,priyakumar@example.com,27ABCD1234E1Z5,ABCD1234E,200000,45,71528,Rajesh Kumar,Active,2024-01-15 10:00:00,2024-05-01 08:00:00
PTY-0644,COMP-0034,Rajesh Kumar Suppliers,Customer,"153, Mumbai",Mumbai,Maharashtra,166670,+918748081094,rajeshkumar@example.com,27ABCD1234E1Z5,ABCD1234E,100000,45,315411,Unassigned,Active,2024-01-15 10:00:00,2024-05-01 08:00:00
PTY-0645,COMP-0034,Rajesh Kumar Distributors,Customer,"257, Ahmedabad",Ahmedabad,Gujarat,226502,+919241790651,rajeshkumar@example.com,27ABCD1234E1Z5,ABCD1234E,200000,45,385079,Unassigned,Active,2024-01-15 10:00:00,2024-05-01 08:00:00
PTY-0646,COMP-0034,Vikram Kumar Traders,Both,"414, Mumbai",Mumbai,Maharashtra,428634,+918414272209,vikramkumar@example.com,27ABCD1234E1Z5,ABCD1234E,200000,45,405374,Amit Shah,Active,2024-01-15 10:00:00,2024-05-01 08:00:00
PTY-0647,COMP-0034,Amit Kumar Traders,Customer,"497, Ahmedabad",Ahmedabad,Gujarat,387883,+918887532541,amitkumar@example.com,27ABCD1234E1Z5,ABCD1234E,100000,30,112254,Unassigned,Active,2024-01-15 10:00:00,2024-05-01 08:00:00
PTY-0648,COMP-0034,Rajesh Kumar Traders,Both,"280, Coimbatore",Coimbatore,Tamil Nadu,544366,+919039482919,rajeshkumar@example.com,27ABCD1234E1Z5,ABCD1234E,200000,15,165931,Amit Shah,Active,2024-01-15 10:00:00,2024-05-01 08:00:00
PTY-0649,COMP-0034,Amit Singh Traders,Supplier,"496, Mysore",Mysore,Karnataka,735242,+917149505352,amitsingh@example.com,27ABCD1234E1Z5,ABCD1234E,200000,45,-338374,Rajesh Kumar,Active,2024-01-15 10:00:00,2024-05-01 08:00:00
PTY-0650,COMP-0034,Amit Singh Distributors,Supplier,"186, Coimbatore",Coimbatore,Tamil Nadu,951706,+919943119201,amitsingh@example.com,27ABCD1234E1Z5,ABCD1234E,50000,45,-367324,Rajesh Kumar,Active,2024-01-15 10:00:00,2024-05-01 08:00:00
PTY-0651,COMP-0034,Priya Kumar Suppliers,Supplier,"480, Pune",Pune,Maharashtra,962671,+918011294963,priyakumar@example.com,27ABCD1234E1Z5,ABCD1234E,100000,15,-47317,Rajesh Kumar,Active,2024-01-15 10:00:00,2024-05-01 08:00:00
PTY-0652,COMP-0035,Priya Sharma Traders,Both,"228, Nagpur",Nagpur,Maharashtra,929443,+919753498424,priyasharma@example.com,27ABCD1234E1Z5,ABCD1234E,50000,15,330383,Amit Shah,Active,2024-01-15 10:00:00,2024-05-01 08:00:00
PTY-0653,COMP-0035,Amit Singh Traders,Customer,"265, Delhi",Delhi,Delhi,848226,+919788209287,amitsingh@example.com,27ABCD1234E1Z5,ABCD1234E,50000,45,130864,Unassigned,Active,2024-01-15 10:00:00,2024-05-01 08:00:00
PTY-0654,COMP-0035,Priya Singh Traders,Both,"89, Mysore",Mysore,Karnataka,820861,+919547003279,priyasingh@example.com,27ABCD1234E1Z5,ABCD1234E,100000,30,136671,Rajesh Kumar,Active,2024-01-15 10:00:00,2024-05-01 08:00:00
PTY-0655,COMP-0035,Rajesh Kumar Suppliers,Supplier,"428, Delhi",Delhi,Delhi,698097,+917964164911,rajeshkumar@example.com,27ABCD1234E1Z5,ABCD1234E,50000,15,-495324,Unassigned,Active,2024-01-15 10:00:00,2024-05-01 08:00:00
PTY-0656,COMP-0035,Neha Patel Suppliers,Customer,"437, Pune",Pune,Maharashtra,276953,+917213816205,nehapatel@example.com,27ABCD1234E1Z5,ABCD1234E,100000,45,367662,Amit Shah,Active,2024-01-15 10:00:00,2024-05-01 08:00:00
PTY-0657,COMP-0035,Neha Singh Traders,Supplier,"291, Ahmedabad",Ahmedabad,Gujarat,223050,+917060623056,nehasingh@example.com,27ABCD1234E1Z5,ABCD1234E,200000,45,-496628,Amit Shah,Active,2024-01-15 10:00:00,2024-05-01 08:00:00
PTY-0658,COMP-0035,Priya Kumar Traders,Both,"485, Mumbai",Mumbai,Maharashtra,952924,+918143332519,priyakumar@example.com,27ABCD1234E1Z5,ABCD1234E,100000,45,99900,Amit Shah,Active,2024-01-15 10:00:00,2024-05-01 08:00:00
PTY-0659,COMP-0035,Priya Patel Traders,Both,"145, Bangalore",Bangalore,Karnataka,862008,+919908503113,priyapatel@example.com,27ABCD1234E1Z5,ABCD1234E,50000,30,432059,Rajesh Kumar,Active,2024-01-15 10:00:00,2024-05-01 08:00:00
PTY-0660,COMP-0035,Priya Patel Traders,Supplier,"231, Pune",Pune,Maharashtra,360380,+918587581996,priyapatel@example.com,27ABCD1234E1Z5,ABCD1234E,200000,45,-323842,Unassigned,Active,2024-01-15 10:00:00,2024-05-01 08:00:00
PTY-0661,COMP-0035,Priya Sharma Suppliers,Customer,"204, Pune",Pune,Maharashtra,820216,+917911467912,priyasharma@example.com,27ABCD1234E1Z5,ABCD1234E,200000,30,363343,Unassigned,Active,2024-01-15 10:00:00,2024-05-01 08:00:00
PTY-0662,COMP-0035,Priya Gupta Distributors,Customer,"27, Delhi",Delhi,Delhi,449031,+918008636315,priyagupta@example.com,27ABCD1234E1Z5,ABCD1234E,100000,30,30803,Unassigned,Active,2024-01-15 10:00:00,2024-05-01 08:00:00
PTY-0663,COMP-0035,Neha Sharma Distributors,Both,"155, Pune",Pune,Maharashtra,513869,+919883048433,nehasharma@example.com,27ABCD1234E1Z5,ABCD1234E,100000,15,199721,Unassigned,Active,2024-01-15 10:00:00,2024-05-01 08:00:00
PTY-0664,COMP-0035,Rajesh Gupta Distributors,Customer,"477, Surat",Surat,Gujarat,455652,+919010409194,rajeshgupta@example.com,27ABCD1234E1Z5,ABCD1234E,50000,15,258390,Amit Shah,Active,2024-01-15 10:00:00,2024-05-01 08:00:00
PTY-0665,COMP-0035,Neha Kumar Suppliers,Customer,"66, Surat",Surat,Gujarat,623460,+918206888582,nehakumar@example.com,27ABCD1234E1Z5,ABCD1234E,200000,30,23153,Amit Shah,Active,2024-01-15 10:00:00,2024-05-01 08:00:00
PTY-0666,COMP-0035,Vikram Singh Suppliers,Both,"458, Coimbatore",Coimbatore,Tamil Nadu,272998,+918355246506,vikramsingh@example.com,27ABCD1234E1Z5,ABCD1234E,200000,30,228471,Rajesh Kumar,Active,2024-01-15 10:00:00,2024-05-01 08:00:00
PTY-0667,COMP-0035,Neha Kumar Traders,Customer,"94, Mumbai",Mumbai,Maharashtra,137604,+919019697772,nehakumar@example.com,27ABCD1234E1Z5,ABCD1234E,100000,15,120513,Unassigned,Active,2024-01-15 10:00:00,2024-05-01 08:00:00
PTY-0668,COMP-0035,Priya Kumar Suppliers,Customer,"364, Pune",Pune,Maharashtra,688098,+919083916040,priyakumar@example.com,27ABCD1234E1Z5,ABCD1234E,100000,30,186919,Rajesh Kumar,Active,2024-01-15 10:00:00,2024-05-01 08:00:00
PTY-0669,COMP-0035,Amit Sharma Suppliers,Customer,"428, Delhi",Delhi,Delhi,276470,+919185012042,amitsharma@example.com,27ABCD1234E1Z5,ABCD1234E,100000,45,94715,Unassigned,Active,2024-01-15 10:00:00,2024-05-01 08:00:00
PTY-0670,COMP-0035,Neha Patel Distributors,Both,"214, Chennai",Chennai,Tamil Nadu,180567,+918057238139,nehapatel@example.com,27ABCD1234E1Z5,ABCD1234E,100000,45,94670,Rajesh Kumar,Active,2024-01-15 10:00:00,2024-05-01 08:00:00
PTY-0671,COMP-0035,Vikram Sharma Suppliers,Supplier,"476, Delhi",Delhi,Delhi,211222,+918389586583,vikramsharma@example.com,27ABCD1234E1Z5,ABCD1234E,50000,15,-309507,Rajesh Kumar,Active,2024-01-15 10:00:00,2024-05-01 08:00:00
PTY-0672,COMP-0036,Neha Gupta Suppliers,Supplier,"123, Bangalore",Bangalore,Karnataka,908323,+918713336599,nehagupta@example.com,27ABCD1234E1Z5,ABCD1234E,50000,15,-93328,Rajesh Kumar,Active,2024-01-15 10:00:00,2024-05-01 08:00:00
PTY-0673,COMP-0036,Amit Kumar Distributors,Both,"62, Mysore",Mysore,Karnataka,413048,+919108163633,amitkumar@example.com,27ABCD1234E1Z5,ABCD1234E,100000,45,80810,Amit Shah,Active,2024-01-15 10:00:00,2024-05-01 08:00:00
PTY-0674,COMP-0036,Neha Patel Distributors,Supplier,"251, Delhi",Delhi,Delhi,567080,+918666831822,nehapatel@example.com,27ABCD1234E1Z5,ABCD1234E,100000,30,-104790,Unassigned,Active,2024-01-15 10:00:00,2024-05-01 08:00:00
PTY-0675,COMP-0036,Neha Kumar Distributors,Supplier,"223, Pune",Pune,Maharashtra,761322,+918829729510,nehakumar@example.com,27ABCD1234E1Z5,ABCD1234E,50000,15,-97704,Unassigned,Active,2024-01-15 10:00:00,2024-05-01 08:00:00
PTY-0676,COMP-0036,Vikram Kumar Distributors,Supplier,"332, Ahmedabad",Ahmedabad,Gujarat,650164,+917360648843,vikramkumar@example.com,27ABCD1234E1Z5,ABCD1234E,100000,30,-330070,Amit Shah,Active,2024-01-15 10:00:00,2024-05-01 08:00:00
PTY-0677,COMP-0036,Rajesh Kumar Distributors,Customer,"154, Delhi",Delhi,Delhi,982416,+918067958681,rajeshkumar@example.com,27ABCD1234E1Z5,ABCD1234E,200000,30,473381,Amit Shah,Active,2024-01-15 10:00:00,2024-05-01 08:00:00
PTY-0678,COMP-0036,Neha Sharma Distributors,Customer,"262, Chennai",Chennai,Tamil Nadu,545554,+918773904836,nehasharma@example.com,27ABCD1234E1Z5,ABCD1234E,50000,30,56430,Unassigned,Active,2024-01-15 10:00:00,2024-05-01 08:00:00
PTY-0679,COMP-0036,Neha Singh Traders,Both,"258, Delhi",Delhi,Delhi,117058,+917489349186,nehasingh@example.com,27ABCD1234E1Z5,ABCD1234E,200000,45,402992,Amit Shah,Active,2024-01-15 10:00:00,2024-05-01 08:00:00
PTY-0680,COMP-0036,Amit Patel Suppliers,Customer,"361, Bangalore",Bangalore,Karnataka,412106,+918348389334,amitpatel@example.com,27ABCD1234E1Z5,ABCD1234E,200000,45,459672,Amit Shah,Active,2024-01-15 10:00:00,2024-05-01 08:00:00
PTY-0681,COMP-0036,Priya Gupta Traders,Customer,"41, Delhi",Delhi,Delhi,883317,+919594387328,priyagupta@example.com,27ABCD1234E1Z5,ABCD1234E,100000,45,97039,Rajesh Kumar,Active,2024-01-15 10:00:00,2024-05-01 08:00:00
PTY-0682,COMP-0036,Priya Gupta Traders,Supplier,"88, Mumbai",Mumbai,Maharashtra,787657,+919049214240,priyagupta@example.com,27ABCD1234E1Z5,ABCD1234E,100000,45,-6975,Amit Shah,Active,2024-01-15 10:00:00,2024-05-01 08:00:00
PTY-0683,COMP-0036,Neha Kumar Distributors,Both,"346, Delhi",Delhi,Delhi,514184,+918299900457,nehakumar@example.com,27ABCD1234E1Z5,ABCD1234E,50000,15,361912,Rajesh Kumar,Active,2024-01-15 10:00:00,2024-05-01 08:00:00
PTY-0684,COMP-0036,Rajesh Patel Traders,Both,"14, Mumbai",Mumbai,Maharashtra,319393,+919066382608,rajeshpatel@example.com,27ABCD1234E1Z5,ABCD1234E,200000,15,450369,Unassigned,Active,2024-01-15 10:00:00,2024-05-01 08:00:00
PTY-0685,COMP-0036,Amit Kumar Suppliers,Customer,"238, Chennai",Chennai,Tamil Nadu,255362,+919035767647,amitkumar@example.com,27ABCD1234E1Z5,ABCD1234E,100000,15,403555,Rajesh Kumar,Active,2024-01-15 10:00:00,2024-05-01 08:00:00
PTY-0686,COMP-0036,Amit Patel Traders,Supplier,"231, Mysore",Mysore,Karnataka,713654,+918042086420,amitpatel@example.com,27ABCD1234E1Z5,ABCD1234E,50000,30,-450780,Unassigned,Active,2024-01-15 10:00:00,2024-05-01 08:00:00
PTY-0687,COMP-0036,Priya Sharma Distributors,Customer,"366, Delhi",Delhi,Delhi,552762,+918785357355,priyasharma@example.com,27ABCD1234E1Z5,ABCD1234E,100000,45,444401,Unassigned,Active,2024-01-15 10:00:00,2024-05-01 08:00:00
PTY-0688,COMP-0037,Rajesh Kumar Distributors,Supplier,"11, Coimbatore",Coimbatore,Tamil Nadu,269170,+918236996883,rajeshkumar@example.com,27ABCD1234E1Z5,ABCD1234E,200000,15,-228710,Amit Shah,Active,2024-01-15 10:00:00,2024-05-01 08:00:00
PTY-0689,COMP-0037,Vikram Kumar Distributors,Both,"472, Ahmedabad",Ahmedabad,Gujarat,731347,+919821613705,vikramkumar@example.com,27ABCD1234E1Z5,ABCD1234E,100000,15,177813,Amit Shah,Active,2024-01-15 10:00:00,2024-05-01 08:00:00
PTY-0690,COMP-0037,Priya Kumar Distributors,Customer,"145, Delhi",Delhi,Delhi,824248,+917370191370,priyakumar@example.com,27ABCD1234E1Z5,ABCD1234E,200000,30,108636,Rajesh Kumar,Active,2024-01-15 10:00:00,2024-05-01 08:00:00
PTY-0691,COMP-0037,Amit Patel Suppliers,Customer,"253, Surat",Surat,Gujarat,418402,+918008110018,amitpatel@example.com,27ABCD1234E1Z5,ABCD1234E,50000,45,494432,Rajesh Kumar,Active,2024-01-15 10:00:00,2024-05-01 08:00:00
PTY-0692,COMP-0037,Rajesh Singh Traders,Both,"424, Delhi",Delhi,Delhi,627935,+917137310137,rajeshsingh@example.com,27ABCD1234E1Z5,ABCD1234E,50000,30,91600,Amit Shah,Active,2024-01-15 10:00:00,2024-05-01 08:00:00
PTY-0693,COMP-0037,Rajesh Gupta Traders,Both,"133, Ahmedabad",Ahmedabad,Gujarat,456855,+918525748364,rajeshgupta@example.com,27ABCD1234E1Z5,ABCD1234E,50000,45,254995,Amit Shah,Active,2024-01-15 10:00:00,2024-05-01 08:00:00
PTY-0694,COMP-0037,Amit Gupta Traders,Both,"485, Chennai",Chennai,Tamil Nadu,559094,+918963382604,amitgupta@example.com,27ABCD1234E1Z5,ABCD1234E,50000,15,485822,Unassigned,Active,2024-01-15 10:00:00,2024-05-01 08:00:00
PTY-0695,COMP-0037,Neha Sharma Traders,Both,"323, Chennai",Chennai,Tamil Nadu,223794,+917882127124,nehasharma@example.com,27ABCD1234E1Z5,ABCD1234E,100000,15,87580,Unassigned,Active,2024-01-15 10:00:00,2024-05-01 08:00:00
PTY-0696,COMP-0037,Vikram Kumar Traders,Both,"332, Coimbatore",Coimbatore,Tamil Nadu,481405,+918437128353,vikramkumar@example.com,27ABCD1234E1Z5,ABCD1234E,50000,15,80895,Rajesh Kumar,Active,2024-01-15 10:00:00,2024-05-01 08:00:00
PTY-0697,COMP-0037,Priya Kumar Suppliers,Supplier,"259, Mumbai",Mumbai,Maharashtra,279581,+917366076664,priyakumar@example.com,27ABCD1234E1Z5,ABCD1234E,100000,30,-150343,Unassigned,Active,2024-01-15 10:00:00,2024-05-01 08:00:00
PTY-0698,COMP-0037,Priya Singh Suppliers,Both,"117, Ahmedabad",Ahmedabad,Gujarat,244697,+918841780103,priyasingh@example.com,27ABCD1234E1Z5,ABCD1234E,100000,30,412727,Amit Shah,Active,2024-01-15 10:00:00,2024-05-01 08:00:00
PTY-0699,COMP-0037,Neha Singh Traders,Customer,"413, Pune",Pune,Maharashtra,642479,+917298848935,nehasingh@example.com,27ABCD1234E1Z5,ABCD1234E,50000,30,376242,Amit Shah,Active,2024-01-15 10:00:00,2024-05-01 08:00:00
PTY-0700,COMP-0037,Priya Patel Traders,Supplier,"473, Bangalore",Bangalore,Karnataka,772625,+917648334319,priyapatel@example.com,27ABCD1234E1Z5,ABCD1234E,200000,15,-346122,Unassigned,Active,2024-01-15 10:00:00,2024-05-01 08:00:00
PTY-0701,COMP-0037,Neha Singh Distributors,Both,"448, Mysore",Mysore,Karnataka,419105,+918347310764,nehasingh@example.com,27ABCD1234E1Z5,ABCD1234E,100000,15,290251,Amit Shah,Active,2024-01-15 10:00:00,2024-05-01 08:00:00
PTY-0702,COMP-0037,Neha Gupta Distributors,Supplier,"455, Surat",Surat,Gujarat,670871,+919681604386,nehagupta@example.com,27ABCD1234E1Z5,ABCD1234E,200000,45,-107549,Amit Shah,Active,2024-01-15 10:00:00,2024-05-01 08:00:00
PTY-0703,COMP-0037,Vikram Kumar Traders,Customer,"172, Surat",Surat,Gujarat,508937,+917541190125,vikramkumar@example.com,27ABCD1234E1Z5,ABCD1234E,200000,45,281769,Amit Shah,Active,2024-01-15 10:00:00,2024-05-01 08:00:00
PTY-0704,COMP-0037,Amit Sharma Suppliers,Both,"326, Coimbatore",Coimbatore,Tamil Nadu,267800,+917100595644,amitsharma@example.com,27ABCD1234E1Z5,ABCD1234E,50000,45,396910,Unassigned,Active,2024-01-15 10:00:00,2024-05-01 08:00:00
PTY-0705,COMP-0037,Vikram Patel Traders,Both,"31, Delhi",Delhi,Delhi,982464,+918601932032,vikrampatel@example.com,27ABCD1234E1Z5,ABCD1234E,100000,45,383771,Unassigned,Active,2024-01-15 10:00:00,2024-05-01 08:00:00
PTY-0706,COMP-0037,Vikram Sharma Suppliers,Customer,"294, Nagpur",Nagpur,Maharashtra,872652,+917022391377,vikramsharma@example.com,27ABCD1234E1Z5,ABCD1234E,100000,30,156217,Rajesh Kumar,Active,2024-01-15 10:00:00,2024-05-01 08:00:00
PTY-0707,COMP-0037,Neha Gupta Suppliers,Supplier,"342, Chennai",Chennai,Tamil Nadu,922911,+919460010103,nehagupta@example.com,27ABCD1234E1Z5,ABCD1234E,200000,15,-149178,Unassigned,Active,2024-01-15 10:00:00,2024-05-01 08:00:00
PTY-0708,COMP-0037,Priya Gupta Distributors,Supplier,"99, Ahmedabad",Ahmedabad,Gujarat,962813,+918551632248,priyagupta@example.com,27ABCD1234E1Z5,ABCD1234E,100000,15,-305329,Rajesh Kumar,Active,2024-01-15 10:00:00,2024-05-01 08:00:00
PTY-0709,COMP-0037,Priya Kumar Suppliers,Customer,"67, Mumbai",Mumbai,Maharashtra,599387,+917922491974,priyakumar@example.com,27ABCD1234E1Z5,ABCD1234E,100000,15,465834,Amit Shah,Active,2024-01-15 10:00:00,2024-05-01 08:00:00
PTY-0710,COMP-0038,Neha Sharma Traders,Supplier,"81, Surat",Surat,Gujarat,686181,+918586269119,nehasharma@example.com,27ABCD1234E1Z5,ABCD1234E,50000,45,-391379,Amit Shah,Active,2024-01-15 10:00:00,2024-05-01 08:00:00
PTY-0711,COMP-0038,Rajesh Sharma Distributors,Customer,"61, Delhi",Delhi,Delhi,489511,+918309641145,rajeshsharma@example.com,27ABCD1234E1Z5,ABCD1234E,100000,30,80375,Amit Shah,Active,2024-01-15 10:00:00,2024-05-01 08:00:00
PTY-0712,COMP-0038,Priya Sharma Suppliers,Both,"480, Ahmedabad",Ahmedabad,Gujarat,419987,+918217547222,priyasharma@example.com,27ABCD1234E1Z5,ABCD1234E,50000,15,25507,Unassigned,Active,2024-01-15 10:00:00,2024-05-01 08:00:00
PTY-0713,COMP-0038,Priya Sharma Traders,Supplier,"23, Nagpur",Nagpur,Maharashtra,537859,+919066637025,priyasharma@example.com,27ABCD1234E1Z5,ABCD1234E,200000,30,-456354,Unassigned,Active,2024-01-15 10:00:00,2024-05-01 08:00:00
PTY-0714,COMP-0038,Priya Singh Distributors,Both,"391, Mysore",Mysore,Karnataka,245251,+919167944263,priyasingh@example.com,27ABCD1234E1Z5,ABCD1234E,200000,30,69630,Amit Shah,Active,2024-01-15 10:00:00,2024-05-01 08:00:00
PTY-0715,COMP-0038,Priya Patel Distributors,Both,"210, Delhi",Delhi,Delhi,506045,+917999964079,priyapatel@example.com,27ABCD1234E1Z5,ABCD1234E,100000,30,326940,Unassigned,Active,2024-01-15 10:00:00,2024-05-01 08:00:00
PTY-0716,COMP-0038,Rajesh Kumar Distributors,Customer,"293, Delhi",Delhi,Delhi,760717,+918326492387,rajeshkumar@example.com,27ABCD1234E1Z5,ABCD1234E,200000,45,13004,Rajesh Kumar,Active,2024-01-15 10:00:00,2024-05-01 08:00:00
PTY-0717,COMP-0038,Neha Sharma Distributors,Both,"385, Ahmedabad",Ahmedabad,Gujarat,598949,+919158817205,nehasharma@example.com,27ABCD1234E1Z5,ABCD1234E,50000,15,99297,Unassigned,Active,2024-01-15 10:00:00,2024-05-01 08:00:00
PTY-0718,COMP-0038,Neha Patel Traders,Customer,"362, Pune",Pune,Maharashtra,979668,+919489160101,nehapatel@example.com,27ABCD1234E1Z5,ABCD1234E,100000,15,434996,Unassigned,Active,2024-01-15 10:00:00,2024-05-01 08:00:00
PTY-0719,COMP-0038,Neha Singh Traders,Supplier,"224, Bangalore",Bangalore,Karnataka,289276,+918782138375,nehasingh@example.com,27ABCD1234E1Z5,ABCD1234E,50000,45,-178235,Amit Shah,Active,2024-01-15 10:00:00,2024-05-01 08:00:00
PTY-0720,COMP-0038,Priya Singh Distributors,Customer,"147, Mumbai",Mumbai,Maharashtra,251030,+917784557073,priyasingh@example.com,27ABCD1234E1Z5,ABCD1234E,100000,15,88162,Rajesh Kumar,Active,2024-01-15 10:00:00,2024-05-01 08:00:00
PTY-0721,COMP-0038,Vikram Kumar Suppliers,Both,"14, Ahmedabad",Ahmedabad,Gujarat,847949,+917251263235,vikramkumar@example.com,27ABCD1234E1Z5,ABCD1234E,100000,30,95136,Rajesh Kumar,Active,2024-01-15 10:00:00,2024-05-01 08:00:00
PTY-0722,COMP-0038,Vikram Patel Suppliers,Supplier,"424, Mysore",Mysore,Karnataka,226842,+917222814829,vikrampatel@example.com,27ABCD1234E1Z5,ABCD1234E,50000,15,-493657,Unassigned,Active,2024-01-15 10:00:00,2024-05-01 08:00:00
PTY-0723,COMP-0038,Neha Patel Suppliers,Customer,"163, Mysore",Mysore,Karnataka,587402,+919375636986,nehapatel@example.com,27ABCD1234E1Z5,ABCD1234E,100000,15,31788,Amit Shah,Active,2024-01-15 10:00:00,2024-05-01 08:00:00
PTY-0724,COMP-0038,Rajesh Kumar Distributors,Supplier,"346, Ahmedabad",Ahmedabad,Gujarat,206440,+918057919563,rajeshkumar@example.com,27ABCD1234E1Z5,ABCD1234E,200000,45,-307323,Rajesh Kumar,Active,2024-01-15 10:00:00,2024-05-01 08:00:00
PTY-0725,COMP-0038,Vikram Gupta Distributors,Customer,"105, Mysore",Mysore,Karnataka,920910,+917611461750,vikramgupta@example.com,27ABCD1234E1Z5,ABCD1234E,100000,45,262370,Rajesh Kumar,Active,2024-01-15 10:00:00,2024-05-01 08:00:00
PTY-0726,COMP-0038,Amit Gupta Traders,Customer,"238, Mysore",Mysore,Karnataka,969659,+919666014714,amitgupta@example.com,27ABCD1234E1Z5,ABCD1234E,100000,45,426059,Rajesh Kumar,Active,2024-01-15 10:00:00,2024-05-01 08:00:00
PTY-0727,COMP-0038,Rajesh Sharma Suppliers,Both,"349, Mysore",Mysore,Karnataka,498619,+918509328461,rajeshsharma@example.com,27ABCD1234E1Z5,ABCD1234E,200000,15,440133,Unassigned,Active,2024-01-15 10:00:00,2024-05-01 08:00:00
PTY-0728,COMP-0038,Neha Singh Distributors,Both,"36, Mumbai",Mumbai,Maharashtra,415242,+917385323436,nehasingh@example.com,27ABCD1234E1Z5,ABCD1234E,100000,45,295216,Rajesh Kumar,Active,2024-01-15 10:00:00,2024-05-01 08:00:00
PTY-0729,COMP-0038,Amit Gupta Distributors,Customer,"491, Delhi",Delhi,Delhi,941017,+918367105004,amitgupta@example.com,27ABCD1234E1Z5,ABCD1234E,200000,30,264671,Unassigned,Active,2024-01-15 10:00:00,2024-05-01 08:00:00
PTY-0730,COMP-0038,Vikram Kumar Suppliers,Both,"108, Delhi",Delhi,Delhi,582134,+919574891590,vikramkumar@example.com,27ABCD1234E1Z5,ABCD1234E,100000,15,179112,Unassigned,Active,2024-01-15 10:00:00,2024-05-01 08:00:00
PTY-0731,COMP-0038,Amit Sharma Traders,Customer,"89, Coimbatore",Coimbatore,Tamil Nadu,533232,+919387102656,amitsharma@example.com,27ABCD1234E1Z5,ABCD1234E,200000,45,352691,Amit Shah,Active,2024-01-15 10:00:00,2024-05-01 08:00:00
PTY-0732,COMP-0038,Priya Gupta Traders,Both,"16, Nagpur",Nagpur,Maharashtra,972503,+919884556210,priyagupta@example.com,27ABCD1234E1Z5,ABCD1234E,100000,45,282407,Rajesh Kumar,Active,2024-01-15 10:00:00,2024-05-01 08:00:00
PTY-0733,COMP-0039,Amit Kumar Suppliers,Supplier,"361, Delhi",Delhi,Delhi,841309,+919602866012,amitkumar@example.com,27ABCD1234E1Z5,ABCD1234E,50000,15,-474222,Rajesh Kumar,Active,2024-01-15 10:00:00,2024-05-01 08:00:00
PTY-0734,COMP-0039,Priya Sharma Distributors,Customer,"338, Delhi",Delhi,Delhi,874703,+919429693268,priyasharma@example.com,27ABCD1234E1Z5,ABCD1234E,200000,45,101591,Unassigned,Active,2024-01-15 10:00:00,2024-05-01 08:00:00
PTY-0735,COMP-0039,Neha Patel Distributors,Customer,"66, Nagpur",Nagpur,Maharashtra,372235,+919447715974,nehapatel@example.com,27ABCD1234E1Z5,ABCD1234E,50000,45,34104,Unassigned,Active,2024-01-15 10:00:00,2024-05-01 08:00:00
PTY-0736,COMP-0039,Vikram Patel Distributors,Both,"130, Nagpur",Nagpur,Maharashtra,813745,+919405679803,vikrampatel@example.com,27ABCD1234E1Z5,ABCD1234E,100000,15,322152,Amit Shah,Active,2024-01-15 10:00:00,2024-05-01 08:00:00
PTY-0737,COMP-0039,Rajesh Singh Traders,Supplier,"266, Mysore",Mysore,Karnataka,589251,+919128477207,rajeshsingh@example.com,27ABCD1234E1Z5,ABCD1234E,100000,45,-356606,Rajesh Kumar,Active,2024-01-15 10:00:00,2024-05-01 08:00:00
PTY-0738,COMP-0039,Amit Sharma Suppliers,Both,"3, Delhi",Delhi,Delhi,510893,+917835835595,amitsharma@example.com,27ABCD1234E1Z5,ABCD1234E,100000,15,165801,Unassigned,Active,2024-01-15 10:00:00,2024-05-01 08:00:00
PTY-0739,COMP-0039,Rajesh Patel Traders,Customer,"169, Bangalore",Bangalore,Karnataka,425903,+917269913445,rajeshpatel@example.com,27ABCD1234E1Z5,ABCD1234E,200000,45,86235,Rajesh Kumar,Active,2024-01-15 10:00:00,2024-05-01 08:00:00
PTY-0740,COMP-0039,Rajesh Kumar Distributors,Both,"172, Bangalore",Bangalore,Karnataka,981336,+918075500493,rajeshkumar@example.com,27ABCD1234E1Z5,ABCD1234E,50000,15,490241,Amit Shah,Active,2024-01-15 10:00:00,2024-05-01 08:00:00
PTY-0741,COMP-0039,Amit Singh Traders,Both,"38, Pune",Pune,Maharashtra,913432,+919576828779,amitsingh@example.com,27ABCD1234E1Z5,ABCD1234E,200000,30,494690,Rajesh Kumar,Active,2024-01-15 10:00:00,2024-05-01 08:00:00
PTY-0742,COMP-0039,Priya Gupta Traders,Customer,"161, Mumbai",Mumbai,Maharashtra,988869,+919977974275,priyagupta@example.com,27ABCD1234E1Z5,ABCD1234E,50000,15,197863,Rajesh Kumar,Active,2024-01-15 10:00:00,2024-05-01 08:00:00
PTY-0743,COMP-0039,Priya Sharma Traders,Customer,"29, Delhi",Delhi,Delhi,686424,+917224210788,priyasharma@example.com,27ABCD1234E1Z5,ABCD1234E,100000,30,355238,Amit Shah,Active,2024-01-15 10:00:00,2024-05-01 08:00:00
PTY-0744,COMP-0039,Rajesh Gupta Distributors,Both,"6, Bangalore",Bangalore,Karnataka,575436,+918648923966,rajeshgupta@example.com,27ABCD1234E1Z5,ABCD1234E,100000,30,327159,Unassigned,Active,2024-01-15 10:00:00,2024-05-01 08:00:00
PTY-0745,COMP-0039,Neha Sharma Distributors,Supplier,"301, Delhi",Delhi,Delhi,301831,+917463884781,nehasharma@example.com,27ABCD1234E1Z5,ABCD1234E,50000,15,-172068,Unassigned,Active,2024-01-15 10:00:00,2024-05-01 08:00:00
PTY-0746,COMP-0039,Rajesh Gupta Distributors,Both,"182, Ahmedabad",Ahmedabad,Gujarat,541457,+919067594256,rajeshgupta@example.com,27ABCD1234E1Z5,ABCD1234E,200000,45,134367,Amit Shah,Active,2024-01-15 10:00:00,2024-05-01 08:00:00
PTY-0747,COMP-0039,Amit Patel Traders,Customer,"300, Ahmedabad",Ahmedabad,Gujarat,557019,+919203858241,amitpatel@example.com,27ABCD1234E1Z5,ABCD1234E,200000,30,163403,Amit Shah,Active,2024-01-15 10:00:00,2024-05-01 08:00:00
PTY-0748,COMP-0039,Neha Gupta Suppliers,Supplier,"176, Ahmedabad",Ahmedabad,Gujarat,405202,+918584112736,nehagupta@example.com,27ABCD1234E1Z5,ABCD1234E,50000,45,-316318,Unassigned,Active,2024-01-15 10:00:00,2024-05-01 08:00:00
PTY-0749,COMP-0039,Amit Sharma Suppliers,Supplier,"500, Ahmedabad",Ahmedabad,Gujarat,310105,+919751161865,amitsharma@example.com,27ABCD1234E1Z5,ABCD1234E,50000,15,-102449,Amit Shah,Active,2024-01-15 10:00:00,2024-05-01 08:00:00
PTY-0750,COMP-0039,Amit Kumar Distributors,Both,"316, Mysore",Mysore,Karnataka,414186,+918798282567,amitkumar@example.com,27ABCD1234E1Z5,ABCD1234E,100000,15,175982,Rajesh Kumar,Active,2024-01-15 10:00:00,2024-05-01 08:00:00
PTY-0751,COMP-0040,Neha Sharma Traders,Supplier,"300, Surat",Surat,Gujarat,902719,+918545798406,nehasharma@example.com,27ABCD1234E1Z5,ABCD1234E,50000,15,-331001,Rajesh Kumar,Active,2024-01-15 10:00:00,2024-05-01 08:00:00
PTY-0752,COMP-0040,Amit Singh Distributors,Supplier,"174, Ahmedabad",Ahmedabad,Gujarat,988704,+919381580667,amitsingh@example.com,27ABCD1234E1Z5,ABCD1234E,50000,15,-91375,Rajesh Kumar,Active,2024-01-15 10:00:00,2024-05-01 08:00:00
PTY-0753,COMP-0040,Rajesh Patel Distributors,Customer,"195, Delhi",Delhi,Delhi,786680,+917476608276,rajeshpatel@example.com,27ABCD1234E1Z5,ABCD1234E,100000,15,71955,Amit Shah,Active,2024-01-15 10:00:00,2024-05-01 08:00:00
PTY-0754,COMP-0040,Priya Patel Traders,Both,"270, Delhi",Delhi,Delhi,937836,+919676639842,priyapatel@example.com,27ABCD1234E1Z5,ABCD1234E,100000,45,493439,Rajesh Kumar,Active,2024-01-15 10:00:00,2024-05-01 08:00:00
PTY-0755,COMP-0040,Rajesh Patel Distributors,Customer,"356, Ahmedabad",Ahmedabad,Gujarat,492435,+918365591754,rajeshpatel@example.com,27ABCD1234E1Z5,ABCD1234E,200000,30,198283,Unassigned,Active,2024-01-15 10:00:00,2024-05-01 08:00:00
PTY-0756,COMP-0040,Amit Sharma Suppliers,Both,"77, Chennai",Chennai,Tamil Nadu,443598,+918061594170,amitsharma@example.com,27ABCD1234E1Z5,ABCD1234E,50000,45,413971,Amit Shah,Active,2024-01-15 10:00:00,2024-05-01 08:00:00
PTY-0757,COMP-0040,Amit Gupta Distributors,Customer,"402, Coimbatore",Coimbatore,Tamil Nadu,593530,+919849720249,amitgupta@example.com,27ABCD1234E1Z5,ABCD1234E,200000,15,42681,Rajesh Kumar,Active,2024-01-15 10:00:00,2024-05-01 08:00:00
PTY-0758,COMP-0040,Neha Kumar Distributors,Supplier,"92, Coimbatore",Coimbatore,Tamil Nadu,437456,+918605796870,nehakumar@example.com,27ABCD1234E1Z5,ABCD1234E,200000,45,-243409,Amit Shah,Active,2024-01-15 10:00:00,2024-05-01 08:00:00
PTY-0759,COMP-0040,Priya Kumar Distributors,Both,"19, Delhi",Delhi,Delhi,317264,+917942858177,priyakumar@example.com,27ABCD1234E1Z5,ABCD1234E,50000,30,340649,Rajesh Kumar,Active,2024-01-15 10:00:00,2024-05-01 08:00:00
PTY-0760,COMP-0040,Priya Patel Distributors,Supplier,"479, Delhi",Delhi,Delhi,983353,+918606778868,priyapatel@example.com,27ABCD1234E1Z5,ABCD1234E,100000,45,-82422,Rajesh Kumar,Active,2024-01-15 10:00:00,2024-05-01 08:00:00
PTY-0761,COMP-0040,Amit Sharma Suppliers,Both,"299, Delhi",Delhi,Delhi,143141,+918998246910,amitsharma@example.com,27ABCD1234E1Z5,ABCD1234E,200000,45,120679,Amit Shah,Active,2024-01-15 10:00:00,2024-05-01 08:00:00
PTY-0762,COMP-0040,Priya Kumar Suppliers,Supplier,"255, Mysore",Mysore,Karnataka,432420,+918172609694,priyakumar@example.com,27ABCD1234E1Z5,ABCD1234E,100000,15,-421792,Rajesh Kumar,Active,2024-01-15 10:00:00,2024-05-01 08:00:00
PTY-0763,COMP-0040,Priya Patel Traders,Supplier,"432, Delhi",Delhi,Delhi,626138,+919202420523,priyapatel@example.com,27ABCD1234E1Z5,ABCD1234E,200000,45,-154412,Rajesh Kumar,Active,2024-01-15 10:00:00,2024-05-01 08:00:00
PTY-0764,COMP-0040,Vikram Patel Suppliers,Customer,"280, Mumbai",Mumbai,Maharashtra,310036,+918433479019,vikrampatel@example.com,27ABCD1234E1Z5,ABCD1234E,50000,45,20070,Amit Shah,Active,2024-01-15 10:00:00,2024-05-01 08:00:00
PTY-0765,COMP-0040,Vikram Singh Distributors,Both,"438, Delhi",Delhi,Delhi,888931,+919332706818,vikramsingh@example.com,27ABCD1234E1Z5,ABCD1234E,100000,15,72281,Amit Shah,Active,2024-01-15 10:00:00,2024-05-01 08:00:00
PTY-0766,COMP-0041,Amit Kumar Suppliers,Supplier,"286, Bangalore",Bangalore,Karnataka,131566,+918609324972,amitkumar@example.com,27ABCD1234E1Z5,ABCD1234E,50000,45,-447188,Rajesh Kumar,Active,2024-01-15 10:00:00,2024-05-01 08:00:00
PTY-0767,COMP-0041,Vikram Sharma Traders,Supplier,"218, Mysore",Mysore,Karnataka,819074,+918732455428,vikramsharma@example.com,27ABCD1234E1Z5,ABCD1234E,200000,45,-219753,Amit Shah,Active,2024-01-15 10:00:00,2024-05-01 08:00:00
PTY-0768,COMP-0041,Vikram Gupta Traders,Customer,"488, Nagpur",Nagpur,Maharashtra,446292,+919440361275,vikramgupta@example.com,27ABCD1234E1Z5,ABCD1234E,200000,45,80578,Unassigned,Active,2024-01-15 10:00:00,2024-05-01 08:00:00
PTY-0769,COMP-0041,Neha Kumar Traders,Supplier,"198, Bangalore",Bangalore,Karnataka,297487,+919039154519,nehakumar@example.com,27ABCD1234E1Z5,ABCD1234E,50000,30,-280226,Unassigned,Active,2024-01-15 10:00:00,2024-05-01 08:00:00
PTY-0770,COMP-0041,Priya Singh Distributors,Customer,"91, Mumbai",Mumbai,Maharashtra,133616,+919959337888,priyasingh@example.com,27ABCD1234E1Z5,ABCD1234E,200000,30,289882,Rajesh Kumar,Active,2024-01-15 10:00:00,2024-05-01 08:00:00
PTY-0771,COMP-0041,Amit Patel Traders,Supplier,"150, Pune",Pune,Maharashtra,791609,+919252262370,amitpatel@example.com,27ABCD1234E1Z5,ABCD1234E,50000,30,-122179,Rajesh Kumar,Active,2024-01-15 10:00:00,2024-05-01 08:00:00
PTY-0772,COMP-0041,Vikram Gupta Suppliers,Supplier,"81, Mumbai",Mumbai,Maharashtra,216123,+917554642058,vikramgupta@example.com,27ABCD1234E1Z5,ABCD1234E,200000,30,-205051,Amit Shah,Active,2024-01-15 10:00:00,2024-05-01 08:00:00
PTY-0773,COMP-0041,Rajesh Kumar Suppliers,Customer,"419, Ahmedabad",Ahmedabad,Gujarat,844144,+919855262673,rajeshkumar@example.com,27ABCD1234E1Z5,ABCD1234E,100000,15,226597,Unassigned,Active,2024-01-15 10:00:00,2024-05-01 08:00:00
PTY-0774,COMP-0041,Neha Singh Distributors,Both,"235, Chennai",Chennai,Tamil Nadu,388820,+917866306655,nehasingh@example.com,27ABCD1234E1Z5,ABCD1234E,50000,15,359051,Amit Shah,Active,2024-01-15 10:00:00,2024-05-01 08:00:00
PTY-0775,COMP-0041,Rajesh Kumar Suppliers,Both,"292, Chennai",Chennai,Tamil Nadu,614807,+918976563541,rajeshkumar@example.com,27ABCD1234E1Z5,ABCD1234E,100000,45,477260,Rajesh Kumar,Active,2024-01-15 10:00:00,2024-05-01 08:00:00
PTY-0776,COMP-0041,Rajesh Singh Distributors,Both,"153, Mysore",Mysore,Karnataka,510087,+919632933108,rajeshsingh@example.com,27ABCD1234E1Z5,ABCD1234E,50000,30,415417,Rajesh Kumar,Active,2024-01-15 10:00:00,2024-05-01 08:00:00
PTY-0777,COMP-0041,Amit Gupta Distributors,Supplier,"358, Mysore",Mysore,Karnataka,696236,+917410316157,amitgupta@example.com,27ABCD1234E1Z5,ABCD1234E,100000,45,-96177,Rajesh Kumar,Active,2024-01-15 10:00:00,2024-05-01 08:00:00
PTY-0778,COMP-0041,Amit Patel Traders,Both,"372, Delhi",Delhi,Delhi,857501,+917933102557,amitpatel@example.com,27ABCD1234E1Z5,ABCD1234E,100000,30,365976,Unassigned,Active,2024-01-15 10:00:00,2024-05-01 08:00:00
PTY-0779,COMP-0041,Rajesh Singh Suppliers,Both,"231, Mumbai",Mumbai,Maharashtra,272846,+918085624355,rajeshsingh@example.com,27ABCD1234E1Z5,ABCD1234E,50000,45,215008,Rajesh Kumar,Active,2024-01-15 10:00:00,2024-05-01 08:00:00
PTY-0780,COMP-0041,Priya Sharma Distributors,Both,"237, Nagpur",Nagpur,Maharashtra,499670,+918475998631,priyasharma@example.com,27ABCD1234E1Z5,ABCD1234E,200000,30,393077,Rajesh Kumar,Active,2024-01-15 10:00:00,2024-05-01 08:00:00
PTY-0781,COMP-0041,Priya Sharma Distributors,Customer,"70, Pune",Pune,Maharashtra,443000,+919878897555,priyasharma@example.com,27ABCD1234E1Z5,ABCD1234E,200000,30,480843,Amit Shah,Active,2024-01-15 10:00:00,2024-05-01 08:00:00
PTY-0782,COMP-0041,Priya Sharma Traders,Both,"487, Nagpur",Nagpur,Maharashtra,558986,+917602393888,priyasharma@example.com,27ABCD1234E1Z5,ABCD1234E,100000,30,374122,Rajesh Kumar,Active,2024-01-15 10:00:00,2024-05-01 08:00:00
PTY-0783,COMP-0041,Amit Sharma Suppliers,Customer,"274, Chennai",Chennai,Tamil Nadu,877462,+918678685838,amitsharma@example.com,27ABCD1234E1Z5,ABCD1234E,50000,15,65091,Unassigned,Active,2024-01-15 10:00:00,2024-05-01 08:00:00
PTY-0784,COMP-0041,Rajesh Singh Traders,Supplier,"366, Surat",Surat,Gujarat,136118,+919899292464,rajeshsingh@example.com,27ABCD1234E1Z5,ABCD1234E,200000,15,-113598,Amit Shah,Active,2024-01-15 10:00:00,2024-05-01 08:00:00
PTY-0785,COMP-0041,Rajesh Gupta Suppliers,Both,"27, Pune",Pune,Maharashtra,727263,+917020039169,rajeshgupta@example.com,27ABCD1234E1Z5,ABCD1234E,50000,30,232776,Rajesh Kumar,Active,2024-01-15 10:00:00,2024-05-01 08:00:00
PTY-0786,COMP-0042,Amit Gupta Traders,Supplier,"110, Surat",Surat,Gujarat,211028,+918531483679,amitgupta@example.com,27ABCD1234E1Z5,ABCD1234E,100000,15,-121848,Rajesh Kumar,Active,2024-01-15 10:00:00,2024-05-01 08:00:00
PTY-0787,COMP-0042,Priya Singh Suppliers,Customer,"34, Pune",Pune,Maharashtra,789922,+918195966387,priyasingh@example.com,27ABCD1234E1Z5,ABCD1234E,200000,45,115393,Amit Shah,Active,2024-01-15 10:00:00,2024-05-01 08:00:00
PTY-0788,COMP-0042,Rajesh Sharma Distributors,Supplier,"53, Surat",Surat,Gujarat,847143,+919302882127,rajeshsharma@example.com,27ABCD1234E1Z5,ABCD1234E,200000,15,-261921,Amit Shah,Active,2024-01-15 10:00:00,2024-05-01 08:00:00
PTY-0789,COMP-0042,Rajesh Gupta Distributors,Both,"171, Delhi",Delhi,Delhi,283847,+919728822298,rajeshgupta@example.com,27ABCD1234E1Z5,ABCD1234E,200000,30,69694,Unassigned,Active,2024-01-15 10:00:00,2024-05-01 08:00:00
PTY-0790,COMP-0042,Priya Sharma Distributors,Both,"196, Delhi",Delhi,Delhi,635849,+919751321500,priyasharma@example.com,27ABCD1234E1Z5,ABCD1234E,200000,15,235358,Unassigned,Active,2024-01-15 10:00:00,2024-05-01 08:00:00
PTY-0791,COMP-0042,Neha Sharma Traders,Both,"122, Ahmedabad",Ahmedabad,Gujarat,873758,+918840384331,nehasharma@example.com,27ABCD1234E1Z5,ABCD1234E,50000,45,161925,Rajesh Kumar,Active,2024-01-15 10:00:00,2024-05-01 08:00:00
PTY-0792,COMP-0042,Rajesh Patel Traders,Supplier,"193, Delhi",Delhi,Delhi,314313,+919757536074,rajeshpatel@example.com,27ABCD1234E1Z5,ABCD1234E,50000,15,-79519,Unassigned,Active,2024-01-15 10:00:00,2024-05-01 08:00:00
PTY-0793,COMP-0042,Neha Kumar Suppliers,Supplier,"403, Delhi",Delhi,Delhi,897435,+917170112802,nehakumar@example.com,27ABCD1234E1Z5,ABCD1234E,200000,30,-337432,Unassigned,Active,2024-01-15 10:00:00,2024-05-01 08:00:00
PTY-0794,COMP-0042,Vikram Sharma Traders,Supplier,"277, Surat",Surat,Gujarat,156700,+919856179077,vikramsharma@example.com,27ABCD1234E1Z5,ABCD1234E,50000,45,-107907,Unassigned,Active,2024-01-15 10:00:00,2024-05-01 08:00:00
PTY-0795,COMP-0042,Amit Gupta Suppliers,Customer,"4, Mysore",Mysore,Karnataka,167755,+919111587573,amitgupta@example.com,27ABCD1234E1Z5,ABCD1234E,50000,15,330187,Rajesh Kumar,Active,2024-01-15 10:00:00,2024-05-01 08:00:00
PTY-0796,COMP-0042,Amit Patel Distributors,Customer,"426, Ahmedabad",Ahmedabad,Gujarat,933862,+917877776788,amitpatel@example.com,27ABCD1234E1Z5,ABCD1234E,50000,45,287753,Rajesh Kumar,Active,2024-01-15 10:00:00,2024-05-01 08:00:00
PTY-0797,COMP-0042,Priya Kumar Traders,Both,"218, Delhi",Delhi,Delhi,285006,+919602111250,priyakumar@example.com,27ABCD1234E1Z5,ABCD1234E,50000,30,128411,Amit Shah,Active,2024-01-15 10:00:00,2024-05-01 08:00:00
PTY-0798,COMP-0042,Neha Kumar Traders,Supplier,"498, Surat",Surat,Gujarat,477048,+918710446980,nehakumar@example.com,27ABCD1234E1Z5,ABCD1234E,100000,15,-498604,Amit Shah,Active,2024-01-15 10:00:00,2024-05-01 08:00:00
PTY-0799,COMP-0042,Priya Kumar Suppliers,Customer,"391, Coimbatore",Coimbatore,Tamil Nadu,499947,+918835657356,priyakumar@example.com,27ABCD1234E1Z5,ABCD1234E,50000,30,10386,Unassigned,Active,2024-01-15 10:00:00,2024-05-01 08:00:00
PTY-0800,COMP-0042,Neha Patel Suppliers,Supplier,"157, Chennai",Chennai,Tamil Nadu,575637,+918216445336,nehapatel@example.com,27ABCD1234E1Z5,ABCD1234E,100000,45,-243086,Unassigned,Active,2024-01-15 10:00:00,2024-05-01 08:00:00
PTY-0801,COMP-0042,Priya Sharma Suppliers,Both,"80, Delhi",Delhi,Delhi,298837,+917017955333,priyasharma@example.com,27ABCD1234E1Z5,ABCD1234E,50000,45,102611,Unassigned,Active,2024-01-15 10:00:00,2024-05-01 08:00:00
PTY-0802,COMP-0042,Vikram Kumar Distributors,Supplier,"197, Mysore",Mysore,Karnataka,613331,+918322037419,vikramkumar@example.com,27ABCD1234E1Z5,ABCD1234E,200000,45,-195635,Rajesh Kumar,Active,2024-01-15 10:00:00,2024-05-01 08:00:00
PTY-0803,COMP-0042,Priya Sharma Traders,Both,"391, Pune",Pune,Maharashtra,557491,+918096326544,priyasharma@example.com,27ABCD1234E1Z5,ABCD1234E,200000,30,101831,Unassigned,Active,2024-01-15 10:00:00,2024-05-01 08:00:00
PTY-0804,COMP-0042,Priya Singh Suppliers,Supplier,"127, Nagpur",Nagpur,Maharashtra,354125,+919051815663,priyasingh@example.com,27ABCD1234E1Z5,ABCD1234E,50000,30,-385699,Unassigned,Active,2024-01-15 10:00:00,2024-05-01 08:00:00
PTY-0805,COMP-0042,Rajesh Patel Traders,Both,"127, Delhi",Delhi,Delhi,731399,+919483959073,rajeshpatel@example.com,27ABCD1234E1Z5,ABCD1234E,200000,15,133320,Rajesh Kumar,Active,2024-01-15 10:00:00,2024-05-01 08:00:00
PTY-0806,COMP-0042,Rajesh Sharma Distributors,Both,"42, Mysore",Mysore,Karnataka,643725,+917810989695,rajeshsharma@example.com,27ABCD1234E1Z5,ABCD1234E,100000,15,472381,Amit Shah,Active,2024-01-15 10:00:00,2024-05-01 08:00:00
PTY-0807,COMP-0042,Vikram Singh Suppliers,Both,"211, Coimbatore",Coimbatore,Tamil Nadu,889013,+917381708520,vikramsingh@example.com,27ABCD1234E1Z5,ABCD1234E,50000,45,384792,Unassigned,Active,2024-01-15 10:00:00,2024-05-01 08:00:00
PTY-0808,COMP-0042,Vikram Patel Suppliers,Both,"158, Delhi",Delhi,Delhi,106732,+917723266877,vikrampatel@example.com,27ABCD1234E1Z5,ABCD1234E,100000,15,366482,Rajesh Kumar,Active,2024-01-15 10:00:00,2024-05-01 08:00:00
PTY-0809,COMP-0043,Amit Patel Distributors,Supplier,"320, Delhi",Delhi,Delhi,214499,+919733461689,amitpatel@example.com,27ABCD1234E1Z5,ABCD1234E,50000,15,-478659,Amit Shah,Active,2024-01-15 10:00:00,2024-05-01 08:00:00
PTY-0810,COMP-0043,Rajesh Kumar Suppliers,Customer,"300, Pune",Pune,Maharashtra,346184,+919052552491,rajeshkumar@example.com,27ABCD1234E1Z5,ABCD1234E,100000,45,15553,Rajesh Kumar,Active,2024-01-15 10:00:00,2024-05-01 08:00:00
PTY-0811,COMP-0043,Rajesh Sharma Distributors,Both,"22, Delhi",Delhi,Delhi,201546,+917906531700,rajeshsharma@example.com,27ABCD1234E1Z5,ABCD1234E,200000,15,413771,Amit Shah,Active,2024-01-15 10:00:00,2024-05-01 08:00:00
PTY-0812,COMP-0043,Neha Gupta Suppliers,Supplier,"220, Delhi",Delhi,Delhi,452898,+918592509976,nehagupta@example.com,27ABCD1234E1Z5,ABCD1234E,200000,30,-316864,Amit Shah,Active,2024-01-15 10:00:00,2024-05-01 08:00:00
PTY-0813,COMP-0043,Amit Singh Traders,Both,"448, Mysore",Mysore,Karnataka,446297,+917430258498,amitsingh@example.com,27ABCD1234E1Z5,ABCD1234E,50000,30,186661,Unassigned,Active,2024-01-15 10:00:00,2024-05-01 08:00:00
PTY-0814,COMP-0043,Priya Patel Distributors,Customer,"487, Nagpur",Nagpur,Maharashtra,833232,+918067461030,priyapatel@example.com,27ABCD1234E1Z5,ABCD1234E,100000,30,146521,Unassigned,Active,2024-01-15 10:00:00,2024-05-01 08:00:00
PTY-0815,COMP-0043,Priya Gupta Distributors,Customer,"417, Bangalore",Bangalore,Karnataka,437833,+917071426604,priyagupta@example.com,27ABCD1234E1Z5,ABCD1234E,200000,30,493846,Rajesh Kumar,Active,2024-01-15 10:00:00,2024-05-01 08:00:00
PTY-0816,COMP-0043,Vikram Kumar Distributors,Supplier,"407, Surat",Surat,Gujarat,185321,+918496082958,vikramkumar@example.com,27ABCD1234E1Z5,ABCD1234E,100000,30,-321174,Unassigned,Active,2024-01-15 10:00:00,2024-05-01 08:00:00
PTY-0817,COMP-0043,Rajesh Kumar Traders,Both,"267, Delhi",Delhi,Delhi,699672,+919167397784,rajeshkumar@example.com,27ABCD1234E1Z5,ABCD1234E,50000,15,456056,Amit Shah,Active,2024-01-15 10:00:00,2024-05-01 08:00:00
PTY-0818,COMP-0043,Rajesh Singh Suppliers,Customer,"247, Coimbatore",Coimbatore,Tamil Nadu,794830,+919322150992,rajeshsingh@example.com,27ABCD1234E1Z5,ABCD1234E,50000,15,60648,Rajesh Kumar,Active,2024-01-15 10:00:00,2024-05-01 08:00:00
PTY-0819,COMP-0043,Amit Sharma Traders,Both,"476, Pune",Pune,Maharashtra,442360,+918647076207,amitsharma@example.com,27ABCD1234E1Z5,ABCD1234E,100000,15,84009,Unassigned,Active,2024-01-15 10:00:00,2024-05-01 08:00:00
PTY-0820,COMP-0043,Vikram Kumar Distributors,Customer,"372, Nagpur",Nagpur,Maharashtra,615856,+917388444376,vikramkumar@example.com,27ABCD1234E1Z5,ABCD1234E,200000,30,332161,Rajesh Kumar,Active,2024-01-15 10:00:00,2024-05-01 08:00:00
PTY-0821,COMP-0043,Neha Gupta Suppliers,Supplier,"368, Nagpur",Nagpur,Maharashtra,879058,+918639176435,nehagupta@example.com,27ABCD1234E1Z5,ABCD1234E,200000,45,-477189,Unassigned,Active,2024-01-15 10:00:00,2024-05-01 08:00:00
PTY-0822,COMP-0043,Priya Patel Suppliers,Customer,"58, Surat",Surat,Gujarat,193469,+918461310436,priyapatel@example.com,27ABCD1234E1Z5,ABCD1234E,200000,45,45969,Rajesh Kumar,Active,2024-01-15 10:00:00,2024-05-01 08:00:00
PTY-0823,COMP-0043,Rajesh Gupta Suppliers,Supplier,"378, Delhi",Delhi,Delhi,101760,+918334871184,rajeshgupta@example.com,27ABCD1234E1Z5,ABCD1234E,50000,45,-302470,Unassigned,Active,2024-01-15 10:00:00,2024-05-01 08:00:00
PTY-0824,COMP-0044,Vikram Patel Suppliers,Supplier,"353, Nagpur",Nagpur,Maharashtra,229461,+918174469727,vikrampatel@example.com,27ABCD1234E1Z5,ABCD1234E,200000,45,-263390,Amit Shah,Active,2024-01-15 10:00:00,2024-05-01 08:00:00
PTY-0825,COMP-0044,Amit Kumar Suppliers,Customer,"424, Delhi",Delhi,Delhi,851583,+917904576318,amitkumar@example.com,27ABCD1234E1Z5,ABCD1234E,200000,15,80059,Unassigned,Active,2024-01-15 10:00:00,2024-05-01 08:00:00
PTY-0826,COMP-0044,Rajesh Patel Distributors,Supplier,"435, Mysore",Mysore,Karnataka,266926,+917092624498,rajeshpatel@example.com,27ABCD1234E1Z5,ABCD1234E,200000,30,-478347,Amit Shah,Active,2024-01-15 10:00:00,2024-05-01 08:00:00
PTY-0827,COMP-0044,Priya Kumar Traders,Supplier,"373, Delhi",Delhi,Delhi,396788,+918212744492,priyakumar@example.com,27ABCD1234E1Z5,ABCD1234E,200000,15,-276742,Unassigned,Active,2024-01-15 10:00:00,2024-05-01 08:00:00
PTY-0828,COMP-0044,Neha Kumar Distributors,Supplier,"413, Mumbai",Mumbai,Maharashtra,156752,+918305987932,nehakumar@example.com,27ABCD1234E1Z5,ABCD1234E,100000,45,-453957,Rajesh Kumar,Active,2024-01-15 10:00:00,2024-05-01 08:00:00
PTY-0829,COMP-0044,Neha Patel Traders,Supplier,"112, Mysore",Mysore,Karnataka,943430,+917840332096,nehapatel@example.com,27ABCD1234E1Z5,ABCD1234E,200000,45,-109977,Rajesh Kumar,Active,2024-01-15 10:00:00,2024-05-01 08:00:00
PTY-0830,COMP-0044,Vikram Gupta Suppliers,Customer,"219, Nagpur",Nagpur,Maharashtra,812449,+917722511907,vikramgupta@example.com,27ABCD1234E1Z5,ABCD1234E,50000,15,498282,Amit Shah,Active,2024-01-15 10:00:00,2024-05-01 08:00:00
PTY-0831,COMP-0044,Priya Patel Distributors,Both,"304, Mumbai",Mumbai,Maharashtra,554894,+917638096086,priyapatel@example.com,27ABCD1234E1Z5,ABCD1234E,200000,45,177464,Amit Shah,Active,2024-01-15 10:00:00,2024-05-01 08:00:00
PTY-0832,COMP-0044,Amit Sharma Suppliers,Supplier,"353, Mumbai",Mumbai,Maharashtra,725114,+917740826045,amitsharma@example.com,27ABCD1234E1Z5,ABCD1234E,200000,45,-158696,Amit Shah,Active,2024-01-15 10:00:00,2024-05-01 08:00:00
PTY-0833,COMP-0044,Rajesh Kumar Distributors,Both,"189, Mysore",Mysore,Karnataka,112166,+917515397731,rajeshkumar@example.com,27ABCD1234E1Z5,ABCD1234E,50000,15,233370,Rajesh Kumar,Active,2024-01-15 10:00:00,2024-05-01 08:00:00
PTY-0834,COMP-0044,Priya Gupta Distributors,Both,"246, Ahmedabad",Ahmedabad,Gujarat,387021,+919979529855,priyagupta@example.com,27ABCD1234E1Z5,ABCD1234E,200000,15,300223,Unassigned,Active,2024-01-15 10:00:00,2024-05-01 08:00:00
PTY-0835,COMP-0044,Amit Kumar Distributors,Supplier,"51, Mysore",Mysore,Karnataka,441027,+917272723132,amitkumar@example.com,27ABCD1234E1Z5,ABCD1234E,200000,45,-65659,Rajesh Kumar,Active,2024-01-15 10:00:00,2024-05-01 08:00:00
PTY-0836,COMP-0044,Priya Sharma Distributors,Customer,"300, Mysore",Mysore,Karnataka,665163,+919799033030,priyasharma@example.com,27ABCD1234E1Z5,ABCD1234E,50000,15,438904,Unassigned,Active,2024-01-15 10:00:00,2024-05-01 08:00:00
PTY-0837,COMP-0044,Rajesh Patel Distributors,Customer,"410, Chennai",Chennai,Tamil Nadu,429563,+917528475568,rajeshpatel@example.com,27ABCD1234E1Z5,ABCD1234E,50000,15,234478,Unassigned,Active,2024-01-15 10:00:00,2024-05-01 08:00:00
PTY-0838,COMP-0044,Amit Patel Traders,Supplier,"64, Nagpur",Nagpur,Maharashtra,630734,+918282382405,amitpatel@example.com,27ABCD1234E1Z5,ABCD1234E,100000,45,-44360,Rajesh Kumar,Active,2024-01-15 10:00:00,2024-05-01 08:00:00
PTY-0839,COMP-0044,Priya Sharma Distributors,Customer,"401, Surat",Surat,Gujarat,407648,+919831060255,priyasharma@example.com,27ABCD1234E1Z5,ABCD1234E,200000,30,474281,Rajesh Kumar,Active,2024-01-15 10:00:00,2024-05-01 08:00:00
PTY-0840,COMP-0044,Neha Kumar Distributors,Both,"108, Delhi",Delhi,Delhi,821347,+917425240961,nehakumar@example.com,27ABCD1234E1Z5,ABCD1234E,200000,15,267696,Rajesh Kumar,Active,2024-01-15 10:00:00,2024-05-01 08:00:00
PTY-0841,COMP-0044,Rajesh Patel Traders,Customer,"283, Surat",Surat,Gujarat,326534,+919541689242,rajeshpatel@example.com,27ABCD1234E1Z5,ABCD1234E,100000,30,315697,Rajesh Kumar,Active,2024-01-15 10:00:00,2024-05-01 08:00:00
PTY-0842,COMP-0044,Neha Kumar Suppliers,Supplier,"333, Nagpur",Nagpur,Maharashtra,271252,+918718241922,nehakumar@example.com,27ABCD1234E1Z5,ABCD1234E,100000,15,-200163,Amit Shah,Active,2024-01-15 10:00:00,2024-05-01 08:00:00
PTY-0843,COMP-0044,Priya Patel Distributors,Customer,"138, Chennai",Chennai,Tamil Nadu,763874,+919992745820,priyapatel@example.com,27ABCD1234E1Z5,ABCD1234E,200000,15,384132,Unassigned,Active,2024-01-15 10:00:00,2024-05-01 08:00:00
PTY-0844,COMP-0044,Vikram Gupta Traders,Supplier,"404, Chennai",Chennai,Tamil Nadu,554691,+918627543095,vikramgupta@example.com,27ABCD1234E1Z5,ABCD1234E,50000,45,-165863,Rajesh Kumar,Active,2024-01-15 10:00:00,2024-05-01 08:00:00
PTY-0845,COMP-0044,Rajesh Singh Distributors,Customer,"209, Nagpur",Nagpur,Maharashtra,169163,+918414579743,rajeshsingh@example.com,27ABCD1234E1Z5,ABCD1234E,200000,15,287503,Amit Shah,Active,2024-01-15 10:00:00,2024-05-01 08:00:00
PTY-0846,COMP-0044,Vikram Singh Traders,Supplier,"194, Ahmedabad",Ahmedabad,Gujarat,333020,+918626213564,vikramsingh@example.com,27ABCD1234E1Z5,ABCD1234E,50000,15,-51352,Rajesh Kumar,Active,2024-01-15 10:00:00,2024-05-01 08:00:00
PTY-0847,COMP-0044,Neha Singh Distributors,Customer,"359, Coimbatore",Coimbatore,Tamil Nadu,699951,+918211166718,nehasingh@example.com,27ABCD1234E1Z5,ABCD1234E,200000,30,182924,Unassigned,Active,2024-01-15 10:00:00,2024-05-01 08:00:00
PTY-0848,COMP-0045,Rajesh Singh Suppliers,Both,"225, Surat",Surat,Gujarat,471197,+919012904380,rajeshsingh@example.com,27ABCD1234E1Z5,ABCD1234E,200000,30,95999,Amit Shah,Active,2024-01-15 10:00:00,2024-05-01 08:00:00
PTY-0849,COMP-0045,Priya Gupta Traders,Both,"157, Surat",Surat,Gujarat,526261,+918343194801,priyagupta@example.com,27ABCD1234E1Z5,ABCD1234E,50000,45,496739,Rajesh Kumar,Active,2024-01-15 10:00:00,2024-05-01 08:00:00
PTY-0850,COMP-0045,Rajesh Patel Traders,Both,"381, Mumbai",Mumbai,Maharashtra,399736,+919380098110,rajeshpatel@example.com,27ABCD1234E1Z5,ABCD1234E,100000,15,44346,Amit Shah,Active,2024-01-15 10:00:00,2024-05-01 08:00:00
PTY-0851,COMP-0045,Neha Patel Distributors,Both,"455, Mysore",Mysore,Karnataka,658271,+919997380182,nehapatel@example.com,27ABCD1234E1Z5,ABCD1234E,50000,30,354824,Rajesh Kumar,Active,2024-01-15 10:00:00,2024-05-01 08:00:00
PTY-0852,COMP-0045,Neha Patel Distributors,Supplier,"384, Nagpur",Nagpur,Maharashtra,461822,+918048943719,nehapatel@example.com,27ABCD1234E1Z5,ABCD1234E,200000,45,-280140,Unassigned,Active,2024-01-15 10:00:00,2024-05-01 08:00:00
PTY-0853,COMP-0045,Neha Sharma Distributors,Customer,"452, Coimbatore",Coimbatore,Tamil Nadu,900808,+919248485871,nehasharma@example.com,27ABCD1234E1Z5,ABCD1234E,50000,15,487685,Rajesh Kumar,Active,2024-01-15 10:00:00,2024-05-01 08:00:00
PTY-0854,COMP-0045,Vikram Patel Suppliers,Customer,"195, Coimbatore",Coimbatore,Tamil Nadu,278765,+918603241272,vikrampatel@example.com,27ABCD1234E1Z5,ABCD1234E,50000,30,259788,Unassigned,Active,2024-01-15 10:00:00,2024-05-01 08:00:00
PTY-0855,COMP-0045,Amit Gupta Suppliers,Supplier,"136, Pune",Pune,Maharashtra,323415,+917009596257,amitgupta@example.com,27ABCD1234E1Z5,ABCD1234E,200000,45,-153902,Unassigned,Active,2024-01-15 10:00:00,2024-05-01 08:00:00
PTY-0856,COMP-0045,Priya Patel Distributors,Supplier,"250, Delhi",Delhi,Delhi,160289,+918527909147,priyapatel@example.com,27ABCD1234E1Z5,ABCD1234E,50000,45,-444780,Amit Shah,Active,2024-01-15 10:00:00,2024-05-01 08:00:00
PTY-0857,COMP-0045,Vikram Singh Suppliers,Customer,"370, Delhi",Delhi,Delhi,295200,+918726869296,vikramsingh@example.com,27ABCD1234E1Z5,ABCD1234E,100000,15,466719,Rajesh Kumar,Active,2024-01-15 10:00:00,2024-05-01 08:00:00
PTY-0858,COMP-0045,Priya Kumar Distributors,Both,"79, Ahmedabad",Ahmedabad,Gujarat,530670,+917531900096,priyakumar@example.com,27ABCD1234E1Z5,ABCD1234E,100000,15,471077,Rajesh Kumar,Active,2024-01-15 10:00:00,2024-05-01 08:00:00
PTY-0859,COMP-0045,Vikram Patel Suppliers,Supplier,"220, Mysore",Mysore,Karnataka,291031,+919303938069,vikrampatel@example.com,27ABCD1234E1Z5,ABCD1234E,100000,15,-191100,Amit Shah,Active,2024-01-15 10:00:00,2024-05-01 08:00:00
PTY-0860,COMP-0045,Priya Patel Suppliers,Both,"184, Surat",Surat,Gujarat,843670,+917852399067,priyapatel@example.com,27ABCD1234E1Z5,ABCD1234E,50000,15,3046,Amit Shah,Active,2024-01-15 10:00:00,2024-05-01 08:00:00
PTY-0861,COMP-0045,Rajesh Patel Suppliers,Both,"17, Mysore",Mysore,Karnataka,268099,+919861327917,rajeshpatel@example.com,27ABCD1234E1Z5,ABCD1234E,50000,30,472382,Unassigned,Active,2024-01-15 10:00:00,2024-05-01 08:00:00
PTY-0862,COMP-0045,Vikram Sharma Suppliers,Both,"350, Mysore",Mysore,Karnataka,849019,+917547324831,vikramsharma@example.com,27ABCD1234E1Z5,ABCD1234E,100000,30,419336,Unassigned,Active,2024-01-15 10:00:00,2024-05-01 08:00:00
PTY-0863,COMP-0045,Priya Patel Traders,Customer,"177, Mumbai",Mumbai,Maharashtra,624288,+917058621792,priyapatel@example.com,27ABCD1234E1Z5,ABCD1234E,200000,15,81548,Rajesh Kumar,Active,2024-01-15 10:00:00,2024-05-01 08:00:00
PTY-0864,COMP-0045,Vikram Kumar Suppliers,Supplier,"145, Chennai",Chennai,Tamil Nadu,609533,+917354828271,vikramkumar@example.com,27ABCD1234E1Z5,ABCD1234E,100000,15,-151763,Unassigned,Active,2024-01-15 10:00:00,2024-05-01 08:00:00
PTY-0865,COMP-0045,Amit Gupta Traders,Supplier,"135, Ahmedabad",Ahmedabad,Gujarat,835005,+918062378926,amitgupta@example.com,27ABCD1234E1Z5,ABCD1234E,200000,30,-453072,Rajesh Kumar,Active,2024-01-15 10:00:00,2024-05-01 08:00:00
PTY-0866,COMP-0045,Priya Sharma Distributors,Customer,"325, Chennai",Chennai,Tamil Nadu,255950,+917985197631,priyasharma@example.com,27ABCD1234E1Z5,ABCD1234E,50000,15,329728,Amit Shah,Active,2024-01-15 10:00:00,2024-05-01 08:00:00
PTY-0867,COMP-0046,Vikram Sharma Suppliers,Supplier,"215, Delhi",Delhi,Delhi,358965,+918373706137,vikramsharma@example.com,27ABCD1234E1Z5,ABCD1234E,50000,15,-373075,Rajesh Kumar,Active,2024-01-15 10:00:00,2024-05-01 08:00:00
PTY-0868,COMP-0046,Rajesh Sharma Suppliers,Supplier,"466, Delhi",Delhi,Delhi,735984,+917432768200,rajeshsharma@example.com,27ABCD1234E1Z5,ABCD1234E,100000,15,-146884,Amit Shah,Active,2024-01-15 10:00:00,2024-05-01 08:00:00
PTY-0869,COMP-0046,Priya Singh Traders,Customer,"7, Delhi",Delhi,Delhi,816137,+919369826482,priyasingh@example.com,27ABCD1234E1Z5,ABCD1234E,50000,30,350721,Amit Shah,Active,2024-01-15 10:00:00,2024-05-01 08:00:00
PTY-0870,COMP-0046,Vikram Gupta Distributors,Customer,"108, Coimbatore",Coimbatore,Tamil Nadu,712711,+918649479425,vikramgupta@example.com,27ABCD1234E1Z5,ABCD1234E,50000,15,144675,Rajesh Kumar,Active,2024-01-15 10:00:00,2024-05-01 08:00:00
PTY-0871,COMP-0046,Neha Sharma Traders,Both,"361, Nagpur",Nagpur,Maharashtra,567423,+917423644452,nehasharma@example.com,27ABCD1234E1Z5,ABCD1234E,50000,45,101149,Unassigned,Active,2024-01-15 10:00:00,2024-05-01 08:00:00
PTY-0872,COMP-0046,Vikram Singh Distributors,Both,"23, Bangalore",Bangalore,Karnataka,234041,+917823374138,vikramsingh@example.com,27ABCD1234E1Z5,ABCD1234E,100000,45,80568,Unassigned,Active,2024-01-15 10:00:00,2024-05-01 08:00:00
PTY-0873,COMP-0046,Vikram Gupta Distributors,Supplier,"61, Delhi",Delhi,Delhi,557311,+917290805791,vikramgupta@example.com,27ABCD1234E1Z5,ABCD1234E,100000,30,-376085,Unassigned,Active,2024-01-15 10:00:00,2024-05-01 08:00:00
PTY-0874,COMP-0046,Neha Sharma Traders,Both,"24, Surat",Surat,Gujarat,693677,+917261105621,nehasharma@example.com,27ABCD1234E1Z5,ABCD1234E,200000,15,151863,Unassigned,Active,2024-01-15 10:00:00,2024-05-01 08:00:00
PTY-0875,COMP-0046,Priya Kumar Suppliers,Customer,"261, Chennai",Chennai,Tamil Nadu,502810,+919415913029,priyakumar@example.com,27ABCD1234E1Z5,ABCD1234E,100000,30,393597,Unassigned,Active,2024-01-15 10:00:00,2024-05-01 08:00:00
PTY-0876,COMP-0046,Vikram Patel Distributors,Customer,"304, Ahmedabad",Ahmedabad,Gujarat,830565,+917038059076,vikrampatel@example.com,27ABCD1234E1Z5,ABCD1234E,200000,30,114193,Unassigned,Active,2024-01-15 10:00:00,2024-05-01 08:00:00
PTY-0877,COMP-0046,Neha Singh Distributors,Supplier,"283, Delhi",Delhi,Delhi,224888,+917734907971,nehasingh@example.com,27ABCD1234E1Z5,ABCD1234E,50000,15,-140779,Unassigned,Active,2024-01-15 10:00:00,2024-05-01 08:00:00
PTY-0878,COMP-0046,Amit Singh Suppliers,Customer,"69, Nagpur",Nagpur,Maharashtra,383571,+917221276607,amitsingh@example.com,27ABCD1234E1Z5,ABCD1234E,200000,15,486144,Rajesh Kumar,Active,2024-01-15 10:00:00,2024-05-01 08:00:00
PTY-0879,COMP-0046,Neha Sharma Distributors,Supplier,"498, Nagpur",Nagpur,Maharashtra,487040,+918393982645,nehasharma@example.com,27ABCD1234E1Z5,ABCD1234E,50000,45,-317277,Unassigned,Active,2024-01-15 10:00:00,2024-05-01 08:00:00
PTY-0880,COMP-0046,Vikram Patel Traders,Supplier,"418, Mysore",Mysore,Karnataka,110913,+918526788512,vikrampatel@example.com,27ABCD1234E1Z5,ABCD1234E,50000,45,-328180,Amit Shah,Active,2024-01-15 10:00:00,2024-05-01 08:00:00
PTY-0881,COMP-0046,Amit Singh Distributors,Both,"370, Nagpur",Nagpur,Maharashtra,881996,+919955433092,amitsingh@example.com,27ABCD1234E1Z5,ABCD1234E,100000,45,55806,Amit Shah,Active,2024-01-15 10:00:00,2024-05-01 08:00:00
PTY-0882,COMP-0047,Amit Gupta Suppliers,Both,"159, Bangalore",Bangalore,Karnataka,270832,+917763362851,amitgupta@example.com,27ABCD1234E1Z5,ABCD1234E,100000,45,11034,Unassigned,Active,2024-01-15 10:00:00,2024-05-01 08:00:00
PTY-0883,COMP-0047,Amit Sharma Traders,Supplier,"466, Ahmedabad",Ahmedabad,Gujarat,776456,+918728742796,amitsharma@example.com,27ABCD1234E1Z5,ABCD1234E,50000,45,-238563,Unassigned,Active,2024-01-15 10:00:00,2024-05-01 08:00:00
PTY-0884,COMP-0047,Amit Sharma Suppliers,Supplier,"57, Chennai",Chennai,Tamil Nadu,966713,+917058205658,amitsharma@example.com,27ABCD1234E1Z5,ABCD1234E,200000,15,-10861,Rajesh Kumar,Active,2024-01-15 10:00:00,2024-05-01 08:00:00
PTY-0885,COMP-0047,Amit Sharma Distributors,Both,"406, Delhi",Delhi,Delhi,109852,+917456722295,amitsharma@example.com,27ABCD1234E1Z5,ABCD1234E,200000,45,7076,Amit Shah,Active,2024-01-15 10:00:00,2024-05-01 08:00:00
PTY-0886,COMP-0047,Rajesh Patel Suppliers,Both,"84, Surat",Surat,Gujarat,422316,+918424882544,rajeshpatel@example.com,27ABCD1234E1Z5,ABCD1234E,100000,15,427538,Rajesh Kumar,Active,2024-01-15 10:00:00,2024-05-01 08:00:00
PTY-0887,COMP-0047,Rajesh Gupta Traders,Customer,"279, Delhi",Delhi,Delhi,411152,+917440518015,rajeshgupta@example.com,27ABCD1234E1Z5,ABCD1234E,200000,30,53904,Rajesh Kumar,Active,2024-01-15 10:00:00,2024-05-01 08:00:00
PTY-0888,COMP-0047,Rajesh Patel Suppliers,Supplier,"181, Mumbai",Mumbai,Maharashtra,787199,+918231995081,rajeshpatel@example.com,27ABCD1234E1Z5,ABCD1234E,50000,45,-77267,Amit Shah,Active,2024-01-15 10:00:00,2024-05-01 08:00:00
PTY-0889,COMP-0047,Rajesh Kumar Traders,Customer,"183, Ahmedabad",Ahmedabad,Gujarat,179995,+919644397474,rajeshkumar@example.com,27ABCD1234E1Z5,ABCD1234E,100000,15,147751,Amit Shah,Active,2024-01-15 10:00:00,2024-05-01 08:00:00
PTY-0890,COMP-0047,Rajesh Sharma Suppliers,Customer,"172, Chennai",Chennai,Tamil Nadu,728738,+917778958824,rajeshsharma@example.com,27ABCD1234E1Z5,ABCD1234E,200000,30,278124,Rajesh Kumar,Active,2024-01-15 10:00:00,2024-05-01 08:00:00
PTY-0891,COMP-0047,Vikram Gupta Suppliers,Customer,"256, Delhi",Delhi,Delhi,793875,+918585326099,vikramgupta@example.com,27ABCD1234E1Z5,ABCD1234E,100000,45,480370,Rajesh Kumar,Active,2024-01-15 10:00:00,2024-05-01 08:00:00
PTY-0892,COMP-0047,Rajesh Patel Suppliers,Customer,"370, Surat",Surat,Gujarat,935558,+919054849838,rajeshpatel@example.com,27ABCD1234E1Z5,ABCD1234E,50000,15,234197,Unassigned,Active,2024-01-15 10:00:00,2024-05-01 08:00:00
PTY-0893,COMP-0047,Priya Singh Traders,Supplier,"393, Ahmedabad",Ahmedabad,Gujarat,503720,+918514443075,priyasingh@example.com,27ABCD1234E1Z5,ABCD1234E,100000,30,-95353,Amit Shah,Active,2024-01-15 10:00:00,2024-05-01 08:00:00
PTY-0894,COMP-0047,Priya Kumar Distributors,Customer,"126, Coimbatore",Coimbatore,Tamil Nadu,501798,+918798129418,priyakumar@example.com,27ABCD1234E1Z5,ABCD1234E,200000,30,483186,Unassigned,Active,2024-01-15 10:00:00,2024-05-01 08:00:00
PTY-0895,COMP-0047,Neha Kumar Traders,Supplier,"367, Chennai",Chennai,Tamil Nadu,542332,+919263215604,nehakumar@example.com,27ABCD1234E1Z5,ABCD1234E,200000,45,-304592,Unassigned,Active,2024-01-15 10:00:00,2024-05-01 08:00:00
PTY-0896,COMP-0047,Amit Sharma Traders,Customer,"9, Surat",Surat,Gujarat,480002,+919398200084,amitsharma@example.com,27ABCD1234E1Z5,ABCD1234E,100000,15,445956,Rajesh Kumar,Active,2024-01-15 10:00:00,2024-05-01 08:00:00
PTY-0897,COMP-0047,Rajesh Singh Suppliers,Supplier,"428, Delhi",Delhi,Delhi,994762,+919368676116,rajeshsingh@example.com,27ABCD1234E1Z5,ABCD1234E,100000,15,-75570,Rajesh Kumar,Active,2024-01-15 10:00:00,2024-05-01 08:00:00
PTY-0898,COMP-0047,Amit Sharma Distributors,Both,"194, Ahmedabad",Ahmedabad,Gujarat,868691,+917113158986,amitsharma@example.com,27ABCD1234E1Z5,ABCD1234E,200000,30,75013,Amit Shah,Active,2024-01-15 10:00:00,2024-05-01 08:00:00
PTY-0899,COMP-0048,Vikram Kumar Distributors,Supplier,"7, Mysore",Mysore,Karnataka,400699,+917477886699,vikramkumar@example.com,27ABCD1234E1Z5,ABCD1234E,50000,15,-364509,Unassigned,Active,2024-01-15 10:00:00,2024-05-01 08:00:00
PTY-0900,COMP-0048,Rajesh Gupta Suppliers,Customer,"217, Ahmedabad",Ahmedabad,Gujarat,812930,+918951188654,rajeshgupta@example.com,27ABCD1234E1Z5,ABCD1234E,200000,45,436564,Amit Shah,Active,2024-01-15 10:00:00,2024-05-01 08:00:00
PTY-0901,COMP-0048,Neha Gupta Traders,Supplier,"499, Delhi",Delhi,Delhi,196402,+919239829921,nehagupta@example.com,27ABCD1234E1Z5,ABCD1234E,100000,15,-142515,Unassigned,Active,2024-01-15 10:00:00,2024-05-01 08:00:00
PTY-0902,COMP-0048,Amit Kumar Suppliers,Customer,"422, Chennai",Chennai,Tamil Nadu,882233,+919402150664,amitkumar@example.com,27ABCD1234E1Z5,ABCD1234E,200000,15,96308,Unassigned,Active,2024-01-15 10:00:00,2024-05-01 08:00:00
PTY-0903,COMP-0048,Priya Kumar Traders,Supplier,"412, Delhi",Delhi,Delhi,489523,+919777328565,priyakumar@example.com,27ABCD1234E1Z5,ABCD1234E,100000,15,-28663,Amit Shah,Active,2024-01-15 10:00:00,2024-05-01 08:00:00
PTY-0904,COMP-0048,Rajesh Sharma Suppliers,Both,"123, Pune",Pune,Maharashtra,395915,+917699050622,rajeshsharma@example.com,27ABCD1234E1Z5,ABCD1234E,200000,15,14705,Rajesh Kumar,Active,2024-01-15 10:00:00,2024-05-01 08:00:00
PTY-0905,COMP-0048,Amit Gupta Distributors,Customer,"327, Pune",Pune,Maharashtra,133939,+918032231634,amitgupta@example.com,27ABCD1234E1Z5,ABCD1234E,100000,15,105762,Unassigned,Active,2024-01-15 10:00:00,2024-05-01 08:00:00
PTY-0906,COMP-0048,Neha Sharma Traders,Customer,"48, Coimbatore",Coimbatore,Tamil Nadu,423595,+917036415840,nehasharma@example.com,27ABCD1234E1Z5,ABCD1234E,100000,30,164930,Amit Shah,Active,2024-01-15 10:00:00,2024-05-01 08:00:00
PTY-0907,COMP-0048,Neha Patel Suppliers,Both,"360, Delhi",Delhi,Delhi,807459,+917418243223,nehapatel@example.com,27ABCD1234E1Z5,ABCD1234E,100000,30,67904,Unassigned,Active,2024-01-15 10:00:00,2024-05-01 08:00:00
PTY-0908,COMP-0048,Neha Sharma Distributors,Customer,"196, Chennai",Chennai,Tamil Nadu,600121,+919518389281,nehasharma@example.com,27ABCD1234E1Z5,ABCD1234E,50000,30,417369,Rajesh Kumar,Active,2024-01-15 10:00:00,2024-05-01 08:00:00
PTY-0909,COMP-0048,Amit Kumar Distributors,Customer,"453, Nagpur",Nagpur,Maharashtra,326122,+919926847280,amitkumar@example.com,27ABCD1234E1Z5,ABCD1234E,200000,15,121409,Unassigned,Active,2024-01-15 10:00:00,2024-05-01 08:00:00
PTY-0910,COMP-0048,Amit Gupta Traders,Supplier,"149, Coimbatore",Coimbatore,Tamil Nadu,477819,+919677786557,amitgupta@example.com,27ABCD1234E1Z5,ABCD1234E,100000,15,-177744,Unassigned,Active,2024-01-15 10:00:00,2024-05-01 08:00:00
PTY-0911,COMP-0048,Priya Patel Distributors,Customer,"255, Ahmedabad",Ahmedabad,Gujarat,202137,+917064174343,priyapatel@example.com,27ABCD1234E1Z5,ABCD1234E,50000,30,329142,Unassigned,Active,2024-01-15 10:00:00,2024-05-01 08:00:00
PTY-0912,COMP-0048,Rajesh Kumar Traders,Supplier,"152, Pune",Pune,Maharashtra,269316,+917292752882,rajeshkumar@example.com,27ABCD1234E1Z5,ABCD1234E,100000,45,-489714,Amit Shah,Active,2024-01-15 10:00:00,2024-05-01 08:00:00
PTY-0913,COMP-0048,Vikram Sharma Suppliers,Both,"243, Mumbai",Mumbai,Maharashtra,368463,+918898570486,vikramsharma@example.com,27ABCD1234E1Z5,ABCD1234E,200000,15,135236,Rajesh Kumar,Active,2024-01-15 10:00:00,2024-05-01 08:00:00
PTY-0914,COMP-0048,Neha Kumar Suppliers,Supplier,"439, Pune",Pune,Maharashtra,749785,+919923089394,nehakumar@example.com,27ABCD1234E1Z5,ABCD1234E,50000,30,-214451,Amit Shah,Active,2024-01-15 10:00:00,2024-05-01 08:00:00
PTY-0915,COMP-0048,Neha Gupta Distributors,Customer,"260, Delhi",Delhi,Delhi,571955,+918128835207,nehagupta@example.com,27ABCD1234E1Z5,ABCD1234E,200000,15,216632,Unassigned,Active,2024-01-15 10:00:00,2024-05-01 08:00:00
PTY-0916,COMP-0048,Rajesh Patel Traders,Customer,"193, Chennai",Chennai,Tamil Nadu,265890,+919448705723,rajeshpatel@example.com,27ABCD1234E1Z5,ABCD1234E,100000,15,152389,Rajesh Kumar,Active,2024-01-15 10:00:00,2024-05-01 08:00:00
PTY-0917,COMP-0048,Priya Kumar Suppliers,Supplier,"274, Pune",Pune,Maharashtra,958038,+918996528430,priyakumar@example.com,27ABCD1234E1Z5,ABCD1234E,50000,15,-336846,Rajesh Kumar,Active,2024-01-15 10:00:00,2024-05-01 08:00:00
PTY-0918,COMP-0048,Rajesh Kumar Suppliers,Supplier,"163, Bangalore",Bangalore,Karnataka,459057,+919595746889,rajeshkumar@example.com,27ABCD1234E1Z5,ABCD1234E,100000,15,-33801,Unassigned,Active,2024-01-15 10:00:00,2024-05-01 08:00:00
PTY-0919,COMP-0048,Priya Sharma Distributors,Customer,"486, Delhi",Delhi,Delhi,592796,+917624977019,priyasharma@example.com,27ABCD1234E1Z5,ABCD1234E,200000,15,81653,Amit Shah,Active,2024-01-15 10:00:00,2024-05-01 08:00:00
PTY-0920,COMP-0048,Neha Sharma Suppliers,Customer,"221, Coimbatore",Coimbatore,Tamil Nadu,596405,+917916635497,nehasharma@example.com,27ABCD1234E1Z5,ABCD1234E,50000,15,413956,Rajesh Kumar,Active,2024-01-15 10:00:00,2024-05-01 08:00:00
PTY-0921,COMP-0048,Priya Singh Traders,Customer,"141, Delhi",Delhi,Delhi,524745,+917350937980,priyasingh@example.com,27ABCD1234E1Z5,ABCD1234E,100000,45,36311,Amit Shah,Active,2024-01-15 10:00:00,2024-05-01 08:00:00
PTY-0922,COMP-0049,Neha Patel Distributors,Both,"75, Nagpur",Nagpur,Maharashtra,439458,+919852128598,nehapatel@example.com,27ABCD1234E1Z5,ABCD1234E,200000,45,323230,Unassigned,Active,2024-01-15 10:00:00,2024-05-01 08:00:00
PTY-0923,COMP-0049,Vikram Sharma Suppliers,Customer,"163, Surat",Surat,Gujarat,219125,+919894573076,vikramsharma@example.com,27ABCD1234E1Z5,ABCD1234E,100000,30,453142,Unassigned,Active,2024-01-15 10:00:00,2024-05-01 08:00:00
PTY-0924,COMP-0049,Rajesh Kumar Distributors,Both,"19, Surat",Surat,Gujarat,329242,+917805980442,rajeshkumar@example.com,27ABCD1234E1Z5,ABCD1234E,100000,45,51089,Unassigned,Active,2024-01-15 10:00:00,2024-05-01 08:00:00
PTY-0925,COMP-0049,Amit Gupta Traders,Supplier,"98, Bangalore",Bangalore,Karnataka,812641,+919477493598,amitgupta@example.com,27ABCD1234E1Z5,ABCD1234E,50000,30,-499319,Amit Shah,Active,2024-01-15 10:00:00,2024-05-01 08:00:00
PTY-0926,COMP-0049,Rajesh Singh Suppliers,Both,"234, Delhi",Delhi,Delhi,534166,+918762597948,rajeshsingh@example.com,27ABCD1234E1Z5,ABCD1234E,100000,30,340216,Unassigned,Active,2024-01-15 10:00:00,2024-05-01 08:00:00
PTY-0927,COMP-0049,Priya Gupta Suppliers,Customer,"192, Delhi",Delhi,Delhi,285488,+919374058517,priyagupta@example.com,27ABCD1234E1Z5,ABCD1234E,200000,15,224596,Unassigned,Active,2024-01-15 10:00:00,2024-05-01 08:00:00
PTY-0928,COMP-0049,Priya Kumar Suppliers,Both,"318, Delhi",Delhi,Delhi,998626,+917426168391,priyakumar@example.com,27ABCD1234E1Z5,ABCD1234E,50000,15,368098,Rajesh Kumar,Active,2024-01-15 10:00:00,2024-05-01 08:00:00
PTY-0929,COMP-0049,Rajesh Gupta Distributors,Supplier,"320, Bangalore",Bangalore,Karnataka,671194,+917428217149,rajeshgupta@example.com,27ABCD1234E1Z5,ABCD1234E,200000,30,-394121,Unassigned,Active,2024-01-15 10:00:00,2024-05-01 08:00:00
PTY-0930,COMP-0049,Neha Sharma Traders,Customer,"233, Delhi",Delhi,Delhi,678381,+918636725415,nehasharma@example.com,27ABCD1234E1Z5,ABCD1234E,50000,15,407308,Amit Shah,Active,2024-01-15 10:00:00,2024-05-01 08:00:00
PTY-0931,COMP-0049,Rajesh Singh Distributors,Both,"380, Mysore",Mysore,Karnataka,515035,+917032663797,rajeshsingh@example.com,27ABCD1234E1Z5,ABCD1234E,100000,15,411374,Unassigned,Active,2024-01-15 10:00:00,2024-05-01 08:00:00
PTY-0932,COMP-0049,Vikram Singh Distributors,Supplier,"3, Delhi",Delhi,Delhi,534694,+917140336385,vikramsingh@example.com,27ABCD1234E1Z5,ABCD1234E,50000,15,-126644,Rajesh Kumar,Active,2024-01-15 10:00:00,2024-05-01 08:00:00
PTY-0933,COMP-0049,Vikram Gupta Traders,Supplier,"221, Coimbatore",Coimbatore,Tamil Nadu,353578,+919386883320,vikramgupta@example.com,27ABCD1234E1Z5,ABCD1234E,100000,15,-299991,Unassigned,Active,2024-01-15 10:00:00,2024-05-01 08:00:00
PTY-0934,COMP-0049,Priya Sharma Distributors,Customer,"373, Coimbatore",Coimbatore,Tamil Nadu,282155,+918731382986,priyasharma@example.com,27ABCD1234E1Z5,ABCD1234E,100000,45,204688,Rajesh Kumar,Active,2024-01-15 10:00:00,2024-05-01 08:00:00
PTY-0935,COMP-0049,Priya Patel Distributors,Customer,"324, Nagpur",Nagpur,Maharashtra,704958,+918683679470,priyapatel@example.com,27ABCD1234E1Z5,ABCD1234E,200000,30,62061,Unassigned,Active,2024-01-15 10:00:00,2024-05-01 08:00:00
PTY-0936,COMP-0049,Amit Singh Traders,Customer,"6, Ahmedabad",Ahmedabad,Gujarat,759443,+919548153398,amitsingh@example.com,27ABCD1234E1Z5,ABCD1234E,50000,15,229334,Unassigned,Active,2024-01-15 10:00:00,2024-05-01 08:00:00
PTY-0937,COMP-0049,Neha Sharma Distributors,Customer,"67, Coimbatore",Coimbatore,Tamil Nadu,575745,+919724998490,nehasharma@example.com,27ABCD1234E1Z5,ABCD1234E,200000,30,384916,Rajesh Kumar,Active,2024-01-15 10:00:00,2024-05-01 08:00:00
PTY-0938,COMP-0049,Amit Patel Traders,Both,"400, Delhi",Delhi,Delhi,946302,+918623957015,amitpatel@example.com,27ABCD1234E1Z5,ABCD1234E,100000,45,380796,Rajesh Kumar,Active,2024-01-15 10:00:00,2024-05-01 08:00:00
PTY-0939,COMP-0049,Vikram Sharma Distributors,Both,"53, Ahmedabad",Ahmedabad,Gujarat,216320,+918971938549,vikramsharma@example.com,27ABCD1234E1Z5,ABCD1234E,200000,15,454525,Rajesh Kumar,Active,2024-01-15 10:00:00,2024-05-01 08:00:00
PTY-0940,COMP-0049,Amit Singh Traders,Customer,"433, Delhi",Delhi,Delhi,478952,+917893234908,amitsingh@example.com,27ABCD1234E1Z5,ABCD1234E,100000,15,259126,Amit Shah,Active,2024-01-15 10:00:00,2024-05-01 08:00:00
PTY-0941,COMP-0049,Rajesh Kumar Traders,Both,"352, Pune",Pune,Maharashtra,540304,+918611705235,rajeshkumar@example.com,27ABCD1234E1Z5,ABCD1234E,100000,45,110255,Amit Shah,Active,2024-01-15 10:00:00,2024-05-01 08:00:00
PTY-0942,COMP-0049,Amit Patel Distributors,Customer,"324, Delhi",Delhi,Delhi,736123,+917135078768,amitpatel@example.com,27ABCD1234E1Z5,ABCD1234E,50000,30,297425,Amit Shah,Active,2024-01-15 10:00:00,2024-05-01 08:00:00
PTY-0943,COMP-0049,Priya Gupta Distributors,Customer,"131, Chennai",Chennai,Tamil Nadu,227500,+917828264064,priyagupta@example.com,27ABCD1234E1Z5,ABCD1234E,200000,15,388862,Unassigned,Active,2024-01-15 10:00:00,2024-05-01 08:00:00
PTY-0944,COMP-0049,Rajesh Gupta Suppliers,Customer,"461, Chennai",Chennai,Tamil Nadu,327496,+917126691301,rajeshgupta@example.com,27ABCD1234E1Z5,ABCD1234E,100000,15,60182,Rajesh Kumar,Active,2024-01-15 10:00:00,2024-05-01 08:00:00
PTY-0945,COMP-0050,Priya Sharma Traders,Customer,"250, Coimbatore",Coimbatore,Tamil Nadu,554527,+918916232890,priyasharma@example.com,27ABCD1234E1Z5,ABCD1234E,100000,45,378567,Unassigned,Active,2024-01-15 10:00:00,2024-05-01 08:00:00
PTY-0946,COMP-0050,Vikram Singh Suppliers,Both,"103, Chennai",Chennai,Tamil Nadu,694691,+918515760570,vikramsingh@example.com,27ABCD1234E1Z5,ABCD1234E,100000,45,225083,Rajesh Kumar,Active,2024-01-15 10:00:00,2024-05-01 08:00:00
PTY-0947,COMP-0050,Priya Patel Distributors,Supplier,"151, Nagpur",Nagpur,Maharashtra,733216,+919770674659,priyapatel@example.com,27ABCD1234E1Z5,ABCD1234E,200000,30,-214857,Amit Shah,Active,2024-01-15 10:00:00,2024-05-01 08:00:00
PTY-0948,COMP-0050,Rajesh Sharma Traders,Supplier,"126, Surat",Surat,Gujarat,176168,+917924208945,rajeshsharma@example.com,27ABCD1234E1Z5,ABCD1234E,200000,30,-187561,Amit Shah,Active,2024-01-15 10:00:00,2024-05-01 08:00:00
PTY-0949,COMP-0050,Amit Singh Distributors,Supplier,"368, Mumbai",Mumbai,Maharashtra,444844,+917918145589,amitsingh@example.com,27ABCD1234E1Z5,ABCD1234E,100000,45,-5715,Amit Shah,Active,2024-01-15 10:00:00,2024-05-01 08:00:00
PTY-0950,COMP-0050,Amit Gupta Distributors,Supplier,"270, Pune",Pune,Maharashtra,328026,+917442038852,amitgupta@example.com,27ABCD1234E1Z5,ABCD1234E,200000,30,-111240,Unassigned,Active,2024-01-15 10:00:00,2024-05-01 08:00:00
PTY-0951,COMP-0050,Neha Sharma Suppliers,Both,"417, Coimbatore",Coimbatore,Tamil Nadu,435671,+917851049558,nehasharma@example.com,27ABCD1234E1Z5,ABCD1234E,50000,15,166609,Amit Shah,Active,2024-01-15 10:00:00,2024-05-01 08:00:00
PTY-0952,COMP-0050,Priya Sharma Traders,Customer,"88, Delhi",Delhi,Delhi,730645,+918403916389,priyasharma@example.com,27ABCD1234E1Z5,ABCD1234E,200000,30,237389,Rajesh Kumar,Active,2024-01-15 10:00:00,2024-05-01 08:00:00
PTY-0953,COMP-0050,Neha Sharma Distributors,Both,"467, Delhi",Delhi,Delhi,584202,+918221341894,nehasharma@example.com,27ABCD1234E1Z5,ABCD1234E,50000,30,2436,Rajesh Kumar,Active,2024-01-15 10:00:00,2024-05-01 08:00:00
PTY-0954,COMP-0050,Neha Gupta Traders,Both,"241, Pune",Pune,Maharashtra,199740,+918782750165,nehagupta@example.com,27ABCD1234E1Z5,ABCD1234E,200000,30,36413,Amit Shah,Active,2024-01-15 10:00:00,2024-05-01 08:00:00
PTY-0955,COMP-0050,Vikram Singh Suppliers,Both,"314, Bangalore",Bangalore,Karnataka,149359,+918689328713,vikramsingh@example.com,27ABCD1234E1Z5,ABCD1234E,100000,45,258903,Amit Shah,Active,2024-01-15 10:00:00,2024-05-01 08:00:00
PTY-0956,COMP-0050,Priya Sharma Traders,Customer,"423, Delhi",Delhi,Delhi,110901,+917595859831,priyasharma@example.com,27ABCD1234E1Z5,ABCD1234E,50000,30,25078,Unassigned,Active,2024-01-15 10:00:00,2024-05-01 08:00:00
PTY-0957,COMP-0050,Priya Patel Distributors,Customer,"416, Ahmedabad",Ahmedabad,Gujarat,486798,+919308795602,priyapatel@example.com,27ABCD1234E1Z5,ABCD1234E,50000,45,473052,Rajesh Kumar,Active,2024-01-15 10:00:00,2024-05-01 08:00:00
PTY-0958,COMP-0050,Vikram Sharma Traders,Supplier,"169, Mumbai",Mumbai,Maharashtra,821338,+919631743911,vikramsharma@example.com,27ABCD1234E1Z5,ABCD1234E,100000,30,-138268,Unassigned,Active,2024-01-15 10:00:00,2024-05-01 08:00:00
PTY-0959,COMP-0050,Amit Patel Traders,Customer,"442, Coimbatore",Coimbatore,Tamil Nadu,255190,+919508820533,amitpatel@example.com,27ABCD1234E1Z5,ABCD1234E,100000,45,167422,Amit Shah,Active,2024-01-15 10:00:00,2024-05-01 08:00:00
PTY-0960,COMP-0050,Rajesh Gupta Suppliers,Both,"251, Chennai",Chennai,Tamil Nadu,394169,+918382598777,rajeshgupta@example.com,27ABCD1234E1Z5,ABCD1234E,200000,30,346695,Rajesh Kumar,Active,2024-01-15 10:00:00,2024-05-01 08:00:00
PTY-0961,COMP-0050,Rajesh Singh Distributors,Supplier,"447, Delhi",Delhi,Delhi,354149,+919832448381,rajeshsingh@example.com,27ABCD1234E1Z5,ABCD1234E,200000,45,-438064,Rajesh Kumar,Active,2024-01-15 10:00:00,2024-05-01 08:00:00
PTY-0962,COMP-0050,Rajesh Sharma Traders,Customer,"111, Bangalore",Bangalore,Karnataka,590891,+918653821070,rajeshsharma@example.com,27ABCD1234E1Z5,ABCD1234E,50000,30,351534,Rajesh Kumar,Active,2024-01-15 10:00:00,2024-05-01 08:00:00
PTY-0963,COMP-0050,Vikram Patel Distributors,Supplier,"336, Coimbatore",Coimbatore,Tamil Nadu,261479,+919166860023,vikrampatel@example.com,27ABCD1234E1Z5,ABCD1234E,50000,15,-238038,Rajesh Kumar,Active,2024-01-15 10:00:00,2024-05-01 08:00:00
