LogID,CompanyID,WorkflowID,WorkflowName,TriggerType,StartTime,EndTime,Status,RecordsProcessed,ErrorMessage,DurationSeconds,CreatedAt
LOG-0001,COMP-0001,WF-01,01_Tally_Company_Sync,Scheduled,2024-04-01 02:40:00,2024-04-01 02:40:15,Success,3,,15,2024-04-01 02:40:00
LOG-0002,COMP-0001,WF-02,02_Tally_Ledger_Sync,Scheduled,2024-04-01 02:55:00,2024-04-01 02:55:45,Success,25,,45,2024-04-01 02:55:00
LOG-0003,COMP-0001,WF-03,03_Tally_Party_Sync,Scheduled,2024-04-01 02:00:00,2024-04-01 02:01:00,Success,15,,60,2024-04-01 02:00:00
LOG-0004,COMP-0001,WF-05,05_Tally_Sales_Voucher_Sync,Scheduled,2024-04-01 02:28:00,2024-04-01 02:30:30,Success,30,,150,2024-04-01 02:28:00
LOG-0005,COMP-0001,WF-09,09_Tally_Inventory_Sync,Scheduled,2024-04-01 02:23:00,2024-04-01 02:25:00,Failed,0,Connection timeout,0,2024-04-01 02:23:00
LOG-0006,COMP-0002,WF-01,01_Tally_Company_Sync,Scheduled,2024-04-01 02:36:00,2024-04-01 02:36:15,Success,3,,15,2024-04-01 02:36:00
LOG-0007,COMP-0002,WF-02,02_Tally_Ledger_Sync,Scheduled,2024-04-01 02:50:00,2024-04-01 02:50:45,Success,25,,45,2024-04-01 02:50:00
LOG-0008,COMP-0002,WF-03,03_Tally_Party_Sync,Scheduled,2024-04-01 02:57:00,2024-04-01 02:58:00,Failed,0,Connection timeout,0,2024-04-01 02:57:00
LOG-0009,COMP-0002,WF-05,05_Tally_Sales_Voucher_Sync,Scheduled,2024-04-01 02:06:00,2024-04-01 02:08:30,Success,30,,150,2024-04-01 02:06:00
LOG-0010,COMP-0002,WF-09,09_Tally_Inventory_Sync,Scheduled,2024-04-01 02:52:00,2024-04-01 02:54:00,Success,50,,120,2024-04-01 02:52:00
LOG-0011,COMP-0003,WF-01,01_Tally_Company_Sync,Scheduled,2024-04-01 02:33:00,2024-04-01 02:33:15,Success,3,,15,2024-04-01 02:33:00
LOG-0012,COMP-0003,WF-02,02_Tally_Ledger_Sync,Scheduled,2024-04-01 02:01:00,2024-04-01 02:01:45,Success,25,,45,2024-04-01 02:01:00
LOG-0013,COMP-0003,WF-03,03_Tally_Party_Sync,Scheduled,2024-04-01 02:16:00,2024-04-01 02:17:00,Success,15,,60,2024-04-01 02:16:00
LOG-0014,COMP-0003,WF-05,05_Tally_Sales_Voucher_Sync,Scheduled,2024-04-01 02:22:00,2024-04-01 02:24:30,Success,30,,150,2024-04-01 02:22:00
LOG-0015,COMP-0003,WF-09,09_Tally_Inventory_Sync,Scheduled,2024-04-01 02:24:00,2024-04-01 02:26:00,Success,50,,120,2024-04-01 02:24:00
LOG-0016,COMP-0004,WF-01,01_Tally_Company_Sync,Scheduled,2024-04-01 02:30:00,2024-04-01 02:30:15,Success,3,,15,2024-04-01 02:30:00
LOG-0017,COMP-0004,WF-02,02_Tally_Ledger_Sync,Scheduled,2024-04-01 02:48:00,2024-04-01 02:48:45,Success,25,,45,2024-04-01 02:48:00
LOG-0018,COMP-0004,WF-03,03_Tally_Party_Sync,Scheduled,2024-04-01 02:20:00,2024-04-01 02:21:00,Success,15,,60,2024-04-01 02:20:00
LOG-0019,COMP-0004,WF-05,05_Tally_Sales_Voucher_Sync,Scheduled,2024-04-01 02:30:00,2024-04-01 02:32:30,Success,30,,150,2024-04-01 02:30:00
LOG-0020,COMP-0004,WF-09,09_Tally_Inventory_Sync,Scheduled,2024-04-01 02:50:00,2024-04-01 02:52:00,Success,50,,120,2024-04-01 02:50:00
LOG-0021,COMP-0005,WF-01,01_Tally_Company_Sync,Scheduled,2024-04-01 02:46:00,2024-04-01 02:46:15,Failed,0,Connection timeout,0,2024-04-01 02:46:00
LOG-0022,COMP-0005,WF-02,02_Tally_Ledger_Sync,Scheduled,2024-04-01 02:14:00,2024-04-01 02:14:45,Success,25,,45,2024-04-01 02:14:00
LOG-0023,COMP-0005,WF-03,03_Tally_Party_Sync,Scheduled,2024-04-01 02:59:00,2024-04-01 03:00:00,Success,15,,60,2024-04-01 02:59:00
LOG-0024,COMP-0005,WF-05,05_Tally_Sales_Voucher_Sync,Scheduled,2024-04-01 02:16:00,2024-04-01 02:18:30,Success,30,,150,2024-04-01 02:16:00
LOG-0025,COMP-0005,WF-09,09_Tally_Inventory_Sync,Scheduled,2024-04-01 02:37:00,2024-04-01 02:39:00,Success,50,,120,2024-04-01 02:37:00
LOG-0026,COMP-0006,WF-01,01_Tally_Company_Sync,Scheduled,2024-04-01 02:33:00,2024-04-01 02:33:15,Success,3,,15,2024-04-01 02:33:00
LOG-0027,COMP-0006,WF-02,02_Tally_Ledger_Sync,Scheduled,2024-04-01 02:38:00,2024-04-01 02:38:45,Success,25,,45,2024-04-01 02:38:00
LOG-0028,COMP-0006,WF-03,03_Tally_Party_Sync,Scheduled,2024-04-01 02:15:00,2024-04-01 02:16:00,Success,15,,60,2024-04-01 02:15:00
LOG-0029,COMP-0006,WF-05,05_Tally_Sales_Voucher_Sync,Scheduled,2024-04-01 02:45:00,2024-04-01 02:47:30,Success,30,,150,2024-04-01 02:45:00
LOG-0030,COMP-0006,WF-09,09_Tally_Inventory_Sync,Scheduled,2024-04-01 02:47:00,2024-04-01 02:49:00,Success,50,,120,2024-04-01 02:47:00
LOG-0031,COMP-0007,WF-01,01_Tally_Company_Sync,Scheduled,2024-04-01 02:39:00,2024-04-01 02:39:15,Success,3,,15,2024-04-01 02:39:00
LOG-0032,COMP-0007,WF-02,02_Tally_Ledger_Sync,Scheduled,2024-04-01 02:11:00,2024-04-01 02:11:45,Success,25,,45,2024-04-01 02:11:00
LOG-0033,COMP-0007,WF-03,03_Tally_Party_Sync,Scheduled,2024-04-01 02:25:00,2024-04-01 02:26:00,Success,15,,60,2024-04-01 02:25:00
LOG-0034,COMP-0007,WF-05,05_Tally_Sales_Voucher_Sync,Scheduled,2024-04-01 02:04:00,2024-04-01 02:06:30,Success,30,,150,2024-04-01 02:04:00
LOG-0035,COMP-0007,WF-09,09_Tally_Inventory_Sync,Scheduled,2024-04-01 02:24:00,2024-04-01 02:26:00,Failed,0,Connection timeout,0,2024-04-01 02:24:00
LOG-0036,COMP-0008,WF-01,01_Tally_Company_Sync,Scheduled,2024-04-01 02:10:00,2024-04-01 02:10:15,Failed,0,Connection timeout,0,2024-04-01 02:10:00
LOG-0037,COMP-0008,WF-02,02_Tally_Ledger_Sync,Scheduled,2024-04-01 02:51:00,2024-04-01 02:51:45,Success,25,,45,2024-04-01 02:51:00
LOG-0038,COMP-0008,WF-03,03_Tally_Party_Sync,Scheduled,2024-04-01 02:14:00,2024-04-01 02:15:00,Success,15,,60,2024-04-01 02:14:00
LOG-0039,COMP-0008,WF-05,05_Tally_Sales_Voucher_Sync,Scheduled,2024-04-01 02:44:00,2024-04-01 02:46:30,Success,30,,150,2024-04-01 02:44:00
LOG-0040,COMP-0008,WF-09,09_Tally_Inventory_Sync,Scheduled,2024-04-01 02:02:00,2024-04-01 02:04:00,Success,50,,120,2024-04-01 02:02:00
LOG-0041,COMP-0009,WF-01,01_Tally_Company_Sync,Scheduled,2024-04-01 02:59:00,2024-04-01 02:59:15,Success,3,,15,2024-04-01 02:59:00
LOG-0042,COMP-0009,WF-02,02_Tally_Ledger_Sync,Scheduled,2024-04-01 02:15:00,2024-04-01 02:15:45,Success,25,,45,2024-04-01 02:15:00
LOG-0043,COMP-0009,WF-03,03_Tally_Party_Sync,Scheduled,2024-04-01 02:53:00,2024-04-01 02:54:00,Failed,0,Connection timeout,0,2024-04-01 02:53:00
LOG-0044,COMP-0009,WF-05,05_Tally_Sales_Voucher_Sync,Scheduled,2024-04-01 02:01:00,2024-04-01 02:03:30,Failed,0,Connection timeout,0,2024-04-01 02:01:00
LOG-0045,COMP-0009,WF-09,09_Tally_Inventory_Sync,Scheduled,2024-04-01 02:38:00,2024-04-01 02:40:00,Success,50,,120,2024-04-01 02:38:00
LOG-0046,COMP-0010,WF-01,01_Tally_Company_Sync,Scheduled,2024-04-01 02:21:00,2024-04-01 02:21:15,Success,3,,15,2024-04-01 02:21:00
LOG-0047,COMP-0010,WF-02,02_Tally_Ledger_Sync,Scheduled,2024-04-01 02:50:00,2024-04-01 02:50:45,Success,25,,45,2024-04-01 02:50:00
LOG-0048,COMP-0010,WF-03,03_Tally_Party_Sync,Scheduled,2024-04-01 02:20:00,2024-04-01 02:21:00,Failed,0,Connection timeout,0,2024-04-01 02:20:00
LOG-0049,COMP-0010,WF-05,05_Tally_Sales_Voucher_Sync,Scheduled,2024-04-01 02:02:00,2024-04-01 02:04:30,Success,30,,150,2024-04-01 02:02:00
LOG-0050,COMP-0010,WF-09,09_Tally_Inventory_Sync,Scheduled,2024-04-01 02:18:00,2024-04-01 02:20:00,Success,50,,120,2024-04-01 02:18:00
LOG-0051,COMP-0001,WF-01,01_Tally_Company_Sync,Scheduled,2024-04-02 02:17:00,2024-04-02 02:17:15,Failed,0,Connection timeout,0,2024-04-02 02:17:00
LOG-0052,COMP-0001,WF-02,02_Tally_Ledger_Sync,Scheduled,2024-04-02 02:33:00,2024-04-02 02:33:45,Success,25,,45,2024-04-02 02:33:00
LOG-0053,COMP-0001,WF-03,03_Tally_Party_Sync,Scheduled,2024-04-02 02:38:00,2024-04-02 02:39:00,Success,15,,60,2024-04-02 02:38:00
LOG-0054,COMP-0001,WF-05,05_Tally_Sales_Voucher_Sync,Scheduled,2024-04-02 02:35:00,2024-04-02 02:37:30,Success,30,,150,2024-04-02 02:35:00
LOG-0055,COMP-0001,WF-09,09_Tally_Inventory_Sync,Scheduled,2024-04-02 02:40:00,2024-04-02 02:42:00,Success,50,,120,2024-04-02 02:40:00
LOG-0056,COMP-0002,WF-01,01_Tally_Company_Sync,Scheduled,2024-04-02 02:52:00,2024-04-02 02:52:15,Success,3,,15,2024-04-02 02:52:00
LOG-0057,COMP-0002,WF-02,02_Tally_Ledger_Sync,Scheduled,2024-04-02 02:17:00,2024-04-02 02:17:45,Success,25,,45,2024-04-02 02:17:00
LOG-0058,COMP-0002,WF-03,03_Tally_Party_Sync,Scheduled,2024-04-02 02:33:00,2024-04-02 02:34:00,Success,15,,60,2024-04-02 02:33:00
LOG-0059,COMP-0002,WF-05,05_Tally_Sales_Voucher_Sync,Scheduled,2024-04-02 02:00:00,2024-04-02 02:02:30,Failed,0,Connection timeout,0,2024-04-02 02:00:00
LOG-0060,COMP-0002,WF-09,09_Tally_Inventory_Sync,Scheduled,2024-04-02 02:15:00,2024-04-02 02:17:00,Success,50,,120,2024-04-02 02:15:00
LOG-0061,COMP-0003,WF-01,01_Tally_Company_Sync,Scheduled,2024-04-02 02:06:00,2024-04-02 02:06:15,Success,3,,15,2024-04-02 02:06:00
LOG-0062,COMP-0003,WF-02,02_Tally_Ledger_Sync,Scheduled,2024-04-02 02:03:00,2024-04-02 02:03:45,Failed,0,Connection timeout,0,2024-04-02 02:03:00
LOG-0063,COMP-0003,WF-03,03_Tally_Party_Sync,Scheduled,2024-04-02 02:29:00,2024-04-02 02:30:00,Success,15,,60,2024-04-02 02:29:00
LOG-0064,COMP-0003,WF-05,05_Tally_Sales_Voucher_Sync,Scheduled,2024-04-02 02:00:00,2024-04-02 02:02:30,Success,30,,150,2024-04-02 02:00:00
LOG-0065,COMP-0003,WF-09,09_Tally_Inventory_Sync,Scheduled,2024-04-02 02:28:00,2024-04-02 02:30:00,Success,50,,120,2024-04-02 02:28:00
LOG-0066,COMP-0004,WF-01,01_Tally_Company_Sync,Scheduled,2024-04-02 02:48:00,2024-04-02 02:48:15,Success,3,,15,2024-04-02 02:48:00
LOG-0067,COMP-0004,WF-02,02_Tally_Ledger_Sync,Scheduled,2024-04-02 02:41:00,2024-04-02 02:41:45,Success,25,,45,2024-04-02 02:41:00
LOG-0068,COMP-0004,WF-03,03_Tally_Party_Sync,Scheduled,2024-04-02 02:36:00,2024-04-02 02:37:00,Success,15,,60,2024-04-02 02:36:00
LOG-0069,COMP-0004,WF-05,05_Tally_Sales_Voucher_Sync,Scheduled,2024-04-02 02:38:00,2024-04-02 02:40:30,Success,30,,150,2024-04-02 02:38:00
LOG-0070,COMP-0004,WF-09,09_Tally_Inventory_Sync,Scheduled,2024-04-02 02:12:00,2024-04-02 02:14:00,Success,50,,120,2024-04-02 02:12:00
LOG-0071,COMP-0005,WF-01,01_Tally_Company_Sync,Scheduled,2024-04-02 02:59:00,2024-04-02 02:59:15,Success,3,,15,2024-04-02 02:59:00
LOG-0072,COMP-0005,WF-02,02_Tally_Ledger_Sync,Scheduled,2024-04-02 02:33:00,2024-04-02 02:33:45,Failed,0,Connection timeout,0,2024-04-02 02:33:00
LOG-0073,COMP-0005,WF-03,03_Tally_Party_Sync,Scheduled,2024-04-02 02:59:00,2024-04-02 03:00:00,Success,15,,60,2024-04-02 02:59:00
LOG-0074,COMP-0005,WF-05,05_Tally_Sales_Voucher_Sync,Scheduled,2024-04-02 02:28:00,2024-04-02 02:30:30,Success,30,,150,2024-04-02 02:28:00
LOG-0075,COMP-0005,WF-09,09_Tally_Inventory_Sync,Scheduled,2024-04-02 02:45:00,2024-04-02 02:47:00,Success,50,,120,2024-04-02 02:45:00
LOG-0076,COMP-0006,WF-01,01_Tally_Company_Sync,Scheduled,2024-04-02 02:53:00,2024-04-02 02:53:15,Success,3,,15,2024-04-02 02:53:00
LOG-0077,COMP-0006,WF-02,02_Tally_Ledger_Sync,Scheduled,2024-04-02 02:02:00,2024-04-02 02:02:45,Failed,0,Connection timeout,0,2024-04-02 02:02:00
LOG-0078,COMP-0006,WF-03,03_Tally_Party_Sync,Scheduled,2024-04-02 02:01:00,2024-04-02 02:02:00,Success,15,,60,2024-04-02 02:01:00
LOG-0079,COMP-0006,WF-05,05_Tally_Sales_Voucher_Sync,Scheduled,2024-04-02 02:05:00,2024-04-02 02:07:30,Success,30,,150,2024-04-02 02:05:00
LOG-0080,COMP-0006,WF-09,09_Tally_Inventory_Sync,Scheduled,2024-04-02 02:18:00,2024-04-02 02:20:00,Success,50,,120,2024-04-02 02:18:00
LOG-0081,COMP-0007,WF-01,01_Tally_Company_Sync,Scheduled,2024-04-02 02:51:00,2024-04-02 02:51:15,Failed,0,Connection timeout,0,2024-04-02 02:51:00
LOG-0082,COMP-0007,WF-02,02_Tally_Ledger_Sync,Scheduled,2024-04-02 02:54:00,2024-04-02 02:54:45,Success,25,,45,2024-04-02 02:54:00
LOG-0083,COMP-0007,WF-03,03_Tally_Party_Sync,Scheduled,2024-04-02 02:28:00,2024-04-02 02:29:00,Success,15,,60,2024-04-02 02:28:00
LOG-0084,COMP-0007,WF-05,05_Tally_Sales_Voucher_Sync,Scheduled,2024-04-02 02:14:00,2024-04-02 02:16:30,Success,30,,150,2024-04-02 02:14:00
LOG-0085,COMP-0007,WF-09,09_Tally_Inventory_Sync,Scheduled,2024-04-02 02:42:00,2024-04-02 02:44:00,Success,50,,120,2024-04-02 02:42:00
LOG-0086,COMP-0008,WF-01,01_Tally_Company_Sync,Scheduled,2024-04-02 02:42:00,2024-04-02 02:42:15,Success,3,,15,2024-04-02 02:42:00
LOG-0087,COMP-0008,WF-02,02_Tally_Ledger_Sync,Scheduled,2024-04-02 02:26:00,2024-04-02 02:26:45,Success,25,,45,2024-04-02 02:26:00
LOG-0088,COMP-0008,WF-03,03_Tally_Party_Sync,Scheduled,2024-04-02 02:59:00,2024-04-02 03:00:00,Success,15,,60,2024-04-02 02:59:00
LOG-0089,COMP-0008,WF-05,05_Tally_Sales_Voucher_Sync,Scheduled,2024-04-02 02:10:00,2024-04-02 02:12:30,Success,30,,150,2024-04-02 02:10:00
LOG-0090,COMP-0008,WF-09,09_Tally_Inventory_Sync,Scheduled,2024-04-02 02:06:00,2024-04-02 02:08:00,Success,50,,120,2024-04-02 02:06:00
LOG-0091,COMP-0009,WF-01,01_Tally_Company_Sync,Scheduled,2024-04-02 02:43:00,2024-04-02 02:43:15,Success,3,,15,2024-04-02 02:43:00
LOG-0092,COMP-0009,WF-02,02_Tally_Ledger_Sync,Scheduled,2024-04-02 02:13:00,2024-04-02 02:13:45,Failed,0,Connection timeout,0,2024-04-02 02:13:00
LOG-0093,COMP-0009,WF-03,03_Tally_Party_Sync,Scheduled,2024-04-02 02:23:00,2024-04-02 02:24:00,Success,15,,60,2024-04-02 02:23:00
LOG-0094,COMP-0009,WF-05,05_Tally_Sales_Voucher_Sync,Scheduled,2024-04-02 02:00:00,2024-04-02 02:02:30,Success,30,,150,2024-04-02 02:00:00
LOG-0095,COMP-0009,WF-09,09_Tally_Inventory_Sync,Scheduled,2024-04-02 02:48:00,2024-04-02 02:50:00,Success,50,,120,2024-04-02 02:48:00
LOG-0096,COMP-0010,WF-01,01_Tally_Company_Sync,Scheduled,2024-04-02 02:39:00,2024-04-02 02:39:15,Failed,0,Connection timeout,0,2024-04-02 02:39:00
LOG-0097,COMP-0010,WF-02,02_Tally_Ledger_Sync,Scheduled,2024-04-02 02:37:00,2024-04-02 02:37:45,Success,25,,45,2024-04-02 02:37:00
LOG-0098,COMP-0010,WF-03,03_Tally_Party_Sync,Scheduled,2024-04-02 02:24:00,2024-04-02 02:25:00,Success,15,,60,2024-04-02 02:24:00
LOG-0099,COMP-0010,WF-05,05_Tally_Sales_Voucher_Sync,Scheduled,2024-04-02 02:22:00,2024-04-02 02:24:30,Success,30,,150,2024-04-02 02:22:00
LOG-0100,COMP-0010,WF-09,09_Tally_Inventory_Sync,Scheduled,2024-04-02 02:24:00,2024-04-02 02:26:00,Success,50,,120,2024-04-02 02:24:00
LOG-0101,COMP-0001,WF-01,01_Tally_Company_Sync,Scheduled,2024-04-03 02:47:00,2024-04-03 02:47:15,Success,3,,15,2024-04-03 02:47:00
LOG-0102,COMP-0001,WF-02,02_Tally_Ledger_Sync,Scheduled,2024-04-03 02:41:00,2024-04-03 02:41:45,Success,25,,45,2024-04-03 02:41:00
LOG-0103,COMP-0001,WF-03,03_Tally_Party_Sync,Scheduled,2024-04-03 02:15:00,2024-04-03 02:16:00,Success,15,,60,2024-04-03 02:15:00
LOG-0104,COMP-0001,WF-05,05_Tally_Sales_Voucher_Sync,Scheduled,2024-04-03 02:29:00,2024-04-03 02:31:30,Success,30,,150,2024-04-03 02:29:00
LOG-0105,COMP-0001,WF-09,09_Tally_Inventory_Sync,Scheduled,2024-04-03 02:36:00,2024-04-03 02:38:00,Success,50,,120,2024-04-03 02:36:00
LOG-0106,COMP-0002,WF-01,01_Tally_Company_Sync,Scheduled,2024-04-03 02:48:00,2024-04-03 02:48:15,Success,3,,15,2024-04-03 02:48:00
LOG-0107,COMP-0002,WF-02,02_Tally_Ledger_Sync,Scheduled,2024-04-03 02:58:00,2024-04-03 02:58:45,Success,25,,45,2024-04-03 02:58:00
LOG-0108,COMP-0002,WF-03,03_Tally_Party_Sync,Scheduled,2024-04-03 02:32:00,2024-04-03 02:33:00,Success,15,,60,2024-04-03 02:32:00
LOG-0109,COMP-0002,WF-05,05_Tally_Sales_Voucher_Sync,Scheduled,2024-04-03 02:46:00,2024-04-03 02:48:30,Success,30,,150,2024-04-03 02:46:00
LOG-0110,COMP-0002,WF-09,09_Tally_Inventory_Sync,Scheduled,2024-04-03 02:58:00,2024-04-03 03:00:00,Success,50,,120,2024-04-03 02:58:00
LOG-0111,COMP-0003,WF-01,01_Tally_Company_Sync,Scheduled,2024-04-03 02:47:00,2024-04-03 02:47:15,Success,3,,15,2024-04-03 02:47:00
LOG-0112,COMP-0003,WF-02,02_Tally_Ledger_Sync,Scheduled,2024-04-03 02:52:00,2024-04-03 02:52:45,Success,25,,45,2024-04-03 02:52:00
LOG-0113,COMP-0003,WF-03,03_Tally_Party_Sync,Scheduled,2024-04-03 02:33:00,2024-04-03 02:34:00,Success,15,,60,2024-04-03 02:33:00
LOG-0114,COMP-0003,WF-05,05_Tally_Sales_Voucher_Sync,Scheduled,2024-04-03 02:21:00,2024-04-03 02:23:30,Success,30,,150,2024-04-03 02:21:00
LOG-0115,COMP-0003,WF-09,09_Tally_Inventory_Sync,Scheduled,2024-04-03 02:15:00,2024-04-03 02:17:00,Success,50,,120,2024-04-03 02:15:00
LOG-0116,COMP-0004,WF-01,01_Tally_Company_Sync,Scheduled,2024-04-03 02:09:00,2024-04-03 02:09:15,Success,3,,15,2024-04-03 02:09:00
LOG-0117,COMP-0004,WF-02,02_Tally_Ledger_Sync,Scheduled,2024-04-03 02:42:00,2024-04-03 02:42:45,Success,25,,45,2024-04-03 02:42:00
LOG-0118,COMP-0004,WF-03,03_Tally_Party_Sync,Scheduled,2024-04-03 02:35:00,2024-04-03 02:36:00,Success,15,,60,2024-04-03 02:35:00
LOG-0119,COMP-0004,WF-05,05_Tally_Sales_Voucher_Sync,Scheduled,2024-04-03 02:05:00,2024-04-03 02:07:30,Success,30,,150,2024-04-03 02:05:00
LOG-0120,COMP-0004,WF-09,09_Tally_Inventory_Sync,Scheduled,2024-04-03 02:05:00,2024-04-03 02:07:00,Success,50,,120,2024-04-03 02:05:00
LOG-0121,COMP-0005,WF-01,01_Tally_Company_Sync,Scheduled,2024-04-03 02:15:00,2024-04-03 02:15:15,Success,3,,15,2024-04-03 02:15:00
LOG-0122,COMP-0005,WF-02,02_Tally_Ledger_Sync,Scheduled,2024-04-03 02:12:00,2024-04-03 02:12:45,Success,25,,45,2024-04-03 02:12:00
LOG-0123,COMP-0005,WF-03,03_Tally_Party_Sync,Scheduled,2024-04-03 02:57:00,2024-04-03 02:58:00,Success,15,,60,2024-04-03 02:57:00
LOG-0124,COMP-0005,WF-05,05_Tally_Sales_Voucher_Sync,Scheduled,2024-04-03 02:58:00,2024-04-03 03:00:30,Success,30,,150,2024-04-03 02:58:00
LOG-0125,COMP-0005,WF-09,09_Tally_Inventory_Sync,Scheduled,2024-04-03 02:28:00,2024-04-03 02:30:00,Success,50,,120,2024-04-03 02:28:00
LOG-0126,COMP-0006,WF-01,01_Tally_Company_Sync,Scheduled,2024-04-03 02:27:00,2024-04-03 02:27:15,Success,3,,15,2024-04-03 02:27:00
LOG-0127,COMP-0006,WF-02,02_Tally_Ledger_Sync,Scheduled,2024-04-03 02:23:00,2024-04-03 02:23:45,Failed,0,Connection timeout,0,2024-04-03 02:23:00
LOG-0128,COMP-0006,WF-03,03_Tally_Party_Sync,Scheduled,2024-04-03 02:06:00,2024-04-03 02:07:00,Success,15,,60,2024-04-03 02:06:00
LOG-0129,COMP-0006,WF-05,05_Tally_Sales_Voucher_Sync,Scheduled,2024-04-03 02:14:00,2024-04-03 02:16:30,Success,30,,150,2024-04-03 02:14:00
LOG-0130,COMP-0006,WF-09,09_Tally_Inventory_Sync,Scheduled,2024-04-03 02:29:00,2024-04-03 02:31:00,Success,50,,120,2024-04-03 02:29:00
LOG-0131,COMP-0007,WF-01,01_Tally_Company_Sync,Scheduled,2024-04-03 02:07:00,2024-04-03 02:07:15,Success,3,,15,2024-04-03 02:07:00
LOG-0132,COMP-0007,WF-02,02_Tally_Ledger_Sync,Scheduled,2024-04-03 02:07:00,2024-04-03 02:07:45,Success,25,,45,2024-04-03 02:07:00
LOG-0133,COMP-0007,WF-03,03_Tally_Party_Sync,Scheduled,2024-04-03 02:21:00,2024-04-03 02:22:00,Success,15,,60,2024-04-03 02:21:00
LOG-0134,COMP-0007,WF-05,05_Tally_Sales_Voucher_Sync,Scheduled,2024-04-03 02:44:00,2024-04-03 02:46:30,Failed,0,Connection timeout,0,2024-04-03 02:44:00
LOG-0135,COMP-0007,WF-09,09_Tally_Inventory_Sync,Scheduled,2024-04-03 02:35:00,2024-04-03 02:37:00,Success,50,,120,2024-04-03 02:35:00
LOG-0136,COMP-0008,WF-01,01_Tally_Company_Sync,Scheduled,2024-04-03 02:59:00,2024-04-03 02:59:15,Success,3,,15,2024-04-03 02:59:00
LOG-0137,COMP-0008,WF-02,02_Tally_Ledger_Sync,Scheduled,2024-04-03 02:48:00,2024-04-03 02:48:45,Success,25,,45,2024-04-03 02:48:00
LOG-0138,COMP-0008,WF-03,03_Tally_Party_Sync,Scheduled,2024-04-03 02:19:00,2024-04-03 02:20:00,Success,15,,60,2024-04-03 02:19:00
LOG-0139,COMP-0008,WF-05,05_Tally_Sales_Voucher_Sync,Scheduled,2024-04-03 02:52:00,2024-04-03 02:54:30,Success,30,,150,2024-04-03 02:52:00
LOG-0140,COMP-0008,WF-09,09_Tally_Inventory_Sync,Scheduled,2024-04-03 02:44:00,2024-04-03 02:46:00,Success,50,,120,2024-04-03 02:44:00
LOG-0141,COMP-0009,WF-01,01_Tally_Company_Sync,Scheduled,2024-04-03 02:00:00,2024-04-03 02:00:15,Success,3,,15,2024-04-03 02:00:00
LOG-0142,COMP-0009,WF-02,02_Tally_Ledger_Sync,Scheduled,2024-04-03 02:18:00,2024-04-03 02:18:45,Success,25,,45,2024-04-03 02:18:00
LOG-0143,COMP-0009,WF-03,03_Tally_Party_Sync,Scheduled,2024-04-03 02:40:00,2024-04-03 02:41:00,Success,15,,60,2024-04-03 02:40:00
LOG-0144,COMP-0009,WF-05,05_Tally_Sales_Voucher_Sync,Scheduled,2024-04-03 02:23:00,2024-04-03 02:25:30,Success,30,,150,2024-04-03 02:23:00
LOG-0145,COMP-0009,WF-09,09_Tally_Inventory_Sync,Scheduled,2024-04-03 02:54:00,2024-04-03 02:56:00,Success,50,,120,2024-04-03 02:54:00
LOG-0146,COMP-0010,WF-01,01_Tally_Company_Sync,Scheduled,2024-04-03 02:38:00,2024-04-03 02:38:15,Success,3,,15,2024-04-03 02:38:00
LOG-0147,COMP-0010,WF-02,02_Tally_Ledger_Sync,Scheduled,2024-04-03 02:16:00,2024-04-03 02:16:45,Success,25,,45,2024-04-03 02:16:00
LOG-0148,COMP-0010,WF-03,03_Tally_Party_Sync,Scheduled,2024-04-03 02:30:00,2024-04-03 02:31:00,Success,15,,60,2024-04-03 02:30:00
LOG-0149,COMP-0010,WF-05,05_Tally_Sales_Voucher_Sync,Scheduled,2024-04-03 02:06:00,2024-04-03 02:08:30,Success,30,,150,2024-04-03 02:06:00
LOG-0150,COMP-0010,WF-09,09_Tally_Inventory_Sync,Scheduled,2024-04-03 02:25:00,2024-04-03 02:27:00,Success,50,,120,2024-04-03 02:25:00
LOG-0151,COMP-0001,WF-01,01_Tally_Company_Sync,Scheduled,2024-04-04 02:47:00,2024-04-04 02:47:15,Success,3,,15,2024-04-04 02:47:00
LOG-0152,COMP-0001,WF-02,02_Tally_Ledger_Sync,Scheduled,2024-04-04 02:09:00,2024-04-04 02:09:45,Success,25,,45,2024-04-04 02:09:00
LOG-0153,COMP-0001,WF-03,03_Tally_Party_Sync,Scheduled,2024-04-04 02:08:00,2024-04-04 02:09:00,Success,15,,60,2024-04-04 02:08:00
LOG-0154,COMP-0001,WF-05,05_Tally_Sales_Voucher_Sync,Scheduled,2024-04-04 02:54:00,2024-04-04 02:56:30,Success,30,,150,2024-04-04 02:54:00
LOG-0155,COMP-0001,WF-09,09_Tally_Inventory_Sync,Scheduled,2024-04-04 02:21:00,2024-04-04 02:23:00,Success,50,,120,2024-04-04 02:21:00
LOG-0156,COMP-0002,WF-01,01_Tally_Company_Sync,Scheduled,2024-04-04 02:59:00,2024-04-04 02:59:15,Failed,0,Connection timeout,0,2024-04-04 02:59:00
LOG-0157,COMP-0002,WF-02,02_Tally_Ledger_Sync,Scheduled,2024-04-04 02:03:00,2024-04-04 02:03:45,Success,25,,45,2024-04-04 02:03:00
LOG-0158,COMP-0002,WF-03,03_Tally_Party_Sync,Scheduled,2024-04-04 02:42:00,2024-04-04 02:43:00,Failed,0,Connection timeout,0,2024-04-04 02:42:00
LOG-0159,COMP-0002,WF-05,05_Tally_Sales_Voucher_Sync,Scheduled,2024-04-04 02:50:00,2024-04-04 02:52:30,Failed,0,Connection timeout,0,2024-04-04 02:50:00
LOG-0160,COMP-0002,WF-09,09_Tally_Inventory_Sync,Scheduled,2024-04-04 02:42:00,2024-04-04 02:44:00,Success,50,,120,2024-04-04 02:42:00
LOG-0161,COMP-0003,WF-01,01_Tally_Company_Sync,Scheduled,2024-04-04 02:03:00,2024-04-04 02:03:15,Success,3,,15,2024-04-04 02:03:00
LOG-0162,COMP-0003,WF-02,02_Tally_Ledger_Sync,Scheduled,2024-04-04 02:20:00,2024-04-04 02:20:45,Failed,0,Connection timeout,0,2024-04-04 02:20:00
LOG-0163,COMP-0003,WF-03,03_Tally_Party_Sync,Scheduled,2024-04-04 02:26:00,2024-04-04 02:27:00,Success,15,,60,2024-04-04 02:26:00
LOG-0164,COMP-0003,WF-05,05_Tally_Sales_Voucher_Sync,Scheduled,2024-04-04 02:37:00,2024-04-04 02:39:30,Failed,0,Connection timeout,0,2024-04-04 02:37:00
LOG-0165,COMP-0003,WF-09,09_Tally_Inventory_Sync,Scheduled,2024-04-04 02:35:00,2024-04-04 02:37:00,Success,50,,120,2024-04-04 02:35:00
LOG-0166,COMP-0004,WF-01,01_Tally_Company_Sync,Scheduled,2024-04-04 02:16:00,2024-04-04 02:16:15,Success,3,,15,2024-04-04 02:16:00
LOG-0167,COMP-0004,WF-02,02_Tally_Ledger_Sync,Scheduled,2024-04-04 02:47:00,2024-04-04 02:47:45,Success,25,,45,2024-04-04 02:47:00
LOG-0168,COMP-0004,WF-03,03_Tally_Party_Sync,Scheduled,2024-04-04 02:32:00,2024-04-04 02:33:00,Success,15,,60,2024-04-04 02:32:00
LOG-0169,COMP-0004,WF-05,05_Tally_Sales_Voucher_Sync,Scheduled,2024-04-04 02:05:00,2024-04-04 02:07:30,Failed,0,Connection timeout,0,2024-04-04 02:05:00
LOG-0170,COMP-0004,WF-09,09_Tally_Inventory_Sync,Scheduled,2024-04-04 02:00:00,2024-04-04 02:02:00,Success,50,,120,2024-04-04 02:00:00
LOG-0171,COMP-0005,WF-01,01_Tally_Company_Sync,Scheduled,2024-04-04 02:47:00,2024-04-04 02:47:15,Failed,0,Connection timeout,0,2024-04-04 02:47:00
LOG-0172,COMP-0005,WF-02,02_Tally_Ledger_Sync,Scheduled,2024-04-04 02:08:00,2024-04-04 02:08:45,Success,25,,45,2024-04-04 02:08:00
LOG-0173,COMP-0005,WF-03,03_Tally_Party_Sync,Scheduled,2024-04-04 02:12:00,2024-04-04 02:13:00,Success,15,,60,2024-04-04 02:12:00
LOG-0174,COMP-0005,WF-05,05_Tally_Sales_Voucher_Sync,Scheduled,2024-04-04 02:19:00,2024-04-04 02:21:30,Success,30,,150,2024-04-04 02:19:00
LOG-0175,COMP-0005,WF-09,09_Tally_Inventory_Sync,Scheduled,2024-04-04 02:24:00,2024-04-04 02:26:00,Success,50,,120,2024-04-04 02:24:00
LOG-0176,COMP-0006,WF-01,01_Tally_Company_Sync,Scheduled,2024-04-04 02:39:00,2024-04-04 02:39:15,Success,3,,15,2024-04-04 02:39:00
LOG-0177,COMP-0006,WF-02,02_Tally_Ledger_Sync,Scheduled,2024-04-04 02:43:00,2024-04-04 02:43:45,Failed,0,Connection timeout,0,2024-04-04 02:43:00
LOG-0178,COMP-0006,WF-03,03_Tally_Party_Sync,Scheduled,2024-04-04 02:56:00,2024-04-04 02:57:00,Success,15,,60,2024-04-04 02:56:00
LOG-0179,COMP-0006,WF-05,05_Tally_Sales_Voucher_Sync,Scheduled,2024-04-04 02:52:00,2024-04-04 02:54:30,Success,30,,150,2024-04-04 02:52:00
LOG-0180,COMP-0006,WF-09,09_Tally_Inventory_Sync,Scheduled,2024-04-04 02:25:00,2024-04-04 02:27:00,Success,50,,120,2024-04-04 02:25:00
LOG-0181,COMP-0007,WF-01,01_Tally_Company_Sync,Scheduled,2024-04-04 02:12:00,2024-04-04 02:12:15,Success,3,,15,2024-04-04 02:12:00
LOG-0182,COMP-0007,WF-02,02_Tally_Ledger_Sync,Scheduled,2024-04-04 02:13:00,2024-04-04 02:13:45,Success,25,,45,2024-04-04 02:13:00
LOG-0183,COMP-0007,WF-03,03_Tally_Party_Sync,Scheduled,2024-04-04 02:16:00,2024-04-04 02:17:00,Failed,0,Connection timeout,0,2024-04-04 02:16:00
LOG-0184,COMP-0007,WF-05,05_Tally_Sales_Voucher_Sync,Scheduled,2024-04-04 02:33:00,2024-04-04 02:35:30,Success,30,,150,2024-04-04 02:33:00
LOG-0185,COMP-0007,WF-09,09_Tally_Inventory_Sync,Scheduled,2024-04-04 02:43:00,2024-04-04 02:45:00,Success,50,,120,2024-04-04 02:43:00
LOG-0186,COMP-0008,WF-01,01_Tally_Company_Sync,Scheduled,2024-04-04 02:29:00,2024-04-04 02:29:15,Success,3,,15,2024-04-04 02:29:00
LOG-0187,COMP-0008,WF-02,02_Tally_Ledger_Sync,Scheduled,2024-04-04 02:15:00,2024-04-04 02:15:45,Success,25,,45,2024-04-04 02:15:00
LOG-0188,COMP-0008,WF-03,03_Tally_Party_Sync,Scheduled,2024-04-04 02:26:00,2024-04-04 02:27:00,Success,15,,60,2024-04-04 02:26:00
LOG-0189,COMP-0008,WF-05,05_Tally_Sales_Voucher_Sync,Scheduled,2024-04-04 02:23:00,2024-04-04 02:25:30,Success,30,,150,2024-04-04 02:23:00
LOG-0190,COMP-0008,WF-09,09_Tally_Inventory_Sync,Scheduled,2024-04-04 02:46:00,2024-04-04 02:48:00,Success,50,,120,2024-04-04 02:46:00
LOG-0191,COMP-0009,WF-01,01_Tally_Company_Sync,Scheduled,2024-04-04 02:38:00,2024-04-04 02:38:15,Success,3,,15,2024-04-04 02:38:00
LOG-0192,COMP-0009,WF-02,02_Tally_Ledger_Sync,Scheduled,2024-04-04 02:04:00,2024-04-04 02:04:45,Success,25,,45,2024-04-04 02:04:00
LOG-0193,COMP-0009,WF-03,03_Tally_Party_Sync,Scheduled,2024-04-04 02:33:00,2024-04-04 02:34:00,Success,15,,60,2024-04-04 02:33:00
LOG-0194,COMP-0009,WF-05,05_Tally_Sales_Voucher_Sync,Scheduled,2024-04-04 02:56:00,2024-04-04 02:58:30,Success,30,,150,2024-04-04 02:56:00
LOG-0195,COMP-0009,WF-09,09_Tally_Inventory_Sync,Scheduled,2024-04-04 02:26:00,2024-04-04 02:28:00,Success,50,,120,2024-04-04 02:26:00
LOG-0196,COMP-0010,WF-01,01_Tally_Company_Sync,Scheduled,2024-04-04 02:05:00,2024-04-04 02:05:15,Success,3,,15,2024-04-04 02:05:00
LOG-0197,COMP-0010,WF-02,02_Tally_Ledger_Sync,Scheduled,2024-04-04 02:25:00,2024-04-04 02:25:45,Success,25,,45,2024-04-04 02:25:00
LOG-0198,COMP-0010,WF-03,03_Tally_Party_Sync,Scheduled,2024-04-04 02:07:00,2024-04-04 02:08:00,Success,15,,60,2024-04-04 02:07:00
LOG-0199,COMP-0010,WF-05,05_Tally_Sales_Voucher_Sync,Scheduled,2024-04-04 02:04:00,2024-04-04 02:06:30,Success,30,,150,2024-04-04 02:04:00
LOG-0200,COMP-0010,WF-09,09_Tally_Inventory_Sync,Scheduled,2024-04-04 02:40:00,2024-04-04 02:42:00,Success,50,,120,2024-04-04 02:40:00
LOG-0201,COMP-0001,WF-01,01_Tally_Company_Sync,Scheduled,2024-04-05 02:14:00,2024-04-05 02:14:15,Success,3,,15,2024-04-05 02:14:00
LOG-0202,COMP-0001,WF-02,02_Tally_Ledger_Sync,Scheduled,2024-04-05 02:09:00,2024-04-05 02:09:45,Success,25,,45,2024-04-05 02:09:00
LOG-0203,COMP-0001,WF-03,03_Tally_Party_Sync,Scheduled,2024-04-05 02:16:00,2024-04-05 02:17:00,Success,15,,60,2024-04-05 02:16:00
LOG-0204,COMP-0001,WF-05,05_Tally_Sales_Voucher_Sync,Scheduled,2024-04-05 02:44:00,2024-04-05 02:46:30,Success,30,,150,2024-04-05 02:44:00
LOG-0205,COMP-0001,WF-09,09_Tally_Inventory_Sync,Scheduled,2024-04-05 02:38:00,2024-04-05 02:40:00,Success,50,,120,2024-04-05 02:38:00
LOG-0206,COMP-0002,WF-01,01_Tally_Company_Sync,Scheduled,2024-04-05 02:32:00,2024-04-05 02:32:15,Success,3,,15,2024-04-05 02:32:00
LOG-0207,COMP-0002,WF-02,02_Tally_Ledger_Sync,Scheduled,2024-04-05 02:58:00,2024-04-05 02:58:45,Success,25,,45,2024-04-05 02:58:00
LOG-0208,COMP-0002,WF-03,03_Tally_Party_Sync,Scheduled,2024-04-05 02:37:00,2024-04-05 02:38:00,Success,15,,60,2024-04-05 02:37:00
LOG-0209,COMP-0002,WF-05,05_Tally_Sales_Voucher_Sync,Scheduled,2024-04-05 02:54:00,2024-04-05 02:56:30,Failed,0,Connection timeout,0,2024-04-05 02:54:00
LOG-0210,COMP-0002,WF-09,09_Tally_Inventory_Sync,Scheduled,2024-04-05 02:17:00,2024-04-05 02:19:00,Success,50,,120,2024-04-05 02:17:00
LOG-0211,COMP-0003,WF-01,01_Tally_Company_Sync,Scheduled,2024-04-05 02:15:00,2024-04-05 02:15:15,Failed,0,Connection timeout,0,2024-04-05 02:15:00
LOG-0212,COMP-0003,WF-02,02_Tally_Ledger_Sync,Scheduled,2024-04-05 02:50:00,2024-04-05 02:50:45,Success,25,,45,2024-04-05 02:50:00
LOG-0213,COMP-0003,WF-03,03_Tally_Party_Sync,Scheduled,2024-04-05 02:04:00,2024-04-05 02:05:00,Success,15,,60,2024-04-05 02:04:00
LOG-0214,COMP-0003,WF-05,05_Tally_Sales_Voucher_Sync,Scheduled,2024-04-05 02:46:00,2024-04-05 02:48:30,Success,30,,150,2024-04-05 02:46:00
LOG-0215,COMP-0003,WF-09,09_Tally_Inventory_Sync,Scheduled,2024-04-05 02:11:00,2024-04-05 02:13:00,Success,50,,120,2024-04-05 02:11:00
LOG-0216,COMP-0004,WF-01,01_Tally_Company_Sync,Scheduled,2024-04-05 02:08:00,2024-04-05 02:08:15,Success,3,,15,2024-04-05 02:08:00
LOG-0217,COMP-0004,WF-02,02_Tally_Ledger_Sync,Scheduled,2024-04-05 02:34:00,2024-04-05 02:34:45,Success,25,,45,2024-04-05 02:34:00
LOG-0218,COMP-0004,WF-03,03_Tally_Party_Sync,Scheduled,2024-04-05 02:56:00,2024-04-05 02:57:00,Success,15,,60,2024-04-05 02:56:00
LOG-0219,COMP-0004,WF-05,05_Tally_Sales_Voucher_Sync,Scheduled,2024-04-05 02:25:00,2024-04-05 02:27:30,Success,30,,150,2024-04-05 02:25:00
LOG-0220,COMP-0004,WF-09,09_Tally_Inventory_Sync,Scheduled,2024-04-05 02:58:00,2024-04-05 03:00:00,Success,50,,120,2024-04-05 02:58:00
LOG-0221,COMP-0005,WF-01,01_Tally_Company_Sync,Scheduled,2024-04-05 02:24:00,2024-04-05 02:24:15,Success,3,,15,2024-04-05 02:24:00
LOG-0222,COMP-0005,WF-02,02_Tally_Ledger_Sync,Scheduled,2024-04-05 02:15:00,2024-04-05 02:15:45,Success,25,,45,2024-04-05 02:15:00
LOG-0223,COMP-0005,WF-03,03_Tally_Party_Sync,Scheduled,2024-04-05 02:16:00,2024-04-05 02:17:00,Success,15,,60,2024-04-05 02:16:00
LOG-0224,COMP-0005,WF-05,05_Tally_Sales_Voucher_Sync,Scheduled,2024-04-05 02:39:00,2024-04-05 02:41:30,Success,30,,150,2024-04-05 02:39:00
LOG-0225,COMP-0005,WF-09,09_Tally_Inventory_Sync,Scheduled,2024-04-05 02:54:00,2024-04-05 02:56:00,Success,50,,120,2024-04-05 02:54:00
LOG-0226,COMP-0006,WF-01,01_Tally_Company_Sync,Scheduled,2024-04-05 02:59:00,2024-04-05 02:59:15,Success,3,,15,2024-04-05 02:59:00
LOG-0227,COMP-0006,WF-02,02_Tally_Ledger_Sync,Scheduled,2024-04-05 02:11:00,2024-04-05 02:11:45,Success,25,,45,2024-04-05 02:11:00
LOG-0228,COMP-0006,WF-03,03_Tally_Party_Sync,Scheduled,2024-04-05 02:26:00,2024-04-05 02:27:00,Success,15,,60,2024-04-05 02:26:00
LOG-0229,COMP-0006,WF-05,05_Tally_Sales_Voucher_Sync,Scheduled,2024-04-05 02:16:00,2024-04-05 02:18:30,Success,30,,150,2024-04-05 02:16:00
LOG-0230,COMP-0006,WF-09,09_Tally_Inventory_Sync,Scheduled,2024-04-05 02:33:00,2024-04-05 02:35:00,Success,50,,120,2024-04-05 02:33:00
LOG-0231,COMP-0007,WF-01,01_Tally_Company_Sync,Scheduled,2024-04-05 02:15:00,2024-04-05 02:15:15,Success,3,,15,2024-04-05 02:15:00
LOG-0232,COMP-0007,WF-02,02_Tally_Ledger_Sync,Scheduled,2024-04-05 02:47:00,2024-04-05 02:47:45,Success,25,,45,2024-04-05 02:47:00
LOG-0233,COMP-0007,WF-03,03_Tally_Party_Sync,Scheduled,2024-04-05 02:49:00,2024-04-05 02:50:00,Success,15,,60,2024-04-05 02:49:00
LOG-0234,COMP-0007,WF-05,05_Tally_Sales_Voucher_Sync,Scheduled,2024-04-05 02:34:00,2024-04-05 02:36:30,Success,30,,150,2024-04-05 02:34:00
LOG-0235,COMP-0007,WF-09,09_Tally_Inventory_Sync,Scheduled,2024-04-05 02:07:00,2024-04-05 02:09:00,Success,50,,120,2024-04-05 02:07:00
LOG-0236,COMP-0008,WF-01,01_Tally_Company_Sync,Scheduled,2024-04-05 02:56:00,2024-04-05 02:56:15,Success,3,,15,2024-04-05 02:56:00
LOG-0237,COMP-0008,WF-02,02_Tally_Ledger_Sync,Scheduled,2024-04-05 02:19:00,2024-04-05 02:19:45,Success,25,,45,2024-04-05 02:19:00
LOG-0238,COMP-0008,WF-03,03_Tally_Party_Sync,Scheduled,2024-04-05 02:14:00,2024-04-05 02:15:00,Success,15,,60,2024-04-05 02:14:00
LOG-0239,COMP-0008,WF-05,05_Tally_Sales_Voucher_Sync,Scheduled,2024-04-05 02:27:00,2024-04-05 02:29:30,Success,30,,150,2024-04-05 02:27:00
LOG-0240,COMP-0008,WF-09,09_Tally_Inventory_Sync,Scheduled,2024-04-05 02:38:00,2024-04-05 02:40:00,Success,50,,120,2024-04-05 02:38:00
LOG-0241,COMP-0009,WF-01,01_Tally_Company_Sync,Scheduled,2024-04-05 02:01:00,2024-04-05 02:01:15,Success,3,,15,2024-04-05 02:01:00
LOG-0242,COMP-0009,WF-02,02_Tally_Ledger_Sync,Scheduled,2024-04-05 02:31:00,2024-04-05 02:31:45,Success,25,,45,2024-04-05 02:31:00
LOG-0243,COMP-0009,WF-03,03_Tally_Party_Sync,Scheduled,2024-04-05 02:53:00,2024-04-05 02:54:00,Success,15,,60,2024-04-05 02:53:00
LOG-0244,COMP-0009,WF-05,05_Tally_Sales_Voucher_Sync,Scheduled,2024-04-05 02:44:00,2024-04-05 02:46:30,Success,30,,150,2024-04-05 02:44:00
LOG-0245,COMP-0009,WF-09,09_Tally_Inventory_Sync,Scheduled,2024-04-05 02:43:00,2024-04-05 02:45:00,Success,50,,120,2024-04-05 02:43:00
LOG-0246,COMP-0010,WF-01,01_Tally_Company_Sync,Scheduled,2024-04-05 02:44:00,2024-04-05 02:44:15,Success,3,,15,2024-04-05 02:44:00
LOG-0247,COMP-0010,WF-02,02_Tally_Ledger_Sync,Scheduled,2024-04-05 02:40:00,2024-04-05 02:40:45,Failed,0,Connection timeout,0,2024-04-05 02:40:00
LOG-0248,COMP-0010,WF-03,03_Tally_Party_Sync,Scheduled,2024-04-05 02:44:00,2024-04-05 02:45:00,Success,15,,60,2024-04-05 02:44:00
LOG-0249,COMP-0010,WF-05,05_Tally_Sales_Voucher_Sync,Scheduled,2024-04-05 02:49:00,2024-04-05 02:51:30,Success,30,,150,2024-04-05 02:49:00
LOG-0250,COMP-0010,WF-09,09_Tally_Inventory_Sync,Scheduled,2024-04-05 02:30:00,2024-04-05 02:32:00,Success,50,,120,2024-04-05 02:30:00
LOG-0251,COMP-0001,WF-01,01_Tally_Company_Sync,Scheduled,2024-04-06 02:03:00,2024-04-06 02:03:15,Success,3,,15,2024-04-06 02:03:00
LOG-0252,COMP-0001,WF-02,02_Tally_Ledger_Sync,Scheduled,2024-04-06 02:22:00,2024-04-06 02:22:45,Success,25,,45,2024-04-06 02:22:00
LOG-0253,COMP-0001,WF-03,03_Tally_Party_Sync,Scheduled,2024-04-06 02:44:00,2024-04-06 02:45:00,Success,15,,60,2024-04-06 02:44:00
LOG-0254,COMP-0001,WF-05,05_Tally_Sales_Voucher_Sync,Scheduled,2024-04-06 02:45:00,2024-04-06 02:47:30,Success,30,,150,2024-04-06 02:45:00
LOG-0255,COMP-0001,WF-09,09_Tally_Inventory_Sync,Scheduled,2024-04-06 02:24:00,2024-04-06 02:26:00,Success,50,,120,2024-04-06 02:24:00
LOG-0256,COMP-0002,WF-01,01_Tally_Company_Sync,Scheduled,2024-04-06 02:29:00,2024-04-06 02:29:15,Success,3,,15,2024-04-06 02:29:00
LOG-0257,COMP-0002,WF-02,02_Tally_Ledger_Sync,Scheduled,2024-04-06 02:26:00,2024-04-06 02:26:45,Success,25,,45,2024-04-06 02:26:00
LOG-0258,COMP-0002,WF-03,03_Tally_Party_Sync,Scheduled,2024-04-06 02:46:00,2024-04-06 02:47:00,Success,15,,60,2024-04-06 02:46:00
LOG-0259,COMP-0002,WF-05,05_Tally_Sales_Voucher_Sync,Scheduled,2024-04-06 02:25:00,2024-04-06 02:27:30,Success,30,,150,2024-04-06 02:25:00
LOG-0260,COMP-0002,WF-09,09_Tally_Inventory_Sync,Scheduled,2024-04-06 02:13:00,2024-04-06 02:15:00,Success,50,,120,2024-04-06 02:13:00
LOG-0261,COMP-0003,WF-01,01_Tally_Company_Sync,Scheduled,2024-04-06 02:20:00,2024-04-06 02:20:15,Success,3,,15,2024-04-06 02:20:00
LOG-0262,COMP-0003,WF-02,02_Tally_Ledger_Sync,Scheduled,2024-04-06 02:04:00,2024-04-06 02:04:45,Success,25,,45,2024-04-06 02:04:00
LOG-0263,COMP-0003,WF-03,03_Tally_Party_Sync,Scheduled,2024-04-06 02:00:00,2024-04-06 02:01:00,Success,15,,60,2024-04-06 02:00:00
LOG-0264,COMP-0003,WF-05,05_Tally_Sales_Voucher_Sync,Scheduled,2024-04-06 02:20:00,2024-04-06 02:22:30,Success,30,,150,2024-04-06 02:20:00
LOG-0265,COMP-0003,WF-09,09_Tally_Inventory_Sync,Scheduled,2024-04-06 02:39:00,2024-04-06 02:41:00,Success,50,,120,2024-04-06 02:39:00
LOG-0266,COMP-0004,WF-01,01_Tally_Company_Sync,Scheduled,2024-04-06 02:31:00,2024-04-06 02:31:15,Success,3,,15,2024-04-06 02:31:00
LOG-0267,COMP-0004,WF-02,02_Tally_Ledger_Sync,Scheduled,2024-04-06 02:14:00,2024-04-06 02:14:45,Success,25,,45,2024-04-06 02:14:00
LOG-0268,COMP-0004,WF-03,03_Tally_Party_Sync,Scheduled,2024-04-06 02:58:00,2024-04-06 02:59:00,Success,15,,60,2024-04-06 02:58:00
LOG-0269,COMP-0004,WF-05,05_Tally_Sales_Voucher_Sync,Scheduled,2024-04-06 02:12:00,2024-04-06 02:14:30,Success,30,,150,2024-04-06 02:12:00
LOG-0270,COMP-0004,WF-09,09_Tally_Inventory_Sync,Scheduled,2024-04-06 02:22:00,2024-04-06 02:24:00,Success,50,,120,2024-04-06 02:22:00
LOG-0271,COMP-0005,WF-01,01_Tally_Company_Sync,Scheduled,2024-04-06 02:54:00,2024-04-06 02:54:15,Success,3,,15,2024-04-06 02:54:00
LOG-0272,COMP-0005,WF-02,02_Tally_Ledger_Sync,Scheduled,2024-04-06 02:48:00,2024-04-06 02:48:45,Success,25,,45,2024-04-06 02:48:00
LOG-0273,COMP-0005,WF-03,03_Tally_Party_Sync,Scheduled,2024-04-06 02:36:00,2024-04-06 02:37:00,Success,15,,60,2024-04-06 02:36:00
LOG-0274,COMP-0005,WF-05,05_Tally_Sales_Voucher_Sync,Scheduled,2024-04-06 02:52:00,2024-04-06 02:54:30,Success,30,,150,2024-04-06 02:52:00
LOG-0275,COMP-0005,WF-09,09_Tally_Inventory_Sync,Scheduled,2024-04-06 02:46:00,2024-04-06 02:48:00,Success,50,,120,2024-04-06 02:46:00
LOG-0276,COMP-0006,WF-01,01_Tally_Company_Sync,Scheduled,2024-04-06 02:43:00,2024-04-06 02:43:15,Success,3,,15,2024-04-06 02:43:00
LOG-0277,COMP-0006,WF-02,02_Tally_Ledger_Sync,Scheduled,2024-04-06 02:04:00,2024-04-06 02:04:45,Failed,0,Connection timeout,0,2024-04-06 02:04:00
LOG-0278,COMP-0006,WF-03,03_Tally_Party_Sync,Scheduled,2024-04-06 02:13:00,2024-04-06 02:14:00,Success,15,,60,2024-04-06 02:13:00
LOG-0279,COMP-0006,WF-05,05_Tally_Sales_Voucher_Sync,Scheduled,2024-04-06 02:59:00,2024-04-06 03:01:30,Success,30,,150,2024-04-06 02:59:00
LOG-0280,COMP-0006,WF-09,09_Tally_Inventory_Sync,Scheduled,2024-04-06 02:13:00,2024-04-06 02:15:00,Success,50,,120,2024-04-06 02:13:00
LOG-0281,COMP-0007,WF-01,01_Tally_Company_Sync,Scheduled,2024-04-06 02:27:00,2024-04-06 02:27:15,Success,3,,15,2024-04-06 02:27:00
LOG-0282,COMP-0007,WF-02,02_Tally_Ledger_Sync,Scheduled,2024-04-06 02:22:00,2024-04-06 02:22:45,Success,25,,45,2024-04-06 02:22:00
LOG-0283,COMP-0007,WF-03,03_Tally_Party_Sync,Scheduled,2024-04-06 02:41:00,2024-04-06 02:42:00,Success,15,,60,2024-04-06 02:41:00
LOG-0284,COMP-0007,WF-05,05_Tally_Sales_Voucher_Sync,Scheduled,2024-04-06 02:27:00,2024-04-06 02:29:30,Success,30,,150,2024-04-06 02:27:00
LOG-0285,COMP-0007,WF-09,09_Tally_Inventory_Sync,Scheduled,2024-04-06 02:10:00,2024-04-06 02:12:00,Success,50,,120,2024-04-06 02:10:00
LOG-0286,COMP-0008,WF-01,01_Tally_Company_Sync,Scheduled,2024-04-06 02:35:00,2024-04-06 02:35:15,Success,3,,15,2024-04-06 02:35:00
LOG-0287,COMP-0008,WF-02,02_Tally_Ledger_Sync,Scheduled,2024-04-06 02:54:00,2024-04-06 02:54:45,Success,25,,45,2024-04-06 02:54:00
LOG-0288,COMP-0008,WF-03,03_Tally_Party_Sync,Scheduled,2024-04-06 02:13:00,2024-04-06 02:14:00,Success,15,,60,2024-04-06 02:13:00
LOG-0289,COMP-0008,WF-05,05_Tally_Sales_Voucher_Sync,Scheduled,2024-04-06 02:00:00,2024-04-06 02:02:30,Failed,0,Connection timeout,0,2024-04-06 02:00:00
LOG-0290,COMP-0008,WF-09,09_Tally_Inventory_Sync,Scheduled,2024-04-06 02:23:00,2024-04-06 02:25:00,Success,50,,120,2024-04-06 02:23:00
LOG-0291,COMP-0009,WF-01,01_Tally_Company_Sync,Scheduled,2024-04-06 02:15:00,2024-04-06 02:15:15,Success,3,,15,2024-04-06 02:15:00
LOG-0292,COMP-0009,WF-02,02_Tally_Ledger_Sync,Scheduled,2024-04-06 02:32:00,2024-04-06 02:32:45,Failed,0,Connection timeout,0,2024-04-06 02:32:00
LOG-0293,COMP-0009,WF-03,03_Tally_Party_Sync,Scheduled,2024-04-06 02:36:00,2024-04-06 02:37:00,Success,15,,60,2024-04-06 02:36:00
LOG-0294,COMP-0009,WF-05,05_Tally_Sales_Voucher_Sync,Scheduled,2024-04-06 02:40:00,2024-04-06 02:42:30,Success,30,,150,2024-04-06 02:40:00
LOG-0295,COMP-0009,WF-09,09_Tally_Inventory_Sync,Scheduled,2024-04-06 02:40:00,2024-04-06 02:42:00,Success,50,,120,2024-04-06 02:40:00
LOG-0296,COMP-0010,WF-01,01_Tally_Company_Sync,Scheduled,2024-04-06 02:32:00,2024-04-06 02:32:15,Success,3,,15,2024-04-06 02:32:00
LOG-0297,COMP-0010,WF-02,02_Tally_Ledger_Sync,Scheduled,2024-04-06 02:58:00,2024-04-06 02:58:45,Success,25,,45,2024-04-06 02:58:00
LOG-0298,COMP-0010,WF-03,03_Tally_Party_Sync,Scheduled,2024-04-06 02:10:00,2024-04-06 02:11:00,Success,15,,60,2024-04-06 02:10:00
LOG-0299,COMP-0010,WF-05,05_Tally_Sales_Voucher_Sync,Scheduled,2024-04-06 02:02:00,2024-04-06 02:04:30,Success,30,,150,2024-04-06 02:02:00
LOG-0300,COMP-0010,WF-09,09_Tally_Inventory_Sync,Scheduled,2024-04-06 02:43:00,2024-04-06 02:45:00,Success,50,,120,2024-04-06 02:43:00
LOG-0301,COMP-0001,WF-01,01_Tally_Company_Sync,Scheduled,2024-04-07 02:33:00,2024-04-07 02:33:15,Success,3,,15,2024-04-07 02:33:00
LOG-0302,COMP-0001,WF-02,02_Tally_Ledger_Sync,Scheduled,2024-04-07 02:10:00,2024-04-07 02:10:45,Success,25,,45,2024-04-07 02:10:00
LOG-0303,COMP-0001,WF-03,03_Tally_Party_Sync,Scheduled,2024-04-07 02:14:00,2024-04-07 02:15:00,Success,15,,60,2024-04-07 02:14:00
LOG-0304,COMP-0001,WF-05,05_Tally_Sales_Voucher_Sync,Scheduled,2024-04-07 02:22:00,2024-04-07 02:24:30,Success,30,,150,2024-04-07 02:22:00
LOG-0305,COMP-0001,WF-09,09_Tally_Inventory_Sync,Scheduled,2024-04-07 02:18:00,2024-04-07 02:20:00,Success,50,,120,2024-04-07 02:18:00
LOG-0306,COMP-0002,WF-01,01_Tally_Company_Sync,Scheduled,2024-04-07 02:09:00,2024-04-07 02:09:15,Success,3,,15,2024-04-07 02:09:00
LOG-0307,COMP-0002,WF-02,02_Tally_Ledger_Sync,Scheduled,2024-04-07 02:30:00,2024-04-07 02:30:45,Success,25,,45,2024-04-07 02:30:00
LOG-0308,COMP-0002,WF-03,03_Tally_Party_Sync,Scheduled,2024-04-07 02:04:00,2024-04-07 02:05:00,Success,15,,60,2024-04-07 02:04:00
LOG-0309,COMP-0002,WF-05,05_Tally_Sales_Voucher_Sync,Scheduled,2024-04-07 02:54:00,2024-04-07 02:56:30,Success,30,,150,2024-04-07 02:54:00
LOG-0310,COMP-0002,WF-09,09_Tally_Inventory_Sync,Scheduled,2024-04-07 02:18:00,2024-04-07 02:20:00,Failed,0,Connection timeout,0,2024-04-07 02:18:00
LOG-0311,COMP-0003,WF-01,01_Tally_Company_Sync,Scheduled,2024-04-07 02:30:00,2024-04-07 02:30:15,Success,3,,15,2024-04-07 02:30:00
LOG-0312,COMP-0003,WF-02,02_Tally_Ledger_Sync,Scheduled,2024-04-07 02:43:00,2024-04-07 02:43:45,Success,25,,45,2024-04-07 02:43:00
LOG-0313,COMP-0003,WF-03,03_Tally_Party_Sync,Scheduled,2024-04-07 02:43:00,2024-04-07 02:44:00,Failed,0,Connection timeout,0,2024-04-07 02:43:00
LOG-0314,COMP-0003,WF-05,05_Tally_Sales_Voucher_Sync,Scheduled,2024-04-07 02:31:00,2024-04-07 02:33:30,Success,30,,150,2024-04-07 02:31:00
LOG-0315,COMP-0003,WF-09,09_Tally_Inventory_Sync,Scheduled,2024-04-07 02:27:00,2024-04-07 02:29:00,Success,50,,120,2024-04-07 02:27:00
LOG-0316,COMP-0004,WF-01,01_Tally_Company_Sync,Scheduled,2024-04-07 02:13:00,2024-04-07 02:13:15,Success,3,,15,2024-04-07 02:13:00
LOG-0317,COMP-0004,WF-02,02_Tally_Ledger_Sync,Scheduled,2024-04-07 02:20:00,2024-04-07 02:20:45,Success,25,,45,2024-04-07 02:20:00
LOG-0318,COMP-0004,WF-03,03_Tally_Party_Sync,Scheduled,2024-04-07 02:39:00,2024-04-07 02:40:00,Failed,0,Connection timeout,0,2024-04-07 02:39:00
LOG-0319,COMP-0004,WF-05,05_Tally_Sales_Voucher_Sync,Scheduled,2024-04-07 02:20:00,2024-04-07 02:22:30,Success,30,,150,2024-04-07 02:20:00
LOG-0320,COMP-0004,WF-09,09_Tally_Inventory_Sync,Scheduled,2024-04-07 02:05:00,2024-04-07 02:07:00,Success,50,,120,2024-04-07 02:05:00
LOG-0321,COMP-0005,WF-01,01_Tally_Company_Sync,Scheduled,2024-04-07 02:01:00,2024-04-07 02:01:15,Success,3,,15,2024-04-07 02:01:00
LOG-0322,COMP-0005,WF-02,02_Tally_Ledger_Sync,Scheduled,2024-04-07 02:23:00,2024-04-07 02:23:45,Failed,0,Connection timeout,0,2024-04-07 02:23:00
LOG-0323,COMP-0005,WF-03,03_Tally_Party_Sync,Scheduled,2024-04-07 02:02:00,2024-04-07 02:03:00,Success,15,,60,2024-04-07 02:02:00
LOG-0324,COMP-0005,WF-05,05_Tally_Sales_Voucher_Sync,Scheduled,2024-04-07 02:39:00,2024-04-07 02:41:30,Success,30,,150,2024-04-07 02:39:00
LOG-0325,COMP-0005,WF-09,09_Tally_Inventory_Sync,Scheduled,2024-04-07 02:34:00,2024-04-07 02:36:00,Success,50,,120,2024-04-07 02:34:00
LOG-0326,COMP-0006,WF-01,01_Tally_Company_Sync,Scheduled,2024-04-07 02:45:00,2024-04-07 02:45:15,Success,3,,15,2024-04-07 02:45:00
LOG-0327,COMP-0006,WF-02,02_Tally_Ledger_Sync,Scheduled,2024-04-07 02:27:00,2024-04-07 02:27:45,Success,25,,45,2024-04-07 02:27:00
LOG-0328,COMP-0006,WF-03,03_Tally_Party_Sync,Scheduled,2024-04-07 02:13:00,2024-04-07 02:14:00,Success,15,,60,2024-04-07 02:13:00
LOG-0329,COMP-0006,WF-05,05_Tally_Sales_Voucher_Sync,Scheduled,2024-04-07 02:00:00,2024-04-07 02:02:30,Success,30,,150,2024-04-07 02:00:00
LOG-0330,COMP-0006,WF-09,09_Tally_Inventory_Sync,Scheduled,2024-04-07 02:00:00,2024-04-07 02:02:00,Success,50,,120,2024-04-07 02:00:00
LOG-0331,COMP-0007,WF-01,01_Tally_Company_Sync,Scheduled,2024-04-07 02:08:00,2024-04-07 02:08:15,Success,3,,15,2024-04-07 02:08:00
LOG-0332,COMP-0007,WF-02,02_Tally_Ledger_Sync,Scheduled,2024-04-07 02:20:00,2024-04-07 02:20:45,Success,25,,45,2024-04-07 02:20:00
LOG-0333,COMP-0007,WF-03,03_Tally_Party_Sync,Scheduled,2024-04-07 02:47:00,2024-04-07 02:48:00,Failed,0,Connection timeout,0,2024-04-07 02:47:00
LOG-0334,COMP-0007,WF-05,05_Tally_Sales_Voucher_Sync,Scheduled,2024-04-07 02:14:00,2024-04-07 02:16:30,Success,30,,150,2024-04-07 02:14:00
LOG-0335,COMP-0007,WF-09,09_Tally_Inventory_Sync,Scheduled,2024-04-07 02:57:00,2024-04-07 02:59:00,Failed,0,Connection timeout,0,2024-04-07 02:57:00
LOG-0336,COMP-0008,WF-01,01_Tally_Company_Sync,Scheduled,2024-04-07 02:17:00,2024-04-07 02:17:15,Success,3,,15,2024-04-07 02:17:00
LOG-0337,COMP-0008,WF-02,02_Tally_Ledger_Sync,Scheduled,2024-04-07 02:56:00,2024-04-07 02:56:45,Success,25,,45,2024-04-07 02:56:00
LOG-0338,COMP-0008,WF-03,03_Tally_Party_Sync,Scheduled,2024-04-07 02:17:00,2024-04-07 02:18:00,Success,15,,60,2024-04-07 02:17:00
LOG-0339,COMP-0008,WF-05,05_Tally_Sales_Voucher_Sync,Scheduled,2024-04-07 02:29:00,2024-04-07 02:31:30,Success,30,,150,2024-04-07 02:29:00
LOG-0340,COMP-0008,WF-09,09_Tally_Inventory_Sync,Scheduled,2024-04-07 02:13:00,2024-04-07 02:15:00,Success,50,,120,2024-04-07 02:13:00
LOG-0341,COMP-0009,WF-01,01_Tally_Company_Sync,Scheduled,2024-04-07 02:27:00,2024-04-07 02:27:15,Success,3,,15,2024-04-07 02:27:00
LOG-0342,COMP-0009,WF-02,02_Tally_Ledger_Sync,Scheduled,2024-04-07 02:09:00,2024-04-07 02:09:45,Success,25,,45,2024-04-07 02:09:00
LOG-0343,COMP-0009,WF-03,03_Tally_Party_Sync,Scheduled,2024-04-07 02:35:00,2024-04-07 02:36:00,Success,15,,60,2024-04-07 02:35:00
LOG-0344,COMP-0009,WF-05,05_Tally_Sales_Voucher_Sync,Scheduled,2024-04-07 02:38:00,2024-04-07 02:40:30,Failed,0,Connection timeout,0,2024-04-07 02:38:00
LOG-0345,COMP-0009,WF-09,09_Tally_Inventory_Sync,Scheduled,2024-04-07 02:26:00,2024-04-07 02:28:00,Success,50,,120,2024-04-07 02:26:00
LOG-0346,COMP-0010,WF-01,01_Tally_Company_Sync,Scheduled,2024-04-07 02:14:00,2024-04-07 02:14:15,Success,3,,15,2024-04-07 02:14:00
LOG-0347,COMP-0010,WF-02,02_Tally_Ledger_Sync,Scheduled,2024-04-07 02:53:00,2024-04-07 02:53:45,Success,25,,45,2024-04-07 02:53:00
LOG-0348,COMP-0010,WF-03,03_Tally_Party_Sync,Scheduled,2024-04-07 02:27:00,2024-04-07 02:28:00,Success,15,,60,2024-04-07 02:27:00
LOG-0349,COMP-0010,WF-05,05_Tally_Sales_Voucher_Sync,Scheduled,2024-04-07 02:53:00,2024-04-07 02:55:30,Success,30,,150,2024-04-07 02:53:00
LOG-0350,COMP-0010,WF-09,09_Tally_Inventory_Sync,Scheduled,2024-04-07 02:46:00,2024-04-07 02:48:00,Success,50,,120,2024-04-07 02:46:00
LOG-0351,COMP-0001,WF-01,01_Tally_Company_Sync,Scheduled,2024-04-08 02:00:00,2024-04-08 02:00:15,Success,3,,15,2024-04-08 02:00:00
LOG-0352,COMP-0001,WF-02,02_Tally_Ledger_Sync,Scheduled,2024-04-08 02:54:00,2024-04-08 02:54:45,Success,25,,45,2024-04-08 02:54:00
LOG-0353,COMP-0001,WF-03,03_Tally_Party_Sync,Scheduled,2024-04-08 02:23:00,2024-04-08 02:24:00,Failed,0,Connection timeout,0,2024-04-08 02:23:00
LOG-0354,COMP-0001,WF-05,05_Tally_Sales_Voucher_Sync,Scheduled,2024-04-08 02:16:00,2024-04-08 02:18:30,Success,30,,150,2024-04-08 02:16:00
LOG-0355,COMP-0001,WF-09,09_Tally_Inventory_Sync,Scheduled,2024-04-08 02:01:00,2024-04-08 02:03:00,Failed,0,Connection timeout,0,2024-04-08 02:01:00
LOG-0356,COMP-0002,WF-01,01_Tally_Company_Sync,Scheduled,2024-04-08 02:27:00,2024-04-08 02:27:15,Success,3,,15,2024-04-08 02:27:00
LOG-0357,COMP-0002,WF-02,02_Tally_Ledger_Sync,Scheduled,2024-04-08 02:37:00,2024-04-08 02:37:45,Success,25,,45,2024-04-08 02:37:00
LOG-0358,COMP-0002,WF-03,03_Tally_Party_Sync,Scheduled,2024-04-08 02:01:00,2024-04-08 02:02:00,Success,15,,60,2024-04-08 02:01:00
LOG-0359,COMP-0002,WF-05,05_Tally_Sales_Voucher_Sync,Scheduled,2024-04-08 02:18:00,2024-04-08 02:20:30,Success,30,,150,2024-04-08 02:18:00
LOG-0360,COMP-0002,WF-09,09_Tally_Inventory_Sync,Scheduled,2024-04-08 02:47:00,2024-04-08 02:49:00,Success,50,,120,2024-04-08 02:47:00
LOG-0361,COMP-0003,WF-01,01_Tally_Company_Sync,Scheduled,2024-04-08 02:01:00,2024-04-08 02:01:15,Success,3,,15,2024-04-08 02:01:00
LOG-0362,COMP-0003,WF-02,02_Tally_Ledger_Sync,Scheduled,2024-04-08 02:46:00,2024-04-08 02:46:45,Failed,0,Connection timeout,0,2024-04-08 02:46:00
LOG-0363,COMP-0003,WF-03,03_Tally_Party_Sync,Scheduled,2024-04-08 02:31:00,2024-04-08 02:32:00,Success,15,,60,2024-04-08 02:31:00
LOG-0364,COMP-0003,WF-05,05_Tally_Sales_Voucher_Sync,Scheduled,2024-04-08 02:09:00,2024-04-08 02:11:30,Success,30,,150,2024-04-08 02:09:00
LOG-0365,COMP-0003,WF-09,09_Tally_Inventory_Sync,Scheduled,2024-04-08 02:26:00,2024-04-08 02:28:00,Success,50,,120,2024-04-08 02:26:00
LOG-0366,COMP-0004,WF-01,01_Tally_Company_Sync,Scheduled,2024-04-08 02:10:00,2024-04-08 02:10:15,Success,3,,15,2024-04-08 02:10:00
LOG-0367,COMP-0004,WF-02,02_Tally_Ledger_Sync,Scheduled,2024-04-08 02:37:00,2024-04-08 02:37:45,Success,25,,45,2024-04-08 02:37:00
LOG-0368,COMP-0004,WF-03,03_Tally_Party_Sync,Scheduled,2024-04-08 02:06:00,2024-04-08 02:07:00,Success,15,,60,2024-04-08 02:06:00
LOG-0369,COMP-0004,WF-05,05_Tally_Sales_Voucher_Sync,Scheduled,2024-04-08 02:00:00,2024-04-08 02:02:30,Success,30,,150,2024-04-08 02:00:00
LOG-0370,COMP-0004,WF-09,09_Tally_Inventory_Sync,Scheduled,2024-04-08 02:01:00,2024-04-08 02:03:00,Success,50,,120,2024-04-08 02:01:00
LOG-0371,COMP-0005,WF-01,01_Tally_Company_Sync,Scheduled,2024-04-08 02:51:00,2024-04-08 02:51:15,Success,3,,15,2024-04-08 02:51:00
LOG-0372,COMP-0005,WF-02,02_Tally_Ledger_Sync,Scheduled,2024-04-08 02:36:00,2024-04-08 02:36:45,Success,25,,45,2024-04-08 02:36:00
LOG-0373,COMP-0005,WF-03,03_Tally_Party_Sync,Scheduled,2024-04-08 02:26:00,2024-04-08 02:27:00,Success,15,,60,2024-04-08 02:26:00
LOG-0374,COMP-0005,WF-05,05_Tally_Sales_Voucher_Sync,Scheduled,2024-04-08 02:46:00,2024-04-08 02:48:30,Failed,0,Connection timeout,0,2024-04-08 02:46:00
LOG-0375,COMP-0005,WF-09,09_Tally_Inventory_Sync,Scheduled,2024-04-08 02:07:00,2024-04-08 02:09:00,Success,50,,120,2024-04-08 02:07:00
LOG-0376,COMP-0006,WF-01,01_Tally_Company_Sync,Scheduled,2024-04-08 02:10:00,2024-04-08 02:10:15,Success,3,,15,2024-04-08 02:10:00
LOG-0377,COMP-0006,WF-02,02_Tally_Ledger_Sync,Scheduled,2024-04-08 02:23:00,2024-04-08 02:23:45,Success,25,,45,2024-04-08 02:23:00
LOG-0378,COMP-0006,WF-03,03_Tally_Party_Sync,Scheduled,2024-04-08 02:15:00,2024-04-08 02:16:00,Success,15,,60,2024-04-08 02:15:00
LOG-0379,COMP-0006,WF-05,05_Tally_Sales_Voucher_Sync,Scheduled,2024-04-08 02:08:00,2024-04-08 02:10:30,Success,30,,150,2024-04-08 02:08:00
LOG-0380,COMP-0006,WF-09,09_Tally_Inventory_Sync,Scheduled,2024-04-08 02:35:00,2024-04-08 02:37:00,Success,50,,120,2024-04-08 02:35:00
LOG-0381,COMP-0007,WF-01,01_Tally_Company_Sync,Scheduled,2024-04-08 02:20:00,2024-04-08 02:20:15,Success,3,,15,2024-04-08 02:20:00
LOG-0382,COMP-0007,WF-02,02_Tally_Ledger_Sync,Scheduled,2024-04-08 02:35:00,2024-04-08 02:35:45,Success,25,,45,2024-04-08 02:35:00
LOG-0383,COMP-0007,WF-03,03_Tally_Party_Sync,Scheduled,2024-04-08 02:29:00,2024-04-08 02:30:00,Success,15,,60,2024-04-08 02:29:00
LOG-0384,COMP-0007,WF-05,05_Tally_Sales_Voucher_Sync,Scheduled,2024-04-08 02:40:00,2024-04-08 02:42:30,Success,30,,150,2024-04-08 02:40:00
LOG-0385,COMP-0007,WF-09,09_Tally_Inventory_Sync,Scheduled,2024-04-08 02:22:00,2024-04-08 02:24:00,Success,50,,120,2024-04-08 02:22:00
LOG-0386,COMP-0008,WF-01,01_Tally_Company_Sync,Scheduled,2024-04-08 02:47:00,2024-04-08 02:47:15,Success,3,,15,2024-04-08 02:47:00
LOG-0387,COMP-0008,WF-02,02_Tally_Ledger_Sync,Scheduled,2024-04-08 02:44:00,2024-04-08 02:44:45,Failed,0,Connection timeout,0,2024-04-08 02:44:00
LOG-0388,COMP-0008,WF-03,03_Tally_Party_Sync,Scheduled,2024-04-08 02:19:00,2024-04-08 02:20:00,Success,15,,60,2024-04-08 02:19:00
LOG-0389,COMP-0008,WF-05,05_Tally_Sales_Voucher_Sync,Scheduled,2024-04-08 02:25:00,2024-04-08 02:27:30,Success,30,,150,2024-04-08 02:25:00
LOG-0390,COMP-0008,WF-09,09_Tally_Inventory_Sync,Scheduled,2024-04-08 02:21:00,2024-04-08 02:23:00,Success,50,,120,2024-04-08 02:21:00
LOG-0391,COMP-0009,WF-01,01_Tally_Company_Sync,Scheduled,2024-04-08 02:43:00,2024-04-08 02:43:15,Success,3,,15,2024-04-08 02:43:00
LOG-0392,COMP-0009,WF-02,02_Tally_Ledger_Sync,Scheduled,2024-04-08 02:23:00,2024-04-08 02:23:45,Success,25,,45,2024-04-08 02:23:00
LOG-0393,COMP-0009,WF-03,03_Tally_Party_Sync,Scheduled,2024-04-08 02:06:00,2024-04-08 02:07:00,Failed,0,Connection timeout,0,2024-04-08 02:06:00
LOG-0394,COMP-0009,WF-05,05_Tally_Sales_Voucher_Sync,Scheduled,2024-04-08 02:58:00,2024-04-08 03:00:30,Failed,0,Connection timeout,0,2024-04-08 02:58:00
LOG-0395,COMP-0009,WF-09,09_Tally_Inventory_Sync,Scheduled,2024-04-08 02:10:00,2024-04-08 02:12:00,Success,50,,120,2024-04-08 02:10:00
LOG-0396,COMP-0010,WF-01,01_Tally_Company_Sync,Scheduled,2024-04-08 02:20:00,2024-04-08 02:20:15,Success,3,,15,2024-04-08 02:20:00
LOG-0397,COMP-0010,WF-02,02_Tally_Ledger_Sync,Scheduled,2024-04-08 02:27:00,2024-04-08 02:27:45,Success,25,,45,2024-04-08 02:27:00
LOG-0398,COMP-0010,WF-03,03_Tally_Party_Sync,Scheduled,2024-04-08 02:29:00,2024-04-08 02:30:00,Success,15,,60,2024-04-08 02:29:00
LOG-0399,COMP-0010,WF-05,05_Tally_Sales_Voucher_Sync,Scheduled,2024-04-08 02:34:00,2024-04-08 02:36:30,Success,30,,150,2024-04-08 02:34:00
LOG-0400,COMP-0010,WF-09,09_Tally_Inventory_Sync,Scheduled,2024-04-08 02:11:00,2024-04-08 02:13:00,Success,50,,120,2024-04-08 02:11:00
LOG-0401,COMP-0001,WF-01,01_Tally_Company_Sync,Scheduled,2024-04-09 02:14:00,2024-04-09 02:14:15,Success,3,,15,2024-04-09 02:14:00
LOG-0402,COMP-0001,WF-02,02_Tally_Ledger_Sync,Scheduled,2024-04-09 02:28:00,2024-04-09 02:28:45,Failed,0,Connection timeout,0,2024-04-09 02:28:00
LOG-0403,COMP-0001,WF-03,03_Tally_Party_Sync,Scheduled,2024-04-09 02:37:00,2024-04-09 02:38:00,Success,15,,60,2024-04-09 02:37:00
LOG-0404,COMP-0001,WF-05,05_Tally_Sales_Voucher_Sync,Scheduled,2024-04-09 02:15:00,2024-04-09 02:17:30,Failed,0,Connection timeout,0,2024-04-09 02:15:00
LOG-0405,COMP-0001,WF-09,09_Tally_Inventory_Sync,Scheduled,2024-04-09 02:58:00,2024-04-09 03:00:00,Failed,0,Connection timeout,0,2024-04-09 02:58:00
LOG-0406,COMP-0002,WF-01,01_Tally_Company_Sync,Scheduled,2024-04-09 02:51:00,2024-04-09 02:51:15,Success,3,,15,2024-04-09 02:51:00
LOG-0407,COMP-0002,WF-02,02_Tally_Ledger_Sync,Scheduled,2024-04-09 02:57:00,2024-04-09 02:57:45,Success,25,,45,2024-04-09 02:57:00
LOG-0408,COMP-0002,WF-03,03_Tally_Party_Sync,Scheduled,2024-04-09 02:00:00,2024-04-09 02:01:00,Success,15,,60,2024-04-09 02:00:00
LOG-0409,COMP-0002,WF-05,05_Tally_Sales_Voucher_Sync,Scheduled,2024-04-09 02:37:00,2024-04-09 02:39:30,Success,30,,150,2024-04-09 02:37:00
LOG-0410,COMP-0002,WF-09,09_Tally_Inventory_Sync,Scheduled,2024-04-09 02:53:00,2024-04-09 02:55:00,Success,50,,120,2024-04-09 02:53:00
LOG-0411,COMP-0003,WF-01,01_Tally_Company_Sync,Scheduled,2024-04-09 02:04:00,2024-04-09 02:04:15,Success,3,,15,2024-04-09 02:04:00
LOG-0412,COMP-0003,WF-02,02_Tally_Ledger_Sync,Scheduled,2024-04-09 02:54:00,2024-04-09 02:54:45,Success,25,,45,2024-04-09 02:54:00
LOG-0413,COMP-0003,WF-03,03_Tally_Party_Sync,Scheduled,2024-04-09 02:52:00,2024-04-09 02:53:00,Success,15,,60,2024-04-09 02:52:00
LOG-0414,COMP-0003,WF-05,05_Tally_Sales_Voucher_Sync,Scheduled,2024-04-09 02:11:00,2024-04-09 02:13:30,Success,30,,150,2024-04-09 02:11:00
LOG-0415,COMP-0003,WF-09,09_Tally_Inventory_Sync,Scheduled,2024-04-09 02:57:00,2024-04-09 02:59:00,Success,50,,120,2024-04-09 02:57:00
LOG-0416,COMP-0004,WF-01,01_Tally_Company_Sync,Scheduled,2024-04-09 02:44:00,2024-04-09 02:44:15,Success,3,,15,2024-04-09 02:44:00
LOG-0417,COMP-0004,WF-02,02_Tally_Ledger_Sync,Scheduled,2024-04-09 02:44:00,2024-04-09 02:44:45,Success,25,,45,2024-04-09 02:44:00
LOG-0418,COMP-0004,WF-03,03_Tally_Party_Sync,Scheduled,2024-04-09 02:42:00,2024-04-09 02:43:00,Success,15,,60,2024-04-09 02:42:00
LOG-0419,COMP-0004,WF-05,05_Tally_Sales_Voucher_Sync,Scheduled,2024-04-09 02:38:00,2024-04-09 02:40:30,Success,30,,150,2024-04-09 02:38:00
LOG-0420,COMP-0004,WF-09,09_Tally_Inventory_Sync,Scheduled,2024-04-09 02:02:00,2024-04-09 02:04:00,Success,50,,120,2024-04-09 02:02:00
LOG-0421,COMP-0005,WF-01,01_Tally_Company_Sync,Scheduled,2024-04-09 02:50:00,2024-04-09 02:50:15,Success,3,,15,2024-04-09 02:50:00
LOG-0422,COMP-0005,WF-02,02_Tally_Ledger_Sync,Scheduled,2024-04-09 02:26:00,2024-04-09 02:26:45,Success,25,,45,2024-04-09 02:26:00
LOG-0423,COMP-0005,WF-03,03_Tally_Party_Sync,Scheduled,2024-04-09 02:28:00,2024-04-09 02:29:00,Success,15,,60,2024-04-09 02:28:00
LOG-0424,COMP-0005,WF-05,05_Tally_Sales_Voucher_Sync,Scheduled,2024-04-09 02:38:00,2024-04-09 02:40:30,Success,30,,150,2024-04-09 02:38:00
LOG-0425,COMP-0005,WF-09,09_Tally_Inventory_Sync,Scheduled,2024-04-09 02:05:00,2024-04-09 02:07:00,Success,50,,120,2024-04-09 02:05:00
LOG-0426,COMP-0006,WF-01,01_Tally_Company_Sync,Scheduled,2024-04-09 02:12:00,2024-04-09 02:12:15,Success,3,,15,2024-04-09 02:12:00
LOG-0427,COMP-0006,WF-02,02_Tally_Ledger_Sync,Scheduled,2024-04-09 02:37:00,2024-04-09 02:37:45,Success,25,,45,2024-04-09 02:37:00
LOG-0428,COMP-0006,WF-03,03_Tally_Party_Sync,Scheduled,2024-04-09 02:14:00,2024-04-09 02:15:00,Success,15,,60,2024-04-09 02:14:00
LOG-0429,COMP-0006,WF-05,05_Tally_Sales_Voucher_Sync,Scheduled,2024-04-09 02:19:00,2024-04-09 02:21:30,Failed,0,Connection timeout,0,2024-04-09 02:19:00
LOG-0430,COMP-0006,WF-09,09_Tally_Inventory_Sync,Scheduled,2024-04-09 02:29:00,2024-04-09 02:31:00,Success,50,,120,2024-04-09 02:29:00
LOG-0431,COMP-0007,WF-01,01_Tally_Company_Sync,Scheduled,2024-04-09 02:09:00,2024-04-09 02:09:15,Success,3,,15,2024-04-09 02:09:00
LOG-0432,COMP-0007,WF-02,02_Tally_Ledger_Sync,Scheduled,2024-04-09 02:16:00,2024-04-09 02:16:45,Success,25,,45,2024-04-09 02:16:00
LOG-0433,COMP-0007,WF-03,03_Tally_Party_Sync,Scheduled,2024-04-09 02:55:00,2024-04-09 02:56:00,Success,15,,60,2024-04-09 02:55:00
LOG-0434,COMP-0007,WF-05,05_Tally_Sales_Voucher_Sync,Scheduled,2024-04-09 02:05:00,2024-04-09 02:07:30,Success,30,,150,2024-04-09 02:05:00
LOG-0435,COMP-0007,WF-09,09_Tally_Inventory_Sync,Scheduled,2024-04-09 02:00:00,2024-04-09 02:02:00,Success,50,,120,2024-04-09 02:00:00
LOG-0436,COMP-0008,WF-01,01_Tally_Company_Sync,Scheduled,2024-04-09 02:57:00,2024-04-09 02:57:15,Success,3,,15,2024-04-09 02:57:00
LOG-0437,COMP-0008,WF-02,02_Tally_Ledger_Sync,Scheduled,2024-04-09 02:33:00,2024-04-09 02:33:45,Success,25,,45,2024-04-09 02:33:00
LOG-0438,COMP-0008,WF-03,03_Tally_Party_Sync,Scheduled,2024-04-09 02:58:00,2024-04-09 02:59:00,Success,15,,60,2024-04-09 02:58:00
LOG-0439,COMP-0008,WF-05,05_Tally_Sales_Voucher_Sync,Scheduled,2024-04-09 02:51:00,2024-04-09 02:53:30,Success,30,,150,2024-04-09 02:51:00
LOG-0440,COMP-0008,WF-09,09_Tally_Inventory_Sync,Scheduled,2024-04-09 02:56:00,2024-04-09 02:58:00,Success,50,,120,2024-04-09 02:56:00
LOG-0441,COMP-0009,WF-01,01_Tally_Company_Sync,Scheduled,2024-04-09 02:59:00,2024-04-09 02:59:15,Success,3,,15,2024-04-09 02:59:00
LOG-0442,COMP-0009,WF-02,02_Tally_Ledger_Sync,Scheduled,2024-04-09 02:11:00,2024-04-09 02:11:45,Success,25,,45,2024-04-09 02:11:00
LOG-0443,COMP-0009,WF-03,03_Tally_Party_Sync,Scheduled,2024-04-09 02:13:00,2024-04-09 02:14:00,Success,15,,60,2024-04-09 02:13:00
LOG-0444,COMP-0009,WF-05,05_Tally_Sales_Voucher_Sync,Scheduled,2024-04-09 02:45:00,2024-04-09 02:47:30,Success,30,,150,2024-04-09 02:45:00
LOG-0445,COMP-0009,WF-09,09_Tally_Inventory_Sync,Scheduled,2024-04-09 02:49:00,2024-04-09 02:51:00,Success,50,,120,2024-04-09 02:49:00
LOG-0446,COMP-0010,WF-01,01_Tally_Company_Sync,Scheduled,2024-04-09 02:00:00,2024-04-09 02:00:15,Success,3,,15,2024-04-09 02:00:00
LOG-0447,COMP-0010,WF-02,02_Tally_Ledger_Sync,Scheduled,2024-04-09 02:12:00,2024-04-09 02:12:45,Success,25,,45,2024-04-09 02:12:00
LOG-0448,COMP-0010,WF-03,03_Tally_Party_Sync,Scheduled,2024-04-09 02:27:00,2024-04-09 02:28:00,Success,15,,60,2024-04-09 02:27:00
LOG-0449,COMP-0010,WF-05,05_Tally_Sales_Voucher_Sync,Scheduled,2024-04-09 02:04:00,2024-04-09 02:06:30,Success,30,,150,2024-04-09 02:04:00
LOG-0450,COMP-0010,WF-09,09_Tally_Inventory_Sync,Scheduled,2024-04-09 02:32:00,2024-04-09 02:34:00,Success,50,,120,2024-04-09 02:32:00
LOG-0451,COMP-0001,WF-01,01_Tally_Company_Sync,Scheduled,2024-04-10 02:56:00,2024-04-10 02:56:15,Success,3,,15,2024-04-10 02:56:00
LOG-0452,COMP-0001,WF-02,02_Tally_Ledger_Sync,Scheduled,2024-04-10 02:39:00,2024-04-10 02:39:45,Success,25,,45,2024-04-10 02:39:00
LOG-0453,COMP-0001,WF-03,03_Tally_Party_Sync,Scheduled,2024-04-10 02:00:00,2024-04-10 02:01:00,Success,15,,60,2024-04-10 02:00:00
LOG-0454,COMP-0001,WF-05,05_Tally_Sales_Voucher_Sync,Scheduled,2024-04-10 02:58:00,2024-04-10 03:00:30,Success,30,,150,2024-04-10 02:58:00
LOG-0455,COMP-0001,WF-09,09_Tally_Inventory_Sync,Scheduled,2024-04-10 02:24:00,2024-04-10 02:26:00,Success,50,,120,2024-04-10 02:24:00
LOG-0456,COMP-0002,WF-01,01_Tally_Company_Sync,Scheduled,2024-04-10 02:47:00,2024-04-10 02:47:15,Success,3,,15,2024-04-10 02:47:00
LOG-0457,COMP-0002,WF-02,02_Tally_Ledger_Sync,Scheduled,2024-04-10 02:15:00,2024-04-10 02:15:45,Success,25,,45,2024-04-10 02:15:00
LOG-0458,COMP-0002,WF-03,03_Tally_Party_Sync,Scheduled,2024-04-10 02:36:00,2024-04-10 02:37:00,Success,15,,60,2024-04-10 02:36:00
LOG-0459,COMP-0002,WF-05,05_Tally_Sales_Voucher_Sync,Scheduled,2024-04-10 02:40:00,2024-04-10 02:42:30,Success,30,,150,2024-04-10 02:40:00
LOG-0460,COMP-0002,WF-09,09_Tally_Inventory_Sync,Scheduled,2024-04-10 02:56:00,2024-04-10 02:58:00,Success,50,,120,2024-04-10 02:56:00
LOG-0461,COMP-0003,WF-01,01_Tally_Company_Sync,Scheduled,2024-04-10 02:38:00,2024-04-10 02:38:15,Success,3,,15,2024-04-10 02:38:00
LOG-0462,COMP-0003,WF-02,02_Tally_Ledger_Sync,Scheduled,2024-04-10 02:06:00,2024-04-10 02:06:45,Success,25,,45,2024-04-10 02:06:00
LOG-0463,COMP-0003,WF-03,03_Tally_Party_Sync,Scheduled,2024-04-10 02:59:00,2024-04-10 03:00:00,Success,15,,60,2024-04-10 02:59:00
LOG-0464,COMP-0003,WF-05,05_Tally_Sales_Voucher_Sync,Scheduled,2024-04-10 02:25:00,2024-04-10 02:27:30,Success,30,,150,2024-04-10 02:25:00
LOG-0465,COMP-0003,WF-09,09_Tally_Inventory_Sync,Scheduled,2024-04-10 02:58:00,2024-04-10 03:00:00,Success,50,,120,2024-04-10 02:58:00
LOG-0466,COMP-0004,WF-01,01_Tally_Company_Sync,Scheduled,2024-04-10 02:54:00,2024-04-10 02:54:15,Success,3,,15,2024-04-10 02:54:00
LOG-0467,COMP-0004,WF-02,02_Tally_Ledger_Sync,Scheduled,2024-04-10 02:33:00,2024-04-10 02:33:45,Success,25,,45,2024-04-10 02:33:00
LOG-0468,COMP-0004,WF-03,03_Tally_Party_Sync,Scheduled,2024-04-10 02:47:00,2024-04-10 02:48:00,Success,15,,60,2024-04-10 02:47:00
LOG-0469,COMP-0004,WF-05,05_Tally_Sales_Voucher_Sync,Scheduled,2024-04-10 02:33:00,2024-04-10 02:35:30,Success,30,,150,2024-04-10 02:33:00
LOG-0470,COMP-0004,WF-09,09_Tally_Inventory_Sync,Scheduled,2024-04-10 02:56:00,2024-04-10 02:58:00,Success,50,,120,2024-04-10 02:56:00
LOG-0471,COMP-0005,WF-01,01_Tally_Company_Sync,Scheduled,2024-04-10 02:32:00,2024-04-10 02:32:15,Success,3,,15,2024-04-10 02:32:00
LOG-0472,COMP-0005,WF-02,02_Tally_Ledger_Sync,Scheduled,2024-04-10 02:41:00,2024-04-10 02:41:45,Success,25,,45,2024-04-10 02:41:00
LOG-0473,COMP-0005,WF-03,03_Tally_Party_Sync,Scheduled,2024-04-10 02:35:00,2024-04-10 02:36:00,Success,15,,60,2024-04-10 02:35:00
LOG-0474,COMP-0005,WF-05,05_Tally_Sales_Voucher_Sync,Scheduled,2024-04-10 02:32:00,2024-04-10 02:34:30,Success,30,,150,2024-04-10 02:32:00
LOG-0475,COMP-0005,WF-09,09_Tally_Inventory_Sync,Scheduled,2024-04-10 02:41:00,2024-04-10 02:43:00,Success,50,,120,2024-04-10 02:41:00
LOG-0476,COMP-0006,WF-01,01_Tally_Company_Sync,Scheduled,2024-04-10 02:49:00,2024-04-10 02:49:15,Success,3,,15,2024-04-10 02:49:00
LOG-0477,COMP-0006,WF-02,02_Tally_Ledger_Sync,Scheduled,2024-04-10 02:49:00,2024-04-10 02:49:45,Success,25,,45,2024-04-10 02:49:00
LOG-0478,COMP-0006,WF-03,03_Tally_Party_Sync,Scheduled,2024-04-10 02:36:00,2024-04-10 02:37:00,Success,15,,60,2024-04-10 02:36:00
LOG-0479,COMP-0006,WF-05,05_Tally_Sales_Voucher_Sync,Scheduled,2024-04-10 02:44:00,2024-04-10 02:46:30,Success,30,,150,2024-04-10 02:44:00
LOG-0480,COMP-0006,WF-09,09_Tally_Inventory_Sync,Scheduled,2024-04-10 02:45:00,2024-04-10 02:47:00,Success,50,,120,2024-04-10 02:45:00
LOG-0481,COMP-0007,WF-01,01_Tally_Company_Sync,Scheduled,2024-04-10 02:36:00,2024-04-10 02:36:15,Success,3,,15,2024-04-10 02:36:00
LOG-0482,COMP-0007,WF-02,02_Tally_Ledger_Sync,Scheduled,2024-04-10 02:00:00,2024-04-10 02:00:45,Failed,0,Connection timeout,0,2024-04-10 02:00:00
LOG-0483,COMP-0007,WF-03,03_Tally_Party_Sync,Scheduled,2024-04-10 02:31:00,2024-04-10 02:32:00,Success,15,,60,2024-04-10 02:31:00
LOG-0484,COMP-0007,WF-05,05_Tally_Sales_Voucher_Sync,Scheduled,2024-04-10 02:39:00,2024-04-10 02:41:30,Success,30,,150,2024-04-10 02:39:00
LOG-0485,COMP-0007,WF-09,09_Tally_Inventory_Sync,Scheduled,2024-04-10 02:39:00,2024-04-10 02:41:00,Success,50,,120,2024-04-10 02:39:00
LOG-0486,COMP-0008,WF-01,01_Tally_Company_Sync,Scheduled,2024-04-10 02:46:00,2024-04-10 02:46:15,Success,3,,15,2024-04-10 02:46:00
LOG-0487,COMP-0008,WF-02,02_Tally_Ledger_Sync,Scheduled,2024-04-10 02:19:00,2024-04-10 02:19:45,Success,25,,45,2024-04-10 02:19:00
LOG-0488,COMP-0008,WF-03,03_Tally_Party_Sync,Scheduled,2024-04-10 02:20:00,2024-04-10 02:21:00,Success,15,,60,2024-04-10 02:20:00
LOG-0489,COMP-0008,WF-05,05_Tally_Sales_Voucher_Sync,Scheduled,2024-04-10 02:57:00,2024-04-10 02:59:30,Success,30,,150,2024-04-10 02:57:00
LOG-0490,COMP-0008,WF-09,09_Tally_Inventory_Sync,Scheduled,2024-04-10 02:16:00,2024-04-10 02:18:00,Success,50,,120,2024-04-10 02:16:00
LOG-0491,COMP-0009,WF-01,01_Tally_Company_Sync,Scheduled,2024-04-10 02:19:00,2024-04-10 02:19:15,Success,3,,15,2024-04-10 02:19:00
LOG-0492,COMP-0009,WF-02,02_Tally_Ledger_Sync,Scheduled,2024-04-10 02:54:00,2024-04-10 02:54:45,Success,25,,45,2024-04-10 02:54:00
LOG-0493,COMP-0009,WF-03,03_Tally_Party_Sync,Scheduled,2024-04-10 02:28:00,2024-04-10 02:29:00,Success,15,,60,2024-04-10 02:28:00
LOG-0494,COMP-0009,WF-05,05_Tally_Sales_Voucher_Sync,Scheduled,2024-04-10 02:57:00,2024-04-10 02:59:30,Success,30,,150,2024-04-10 02:57:00
LOG-0495,COMP-0009,WF-09,09_Tally_Inventory_Sync,Scheduled,2024-04-10 02:47:00,2024-04-10 02:49:00,Success,50,,120,2024-04-10 02:47:00
LOG-0496,COMP-0010,WF-01,01_Tally_Company_Sync,Scheduled,2024-04-10 02:24:00,2024-04-10 02:24:15,Success,3,,15,2024-04-10 02:24:00
LOG-0497,COMP-0010,WF-02,02_Tally_Ledger_Sync,Scheduled,2024-04-10 02:59:00,2024-04-10 02:59:45,Success,25,,45,2024-04-10 02:59:00
LOG-0498,COMP-0010,WF-03,03_Tally_Party_Sync,Scheduled,2024-04-10 02:41:00,2024-04-10 02:42:00,Success,15,,60,2024-04-10 02:41:00
LOG-0499,COMP-0010,WF-05,05_Tally_Sales_Voucher_Sync,Scheduled,2024-04-10 02:49:00,2024-04-10 02:51:30,Success,30,,150,2024-04-10 02:49:00
LOG-0500,COMP-0010,WF-09,09_Tally_Inventory_Sync,Scheduled,2024-04-10 02:22:00,2024-04-10 02:24:00,Success,50,,120,2024-04-10 02:22:00
LOG-0501,COMP-0001,WF-01,01_Tally_Company_Sync,Scheduled,2024-04-11 02:06:00,2024-04-11 02:06:15,Success,3,,15,2024-04-11 02:06:00
LOG-0502,COMP-0001,WF-02,02_Tally_Ledger_Sync,Scheduled,2024-04-11 02:01:00,2024-04-11 02:01:45,Success,25,,45,2024-04-11 02:01:00
LOG-0503,COMP-0001,WF-03,03_Tally_Party_Sync,Scheduled,2024-04-11 02:46:00,2024-04-11 02:47:00,Success,15,,60,2024-04-11 02:46:00
LOG-0504,COMP-0001,WF-05,05_Tally_Sales_Voucher_Sync,Scheduled,2024-04-11 02:21:00,2024-04-11 02:23:30,Success,30,,150,2024-04-11 02:21:00
LOG-0505,COMP-0001,WF-09,09_Tally_Inventory_Sync,Scheduled,2024-04-11 02:58:00,2024-04-11 03:00:00,Success,50,,120,2024-04-11 02:58:00
LOG-0506,COMP-0002,WF-01,01_Tally_Company_Sync,Scheduled,2024-04-11 02:58:00,2024-04-11 02:58:15,Success,3,,15,2024-04-11 02:58:00
LOG-0507,COMP-0002,WF-02,02_Tally_Ledger_Sync,Scheduled,2024-04-11 02:21:00,2024-04-11 02:21:45,Success,25,,45,2024-04-11 02:21:00
LOG-0508,COMP-0002,WF-03,03_Tally_Party_Sync,Scheduled,2024-04-11 02:40:00,2024-04-11 02:41:00,Success,15,,60,2024-04-11 02:40:00
LOG-0509,COMP-0002,WF-05,05_Tally_Sales_Voucher_Sync,Scheduled,2024-04-11 02:36:00,2024-04-11 02:38:30,Success,30,,150,2024-04-11 02:36:00
LOG-0510,COMP-0002,WF-09,09_Tally_Inventory_Sync,Scheduled,2024-04-11 02:29:00,2024-04-11 02:31:00,Success,50,,120,2024-04-11 02:29:00
LOG-0511,COMP-0003,WF-01,01_Tally_Company_Sync,Scheduled,2024-04-11 02:45:00,2024-04-11 02:45:15,Success,3,,15,2024-04-11 02:45:00
LOG-0512,COMP-0003,WF-02,02_Tally_Ledger_Sync,Scheduled,2024-04-11 02:27:00,2024-04-11 02:27:45,Success,25,,45,2024-04-11 02:27:00
LOG-0513,COMP-0003,WF-03,03_Tally_Party_Sync,Scheduled,2024-04-11 02:54:00,2024-04-11 02:55:00,Success,15,,60,2024-04-11 02:54:00
LOG-0514,COMP-0003,WF-05,05_Tally_Sales_Voucher_Sync,Scheduled,2024-04-11 02:32:00,2024-04-11 02:34:30,Success,30,,150,2024-04-11 02:32:00
LOG-0515,COMP-0003,WF-09,09_Tally_Inventory_Sync,Scheduled,2024-04-11 02:59:00,2024-04-11 03:01:00,Success,50,,120,2024-04-11 02:59:00
LOG-0516,COMP-0004,WF-01,01_Tally_Company_Sync,Scheduled,2024-04-11 02:21:00,2024-04-11 02:21:15,Success,3,,15,2024-04-11 02:21:00
LOG-0517,COMP-0004,WF-02,02_Tally_Ledger_Sync,Scheduled,2024-04-11 02:51:00,2024-04-11 02:51:45,Success,25,,45,2024-04-11 02:51:00
LOG-0518,COMP-0004,WF-03,03_Tally_Party_Sync,Scheduled,2024-04-11 02:24:00,2024-04-11 02:25:00,Success,15,,60,2024-04-11 02:24:00
LOG-0519,COMP-0004,WF-05,05_Tally_Sales_Voucher_Sync,Scheduled,2024-04-11 02:19:00,2024-04-11 02:21:30,Success,30,,150,2024-04-11 02:19:00
LOG-0520,COMP-0004,WF-09,09_Tally_Inventory_Sync,Scheduled,2024-04-11 02:13:00,2024-04-11 02:15:00,Success,50,,120,2024-04-11 02:13:00
LOG-0521,COMP-0005,WF-01,01_Tally_Company_Sync,Scheduled,2024-04-11 02:43:00,2024-04-11 02:43:15,Success,3,,15,2024-04-11 02:43:00
LOG-0522,COMP-0005,WF-02,02_Tally_Ledger_Sync,Scheduled,2024-04-11 02:53:00,2024-04-11 02:53:45,Failed,0,Connection timeout,0,2024-04-11 02:53:00
LOG-0523,COMP-0005,WF-03,03_Tally_Party_Sync,Scheduled,2024-04-11 02:13:00,2024-04-11 02:14:00,Success,15,,60,2024-04-11 02:13:00
LOG-0524,COMP-0005,WF-05,05_Tally_Sales_Voucher_Sync,Scheduled,2024-04-11 02:28:00,2024-04-11 02:30:30,Failed,0,Connection timeout,0,2024-04-11 02:28:00
LOG-0525,COMP-0005,WF-09,09_Tally_Inventory_Sync,Scheduled,2024-04-11 02:06:00,2024-04-11 02:08:00,Success,50,,120,2024-04-11 02:06:00
LOG-0526,COMP-0006,WF-01,01_Tally_Company_Sync,Scheduled,2024-04-11 02:53:00,2024-04-11 02:53:15,Success,3,,15,2024-04-11 02:53:00
LOG-0527,COMP-0006,WF-02,02_Tally_Ledger_Sync,Scheduled,2024-04-11 02:24:00,2024-04-11 02:24:45,Success,25,,45,2024-04-11 02:24:00
LOG-0528,COMP-0006,WF-03,03_Tally_Party_Sync,Scheduled,2024-04-11 02:58:00,2024-04-11 02:59:00,Failed,0,Connection timeout,0,2024-04-11 02:58:00
LOG-0529,COMP-0006,WF-05,05_Tally_Sales_Voucher_Sync,Scheduled,2024-04-11 02:55:00,2024-04-11 02:57:30,Success,30,,150,2024-04-11 02:55:00
LOG-0530,COMP-0006,WF-09,09_Tally_Inventory_Sync,Scheduled,2024-04-11 02:42:00,2024-04-11 02:44:00,Success,50,,120,2024-04-11 02:42:00
LOG-0531,COMP-0007,WF-01,01_Tally_Company_Sync,Scheduled,2024-04-11 02:40:00,2024-04-11 02:40:15,Failed,0,Connection timeout,0,2024-04-11 02:40:00
LOG-0532,COMP-0007,WF-02,02_Tally_Ledger_Sync,Scheduled,2024-04-11 02:32:00,2024-04-11 02:32:45,Failed,0,Connection timeout,0,2024-04-11 02:32:00
LOG-0533,COMP-0007,WF-03,03_Tally_Party_Sync,Scheduled,2024-04-11 02:24:00,2024-04-11 02:25:00,Success,15,,60,2024-04-11 02:24:00
LOG-0534,COMP-0007,WF-05,05_Tally_Sales_Voucher_Sync,Scheduled,2024-04-11 02:09:00,2024-04-11 02:11:30,Success,30,,150,2024-04-11 02:09:00
LOG-0535,COMP-0007,WF-09,09_Tally_Inventory_Sync,Scheduled,2024-04-11 02:45:00,2024-04-11 02:47:00,Success,50,,120,2024-04-11 02:45:00
LOG-0536,COMP-0008,WF-01,01_Tally_Company_Sync,Scheduled,2024-04-11 02:20:00,2024-04-11 02:20:15,Success,3,,15,2024-04-11 02:20:00
LOG-0537,COMP-0008,WF-02,02_Tally_Ledger_Sync,Scheduled,2024-04-11 02:15:00,2024-04-11 02:15:45,Success,25,,45,2024-04-11 02:15:00
LOG-0538,COMP-0008,WF-03,03_Tally_Party_Sync,Scheduled,2024-04-11 02:26:00,2024-04-11 02:27:00,Success,15,,60,2024-04-11 02:26:00
LOG-0539,COMP-0008,WF-05,05_Tally_Sales_Voucher_Sync,Scheduled,2024-04-11 02:38:00,2024-04-11 02:40:30,Success,30,,150,2024-04-11 02:38:00
LOG-0540,COMP-0008,WF-09,09_Tally_Inventory_Sync,Scheduled,2024-04-11 02:35:00,2024-04-11 02:37:00,Success,50,,120,2024-04-11 02:35:00
LOG-0541,COMP-0009,WF-01,01_Tally_Company_Sync,Scheduled,2024-04-11 02:49:00,2024-04-11 02:49:15,Success,3,,15,2024-04-11 02:49:00
LOG-0542,COMP-0009,WF-02,02_Tally_Ledger_Sync,Scheduled,2024-04-11 02:11:00,2024-04-11 02:11:45,Failed,0,Connection timeout,0,2024-04-11 02:11:00
LOG-0543,COMP-0009,WF-03,03_Tally_Party_Sync,Scheduled,2024-04-11 02:48:00,2024-04-11 02:49:00,Success,15,,60,2024-04-11 02:48:00
LOG-0544,COMP-0009,WF-05,05_Tally_Sales_Voucher_Sync,Scheduled,2024-04-11 02:08:00,2024-04-11 02:10:30,Success,30,,150,2024-04-11 02:08:00
LOG-0545,COMP-0009,WF-09,09_Tally_Inventory_Sync,Scheduled,2024-04-11 02:43:00,2024-04-11 02:45:00,Success,50,,120,2024-04-11 02:43:00
LOG-0546,COMP-0010,WF-01,01_Tally_Company_Sync,Scheduled,2024-04-11 02:20:00,2024-04-11 02:20:15,Success,3,,15,2024-04-11 02:20:00
LOG-0547,COMP-0010,WF-02,02_Tally_Ledger_Sync,Scheduled,2024-04-11 02:29:00,2024-04-11 02:29:45,Success,25,,45,2024-04-11 02:29:00
LOG-0548,COMP-0010,WF-03,03_Tally_Party_Sync,Scheduled,2024-04-11 02:44:00,2024-04-11 02:45:00,Success,15,,60,2024-04-11 02:44:00
LOG-0549,COMP-0010,WF-05,05_Tally_Sales_Voucher_Sync,Scheduled,2024-04-11 02:21:00,2024-04-11 02:23:30,Success,30,,150,2024-04-11 02:21:00
LOG-0550,COMP-0010,WF-09,09_Tally_Inventory_Sync,Scheduled,2024-04-11 02:18:00,2024-04-11 02:20:00,Success,50,,120,2024-04-11 02:18:00
LOG-0551,COMP-0001,WF-01,01_Tally_Company_Sync,Scheduled,2024-04-12 02:09:00,2024-04-12 02:09:15,Success,3,,15,2024-04-12 02:09:00
LOG-0552,COMP-0001,WF-02,02_Tally_Ledger_Sync,Scheduled,2024-04-12 02:44:00,2024-04-12 02:44:45,Success,25,,45,2024-04-12 02:44:00
LOG-0553,COMP-0001,WF-03,03_Tally_Party_Sync,Scheduled,2024-04-12 02:08:00,2024-04-12 02:09:00,Failed,0,Connection timeout,0,2024-04-12 02:08:00
LOG-0554,COMP-0001,WF-05,05_Tally_Sales_Voucher_Sync,Scheduled,2024-04-12 02:15:00,2024-04-12 02:17:30,Success,30,,150,2024-04-12 02:15:00
LOG-0555,COMP-0001,WF-09,09_Tally_Inventory_Sync,Scheduled,2024-04-12 02:31:00,2024-04-12 02:33:00,Success,50,,120,2024-04-12 02:31:00
LOG-0556,COMP-0002,WF-01,01_Tally_Company_Sync,Scheduled,2024-04-12 02:27:00,2024-04-12 02:27:15,Failed,0,Connection timeout,0,2024-04-12 02:27:00
LOG-0557,COMP-0002,WF-02,02_Tally_Ledger_Sync,Scheduled,2024-04-12 02:21:00,2024-04-12 02:21:45,Success,25,,45,2024-04-12 02:21:00
LOG-0558,COMP-0002,WF-03,03_Tally_Party_Sync,Scheduled,2024-04-12 02:37:00,2024-04-12 02:38:00,Success,15,,60,2024-04-12 02:37:00
LOG-0559,COMP-0002,WF-05,05_Tally_Sales_Voucher_Sync,Scheduled,2024-04-12 02:22:00,2024-04-12 02:24:30,Success,30,,150,2024-04-12 02:22:00
LOG-0560,COMP-0002,WF-09,09_Tally_Inventory_Sync,Scheduled,2024-04-12 02:22:00,2024-04-12 02:24:00,Success,50,,120,2024-04-12 02:22:00
LOG-0561,COMP-0003,WF-01,01_Tally_Company_Sync,Scheduled,2024-04-12 02:02:00,2024-04-12 02:02:15,Success,3,,15,2024-04-12 02:02:00
LOG-0562,COMP-0003,WF-02,02_Tally_Ledger_Sync,Scheduled,2024-04-12 02:09:00,2024-04-12 02:09:45,Success,25,,45,2024-04-12 02:09:00
LOG-0563,COMP-0003,WF-03,03_Tally_Party_Sync,Scheduled,2024-04-12 02:26:00,2024-04-12 02:27:00,Failed,0,Connection timeout,0,2024-04-12 02:26:00
LOG-0564,COMP-0003,WF-05,05_Tally_Sales_Voucher_Sync,Scheduled,2024-04-12 02:16:00,2024-04-12 02:18:30,Success,30,,150,2024-04-12 02:16:00
LOG-0565,COMP-0003,WF-09,09_Tally_Inventory_Sync,Scheduled,2024-04-12 02:26:00,2024-04-12 02:28:00,Failed,0,Connection timeout,0,2024-04-12 02:26:00
LOG-0566,COMP-0004,WF-01,01_Tally_Company_Sync,Scheduled,2024-04-12 02:16:00,2024-04-12 02:16:15,Success,3,,15,2024-04-12 02:16:00
LOG-0567,COMP-0004,WF-02,02_Tally_Ledger_Sync,Scheduled,2024-04-12 02:50:00,2024-04-12 02:50:45,Success,25,,45,2024-04-12 02:50:00
LOG-0568,COMP-0004,WF-03,03_Tally_Party_Sync,Scheduled,2024-04-12 02:17:00,2024-04-12 02:18:00,Success,15,,60,2024-04-12 02:17:00
LOG-0569,COMP-0004,WF-05,05_Tally_Sales_Voucher_Sync,Scheduled,2024-04-12 02:51:00,2024-04-12 02:53:30,Success,30,,150,2024-04-12 02:51:00
LOG-0570,COMP-0004,WF-09,09_Tally_Inventory_Sync,Scheduled,2024-04-12 02:49:00,2024-04-12 02:51:00,Success,50,,120,2024-04-12 02:49:00
LOG-0571,COMP-0005,WF-01,01_Tally_Company_Sync,Scheduled,2024-04-12 02:35:00,2024-04-12 02:35:15,Success,3,,15,2024-04-12 02:35:00
LOG-0572,COMP-0005,WF-02,02_Tally_Ledger_Sync,Scheduled,2024-04-12 02:59:00,2024-04-12 02:59:45,Success,25,,45,2024-04-12 02:59:00
LOG-0573,COMP-0005,WF-03,03_Tally_Party_Sync,Scheduled,2024-04-12 02:05:00,2024-04-12 02:06:00,Success,15,,60,2024-04-12 02:05:00
LOG-0574,COMP-0005,WF-05,05_Tally_Sales_Voucher_Sync,Scheduled,2024-04-12 02:09:00,2024-04-12 02:11:30,Success,30,,150,2024-04-12 02:09:00
LOG-0575,COMP-0005,WF-09,09_Tally_Inventory_Sync,Scheduled,2024-04-12 02:46:00,2024-04-12 02:48:00,Success,50,,120,2024-04-12 02:46:00
LOG-0576,COMP-0006,WF-01,01_Tally_Company_Sync,Scheduled,2024-04-12 02:00:00,2024-04-12 02:00:15,Success,3,,15,2024-04-12 02:00:00
LOG-0577,COMP-0006,WF-02,02_Tally_Ledger_Sync,Scheduled,2024-04-12 02:20:00,2024-04-12 02:20:45,Success,25,,45,2024-04-12 02:20:00
LOG-0578,COMP-0006,WF-03,03_Tally_Party_Sync,Scheduled,2024-04-12 02:47:00,2024-04-12 02:48:00,Failed,0,Connection timeout,0,2024-04-12 02:47:00
LOG-0579,COMP-0006,WF-05,05_Tally_Sales_Voucher_Sync,Scheduled,2024-04-12 02:57:00,2024-04-12 02:59:30,Success,30,,150,2024-04-12 02:57:00
LOG-0580,COMP-0006,WF-09,09_Tally_Inventory_Sync,Scheduled,2024-04-12 02:55:00,2024-04-12 02:57:00,Success,50,,120,2024-04-12 02:55:00
LOG-0581,COMP-0007,WF-01,01_Tally_Company_Sync,Scheduled,2024-04-12 02:34:00,2024-04-12 02:34:15,Success,3,,15,2024-04-12 02:34:00
LOG-0582,COMP-0007,WF-02,02_Tally_Ledger_Sync,Scheduled,2024-04-12 02:41:00,2024-04-12 02:41:45,Success,25,,45,2024-04-12 02:41:00
LOG-0583,COMP-0007,WF-03,03_Tally_Party_Sync,Scheduled,2024-04-12 02:01:00,2024-04-12 02:02:00,Success,15,,60,2024-04-12 02:01:00
LOG-0584,COMP-0007,WF-05,05_Tally_Sales_Voucher_Sync,Scheduled,2024-04-12 02:18:00,2024-04-12 02:20:30,Success,30,,150,2024-04-12 02:18:00
LOG-0585,COMP-0007,WF-09,09_Tally_Inventory_Sync,Scheduled,2024-04-12 02:35:00,2024-04-12 02:37:00,Success,50,,120,2024-04-12 02:35:00
LOG-0586,COMP-0008,WF-01,01_Tally_Company_Sync,Scheduled,2024-04-12 02:15:00,2024-04-12 02:15:15,Success,3,,15,2024-04-12 02:15:00
LOG-0587,COMP-0008,WF-02,02_Tally_Ledger_Sync,Scheduled,2024-04-12 02:59:00,2024-04-12 02:59:45,Success,25,,45,2024-04-12 02:59:00
LOG-0588,COMP-0008,WF-03,03_Tally_Party_Sync,Scheduled,2024-04-12 02:23:00,2024-04-12 02:24:00,Success,15,,60,2024-04-12 02:23:00
LOG-0589,COMP-0008,WF-05,05_Tally_Sales_Voucher_Sync,Scheduled,2024-04-12 02:21:00,2024-04-12 02:23:30,Success,30,,150,2024-04-12 02:21:00
LOG-0590,COMP-0008,WF-09,09_Tally_Inventory_Sync,Scheduled,2024-04-12 02:03:00,2024-04-12 02:05:00,Success,50,,120,2024-04-12 02:03:00
LOG-0591,COMP-0009,WF-01,01_Tally_Company_Sync,Scheduled,2024-04-12 02:26:00,2024-04-12 02:26:15,Success,3,,15,2024-04-12 02:26:00
LOG-0592,COMP-0009,WF-02,02_Tally_Ledger_Sync,Scheduled,2024-04-12 02:21:00,2024-04-12 02:21:45,Success,25,,45,2024-04-12 02:21:00
LOG-0593,COMP-0009,WF-03,03_Tally_Party_Sync,Scheduled,2024-04-12 02:31:00,2024-04-12 02:32:00,Success,15,,60,2024-04-12 02:31:00
LOG-0594,COMP-0009,WF-05,05_Tally_Sales_Voucher_Sync,Scheduled,2024-04-12 02:49:00,2024-04-12 02:51:30,Success,30,,150,2024-04-12 02:49:00
LOG-0595,COMP-0009,WF-09,09_Tally_Inventory_Sync,Scheduled,2024-04-12 02:51:00,2024-04-12 02:53:00,Success,50,,120,2024-04-12 02:51:00
LOG-0596,COMP-0010,WF-01,01_Tally_Company_Sync,Scheduled,2024-04-12 02:59:00,2024-04-12 02:59:15,Success,3,,15,2024-04-12 02:59:00
LOG-0597,COMP-0010,WF-02,02_Tally_Ledger_Sync,Scheduled,2024-04-12 02:14:00,2024-04-12 02:14:45,Success,25,,45,2024-04-12 02:14:00
LOG-0598,COMP-0010,WF-03,03_Tally_Party_Sync,Scheduled,2024-04-12 02:31:00,2024-04-12 02:32:00,Success,15,,60,2024-04-12 02:31:00
LOG-0599,COMP-0010,WF-05,05_Tally_Sales_Voucher_Sync,Scheduled,2024-04-12 02:12:00,2024-04-12 02:14:30,Success,30,,150,2024-04-12 02:12:00
LOG-0600,COMP-0010,WF-09,09_Tally_Inventory_Sync,Scheduled,2024-04-12 02:38:00,2024-04-12 02:40:00,Success,50,,120,2024-04-12 02:38:00
LOG-0601,COMP-0001,WF-01,01_Tally_Company_Sync,Scheduled,2024-04-13 02:43:00,2024-04-13 02:43:15,Failed,0,Connection timeout,0,2024-04-13 02:43:00
LOG-0602,COMP-0001,WF-02,02_Tally_Ledger_Sync,Scheduled,2024-04-13 02:02:00,2024-04-13 02:02:45,Success,25,,45,2024-04-13 02:02:00
LOG-0603,COMP-0001,WF-03,03_Tally_Party_Sync,Scheduled,2024-04-13 02:11:00,2024-04-13 02:12:00,Failed,0,Connection timeout,0,2024-04-13 02:11:00
LOG-0604,COMP-0001,WF-05,05_Tally_Sales_Voucher_Sync,Scheduled,2024-04-13 02:52:00,2024-04-13 02:54:30,Success,30,,150,2024-04-13 02:52:00
LOG-0605,COMP-0001,WF-09,09_Tally_Inventory_Sync,Scheduled,2024-04-13 02:36:00,2024-04-13 02:38:00,Success,50,,120,2024-04-13 02:36:00
LOG-0606,COMP-0002,WF-01,01_Tally_Company_Sync,Scheduled,2024-04-13 02:42:00,2024-04-13 02:42:15,Success,3,,15,2024-04-13 02:42:00
LOG-0607,COMP-0002,WF-02,02_Tally_Ledger_Sync,Scheduled,2024-04-13 02:53:00,2024-04-13 02:53:45,Success,25,,45,2024-04-13 02:53:00
LOG-0608,COMP-0002,WF-03,03_Tally_Party_Sync,Scheduled,2024-04-13 02:27:00,2024-04-13 02:28:00,Success,15,,60,2024-04-13 02:27:00
LOG-0609,COMP-0002,WF-05,05_Tally_Sales_Voucher_Sync,Scheduled,2024-04-13 02:36:00,2024-04-13 02:38:30,Success,30,,150,2024-04-13 02:36:00
LOG-0610,COMP-0002,WF-09,09_Tally_Inventory_Sync,Scheduled,2024-04-13 02:43:00,2024-04-13 02:45:00,Failed,0,Connection timeout,0,2024-04-13 02:43:00
LOG-0611,COMP-0003,WF-01,01_Tally_Company_Sync,Scheduled,2024-04-13 02:03:00,2024-04-13 02:03:15,Success,3,,15,2024-04-13 02:03:00
LOG-0612,COMP-0003,WF-02,02_Tally_Ledger_Sync,Scheduled,2024-04-13 02:23:00,2024-04-13 02:23:45,Success,25,,45,2024-04-13 02:23:00
LOG-0613,COMP-0003,WF-03,03_Tally_Party_Sync,Scheduled,2024-04-13 02:43:00,2024-04-13 02:44:00,Success,15,,60,2024-04-13 02:43:00
LOG-0614,COMP-0003,WF-05,05_Tally_Sales_Voucher_Sync,Scheduled,2024-04-13 02:06:00,2024-04-13 02:08:30,Failed,0,Connection timeout,0,2024-04-13 02:06:00
LOG-0615,COMP-0003,WF-09,09_Tally_Inventory_Sync,Scheduled,2024-04-13 02:38:00,2024-04-13 02:40:00,Success,50,,120,2024-04-13 02:38:00
LOG-0616,COMP-0004,WF-01,01_Tally_Company_Sync,Scheduled,2024-04-13 02:41:00,2024-04-13 02:41:15,Failed,0,Connection timeout,0,2024-04-13 02:41:00
LOG-0617,COMP-0004,WF-02,02_Tally_Ledger_Sync,Scheduled,2024-04-13 02:29:00,2024-04-13 02:29:45,Success,25,,45,2024-04-13 02:29:00
LOG-0618,COMP-0004,WF-03,03_Tally_Party_Sync,Scheduled,2024-04-13 02:46:00,2024-04-13 02:47:00,Failed,0,Connection timeout,0,2024-04-13 02:46:00
LOG-0619,COMP-0004,WF-05,05_Tally_Sales_Voucher_Sync,Scheduled,2024-04-13 02:21:00,2024-04-13 02:23:30,Failed,0,Connection timeout,0,2024-04-13 02:21:00
LOG-0620,COMP-0004,WF-09,09_Tally_Inventory_Sync,Scheduled,2024-04-13 02:11:00,2024-04-13 02:13:00,Success,50,,120,2024-04-13 02:11:00
LOG-0621,COMP-0005,WF-01,01_Tally_Company_Sync,Scheduled,2024-04-13 02:13:00,2024-04-13 02:13:15,Failed,0,Connection timeout,0,2024-04-13 02:13:00
LOG-0622,COMP-0005,WF-02,02_Tally_Ledger_Sync,Scheduled,2024-04-13 02:13:00,2024-04-13 02:13:45,Success,25,,45,2024-04-13 02:13:00
LOG-0623,COMP-0005,WF-03,03_Tally_Party_Sync,Scheduled,2024-04-13 02:39:00,2024-04-13 02:40:00,Success,15,,60,2024-04-13 02:39:00
LOG-0624,COMP-0005,WF-05,05_Tally_Sales_Voucher_Sync,Scheduled,2024-04-13 02:27:00,2024-04-13 02:29:30,Failed,0,Connection timeout,0,2024-04-13 02:27:00
LOG-0625,COMP-0005,WF-09,09_Tally_Inventory_Sync,Scheduled,2024-04-13 02:57:00,2024-04-13 02:59:00,Success,50,,120,2024-04-13 02:57:00
LOG-0626,COMP-0006,WF-01,01_Tally_Company_Sync,Scheduled,2024-04-13 02:07:00,2024-04-13 02:07:15,Success,3,,15,2024-04-13 02:07:00
LOG-0627,COMP-0006,WF-02,02_Tally_Ledger_Sync,Scheduled,2024-04-13 02:46:00,2024-04-13 02:46:45,Success,25,,45,2024-04-13 02:46:00
LOG-0628,COMP-0006,WF-03,03_Tally_Party_Sync,Scheduled,2024-04-13 02:41:00,2024-04-13 02:42:00,Failed,0,Connection timeout,0,2024-04-13 02:41:00
LOG-0629,COMP-0006,WF-05,05_Tally_Sales_Voucher_Sync,Scheduled,2024-04-13 02:15:00,2024-04-13 02:17:30,Success,30,,150,2024-04-13 02:15:00
LOG-0630,COMP-0006,WF-09,09_Tally_Inventory_Sync,Scheduled,2024-04-13 02:52:00,2024-04-13 02:54:00,Success,50,,120,2024-04-13 02:52:00
LOG-0631,COMP-0007,WF-01,01_Tally_Company_Sync,Scheduled,2024-04-13 02:47:00,2024-04-13 02:47:15,Success,3,,15,2024-04-13 02:47:00
LOG-0632,COMP-0007,WF-02,02_Tally_Ledger_Sync,Scheduled,2024-04-13 02:53:00,2024-04-13 02:53:45,Success,25,,45,2024-04-13 02:53:00
LOG-0633,COMP-0007,WF-03,03_Tally_Party_Sync,Scheduled,2024-04-13 02:38:00,2024-04-13 02:39:00,Failed,0,Connection timeout,0,2024-04-13 02:38:00
LOG-0634,COMP-0007,WF-05,05_Tally_Sales_Voucher_Sync,Scheduled,2024-04-13 02:58:00,2024-04-13 03:00:30,Success,30,,150,2024-04-13 02:58:00
LOG-0635,COMP-0007,WF-09,09_Tally_Inventory_Sync,Scheduled,2024-04-13 02:41:00,2024-04-13 02:43:00,Success,50,,120,2024-04-13 02:41:00
LOG-0636,COMP-0008,WF-01,01_Tally_Company_Sync,Scheduled,2024-04-13 02:07:00,2024-04-13 02:07:15,Success,3,,15,2024-04-13 02:07:00
LOG-0637,COMP-0008,WF-02,02_Tally_Ledger_Sync,Scheduled,2024-04-13 02:21:00,2024-04-13 02:21:45,Failed,0,Connection timeout,0,2024-04-13 02:21:00
LOG-0638,COMP-0008,WF-03,03_Tally_Party_Sync,Scheduled,2024-04-13 02:30:00,2024-04-13 02:31:00,Success,15,,60,2024-04-13 02:30:00
LOG-0639,COMP-0008,WF-05,05_Tally_Sales_Voucher_Sync,Scheduled,2024-04-13 02:11:00,2024-04-13 02:13:30,Failed,0,Connection timeout,0,2024-04-13 02:11:00
LOG-0640,COMP-0008,WF-09,09_Tally_Inventory_Sync,Scheduled,2024-04-13 02:02:00,2024-04-13 02:04:00,Success,50,,120,2024-04-13 02:02:00
LOG-0641,COMP-0009,WF-01,01_Tally_Company_Sync,Scheduled,2024-04-13 02:57:00,2024-04-13 02:57:15,Success,3,,15,2024-04-13 02:57:00
LOG-0642,COMP-0009,WF-02,02_Tally_Ledger_Sync,Scheduled,2024-04-13 02:56:00,2024-04-13 02:56:45,Success,25,,45,2024-04-13 02:56:00
LOG-0643,COMP-0009,WF-03,03_Tally_Party_Sync,Scheduled,2024-04-13 02:14:00,2024-04-13 02:15:00,Success,15,,60,2024-04-13 02:14:00
LOG-0644,COMP-0009,WF-05,05_Tally_Sales_Voucher_Sync,Scheduled,2024-04-13 02:28:00,2024-04-13 02:30:30,Success,30,,150,2024-04-13 02:28:00
LOG-0645,COMP-0009,WF-09,09_Tally_Inventory_Sync,Scheduled,2024-04-13 02:11:00,2024-04-13 02:13:00,Success,50,,120,2024-04-13 02:11:00
LOG-0646,COMP-0010,WF-01,01_Tally_Company_Sync,Scheduled,2024-04-13 02:03:00,2024-04-13 02:03:15,Success,3,,15,2024-04-13 02:03:00
LOG-0647,COMP-0010,WF-02,02_Tally_Ledger_Sync,Scheduled,2024-04-13 02:39:00,2024-04-13 02:39:45,Success,25,,45,2024-04-13 02:39:00
LOG-0648,COMP-0010,WF-03,03_Tally_Party_Sync,Scheduled,2024-04-13 02:31:00,2024-04-13 02:32:00,Success,15,,60,2024-04-13 02:31:00
LOG-0649,COMP-0010,WF-05,05_Tally_Sales_Voucher_Sync,Scheduled,2024-04-13 02:34:00,2024-04-13 02:36:30,Success,30,,150,2024-04-13 02:34:00
LOG-0650,COMP-0010,WF-09,09_Tally_Inventory_Sync,Scheduled,2024-04-13 02:50:00,2024-04-13 02:52:00,Success,50,,120,2024-04-13 02:50:00
LOG-0651,COMP-0001,WF-01,01_Tally_Company_Sync,Scheduled,2024-04-14 02:35:00,2024-04-14 02:35:15,Success,3,,15,2024-04-14 02:35:00
LOG-0652,COMP-0001,WF-02,02_Tally_Ledger_Sync,Scheduled,2024-04-14 02:03:00,2024-04-14 02:03:45,Success,25,,45,2024-04-14 02:03:00
LOG-0653,COMP-0001,WF-03,03_Tally_Party_Sync,Scheduled,2024-04-14 02:09:00,2024-04-14 02:10:00,Success,15,,60,2024-04-14 02:09:00
LOG-0654,COMP-0001,WF-05,05_Tally_Sales_Voucher_Sync,Scheduled,2024-04-14 02:42:00,2024-04-14 02:44:30,Success,30,,150,2024-04-14 02:42:00
LOG-0655,COMP-0001,WF-09,09_Tally_Inventory_Sync,Scheduled,2024-04-14 02:44:00,2024-04-14 02:46:00,Success,50,,120,2024-04-14 02:44:00
LOG-0656,COMP-0002,WF-01,01_Tally_Company_Sync,Scheduled,2024-04-14 02:01:00,2024-04-14 02:01:15,Success,3,,15,2024-04-14 02:01:00
LOG-0657,COMP-0002,WF-02,02_Tally_Ledger_Sync,Scheduled,2024-04-14 02:10:00,2024-04-14 02:10:45,Success,25,,45,2024-04-14 02:10:00
LOG-0658,COMP-0002,WF-03,03_Tally_Party_Sync,Scheduled,2024-04-14 02:36:00,2024-04-14 02:37:00,Success,15,,60,2024-04-14 02:36:00
LOG-0659,COMP-0002,WF-05,05_Tally_Sales_Voucher_Sync,Scheduled,2024-04-14 02:57:00,2024-04-14 02:59:30,Success,30,,150,2024-04-14 02:57:00
LOG-0660,COMP-0002,WF-09,09_Tally_Inventory_Sync,Scheduled,2024-04-14 02:26:00,2024-04-14 02:28:00,Success,50,,120,2024-04-14 02:26:00
LOG-0661,COMP-0003,WF-01,01_Tally_Company_Sync,Scheduled,2024-04-14 02:23:00,2024-04-14 02:23:15,Success,3,,15,2024-04-14 02:23:00
LOG-0662,COMP-0003,WF-02,02_Tally_Ledger_Sync,Scheduled,2024-04-14 02:20:00,2024-04-14 02:20:45,Success,25,,45,2024-04-14 02:20:00
LOG-0663,COMP-0003,WF-03,03_Tally_Party_Sync,Scheduled,2024-04-14 02:56:00,2024-04-14 02:57:00,Success,15,,60,2024-04-14 02:56:00
LOG-0664,COMP-0003,WF-05,05_Tally_Sales_Voucher_Sync,Scheduled,2024-04-14 02:26:00,2024-04-14 02:28:30,Success,30,,150,2024-04-14 02:26:00
LOG-0665,COMP-0003,WF-09,09_Tally_Inventory_Sync,Scheduled,2024-04-14 02:36:00,2024-04-14 02:38:00,Failed,0,Connection timeout,0,2024-04-14 02:36:00
LOG-0666,COMP-0004,WF-01,01_Tally_Company_Sync,Scheduled,2024-04-14 02:44:00,2024-04-14 02:44:15,Success,3,,15,2024-04-14 02:44:00
LOG-0667,COMP-0004,WF-02,02_Tally_Ledger_Sync,Scheduled,2024-04-14 02:41:00,2024-04-14 02:41:45,Success,25,,45,2024-04-14 02:41:00
LOG-0668,COMP-0004,WF-03,03_Tally_Party_Sync,Scheduled,2024-04-14 02:53:00,2024-04-14 02:54:00,Success,15,,60,2024-04-14 02:53:00
LOG-0669,COMP-0004,WF-05,05_Tally_Sales_Voucher_Sync,Scheduled,2024-04-14 02:28:00,2024-04-14 02:30:30,Success,30,,150,2024-04-14 02:28:00
LOG-0670,COMP-0004,WF-09,09_Tally_Inventory_Sync,Scheduled,2024-04-14 02:40:00,2024-04-14 02:42:00,Success,50,,120,2024-04-14 02:40:00
LOG-0671,COMP-0005,WF-01,01_Tally_Company_Sync,Scheduled,2024-04-14 02:52:00,2024-04-14 02:52:15,Success,3,,15,2024-04-14 02:52:00
LOG-0672,COMP-0005,WF-02,02_Tally_Ledger_Sync,Scheduled,2024-04-14 02:11:00,2024-04-14 02:11:45,Success,25,,45,2024-04-14 02:11:00
LOG-0673,COMP-0005,WF-03,03_Tally_Party_Sync,Scheduled,2024-04-14 02:13:00,2024-04-14 02:14:00,Success,15,,60,2024-04-14 02:13:00
LOG-0674,COMP-0005,WF-05,05_Tally_Sales_Voucher_Sync,Scheduled,2024-04-14 02:29:00,2024-04-14 02:31:30,Success,30,,150,2024-04-14 02:29:00
LOG-0675,COMP-0005,WF-09,09_Tally_Inventory_Sync,Scheduled,2024-04-14 02:30:00,2024-04-14 02:32:00,Success,50,,120,2024-04-14 02:30:00
LOG-0676,COMP-0006,WF-01,01_Tally_Company_Sync,Scheduled,2024-04-14 02:57:00,2024-04-14 02:57:15,Success,3,,15,2024-04-14 02:57:00
LOG-0677,COMP-0006,WF-02,02_Tally_Ledger_Sync,Scheduled,2024-04-14 02:00:00,2024-04-14 02:00:45,Success,25,,45,2024-04-14 02:00:00
LOG-0678,COMP-0006,WF-03,03_Tally_Party_Sync,Scheduled,2024-04-14 02:51:00,2024-04-14 02:52:00,Success,15,,60,2024-04-14 02:51:00
LOG-0679,COMP-0006,WF-05,05_Tally_Sales_Voucher_Sync,Scheduled,2024-04-14 02:38:00,2024-04-14 02:40:30,Success,30,,150,2024-04-14 02:38:00
LOG-0680,COMP-0006,WF-09,09_Tally_Inventory_Sync,Scheduled,2024-04-14 02:20:00,2024-04-14 02:22:00,Success,50,,120,2024-04-14 02:20:00
LOG-0681,COMP-0007,WF-01,01_Tally_Company_Sync,Scheduled,2024-04-14 02:29:00,2024-04-14 02:29:15,Success,3,,15,2024-04-14 02:29:00
LOG-0682,COMP-0007,WF-02,02_Tally_Ledger_Sync,Scheduled,2024-04-14 02:03:00,2024-04-14 02:03:45,Success,25,,45,2024-04-14 02:03:00
LOG-0683,COMP-0007,WF-03,03_Tally_Party_Sync,Scheduled,2024-04-14 02:05:00,2024-04-14 02:06:00,Success,15,,60,2024-04-14 02:05:00
LOG-0684,COMP-0007,WF-05,05_Tally_Sales_Voucher_Sync,Scheduled,2024-04-14 02:39:00,2024-04-14 02:41:30,Success,30,,150,2024-04-14 02:39:00
LOG-0685,COMP-0007,WF-09,09_Tally_Inventory_Sync,Scheduled,2024-04-14 02:38:00,2024-04-14 02:40:00,Success,50,,120,2024-04-14 02:38:00
LOG-0686,COMP-0008,WF-01,01_Tally_Company_Sync,Scheduled,2024-04-14 02:58:00,2024-04-14 02:58:15,Success,3,,15,2024-04-14 02:58:00
LOG-0687,COMP-0008,WF-02,02_Tally_Ledger_Sync,Scheduled,2024-04-14 02:19:00,2024-04-14 02:19:45,Success,25,,45,2024-04-14 02:19:00
LOG-0688,COMP-0008,WF-03,03_Tally_Party_Sync,Scheduled,2024-04-14 02:33:00,2024-04-14 02:34:00,Success,15,,60,2024-04-14 02:33:00
LOG-0689,COMP-0008,WF-05,05_Tally_Sales_Voucher_Sync,Scheduled,2024-04-14 02:38:00,2024-04-14 02:40:30,Failed,0,Connection timeout,0,2024-04-14 02:38:00
LOG-0690,COMP-0008,WF-09,09_Tally_Inventory_Sync,Scheduled,2024-04-14 02:50:00,2024-04-14 02:52:00,Success,50,,120,2024-04-14 02:50:00
LOG-0691,COMP-0009,WF-01,01_Tally_Company_Sync,Scheduled,2024-04-14 02:57:00,2024-04-14 02:57:15,Success,3,,15,2024-04-14 02:57:00
LOG-0692,COMP-0009,WF-02,02_Tally_Ledger_Sync,Scheduled,2024-04-14 02:46:00,2024-04-14 02:46:45,Success,25,,45,2024-04-14 02:46:00
LOG-0693,COMP-0009,WF-03,03_Tally_Party_Sync,Scheduled,2024-04-14 02:41:00,2024-04-14 02:42:00,Failed,0,Connection timeout,0,2024-04-14 02:41:00
LOG-0694,COMP-0009,WF-05,05_Tally_Sales_Voucher_Sync,Scheduled,2024-04-14 02:16:00,2024-04-14 02:18:30,Success,30,,150,2024-04-14 02:16:00
LOG-0695,COMP-0009,WF-09,09_Tally_Inventory_Sync,Scheduled,2024-04-14 02:01:00,2024-04-14 02:03:00,Success,50,,120,2024-04-14 02:01:00
LOG-0696,COMP-0010,WF-01,01_Tally_Company_Sync,Scheduled,2024-04-14 02:12:00,2024-04-14 02:12:15,Failed,0,Connection timeout,0,2024-04-14 02:12:00
LOG-0697,COMP-0010,WF-02,02_Tally_Ledger_Sync,Scheduled,2024-04-14 02:04:00,2024-04-14 02:04:45,Success,25,,45,2024-04-14 02:04:00
LOG-0698,COMP-0010,WF-03,03_Tally_Party_Sync,Scheduled,2024-04-14 02:27:00,2024-04-14 02:28:00,Success,15,,60,2024-04-14 02:27:00
LOG-0699,COMP-0010,WF-05,05_Tally_Sales_Voucher_Sync,Scheduled,2024-04-14 02:24:00,2024-04-14 02:26:30,Failed,0,Connection timeout,0,2024-04-14 02:24:00
LOG-0700,COMP-0010,WF-09,09_Tally_Inventory_Sync,Scheduled,2024-04-14 02:25:00,2024-04-14 02:27:00,Success,50,,120,2024-04-14 02:25:00
LOG-0701,COMP-0001,WF-01,01_Tally_Company_Sync,Scheduled,2024-04-15 02:00:00,2024-04-15 02:00:15,Success,3,,15,2024-04-15 02:00:00
LOG-0702,COMP-0001,WF-02,02_Tally_Ledger_Sync,Scheduled,2024-04-15 02:04:00,2024-04-15 02:04:45,Success,25,,45,2024-04-15 02:04:00
LOG-0703,COMP-0001,WF-03,03_Tally_Party_Sync,Scheduled,2024-04-15 02:41:00,2024-04-15 02:42:00,Success,15,,60,2024-04-15 02:41:00
LOG-0704,COMP-0001,WF-05,05_Tally_Sales_Voucher_Sync,Scheduled,2024-04-15 02:19:00,2024-04-15 02:21:30,Success,30,,150,2024-04-15 02:19:00
LOG-0705,COMP-0001,WF-09,09_Tally_Inventory_Sync,Scheduled,2024-04-15 02:55:00,2024-04-15 02:57:00,Success,50,,120,2024-04-15 02:55:00
LOG-0706,COMP-0002,WF-01,01_Tally_Company_Sync,Scheduled,2024-04-15 02:23:00,2024-04-15 02:23:15,Success,3,,15,2024-04-15 02:23:00
LOG-0707,COMP-0002,WF-02,02_Tally_Ledger_Sync,Scheduled,2024-04-15 02:09:00,2024-04-15 02:09:45,Success,25,,45,2024-04-15 02:09:00
LOG-0708,COMP-0002,WF-03,03_Tally_Party_Sync,Scheduled,2024-04-15 02:33:00,2024-04-15 02:34:00,Success,15,,60,2024-04-15 02:33:00
LOG-0709,COMP-0002,WF-05,05_Tally_Sales_Voucher_Sync,Scheduled,2024-04-15 02:07:00,2024-04-15 02:09:30,Success,30,,150,2024-04-15 02:07:00
LOG-0710,COMP-0002,WF-09,09_Tally_Inventory_Sync,Scheduled,2024-04-15 02:48:00,2024-04-15 02:50:00,Success,50,,120,2024-04-15 02:48:00
LOG-0711,COMP-0003,WF-01,01_Tally_Company_Sync,Scheduled,2024-04-15 02:16:00,2024-04-15 02:16:15,Success,3,,15,2024-04-15 02:16:00
LOG-0712,COMP-0003,WF-02,02_Tally_Ledger_Sync,Scheduled,2024-04-15 02:43:00,2024-04-15 02:43:45,Success,25,,45,2024-04-15 02:43:00
LOG-0713,COMP-0003,WF-03,03_Tally_Party_Sync,Scheduled,2024-04-15 02:23:00,2024-04-15 02:24:00,Success,15,,60,2024-04-15 02:23:00
LOG-0714,COMP-0003,WF-05,05_Tally_Sales_Voucher_Sync,Scheduled,2024-04-15 02:17:00,2024-04-15 02:19:30,Success,30,,150,2024-04-15 02:17:00
LOG-0715,COMP-0003,WF-09,09_Tally_Inventory_Sync,Scheduled,2024-04-15 02:25:00,2024-04-15 02:27:00,Failed,0,Connection timeout,0,2024-04-15 02:25:00
LOG-0716,COMP-0004,WF-01,01_Tally_Company_Sync,Scheduled,2024-04-15 02:05:00,2024-04-15 02:05:15,Success,3,,15,2024-04-15 02:05:00
LOG-0717,COMP-0004,WF-02,02_Tally_Ledger_Sync,Scheduled,2024-04-15 02:05:00,2024-04-15 02:05:45,Success,25,,45,2024-04-15 02:05:00
LOG-0718,COMP-0004,WF-03,03_Tally_Party_Sync,Scheduled,2024-04-15 02:35:00,2024-04-15 02:36:00,Success,15,,60,2024-04-15 02:35:00
LOG-0719,COMP-0004,WF-05,05_Tally_Sales_Voucher_Sync,Scheduled,2024-04-15 02:35:00,2024-04-15 02:37:30,Success,30,,150,2024-04-15 02:35:00
LOG-0720,COMP-0004,WF-09,09_Tally_Inventory_Sync,Scheduled,2024-04-15 02:28:00,2024-04-15 02:30:00,Failed,0,Connection timeout,0,2024-04-15 02:28:00
LOG-0721,COMP-0005,WF-01,01_Tally_Company_Sync,Scheduled,2024-04-15 02:44:00,2024-04-15 02:44:15,Failed,0,Connection timeout,0,2024-04-15 02:44:00
LOG-0722,COMP-0005,WF-02,02_Tally_Ledger_Sync,Scheduled,2024-04-15 02:00:00,2024-04-15 02:00:45,Success,25,,45,2024-04-15 02:00:00
LOG-0723,COMP-0005,WF-03,03_Tally_Party_Sync,Scheduled,2024-04-15 02:49:00,2024-04-15 02:50:00,Success,15,,60,2024-04-15 02:49:00
LOG-0724,COMP-0005,WF-05,05_Tally_Sales_Voucher_Sync,Scheduled,2024-04-15 02:25:00,2024-04-15 02:27:30,Success,30,,150,2024-04-15 02:25:00
LOG-0725,COMP-0005,WF-09,09_Tally_Inventory_Sync,Scheduled,2024-04-15 02:57:00,2024-04-15 02:59:00,Success,50,,120,2024-04-15 02:57:00
LOG-0726,COMP-0006,WF-01,01_Tally_Company_Sync,Scheduled,2024-04-15 02:10:00,2024-04-15 02:10:15,Success,3,,15,2024-04-15 02:10:00
LOG-0727,COMP-0006,WF-02,02_Tally_Ledger_Sync,Scheduled,2024-04-15 02:29:00,2024-04-15 02:29:45,Failed,0,Connection timeout,0,2024-04-15 02:29:00
LOG-0728,COMP-0006,WF-03,03_Tally_Party_Sync,Scheduled,2024-04-15 02:46:00,2024-04-15 02:47:00,Success,15,,60,2024-04-15 02:46:00
LOG-0729,COMP-0006,WF-05,05_Tally_Sales_Voucher_Sync,Scheduled,2024-04-15 02:30:00,2024-04-15 02:32:30,Success,30,,150,2024-04-15 02:30:00
LOG-0730,COMP-0006,WF-09,09_Tally_Inventory_Sync,Scheduled,2024-04-15 02:03:00,2024-04-15 02:05:00,Success,50,,120,2024-04-15 02:03:00
LOG-0731,COMP-0007,WF-01,01_Tally_Company_Sync,Scheduled,2024-04-15 02:14:00,2024-04-15 02:14:15,Success,3,,15,2024-04-15 02:14:00
LOG-0732,COMP-0007,WF-02,02_Tally_Ledger_Sync,Scheduled,2024-04-15 02:35:00,2024-04-15 02:35:45,Success,25,,45,2024-04-15 02:35:00
LOG-0733,COMP-0007,WF-03,03_Tally_Party_Sync,Scheduled,2024-04-15 02:46:00,2024-04-15 02:47:00,Success,15,,60,2024-04-15 02:46:00
LOG-0734,COMP-0007,WF-05,05_Tally_Sales_Voucher_Sync,Scheduled,2024-04-15 02:24:00,2024-04-15 02:26:30,Success,30,,150,2024-04-15 02:24:00
LOG-0735,COMP-0007,WF-09,09_Tally_Inventory_Sync,Scheduled,2024-04-15 02:09:00,2024-04-15 02:11:00,Success,50,,120,2024-04-15 02:09:00
LOG-0736,COMP-0008,WF-01,01_Tally_Company_Sync,Scheduled,2024-04-15 02:18:00,2024-04-15 02:18:15,Success,3,,15,2024-04-15 02:18:00
LOG-0737,COMP-0008,WF-02,02_Tally_Ledger_Sync,Scheduled,2024-04-15 02:42:00,2024-04-15 02:42:45,Success,25,,45,2024-04-15 02:42:00
LOG-0738,COMP-0008,WF-03,03_Tally_Party_Sync,Scheduled,2024-04-15 02:04:00,2024-04-15 02:05:00,Failed,0,Connection timeout,0,2024-04-15 02:04:00
LOG-0739,COMP-0008,WF-05,05_Tally_Sales_Voucher_Sync,Scheduled,2024-04-15 02:59:00,2024-04-15 03:01:30,Failed,0,Connection timeout,0,2024-04-15 02:59:00
LOG-0740,COMP-0008,WF-09,09_Tally_Inventory_Sync,Scheduled,2024-04-15 02:59:00,2024-04-15 03:01:00,Success,50,,120,2024-04-15 02:59:00
LOG-0741,COMP-0009,WF-01,01_Tally_Company_Sync,Scheduled,2024-04-15 02:43:00,2024-04-15 02:43:15,Failed,0,Connection timeout,0,2024-04-15 02:43:00
LOG-0742,COMP-0009,WF-02,02_Tally_Ledger_Sync,Scheduled,2024-04-15 02:52:00,2024-04-15 02:52:45,Success,25,,45,2024-04-15 02:52:00
LOG-0743,COMP-0009,WF-03,03_Tally_Party_Sync,Scheduled,2024-04-15 02:35:00,2024-04-15 02:36:00,Success,15,,60,2024-04-15 02:35:00
LOG-0744,COMP-0009,WF-05,05_Tally_Sales_Voucher_Sync,Scheduled,2024-04-15 02:01:00,2024-04-15 02:03:30,Success,30,,150,2024-04-15 02:01:00
LOG-0745,COMP-0009,WF-09,09_Tally_Inventory_Sync,Scheduled,2024-04-15 02:00:00,2024-04-15 02:02:00,Success,50,,120,2024-04-15 02:00:00
LOG-0746,COMP-0010,WF-01,01_Tally_Company_Sync,Scheduled,2024-04-15 02:09:00,2024-04-15 02:09:15,Success,3,,15,2024-04-15 02:09:00
LOG-0747,COMP-0010,WF-02,02_Tally_Ledger_Sync,Scheduled,2024-04-15 02:18:00,2024-04-15 02:18:45,Success,25,,45,2024-04-15 02:18:00
LOG-0748,COMP-0010,WF-03,03_Tally_Party_Sync,Scheduled,2024-04-15 02:10:00,2024-04-15 02:11:00,Success,15,,60,2024-04-15 02:10:00
LOG-0749,COMP-0010,WF-05,05_Tally_Sales_Voucher_Sync,Scheduled,2024-04-15 02:59:00,2024-04-15 03:01:30,Success,30,,150,2024-04-15 02:59:00
LOG-0750,COMP-0010,WF-09,09_Tally_Inventory_Sync,Scheduled,2024-04-15 02:45:00,2024-04-15 02:47:00,Success,50,,120,2024-04-15 02:45:00
LOG-0751,COMP-0001,WF-01,01_Tally_Company_Sync,Scheduled,2024-04-16 02:11:00,2024-04-16 02:11:15,Success,3,,15,2024-04-16 02:11:00
LOG-0752,COMP-0001,WF-02,02_Tally_Ledger_Sync,Scheduled,2024-04-16 02:00:00,2024-04-16 02:00:45,Failed,0,Connection timeout,0,2024-04-16 02:00:00
LOG-0753,COMP-0001,WF-03,03_Tally_Party_Sync,Scheduled,2024-04-16 02:11:00,2024-04-16 02:12:00,Success,15,,60,2024-04-16 02:11:00
LOG-0754,COMP-0001,WF-05,05_Tally_Sales_Voucher_Sync,Scheduled,2024-04-16 02:56:00,2024-04-16 02:58:30,Success,30,,150,2024-04-16 02:56:00
LOG-0755,COMP-0001,WF-09,09_Tally_Inventory_Sync,Scheduled,2024-04-16 02:57:00,2024-04-16 02:59:00,Success,50,,120,2024-04-16 02:57:00
LOG-0756,COMP-0002,WF-01,01_Tally_Company_Sync,Scheduled,2024-04-16 02:38:00,2024-04-16 02:38:15,Success,3,,15,2024-04-16 02:38:00
LOG-0757,COMP-0002,WF-02,02_Tally_Ledger_Sync,Scheduled,2024-04-16 02:41:00,2024-04-16 02:41:45,Success,25,,45,2024-04-16 02:41:00
LOG-0758,COMP-0002,WF-03,03_Tally_Party_Sync,Scheduled,2024-04-16 02:44:00,2024-04-16 02:45:00,Success,15,,60,2024-04-16 02:44:00
LOG-0759,COMP-0002,WF-05,05_Tally_Sales_Voucher_Sync,Scheduled,2024-04-16 02:55:00,2024-04-16 02:57:30,Success,30,,150,2024-04-16 02:55:00
LOG-0760,COMP-0002,WF-09,09_Tally_Inventory_Sync,Scheduled,2024-04-16 02:40:00,2024-04-16 02:42:00,Success,50,,120,2024-04-16 02:40:00
LOG-0761,COMP-0003,WF-01,01_Tally_Company_Sync,Scheduled,2024-04-16 02:38:00,2024-04-16 02:38:15,Success,3,,15,2024-04-16 02:38:00
LOG-0762,COMP-0003,WF-02,02_Tally_Ledger_Sync,Scheduled,2024-04-16 02:38:00,2024-04-16 02:38:45,Success,25,,45,2024-04-16 02:38:00
LOG-0763,COMP-0003,WF-03,03_Tally_Party_Sync,Scheduled,2024-04-16 02:28:00,2024-04-16 02:29:00,Success,15,,60,2024-04-16 02:28:00
LOG-0764,COMP-0003,WF-05,05_Tally_Sales_Voucher_Sync,Scheduled,2024-04-16 02:16:00,2024-04-16 02:18:30,Success,30,,150,2024-04-16 02:16:00
LOG-0765,COMP-0003,WF-09,09_Tally_Inventory_Sync,Scheduled,2024-04-16 02:10:00,2024-04-16 02:12:00,Success,50,,120,2024-04-16 02:10:00
LOG-0766,COMP-0004,WF-01,01_Tally_Company_Sync,Scheduled,2024-04-16 02:24:00,2024-04-16 02:24:15,Success,3,,15,2024-04-16 02:24:00
LOG-0767,COMP-0004,WF-02,02_Tally_Ledger_Sync,Scheduled,2024-04-16 02:43:00,2024-04-16 02:43:45,Success,25,,45,2024-04-16 02:43:00
LOG-0768,COMP-0004,WF-03,03_Tally_Party_Sync,Scheduled,2024-04-16 02:47:00,2024-04-16 02:48:00,Success,15,,60,2024-04-16 02:47:00
LOG-0769,COMP-0004,WF-05,05_Tally_Sales_Voucher_Sync,Scheduled,2024-04-16 02:41:00,2024-04-16 02:43:30,Success,30,,150,2024-04-16 02:41:00
LOG-0770,COMP-0004,WF-09,09_Tally_Inventory_Sync,Scheduled,2024-04-16 02:18:00,2024-04-16 02:20:00,Success,50,,120,2024-04-16 02:18:00
LOG-0771,COMP-0005,WF-01,01_Tally_Company_Sync,Scheduled,2024-04-16 02:18:00,2024-04-16 02:18:15,Failed,0,Connection timeout,0,2024-04-16 02:18:00
LOG-0772,COMP-0005,WF-02,02_Tally_Ledger_Sync,Scheduled,2024-04-16 02:49:00,2024-04-16 02:49:45,Success,25,,45,2024-04-16 02:49:00
LOG-0773,COMP-0005,WF-03,03_Tally_Party_Sync,Scheduled,2024-04-16 02:28:00,2024-04-16 02:29:00,Success,15,,60,2024-04-16 02:28:00
LOG-0774,COMP-0005,WF-05,05_Tally_Sales_Voucher_Sync,Scheduled,2024-04-16 02:50:00,2024-04-16 02:52:30,Success,30,,150,2024-04-16 02:50:00
LOG-0775,COMP-0005,WF-09,09_Tally_Inventory_Sync,Scheduled,2024-04-16 02:54:00,2024-04-16 02:56:00,Success,50,,120,2024-04-16 02:54:00
LOG-0776,COMP-0006,WF-01,01_Tally_Company_Sync,Scheduled,2024-04-16 02:57:00,2024-04-16 02:57:15,Success,3,,15,2024-04-16 02:57:00
LOG-0777,COMP-0006,WF-02,02_Tally_Ledger_Sync,Scheduled,2024-04-16 02:12:00,2024-04-16 02:12:45,Success,25,,45,2024-04-16 02:12:00
LOG-0778,COMP-0006,WF-03,03_Tally_Party_Sync,Scheduled,2024-04-16 02:59:00,2024-04-16 03:00:00,Success,15,,60,2024-04-16 02:59:00
LOG-0779,COMP-0006,WF-05,05_Tally_Sales_Voucher_Sync,Scheduled,2024-04-16 02:39:00,2024-04-16 02:41:30,Success,30,,150,2024-04-16 02:39:00
LOG-0780,COMP-0006,WF-09,09_Tally_Inventory_Sync,Scheduled,2024-04-16 02:55:00,2024-04-16 02:57:00,Success,50,,120,2024-04-16 02:55:00
LOG-0781,COMP-0007,WF-01,01_Tally_Company_Sync,Scheduled,2024-04-16 02:27:00,2024-04-16 02:27:15,Success,3,,15,2024-04-16 02:27:00
LOG-0782,COMP-0007,WF-02,02_Tally_Ledger_Sync,Scheduled,2024-04-16 02:25:00,2024-04-16 02:25:45,Success,25,,45,2024-04-16 02:25:00
LOG-0783,COMP-0007,WF-03,03_Tally_Party_Sync,Scheduled,2024-04-16 02:49:00,2024-04-16 02:50:00,Success,15,,60,2024-04-16 02:49:00
LOG-0784,COMP-0007,WF-05,05_Tally_Sales_Voucher_Sync,Scheduled,2024-04-16 02:38:00,2024-04-16 02:40:30,Success,30,,150,2024-04-16 02:38:00
LOG-0785,COMP-0007,WF-09,09_Tally_Inventory_Sync,Scheduled,2024-04-16 02:34:00,2024-04-16 02:36:00,Success,50,,120,2024-04-16 02:34:00
LOG-0786,COMP-0008,WF-01,01_Tally_Company_Sync,Scheduled,2024-04-16 02:43:00,2024-04-16 02:43:15,Success,3,,15,2024-04-16 02:43:00
LOG-0787,COMP-0008,WF-02,02_Tally_Ledger_Sync,Scheduled,2024-04-16 02:49:00,2024-04-16 02:49:45,Success,25,,45,2024-04-16 02:49:00
LOG-0788,COMP-0008,WF-03,03_Tally_Party_Sync,Scheduled,2024-04-16 02:53:00,2024-04-16 02:54:00,Success,15,,60,2024-04-16 02:53:00
LOG-0789,COMP-0008,WF-05,05_Tally_Sales_Voucher_Sync,Scheduled,2024-04-16 02:21:00,2024-04-16 02:23:30,Success,30,,150,2024-04-16 02:21:00
LOG-0790,COMP-0008,WF-09,09_Tally_Inventory_Sync,Scheduled,2024-04-16 02:05:00,2024-04-16 02:07:00,Success,50,,120,2024-04-16 02:05:00
LOG-0791,COMP-0009,WF-01,01_Tally_Company_Sync,Scheduled,2024-04-16 02:29:00,2024-04-16 02:29:15,Success,3,,15,2024-04-16 02:29:00
LOG-0792,COMP-0009,WF-02,02_Tally_Ledger_Sync,Scheduled,2024-04-16 02:42:00,2024-04-16 02:42:45,Success,25,,45,2024-04-16 02:42:00
LOG-0793,COMP-0009,WF-03,03_Tally_Party_Sync,Scheduled,2024-04-16 02:23:00,2024-04-16 02:24:00,Failed,0,Connection timeout,0,2024-04-16 02:23:00
LOG-0794,COMP-0009,WF-05,05_Tally_Sales_Voucher_Sync,Scheduled,2024-04-16 02:39:00,2024-04-16 02:41:30,Success,30,,150,2024-04-16 02:39:00
LOG-0795,COMP-0009,WF-09,09_Tally_Inventory_Sync,Scheduled,2024-04-16 02:33:00,2024-04-16 02:35:00,Success,50,,120,2024-04-16 02:33:00
LOG-0796,COMP-0010,WF-01,01_Tally_Company_Sync,Scheduled,2024-04-16 02:17:00,2024-04-16 02:17:15,Success,3,,15,2024-04-16 02:17:00
LOG-0797,COMP-0010,WF-02,02_Tally_Ledger_Sync,Scheduled,2024-04-16 02:39:00,2024-04-16 02:39:45,Success,25,,45,2024-04-16 02:39:00
LOG-0798,COMP-0010,WF-03,03_Tally_Party_Sync,Scheduled,2024-04-16 02:03:00,2024-04-16 02:04:00,Failed,0,Connection timeout,0,2024-04-16 02:03:00
LOG-0799,COMP-0010,WF-05,05_Tally_Sales_Voucher_Sync,Scheduled,2024-04-16 02:52:00,2024-04-16 02:54:30,Success,30,,150,2024-04-16 02:52:00
LOG-0800,COMP-0010,WF-09,09_Tally_Inventory_Sync,Scheduled,2024-04-16 02:32:00,2024-04-16 02:34:00,Success,50,,120,2024-04-16 02:32:00
LOG-0801,COMP-0001,WF-01,01_Tally_Company_Sync,Scheduled,2024-04-17 02:18:00,2024-04-17 02:18:15,Success,3,,15,2024-04-17 02:18:00
LOG-0802,COMP-0001,WF-02,02_Tally_Ledger_Sync,Scheduled,2024-04-17 02:43:00,2024-04-17 02:43:45,Success,25,,45,2024-04-17 02:43:00
LOG-0803,COMP-0001,WF-03,03_Tally_Party_Sync,Scheduled,2024-04-17 02:16:00,2024-04-17 02:17:00,Success,15,,60,2024-04-17 02:16:00
LOG-0804,COMP-0001,WF-05,05_Tally_Sales_Voucher_Sync,Scheduled,2024-04-17 02:01:00,2024-04-17 02:03:30,Success,30,,150,2024-04-17 02:01:00
LOG-0805,COMP-0001,WF-09,09_Tally_Inventory_Sync,Scheduled,2024-04-17 02:36:00,2024-04-17 02:38:00,Success,50,,120,2024-04-17 02:36:00
LOG-0806,COMP-0002,WF-01,01_Tally_Company_Sync,Scheduled,2024-04-17 02:13:00,2024-04-17 02:13:15,Success,3,,15,2024-04-17 02:13:00
LOG-0807,COMP-0002,WF-02,02_Tally_Ledger_Sync,Scheduled,2024-04-17 02:23:00,2024-04-17 02:23:45,Success,25,,45,2024-04-17 02:23:00
LOG-0808,COMP-0002,WF-03,03_Tally_Party_Sync,Scheduled,2024-04-17 02:20:00,2024-04-17 02:21:00,Success,15,,60,2024-04-17 02:20:00
LOG-0809,COMP-0002,WF-05,05_Tally_Sales_Voucher_Sync,Scheduled,2024-04-17 02:28:00,2024-04-17 02:30:30,Success,30,,150,2024-04-17 02:28:00
LOG-0810,COMP-0002,WF-09,09_Tally_Inventory_Sync,Scheduled,2024-04-17 02:06:00,2024-04-17 02:08:00,Success,50,,120,2024-04-17 02:06:00
LOG-0811,COMP-0003,WF-01,01_Tally_Company_Sync,Scheduled,2024-04-17 02:07:00,2024-04-17 02:07:15,Failed,0,Connection timeout,0,2024-04-17 02:07:00
LOG-0812,COMP-0003,WF-02,02_Tally_Ledger_Sync,Scheduled,2024-04-17 02:03:00,2024-04-17 02:03:45,Failed,0,Connection timeout,0,2024-04-17 02:03:00
LOG-0813,COMP-0003,WF-03,03_Tally_Party_Sync,Scheduled,2024-04-17 02:33:00,2024-04-17 02:34:00,Success,15,,60,2024-04-17 02:33:00
LOG-0814,COMP-0003,WF-05,05_Tally_Sales_Voucher_Sync,Scheduled,2024-04-17 02:44:00,2024-04-17 02:46:30,Success,30,,150,2024-04-17 02:44:00
LOG-0815,COMP-0003,WF-09,09_Tally_Inventory_Sync,Scheduled,2024-04-17 02:34:00,2024-04-17 02:36:00,Success,50,,120,2024-04-17 02:34:00
LOG-0816,COMP-0004,WF-01,01_Tally_Company_Sync,Scheduled,2024-04-17 02:43:00,2024-04-17 02:43:15,Success,3,,15,2024-04-17 02:43:00
LOG-0817,COMP-0004,WF-02,02_Tally_Ledger_Sync,Scheduled,2024-04-17 02:32:00,2024-04-17 02:32:45,Success,25,,45,2024-04-17 02:32:00
LOG-0818,COMP-0004,WF-03,03_Tally_Party_Sync,Scheduled,2024-04-17 02:42:00,2024-04-17 02:43:00,Success,15,,60,2024-04-17 02:42:00
LOG-0819,COMP-0004,WF-05,05_Tally_Sales_Voucher_Sync,Scheduled,2024-04-17 02:20:00,2024-04-17 02:22:30,Success,30,,150,2024-04-17 02:20:00
LOG-0820,COMP-0004,WF-09,09_Tally_Inventory_Sync,Scheduled,2024-04-17 02:52:00,2024-04-17 02:54:00,Success,50,,120,2024-04-17 02:52:00
LOG-0821,COMP-0005,WF-01,01_Tally_Company_Sync,Scheduled,2024-04-17 02:15:00,2024-04-17 02:15:15,Success,3,,15,2024-04-17 02:15:00
LOG-0822,COMP-0005,WF-02,02_Tally_Ledger_Sync,Scheduled,2024-04-17 02:36:00,2024-04-17 02:36:45,Success,25,,45,2024-04-17 02:36:00
LOG-0823,COMP-0005,WF-03,03_Tally_Party_Sync,Scheduled,2024-04-17 02:32:00,2024-04-17 02:33:00,Success,15,,60,2024-04-17 02:32:00
LOG-0824,COMP-0005,WF-05,05_Tally_Sales_Voucher_Sync,Scheduled,2024-04-17 02:03:00,2024-04-17 02:05:30,Success,30,,150,2024-04-17 02:03:00
LOG-0825,COMP-0005,WF-09,09_Tally_Inventory_Sync,Scheduled,2024-04-17 02:29:00,2024-04-17 02:31:00,Success,50,,120,2024-04-17 02:29:00
LOG-0826,COMP-0006,WF-01,01_Tally_Company_Sync,Scheduled,2024-04-17 02:12:00,2024-04-17 02:12:15,Success,3,,15,2024-04-17 02:12:00
LOG-0827,COMP-0006,WF-02,02_Tally_Ledger_Sync,Scheduled,2024-04-17 02:44:00,2024-04-17 02:44:45,Success,25,,45,2024-04-17 02:44:00
LOG-0828,COMP-0006,WF-03,03_Tally_Party_Sync,Scheduled,2024-04-17 02:34:00,2024-04-17 02:35:00,Success,15,,60,2024-04-17 02:34:00
LOG-0829,COMP-0006,WF-05,05_Tally_Sales_Voucher_Sync,Scheduled,2024-04-17 02:48:00,2024-04-17 02:50:30,Failed,0,Connection timeout,0,2024-04-17 02:48:00
LOG-0830,COMP-0006,WF-09,09_Tally_Inventory_Sync,Scheduled,2024-04-17 02:09:00,2024-04-17 02:11:00,Failed,0,Connection timeout,0,2024-04-17 02:09:00
LOG-0831,COMP-0007,WF-01,01_Tally_Company_Sync,Scheduled,2024-04-17 02:54:00,2024-04-17 02:54:15,Success,3,,15,2024-04-17 02:54:00
LOG-0832,COMP-0007,WF-02,02_Tally_Ledger_Sync,Scheduled,2024-04-17 02:09:00,2024-04-17 02:09:45,Success,25,,45,2024-04-17 02:09:00
LOG-0833,COMP-0007,WF-03,03_Tally_Party_Sync,Scheduled,2024-04-17 02:31:00,2024-04-17 02:32:00,Success,15,,60,2024-04-17 02:31:00
LOG-0834,COMP-0007,WF-05,05_Tally_Sales_Voucher_Sync,Scheduled,2024-04-17 02:08:00,2024-04-17 02:10:30,Success,30,,150,2024-04-17 02:08:00
LOG-0835,COMP-0007,WF-09,09_Tally_Inventory_Sync,Scheduled,2024-04-17 02:54:00,2024-04-17 02:56:00,Failed,0,Connection timeout,0,2024-04-17 02:54:00
LOG-0836,COMP-0008,WF-01,01_Tally_Company_Sync,Scheduled,2024-04-17 02:34:00,2024-04-17 02:34:15,Success,3,,15,2024-04-17 02:34:00
LOG-0837,COMP-0008,WF-02,02_Tally_Ledger_Sync,Scheduled,2024-04-17 02:52:00,2024-04-17 02:52:45,Success,25,,45,2024-04-17 02:52:00
LOG-0838,COMP-0008,WF-03,03_Tally_Party_Sync,Scheduled,2024-04-17 02:55:00,2024-04-17 02:56:00,Success,15,,60,2024-04-17 02:55:00
LOG-0839,COMP-0008,WF-05,05_Tally_Sales_Voucher_Sync,Scheduled,2024-04-17 02:30:00,2024-04-17 02:32:30,Success,30,,150,2024-04-17 02:30:00
LOG-0840,COMP-0008,WF-09,09_Tally_Inventory_Sync,Scheduled,2024-04-17 02:35:00,2024-04-17 02:37:00,Success,50,,120,2024-04-17 02:35:00
LOG-0841,COMP-0009,WF-01,01_Tally_Company_Sync,Scheduled,2024-04-17 02:45:00,2024-04-17 02:45:15,Success,3,,15,2024-04-17 02:45:00
LOG-0842,COMP-0009,WF-02,02_Tally_Ledger_Sync,Scheduled,2024-04-17 02:04:00,2024-04-17 02:04:45,Success,25,,45,2024-04-17 02:04:00
LOG-0843,COMP-0009,WF-03,03_Tally_Party_Sync,Scheduled,2024-04-17 02:51:00,2024-04-17 02:52:00,Success,15,,60,2024-04-17 02:51:00
LOG-0844,COMP-0009,WF-05,05_Tally_Sales_Voucher_Sync,Scheduled,2024-04-17 02:43:00,2024-04-17 02:45:30,Success,30,,150,2024-04-17 02:43:00
LOG-0845,COMP-0009,WF-09,09_Tally_Inventory_Sync,Scheduled,2024-04-17 02:46:00,2024-04-17 02:48:00,Success,50,,120,2024-04-17 02:46:00
LOG-0846,COMP-0010,WF-01,01_Tally_Company_Sync,Scheduled,2024-04-17 02:28:00,2024-04-17 02:28:15,Success,3,,15,2024-04-17 02:28:00
LOG-0847,COMP-0010,WF-02,02_Tally_Ledger_Sync,Scheduled,2024-04-17 02:00:00,2024-04-17 02:00:45,Success,25,,45,2024-04-17 02:00:00
LOG-0848,COMP-0010,WF-03,03_Tally_Party_Sync,Scheduled,2024-04-17 02:37:00,2024-04-17 02:38:00,Success,15,,60,2024-04-17 02:37:00
LOG-0849,COMP-0010,WF-05,05_Tally_Sales_Voucher_Sync,Scheduled,2024-04-17 02:29:00,2024-04-17 02:31:30,Success,30,,150,2024-04-17 02:29:00
LOG-0850,COMP-0010,WF-09,09_Tally_Inventory_Sync,Scheduled,2024-04-17 02:30:00,2024-04-17 02:32:00,Success,50,,120,2024-04-17 02:30:00
LOG-0851,COMP-0001,WF-01,01_Tally_Company_Sync,Scheduled,2024-04-18 02:58:00,2024-04-18 02:58:15,Success,3,,15,2024-04-18 02:58:00
LOG-0852,COMP-0001,WF-02,02_Tally_Ledger_Sync,Scheduled,2024-04-18 02:30:00,2024-04-18 02:30:45,Success,25,,45,2024-04-18 02:30:00
LOG-0853,COMP-0001,WF-03,03_Tally_Party_Sync,Scheduled,2024-04-18 02:56:00,2024-04-18 02:57:00,Success,15,,60,2024-04-18 02:56:00
LOG-0854,COMP-0001,WF-05,05_Tally_Sales_Voucher_Sync,Scheduled,2024-04-18 02:16:00,2024-04-18 02:18:30,Success,30,,150,2024-04-18 02:16:00
LOG-0855,COMP-0001,WF-09,09_Tally_Inventory_Sync,Scheduled,2024-04-18 02:29:00,2024-04-18 02:31:00,Success,50,,120,2024-04-18 02:29:00
LOG-0856,COMP-0002,WF-01,01_Tally_Company_Sync,Scheduled,2024-04-18 02:21:00,2024-04-18 02:21:15,Success,3,,15,2024-04-18 02:21:00
LOG-0857,COMP-0002,WF-02,02_Tally_Ledger_Sync,Scheduled,2024-04-18 02:51:00,2024-04-18 02:51:45,Success,25,,45,2024-04-18 02:51:00
LOG-0858,COMP-0002,WF-03,03_Tally_Party_Sync,Scheduled,2024-04-18 02:51:00,2024-04-18 02:52:00,Success,15,,60,2024-04-18 02:51:00
LOG-0859,COMP-0002,WF-05,05_Tally_Sales_Voucher_Sync,Scheduled,2024-04-18 02:53:00,2024-04-18 02:55:30,Success,30,,150,2024-04-18 02:53:00
LOG-0860,COMP-0002,WF-09,09_Tally_Inventory_Sync,Scheduled,2024-04-18 02:27:00,2024-04-18 02:29:00,Success,50,,120,2024-04-18 02:27:00
LOG-0861,COMP-0003,WF-01,01_Tally_Company_Sync,Scheduled,2024-04-18 02:53:00,2024-04-18 02:53:15,Success,3,,15,2024-04-18 02:53:00
LOG-0862,COMP-0003,WF-02,02_Tally_Ledger_Sync,Scheduled,2024-04-18 02:58:00,2024-04-18 02:58:45,Success,25,,45,2024-04-18 02:58:00
LOG-0863,COMP-0003,WF-03,03_Tally_Party_Sync,Scheduled,2024-04-18 02:41:00,2024-04-18 02:42:00,Success,15,,60,2024-04-18 02:41:00
LOG-0864,COMP-0003,WF-05,05_Tally_Sales_Voucher_Sync,Scheduled,2024-04-18 02:37:00,2024-04-18 02:39:30,Success,30,,150,2024-04-18 02:37:00
LOG-0865,COMP-0003,WF-09,09_Tally_Inventory_Sync,Scheduled,2024-04-18 02:33:00,2024-04-18 02:35:00,Success,50,,120,2024-04-18 02:33:00
LOG-0866,COMP-0004,WF-01,01_Tally_Company_Sync,Scheduled,2024-04-18 02:30:00,2024-04-18 02:30:15,Success,3,,15,2024-04-18 02:30:00
LOG-0867,COMP-0004,WF-02,02_Tally_Ledger_Sync,Scheduled,2024-04-18 02:17:00,2024-04-18 02:17:45,Success,25,,45,2024-04-18 02:17:00
LOG-0868,COMP-0004,WF-03,03_Tally_Party_Sync,Scheduled,2024-04-18 02:16:00,2024-04-18 02:17:00,Success,15,,60,2024-04-18 02:16:00
LOG-0869,COMP-0004,WF-05,05_Tally_Sales_Voucher_Sync,Scheduled,2024-04-18 02:48:00,2024-04-18 02:50:30,Success,30,,150,2024-04-18 02:48:00
LOG-0870,COMP-0004,WF-09,09_Tally_Inventory_Sync,Scheduled,2024-04-18 02:04:00,2024-04-18 02:06:00,Success,50,,120,2024-04-18 02:04:00
LOG-0871,COMP-0005,WF-01,01_Tally_Company_Sync,Scheduled,2024-04-18 02:00:00,2024-04-18 02:00:15,Success,3,,15,2024-04-18 02:00:00
LOG-0872,COMP-0005,WF-02,02_Tally_Ledger_Sync,Scheduled,2024-04-18 02:39:00,2024-04-18 02:39:45,Success,25,,45,2024-04-18 02:39:00
LOG-0873,COMP-0005,WF-03,03_Tally_Party_Sync,Scheduled,2024-04-18 02:08:00,2024-04-18 02:09:00,Success,15,,60,2024-04-18 02:08:00
LOG-0874,COMP-0005,WF-05,05_Tally_Sales_Voucher_Sync,Scheduled,2024-04-18 02:37:00,2024-04-18 02:39:30,Success,30,,150,2024-04-18 02:37:00
LOG-0875,COMP-0005,WF-09,09_Tally_Inventory_Sync,Scheduled,2024-04-18 02:13:00,2024-04-18 02:15:00,Success,50,,120,2024-04-18 02:13:00
LOG-0876,COMP-0006,WF-01,01_Tally_Company_Sync,Scheduled,2024-04-18 02:56:00,2024-04-18 02:56:15,Success,3,,15,2024-04-18 02:56:00
LOG-0877,COMP-0006,WF-02,02_Tally_Ledger_Sync,Scheduled,2024-04-18 02:44:00,2024-04-18 02:44:45,Success,25,,45,2024-04-18 02:44:00
LOG-0878,COMP-0006,WF-03,03_Tally_Party_Sync,Scheduled,2024-04-18 02:38:00,2024-04-18 02:39:00,Success,15,,60,2024-04-18 02:38:00
LOG-0879,COMP-0006,WF-05,05_Tally_Sales_Voucher_Sync,Scheduled,2024-04-18 02:44:00,2024-04-18 02:46:30,Success,30,,150,2024-04-18 02:44:00
LOG-0880,COMP-0006,WF-09,09_Tally_Inventory_Sync,Scheduled,2024-04-18 02:42:00,2024-04-18 02:44:00,Success,50,,120,2024-04-18 02:42:00
LOG-0881,COMP-0007,WF-01,01_Tally_Company_Sync,Scheduled,2024-04-18 02:44:00,2024-04-18 02:44:15,Success,3,,15,2024-04-18 02:44:00
LOG-0882,COMP-0007,WF-02,02_Tally_Ledger_Sync,Scheduled,2024-04-18 02:16:00,2024-04-18 02:16:45,Success,25,,45,2024-04-18 02:16:00
LOG-0883,COMP-0007,WF-03,03_Tally_Party_Sync,Scheduled,2024-04-18 02:15:00,2024-04-18 02:16:00,Success,15,,60,2024-04-18 02:15:00
LOG-0884,COMP-0007,WF-05,05_Tally_Sales_Voucher_Sync,Scheduled,2024-04-18 02:01:00,2024-04-18 02:03:30,Success,30,,150,2024-04-18 02:01:00
LOG-0885,COMP-0007,WF-09,09_Tally_Inventory_Sync,Scheduled,2024-04-18 02:53:00,2024-04-18 02:55:00,Success,50,,120,2024-04-18 02:53:00
LOG-0886,COMP-0008,WF-01,01_Tally_Company_Sync,Scheduled,2024-04-18 02:33:00,2024-04-18 02:33:15,Success,3,,15,2024-04-18 02:33:00
LOG-0887,COMP-0008,WF-02,02_Tally_Ledger_Sync,Scheduled,2024-04-18 02:18:00,2024-04-18 02:18:45,Success,25,,45,2024-04-18 02:18:00
LOG-0888,COMP-0008,WF-03,03_Tally_Party_Sync,Scheduled,2024-04-18 02:15:00,2024-04-18 02:16:00,Success,15,,60,2024-04-18 02:15:00
LOG-0889,COMP-0008,WF-05,05_Tally_Sales_Voucher_Sync,Scheduled,2024-04-18 02:50:00,2024-04-18 02:52:30,Success,30,,150,2024-04-18 02:50:00
LOG-0890,COMP-0008,WF-09,09_Tally_Inventory_Sync,Scheduled,2024-04-18 02:26:00,2024-04-18 02:28:00,Success,50,,120,2024-04-18 02:26:00
LOG-0891,COMP-0009,WF-01,01_Tally_Company_Sync,Scheduled,2024-04-18 02:56:00,2024-04-18 02:56:15,Success,3,,15,2024-04-18 02:56:00
LOG-0892,COMP-0009,WF-02,02_Tally_Ledger_Sync,Scheduled,2024-04-18 02:23:00,2024-04-18 02:23:45,Failed,0,Connection timeout,0,2024-04-18 02:23:00
LOG-0893,COMP-0009,WF-03,03_Tally_Party_Sync,Scheduled,2024-04-18 02:51:00,2024-04-18 02:52:00,Success,15,,60,2024-04-18 02:51:00
LOG-0894,COMP-0009,WF-05,05_Tally_Sales_Voucher_Sync,Scheduled,2024-04-18 02:45:00,2024-04-18 02:47:30,Success,30,,150,2024-04-18 02:45:00
LOG-0895,COMP-0009,WF-09,09_Tally_Inventory_Sync,Scheduled,2024-04-18 02:58:00,2024-04-18 03:00:00,Success,50,,120,2024-04-18 02:58:00
LOG-0896,COMP-0010,WF-01,01_Tally_Company_Sync,Scheduled,2024-04-18 02:57:00,2024-04-18 02:57:15,Success,3,,15,2024-04-18 02:57:00
LOG-0897,COMP-0010,WF-02,02_Tally_Ledger_Sync,Scheduled,2024-04-18 02:51:00,2024-04-18 02:51:45,Failed,0,Connection timeout,0,2024-04-18 02:51:00
LOG-0898,COMP-0010,WF-03,03_Tally_Party_Sync,Scheduled,2024-04-18 02:42:00,2024-04-18 02:43:00,Success,15,,60,2024-04-18 02:42:00
LOG-0899,COMP-0010,WF-05,05_Tally_Sales_Voucher_Sync,Scheduled,2024-04-18 02:39:00,2024-04-18 02:41:30,Success,30,,150,2024-04-18 02:39:00
LOG-0900,COMP-0010,WF-09,09_Tally_Inventory_Sync,Scheduled,2024-04-18 02:01:00,2024-04-18 02:03:00,Success,50,,120,2024-04-18 02:01:00
LOG-0901,COMP-0001,WF-01,01_Tally_Company_Sync,Scheduled,2024-04-19 02:14:00,2024-04-19 02:14:15,Success,3,,15,2024-04-19 02:14:00
LOG-0902,COMP-0001,WF-02,02_Tally_Ledger_Sync,Scheduled,2024-04-19 02:02:00,2024-04-19 02:02:45,Success,25,,45,2024-04-19 02:02:00
LOG-0903,COMP-0001,WF-03,03_Tally_Party_Sync,Scheduled,2024-04-19 02:08:00,2024-04-19 02:09:00,Success,15,,60,2024-04-19 02:08:00
LOG-0904,COMP-0001,WF-05,05_Tally_Sales_Voucher_Sync,Scheduled,2024-04-19 02:59:00,2024-04-19 03:01:30,Success,30,,150,2024-04-19 02:59:00
LOG-0905,COMP-0001,WF-09,09_Tally_Inventory_Sync,Scheduled,2024-04-19 02:15:00,2024-04-19 02:17:00,Success,50,,120,2024-04-19 02:15:00
LOG-0906,COMP-0002,WF-01,01_Tally_Company_Sync,Scheduled,2024-04-19 02:53:00,2024-04-19 02:53:15,Failed,0,Connection timeout,0,2024-04-19 02:53:00
LOG-0907,COMP-0002,WF-02,02_Tally_Ledger_Sync,Scheduled,2024-04-19 02:43:00,2024-04-19 02:43:45,Success,25,,45,2024-04-19 02:43:00
LOG-0908,COMP-0002,WF-03,03_Tally_Party_Sync,Scheduled,2024-04-19 02:56:00,2024-04-19 02:57:00,Success,15,,60,2024-04-19 02:56:00
LOG-0909,COMP-0002,WF-05,05_Tally_Sales_Voucher_Sync,Scheduled,2024-04-19 02:45:00,2024-04-19 02:47:30,Success,30,,150,2024-04-19 02:45:00
LOG-0910,COMP-0002,WF-09,09_Tally_Inventory_Sync,Scheduled,2024-04-19 02:31:00,2024-04-19 02:33:00,Success,50,,120,2024-04-19 02:31:00
LOG-0911,COMP-0003,WF-01,01_Tally_Company_Sync,Scheduled,2024-04-19 02:26:00,2024-04-19 02:26:15,Failed,0,Connection timeout,0,2024-04-19 02:26:00
LOG-0912,COMP-0003,WF-02,02_Tally_Ledger_Sync,Scheduled,2024-04-19 02:10:00,2024-04-19 02:10:45,Success,25,,45,2024-04-19 02:10:00
LOG-0913,COMP-0003,WF-03,03_Tally_Party_Sync,Scheduled,2024-04-19 02:29:00,2024-04-19 02:30:00,Success,15,,60,2024-04-19 02:29:00
LOG-0914,COMP-0003,WF-05,05_Tally_Sales_Voucher_Sync,Scheduled,2024-04-19 02:22:00,2024-04-19 02:24:30,Success,30,,150,2024-04-19 02:22:00
LOG-0915,COMP-0003,WF-09,09_Tally_Inventory_Sync,Scheduled,2024-04-19 02:55:00,2024-04-19 02:57:00,Success,50,,120,2024-04-19 02:55:00
LOG-0916,COMP-0004,WF-01,01_Tally_Company_Sync,Scheduled,2024-04-19 02:51:00,2024-04-19 02:51:15,Failed,0,Connection timeout,0,2024-04-19 02:51:00
LOG-0917,COMP-0004,WF-02,02_Tally_Ledger_Sync,Scheduled,2024-04-19 02:40:00,2024-04-19 02:40:45,Success,25,,45,2024-04-19 02:40:00
LOG-0918,COMP-0004,WF-03,03_Tally_Party_Sync,Scheduled,2024-04-19 02:34:00,2024-04-19 02:35:00,Failed,0,Connection timeout,0,2024-04-19 02:34:00
LOG-0919,COMP-0004,WF-05,05_Tally_Sales_Voucher_Sync,Scheduled,2024-04-19 02:31:00,2024-04-19 02:33:30,Success,30,,150,2024-04-19 02:31:00
LOG-0920,COMP-0004,WF-09,09_Tally_Inventory_Sync,Scheduled,2024-04-19 02:11:00,2024-04-19 02:13:00,Success,50,,120,2024-04-19 02:11:00
LOG-0921,COMP-0005,WF-01,01_Tally_Company_Sync,Scheduled,2024-04-19 02:31:00,2024-04-19 02:31:15,Success,3,,15,2024-04-19 02:31:00
LOG-0922,COMP-0005,WF-02,02_Tally_Ledger_Sync,Scheduled,2024-04-19 02:51:00,2024-04-19 02:51:45,Success,25,,45,2024-04-19 02:51:00
LOG-0923,COMP-0005,WF-03,03_Tally_Party_Sync,Scheduled,2024-04-19 02:25:00,2024-04-19 02:26:00,Failed,0,Connection timeout,0,2024-04-19 02:25:00
LOG-0924,COMP-0005,WF-05,05_Tally_Sales_Voucher_Sync,Scheduled,2024-04-19 02:20:00,2024-04-19 02:22:30,Success,30,,150,2024-04-19 02:20:00
LOG-0925,COMP-0005,WF-09,09_Tally_Inventory_Sync,Scheduled,2024-04-19 02:19:00,2024-04-19 02:21:00,Success,50,,120,2024-04-19 02:19:00
LOG-0926,COMP-0006,WF-01,01_Tally_Company_Sync,Scheduled,2024-04-19 02:55:00,2024-04-19 02:55:15,Success,3,,15,2024-04-19 02:55:00
LOG-0927,COMP-0006,WF-02,02_Tally_Ledger_Sync,Scheduled,2024-04-19 02:32:00,2024-04-19 02:32:45,Success,25,,45,2024-04-19 02:32:00
LOG-0928,COMP-0006,WF-03,03_Tally_Party_Sync,Scheduled,2024-04-19 02:14:00,2024-04-19 02:15:00,Success,15,,60,2024-04-19 02:14:00
LOG-0929,COMP-0006,WF-05,05_Tally_Sales_Voucher_Sync,Scheduled,2024-04-19 02:20:00,2024-04-19 02:22:30,Success,30,,150,2024-04-19 02:20:00
LOG-0930,COMP-0006,WF-09,09_Tally_Inventory_Sync,Scheduled,2024-04-19 02:18:00,2024-04-19 02:20:00,Success,50,,120,2024-04-19 02:18:00
LOG-0931,COMP-0007,WF-01,01_Tally_Company_Sync,Scheduled,2024-04-19 02:59:00,2024-04-19 02:59:15,Failed,0,Connection timeout,0,2024-04-19 02:59:00
LOG-0932,COMP-0007,WF-02,02_Tally_Ledger_Sync,Scheduled,2024-04-19 02:40:00,2024-04-19 02:40:45,Failed,0,Connection timeout,0,2024-04-19 02:40:00
LOG-0933,COMP-0007,WF-03,03_Tally_Party_Sync,Scheduled,2024-04-19 02:43:00,2024-04-19 02:44:00,Success,15,,60,2024-04-19 02:43:00
LOG-0934,COMP-0007,WF-05,05_Tally_Sales_Voucher_Sync,Scheduled,2024-04-19 02:21:00,2024-04-19 02:23:30,Success,30,,150,2024-04-19 02:21:00
LOG-0935,COMP-0007,WF-09,09_Tally_Inventory_Sync,Scheduled,2024-04-19 02:10:00,2024-04-19 02:12:00,Success,50,,120,2024-04-19 02:10:00
LOG-0936,COMP-0008,WF-01,01_Tally_Company_Sync,Scheduled,2024-04-19 02:33:00,2024-04-19 02:33:15,Success,3,,15,2024-04-19 02:33:00
LOG-0937,COMP-0008,WF-02,02_Tally_Ledger_Sync,Scheduled,2024-04-19 02:24:00,2024-04-19 02:24:45,Success,25,,45,2024-04-19 02:24:00
LOG-0938,COMP-0008,WF-03,03_Tally_Party_Sync,Scheduled,2024-04-19 02:02:00,2024-04-19 02:03:00,Success,15,,60,2024-04-19 02:02:00
LOG-0939,COMP-0008,WF-05,05_Tally_Sales_Voucher_Sync,Scheduled,2024-04-19 02:20:00,2024-04-19 02:22:30,Success,30,,150,2024-04-19 02:20:00
LOG-0940,COMP-0008,WF-09,09_Tally_Inventory_Sync,Scheduled,2024-04-19 02:39:00,2024-04-19 02:41:00,Success,50,,120,2024-04-19 02:39:00
LOG-0941,COMP-0009,WF-01,01_Tally_Company_Sync,Scheduled,2024-04-19 02:37:00,2024-04-19 02:37:15,Success,3,,15,2024-04-19 02:37:00
LOG-0942,COMP-0009,WF-02,02_Tally_Ledger_Sync,Scheduled,2024-04-19 02:38:00,2024-04-19 02:38:45,Success,25,,45,2024-04-19 02:38:00
LOG-0943,COMP-0009,WF-03,03_Tally_Party_Sync,Scheduled,2024-04-19 02:19:00,2024-04-19 02:20:00,Success,15,,60,2024-04-19 02:19:00
LOG-0944,COMP-0009,WF-05,05_Tally_Sales_Voucher_Sync,Scheduled,2024-04-19 02:32:00,2024-04-19 02:34:30,Success,30,,150,2024-04-19 02:32:00
LOG-0945,COMP-0009,WF-09,09_Tally_Inventory_Sync,Scheduled,2024-04-19 02:44:00,2024-04-19 02:46:00,Success,50,,120,2024-04-19 02:44:00
LOG-0946,COMP-0010,WF-01,01_Tally_Company_Sync,Scheduled,2024-04-19 02:18:00,2024-04-19 02:18:15,Success,3,,15,2024-04-19 02:18:00
LOG-0947,COMP-0010,WF-02,02_Tally_Ledger_Sync,Scheduled,2024-04-19 02:02:00,2024-04-19 02:02:45,Success,25,,45,2024-04-19 02:02:00
LOG-0948,COMP-0010,WF-03,03_Tally_Party_Sync,Scheduled,2024-04-19 02:02:00,2024-04-19 02:03:00,Success,15,,60,2024-04-19 02:02:00
LOG-0949,COMP-0010,WF-05,05_Tally_Sales_Voucher_Sync,Scheduled,2024-04-19 02:42:00,2024-04-19 02:44:30,Success,30,,150,2024-04-19 02:42:00
LOG-0950,COMP-0010,WF-09,09_Tally_Inventory_Sync,Scheduled,2024-04-19 02:43:00,2024-04-19 02:45:00,Success,50,,120,2024-04-19 02:43:00
LOG-0951,COMP-0001,WF-01,01_Tally_Company_Sync,Scheduled,2024-04-20 02:39:00,2024-04-20 02:39:15,Success,3,,15,2024-04-20 02:39:00
LOG-0952,COMP-0001,WF-02,02_Tally_Ledger_Sync,Scheduled,2024-04-20 02:55:00,2024-04-20 02:55:45,Success,25,,45,2024-04-20 02:55:00
LOG-0953,COMP-0001,WF-03,03_Tally_Party_Sync,Scheduled,2024-04-20 02:05:00,2024-04-20 02:06:00,Success,15,,60,2024-04-20 02:05:00
LOG-0954,COMP-0001,WF-05,05_Tally_Sales_Voucher_Sync,Scheduled,2024-04-20 02:48:00,2024-04-20 02:50:30,Success,30,,150,2024-04-20 02:48:00
LOG-0955,COMP-0001,WF-09,09_Tally_Inventory_Sync,Scheduled,2024-04-20 02:13:00,2024-04-20 02:15:00,Success,50,,120,2024-04-20 02:13:00
LOG-0956,COMP-0002,WF-01,01_Tally_Company_Sync,Scheduled,2024-04-20 02:58:00,2024-04-20 02:58:15,Success,3,,15,2024-04-20 02:58:00
LOG-0957,COMP-0002,WF-02,02_Tally_Ledger_Sync,Scheduled,2024-04-20 02:55:00,2024-04-20 02:55:45,Failed,0,Connection timeout,0,2024-04-20 02:55:00
LOG-0958,COMP-0002,WF-03,03_Tally_Party_Sync,Scheduled,2024-04-20 02:24:00,2024-04-20 02:25:00,Success,15,,60,2024-04-20 02:24:00
LOG-0959,COMP-0002,WF-05,05_Tally_Sales_Voucher_Sync,Scheduled,2024-04-20 02:18:00,2024-04-20 02:20:30,Success,30,,150,2024-04-20 02:18:00
LOG-0960,COMP-0002,WF-09,09_Tally_Inventory_Sync,Scheduled,2024-04-20 02:28:00,2024-04-20 02:30:00,Success,50,,120,2024-04-20 02:28:00
LOG-0961,COMP-0003,WF-01,01_Tally_Company_Sync,Scheduled,2024-04-20 02:47:00,2024-04-20 02:47:15,Success,3,,15,2024-04-20 02:47:00
LOG-0962,COMP-0003,WF-02,02_Tally_Ledger_Sync,Scheduled,2024-04-20 02:24:00,2024-04-20 02:24:45,Success,25,,45,2024-04-20 02:24:00
LOG-0963,COMP-0003,WF-03,03_Tally_Party_Sync,Scheduled,2024-04-20 02:34:00,2024-04-20 02:35:00,Success,15,,60,2024-04-20 02:34:00
LOG-0964,COMP-0003,WF-05,05_Tally_Sales_Voucher_Sync,Scheduled,2024-04-20 02:49:00,2024-04-20 02:51:30,Success,30,,150,2024-04-20 02:49:00
LOG-0965,COMP-0003,WF-09,09_Tally_Inventory_Sync,Scheduled,2024-04-20 02:30:00,2024-04-20 02:32:00,Success,50,,120,2024-04-20 02:30:00
LOG-0966,COMP-0004,WF-01,01_Tally_Company_Sync,Scheduled,2024-04-20 02:29:00,2024-04-20 02:29:15,Success,3,,15,2024-04-20 02:29:00
LOG-0967,COMP-0004,WF-02,02_Tally_Ledger_Sync,Scheduled,2024-04-20 02:01:00,2024-04-20 02:01:45,Success,25,,45,2024-04-20 02:01:00
LOG-0968,COMP-0004,WF-03,03_Tally_Party_Sync,Scheduled,2024-04-20 02:09:00,2024-04-20 02:10:00,Success,15,,60,2024-04-20 02:09:00
LOG-0969,COMP-0004,WF-05,05_Tally_Sales_Voucher_Sync,Scheduled,2024-04-20 02:58:00,2024-04-20 03:00:30,Failed,0,Connection timeout,0,2024-04-20 02:58:00
LOG-0970,COMP-0004,WF-09,09_Tally_Inventory_Sync,Scheduled,2024-04-20 02:35:00,2024-04-20 02:37:00,Success,50,,120,2024-04-20 02:35:00
LOG-0971,COMP-0005,WF-01,01_Tally_Company_Sync,Scheduled,2024-04-20 02:17:00,2024-04-20 02:17:15,Success,3,,15,2024-04-20 02:17:00
LOG-0972,COMP-0005,WF-02,02_Tally_Ledger_Sync,Scheduled,2024-04-20 02:05:00,2024-04-20 02:05:45,Success,25,,45,2024-04-20 02:05:00
LOG-0973,COMP-0005,WF-03,03_Tally_Party_Sync,Scheduled,2024-04-20 02:00:00,2024-04-20 02:01:00,Success,15,,60,2024-04-20 02:00:00
LOG-0974,COMP-0005,WF-05,05_Tally_Sales_Voucher_Sync,Scheduled,2024-04-20 02:42:00,2024-04-20 02:44:30,Success,30,,150,2024-04-20 02:42:00
LOG-0975,COMP-0005,WF-09,09_Tally_Inventory_Sync,Scheduled,2024-04-20 02:52:00,2024-04-20 02:54:00,Success,50,,120,2024-04-20 02:52:00
LOG-0976,COMP-0006,WF-01,01_Tally_Company_Sync,Scheduled,2024-04-20 02:40:00,2024-04-20 02:40:15,Success,3,,15,2024-04-20 02:40:00
LOG-0977,COMP-0006,WF-02,02_Tally_Ledger_Sync,Scheduled,2024-04-20 02:52:00,2024-04-20 02:52:45,Success,25,,45,2024-04-20 02:52:00
LOG-0978,COMP-0006,WF-03,03_Tally_Party_Sync,Scheduled,2024-04-20 02:48:00,2024-04-20 02:49:00,Success,15,,60,2024-04-20 02:48:00
LOG-0979,COMP-0006,WF-05,05_Tally_Sales_Voucher_Sync,Scheduled,2024-04-20 02:40:00,2024-04-20 02:42:30,Success,30,,150,2024-04-20 02:40:00
LOG-0980,COMP-0006,WF-09,09_Tally_Inventory_Sync,Scheduled,2024-04-20 02:30:00,2024-04-20 02:32:00,Success,50,,120,2024-04-20 02:30:00
LOG-0981,COMP-0007,WF-01,01_Tally_Company_Sync,Scheduled,2024-04-20 02:57:00,2024-04-20 02:57:15,Success,3,,15,2024-04-20 02:57:00
LOG-0982,COMP-0007,WF-02,02_Tally_Ledger_Sync,Scheduled,2024-04-20 02:12:00,2024-04-20 02:12:45,Success,25,,45,2024-04-20 02:12:00
LOG-0983,COMP-0007,WF-03,03_Tally_Party_Sync,Scheduled,2024-04-20 02:08:00,2024-04-20 02:09:00,Success,15,,60,2024-04-20 02:08:00
LOG-0984,COMP-0007,WF-05,05_Tally_Sales_Voucher_Sync,Scheduled,2024-04-20 02:54:00,2024-04-20 02:56:30,Success,30,,150,2024-04-20 02:54:00
LOG-0985,COMP-0007,WF-09,09_Tally_Inventory_Sync,Scheduled,2024-04-20 02:31:00,2024-04-20 02:33:00,Success,50,,120,2024-04-20 02:31:00
LOG-0986,COMP-0008,WF-01,01_Tally_Company_Sync,Scheduled,2024-04-20 02:49:00,2024-04-20 02:49:15,Success,3,,15,2024-04-20 02:49:00
LOG-0987,COMP-0008,WF-02,02_Tally_Ledger_Sync,Scheduled,2024-04-20 02:16:00,2024-04-20 02:16:45,Failed,0,Connection timeout,0,2024-04-20 02:16:00
LOG-0988,COMP-0008,WF-03,03_Tally_Party_Sync,Scheduled,2024-04-20 02:21:00,2024-04-20 02:22:00,Success,15,,60,2024-04-20 02:21:00
LOG-0989,COMP-0008,WF-05,05_Tally_Sales_Voucher_Sync,Scheduled,2024-04-20 02:45:00,2024-04-20 02:47:30,Success,30,,150,2024-04-20 02:45:00
LOG-0990,COMP-0008,WF-09,09_Tally_Inventory_Sync,Scheduled,2024-04-20 02:13:00,2024-04-20 02:15:00,Success,50,,120,2024-04-20 02:13:00
LOG-0991,COMP-0009,WF-01,01_Tally_Company_Sync,Scheduled,2024-04-20 02:08:00,2024-04-20 02:08:15,Failed,0,Connection timeout,0,2024-04-20 02:08:00
LOG-0992,COMP-0009,WF-02,02_Tally_Ledger_Sync,Scheduled,2024-04-20 02:14:00,2024-04-20 02:14:45,Success,25,,45,2024-04-20 02:14:00
LOG-0993,COMP-0009,WF-03,03_Tally_Party_Sync,Scheduled,2024-04-20 02:42:00,2024-04-20 02:43:00,Success,15,,60,2024-04-20 02:42:00
LOG-0994,COMP-0009,WF-05,05_Tally_Sales_Voucher_Sync,Scheduled,2024-04-20 02:10:00,2024-04-20 02:12:30,Success,30,,150,2024-04-20 02:10:00
LOG-0995,COMP-0009,WF-09,09_Tally_Inventory_Sync,Scheduled,2024-04-20 02:52:00,2024-04-20 02:54:00,Success,50,,120,2024-04-20 02:52:00
LOG-0996,COMP-0010,WF-01,01_Tally_Company_Sync,Scheduled,2024-04-20 02:28:00,2024-04-20 02:28:15,Success,3,,15,2024-04-20 02:28:00
LOG-0997,COMP-0010,WF-02,02_Tally_Ledger_Sync,Scheduled,2024-04-20 02:01:00,2024-04-20 02:01:45,Success,25,,45,2024-04-20 02:01:00
LOG-0998,COMP-0010,WF-03,03_Tally_Party_Sync,Scheduled,2024-04-20 02:10:00,2024-04-20 02:11:00,Success,15,,60,2024-04-20 02:10:00
LOG-0999,COMP-0010,WF-05,05_Tally_Sales_Voucher_Sync,Scheduled,2024-04-20 02:02:00,2024-04-20 02:04:30,Success,30,,150,2024-04-20 02:02:00
LOG-1000,COMP-0010,WF-09,09_Tally_Inventory_Sync,Scheduled,2024-04-20 02:09:00,2024-04-20 02:11:00,Success,50,,120,2024-04-20 02:09:00
LOG-1001,COMP-0001,WF-01,01_Tally_Company_Sync,Scheduled,2024-04-21 02:21:00,2024-04-21 02:21:15,Success,3,,15,2024-04-21 02:21:00
LOG-1002,COMP-0001,WF-02,02_Tally_Ledger_Sync,Scheduled,2024-04-21 02:26:00,2024-04-21 02:26:45,Success,25,,45,2024-04-21 02:26:00
LOG-1003,COMP-0001,WF-03,03_Tally_Party_Sync,Scheduled,2024-04-21 02:46:00,2024-04-21 02:47:00,Success,15,,60,2024-04-21 02:46:00
LOG-1004,COMP-0001,WF-05,05_Tally_Sales_Voucher_Sync,Scheduled,2024-04-21 02:43:00,2024-04-21 02:45:30,Success,30,,150,2024-04-21 02:43:00
LOG-1005,COMP-0001,WF-09,09_Tally_Inventory_Sync,Scheduled,2024-04-21 02:37:00,2024-04-21 02:39:00,Success,50,,120,2024-04-21 02:37:00
LOG-1006,COMP-0002,WF-01,01_Tally_Company_Sync,Scheduled,2024-04-21 02:57:00,2024-04-21 02:57:15,Success,3,,15,2024-04-21 02:57:00
LOG-1007,COMP-0002,WF-02,02_Tally_Ledger_Sync,Scheduled,2024-04-21 02:29:00,2024-04-21 02:29:45,Success,25,,45,2024-04-21 02:29:00
LOG-1008,COMP-0002,WF-03,03_Tally_Party_Sync,Scheduled,2024-04-21 02:18:00,2024-04-21 02:19:00,Success,15,,60,2024-04-21 02:18:00
LOG-1009,COMP-0002,WF-05,05_Tally_Sales_Voucher_Sync,Scheduled,2024-04-21 02:26:00,2024-04-21 02:28:30,Success,30,,150,2024-04-21 02:26:00
LOG-1010,COMP-0002,WF-09,09_Tally_Inventory_Sync,Scheduled,2024-04-21 02:35:00,2024-04-21 02:37:00,Success,50,,120,2024-04-21 02:35:00
LOG-1011,COMP-0003,WF-01,01_Tally_Company_Sync,Scheduled,2024-04-21 02:04:00,2024-04-21 02:04:15,Success,3,,15,2024-04-21 02:04:00
LOG-1012,COMP-0003,WF-02,02_Tally_Ledger_Sync,Scheduled,2024-04-21 02:37:00,2024-04-21 02:37:45,Success,25,,45,2024-04-21 02:37:00
LOG-1013,COMP-0003,WF-03,03_Tally_Party_Sync,Scheduled,2024-04-21 02:50:00,2024-04-21 02:51:00,Success,15,,60,2024-04-21 02:50:00
LOG-1014,COMP-0003,WF-05,05_Tally_Sales_Voucher_Sync,Scheduled,2024-04-21 02:25:00,2024-04-21 02:27:30,Success,30,,150,2024-04-21 02:25:00
LOG-1015,COMP-0003,WF-09,09_Tally_Inventory_Sync,Scheduled,2024-04-21 02:29:00,2024-04-21 02:31:00,Success,50,,120,2024-04-21 02:29:00
LOG-1016,COMP-0004,WF-01,01_Tally_Company_Sync,Scheduled,2024-04-21 02:25:00,2024-04-21 02:25:15,Success,3,,15,2024-04-21 02:25:00
LOG-1017,COMP-0004,WF-02,02_Tally_Ledger_Sync,Scheduled,2024-04-21 02:55:00,2024-04-21 02:55:45,Success,25,,45,2024-04-21 02:55:00
LOG-1018,COMP-0004,WF-03,03_Tally_Party_Sync,Scheduled,2024-04-21 02:38:00,2024-04-21 02:39:00,Success,15,,60,2024-04-21 02:38:00
LOG-1019,COMP-0004,WF-05,05_Tally_Sales_Voucher_Sync,Scheduled,2024-04-21 02:17:00,2024-04-21 02:19:30,Failed,0,Connection timeout,0,2024-04-21 02:17:00
LOG-1020,COMP-0004,WF-09,09_Tally_Inventory_Sync,Scheduled,2024-04-21 02:59:00,2024-04-21 03:01:00,Success,50,,120,2024-04-21 02:59:00
LOG-1021,COMP-0005,WF-01,01_Tally_Company_Sync,Scheduled,2024-04-21 02:47:00,2024-04-21 02:47:15,Success,3,,15,2024-04-21 02:47:00
LOG-1022,COMP-0005,WF-02,02_Tally_Ledger_Sync,Scheduled,2024-04-21 02:31:00,2024-04-21 02:31:45,Success,25,,45,2024-04-21 02:31:00
LOG-1023,COMP-0005,WF-03,03_Tally_Party_Sync,Scheduled,2024-04-21 02:13:00,2024-04-21 02:14:00,Success,15,,60,2024-04-21 02:13:00
LOG-1024,COMP-0005,WF-05,05_Tally_Sales_Voucher_Sync,Scheduled,2024-04-21 02:11:00,2024-04-21 02:13:30,Success,30,,150,2024-04-21 02:11:00
LOG-1025,COMP-0005,WF-09,09_Tally_Inventory_Sync,Scheduled,2024-04-21 02:04:00,2024-04-21 02:06:00,Success,50,,120,2024-04-21 02:04:00
LOG-1026,COMP-0006,WF-01,01_Tally_Company_Sync,Scheduled,2024-04-21 02:10:00,2024-04-21 02:10:15,Success,3,,15,2024-04-21 02:10:00
LOG-1027,COMP-0006,WF-02,02_Tally_Ledger_Sync,Scheduled,2024-04-21 02:38:00,2024-04-21 02:38:45,Success,25,,45,2024-04-21 02:38:00
LOG-1028,COMP-0006,WF-03,03_Tally_Party_Sync,Scheduled,2024-04-21 02:34:00,2024-04-21 02:35:00,Success,15,,60,2024-04-21 02:34:00
LOG-1029,COMP-0006,WF-05,05_Tally_Sales_Voucher_Sync,Scheduled,2024-04-21 02:44:00,2024-04-21 02:46:30,Success,30,,150,2024-04-21 02:44:00
LOG-1030,COMP-0006,WF-09,09_Tally_Inventory_Sync,Scheduled,2024-04-21 02:00:00,2024-04-21 02:02:00,Success,50,,120,2024-04-21 02:00:00
LOG-1031,COMP-0007,WF-01,01_Tally_Company_Sync,Scheduled,2024-04-21 02:27:00,2024-04-21 02:27:15,Success,3,,15,2024-04-21 02:27:00
LOG-1032,COMP-0007,WF-02,02_Tally_Ledger_Sync,Scheduled,2024-04-21 02:15:00,2024-04-21 02:15:45,Success,25,,45,2024-04-21 02:15:00
LOG-1033,COMP-0007,WF-03,03_Tally_Party_Sync,Scheduled,2024-04-21 02:16:00,2024-04-21 02:17:00,Success,15,,60,2024-04-21 02:16:00
LOG-1034,COMP-0007,WF-05,05_Tally_Sales_Voucher_Sync,Scheduled,2024-04-21 02:37:00,2024-04-21 02:39:30,Success,30,,150,2024-04-21 02:37:00
LOG-1035,COMP-0007,WF-09,09_Tally_Inventory_Sync,Scheduled,2024-04-21 02:43:00,2024-04-21 02:45:00,Success,50,,120,2024-04-21 02:43:00
LOG-1036,COMP-0008,WF-01,01_Tally_Company_Sync,Scheduled,2024-04-21 02:10:00,2024-04-21 02:10:15,Success,3,,15,2024-04-21 02:10:00
LOG-1037,COMP-0008,WF-02,02_Tally_Ledger_Sync,Scheduled,2024-04-21 02:02:00,2024-04-21 02:02:45,Success,25,,45,2024-04-21 02:02:00
LOG-1038,COMP-0008,WF-03,03_Tally_Party_Sync,Scheduled,2024-04-21 02:01:00,2024-04-21 02:02:00,Success,15,,60,2024-04-21 02:01:00
LOG-1039,COMP-0008,WF-05,05_Tally_Sales_Voucher_Sync,Scheduled,2024-04-21 02:38:00,2024-04-21 02:40:30,Success,30,,150,2024-04-21 02:38:00
LOG-1040,COMP-0008,WF-09,09_Tally_Inventory_Sync,Scheduled,2024-04-21 02:03:00,2024-04-21 02:05:00,Success,50,,120,2024-04-21 02:03:00
LOG-1041,COMP-0009,WF-01,01_Tally_Company_Sync,Scheduled,2024-04-21 02:45:00,2024-04-21 02:45:15,Failed,0,Connection timeout,0,2024-04-21 02:45:00
LOG-1042,COMP-0009,WF-02,02_Tally_Ledger_Sync,Scheduled,2024-04-21 02:55:00,2024-04-21 02:55:45,Failed,0,Connection timeout,0,2024-04-21 02:55:00
LOG-1043,COMP-0009,WF-03,03_Tally_Party_Sync,Scheduled,2024-04-21 02:36:00,2024-04-21 02:37:00,Success,15,,60,2024-04-21 02:36:00
LOG-1044,COMP-0009,WF-05,05_Tally_Sales_Voucher_Sync,Scheduled,2024-04-21 02:44:00,2024-04-21 02:46:30,Success,30,,150,2024-04-21 02:44:00
LOG-1045,COMP-0009,WF-09,09_Tally_Inventory_Sync,Scheduled,2024-04-21 02:46:00,2024-04-21 02:48:00,Success,50,,120,2024-04-21 02:46:00
LOG-1046,COMP-0010,WF-01,01_Tally_Company_Sync,Scheduled,2024-04-21 02:31:00,2024-04-21 02:31:15,Success,3,,15,2024-04-21 02:31:00
LOG-1047,COMP-0010,WF-02,02_Tally_Ledger_Sync,Scheduled,2024-04-21 02:48:00,2024-04-21 02:48:45,Failed,0,Connection timeout,0,2024-04-21 02:48:00
LOG-1048,COMP-0010,WF-03,03_Tally_Party_Sync,Scheduled,2024-04-21 02:34:00,2024-04-21 02:35:00,Success,15,,60,2024-04-21 02:34:00
LOG-1049,COMP-0010,WF-05,05_Tally_Sales_Voucher_Sync,Scheduled,2024-04-21 02:22:00,2024-04-21 02:24:30,Success,30,,150,2024-04-21 02:22:00
LOG-1050,COMP-0010,WF-09,09_Tally_Inventory_Sync,Scheduled,2024-04-21 02:39:00,2024-04-21 02:41:00,Success,50,,120,2024-04-21 02:39:00
LOG-1051,COMP-0001,WF-01,01_Tally_Company_Sync,Scheduled,2024-04-22 02:57:00,2024-04-22 02:57:15,Failed,0,Connection timeout,0,2024-04-22 02:57:00
LOG-1052,COMP-0001,WF-02,02_Tally_Ledger_Sync,Scheduled,2024-04-22 02:49:00,2024-04-22 02:49:45,Success,25,,45,2024-04-22 02:49:00
LOG-1053,COMP-0001,WF-03,03_Tally_Party_Sync,Scheduled,2024-04-22 02:02:00,2024-04-22 02:03:00,Success,15,,60,2024-04-22 02:02:00
LOG-1054,COMP-0001,WF-05,05_Tally_Sales_Voucher_Sync,Scheduled,2024-04-22 02:01:00,2024-04-22 02:03:30,Success,30,,150,2024-04-22 02:01:00
LOG-1055,COMP-0001,WF-09,09_Tally_Inventory_Sync,Scheduled,2024-04-22 02:23:00,2024-04-22 02:25:00,Success,50,,120,2024-04-22 02:23:00
LOG-1056,COMP-0002,WF-01,01_Tally_Company_Sync,Scheduled,2024-04-22 02:13:00,2024-04-22 02:13:15,Success,3,,15,2024-04-22 02:13:00
LOG-1057,COMP-0002,WF-02,02_Tally_Ledger_Sync,Scheduled,2024-04-22 02:53:00,2024-04-22 02:53:45,Success,25,,45,2024-04-22 02:53:00
LOG-1058,COMP-0002,WF-03,03_Tally_Party_Sync,Scheduled,2024-04-22 02:20:00,2024-04-22 02:21:00,Success,15,,60,2024-04-22 02:20:00
LOG-1059,COMP-0002,WF-05,05_Tally_Sales_Voucher_Sync,Scheduled,2024-04-22 02:01:00,2024-04-22 02:03:30,Success,30,,150,2024-04-22 02:01:00
LOG-1060,COMP-0002,WF-09,09_Tally_Inventory_Sync,Scheduled,2024-04-22 02:41:00,2024-04-22 02:43:00,Success,50,,120,2024-04-22 02:41:00
LOG-1061,COMP-0003,WF-01,01_Tally_Company_Sync,Scheduled,2024-04-22 02:10:00,2024-04-22 02:10:15,Success,3,,15,2024-04-22 02:10:00
LOG-1062,COMP-0003,WF-02,02_Tally_Ledger_Sync,Scheduled,2024-04-22 02:29:00,2024-04-22 02:29:45,Success,25,,45,2024-04-22 02:29:00
LOG-1063,COMP-0003,WF-03,03_Tally_Party_Sync,Scheduled,2024-04-22 02:20:00,2024-04-22 02:21:00,Failed,0,Connection timeout,0,2024-04-22 02:20:00
LOG-1064,COMP-0003,WF-05,05_Tally_Sales_Voucher_Sync,Scheduled,2024-04-22 02:23:00,2024-04-22 02:25:30,Success,30,,150,2024-04-22 02:23:00
LOG-1065,COMP-0003,WF-09,09_Tally_Inventory_Sync,Scheduled,2024-04-22 02:42:00,2024-04-22 02:44:00,Success,50,,120,2024-04-22 02:42:00
LOG-1066,COMP-0004,WF-01,01_Tally_Company_Sync,Scheduled,2024-04-22 02:29:00,2024-04-22 02:29:15,Success,3,,15,2024-04-22 02:29:00
LOG-1067,COMP-0004,WF-02,02_Tally_Ledger_Sync,Scheduled,2024-04-22 02:37:00,2024-04-22 02:37:45,Success,25,,45,2024-04-22 02:37:00
LOG-1068,COMP-0004,WF-03,03_Tally_Party_Sync,Scheduled,2024-04-22 02:18:00,2024-04-22 02:19:00,Success,15,,60,2024-04-22 02:18:00
LOG-1069,COMP-0004,WF-05,05_Tally_Sales_Voucher_Sync,Scheduled,2024-04-22 02:31:00,2024-04-22 02:33:30,Success,30,,150,2024-04-22 02:31:00
LOG-1070,COMP-0004,WF-09,09_Tally_Inventory_Sync,Scheduled,2024-04-22 02:21:00,2024-04-22 02:23:00,Success,50,,120,2024-04-22 02:21:00
LOG-1071,COMP-0005,WF-01,01_Tally_Company_Sync,Scheduled,2024-04-22 02:23:00,2024-04-22 02:23:15,Success,3,,15,2024-04-22 02:23:00
LOG-1072,COMP-0005,WF-02,02_Tally_Ledger_Sync,Scheduled,2024-04-22 02:01:00,2024-04-22 02:01:45,Success,25,,45,2024-04-22 02:01:00
LOG-1073,COMP-0005,WF-03,03_Tally_Party_Sync,Scheduled,2024-04-22 02:20:00,2024-04-22 02:21:00,Success,15,,60,2024-04-22 02:20:00
LOG-1074,COMP-0005,WF-05,05_Tally_Sales_Voucher_Sync,Scheduled,2024-04-22 02:15:00,2024-04-22 02:17:30,Success,30,,150,2024-04-22 02:15:00
LOG-1075,COMP-0005,WF-09,09_Tally_Inventory_Sync,Scheduled,2024-04-22 02:24:00,2024-04-22 02:26:00,Success,50,,120,2024-04-22 02:24:00
LOG-1076,COMP-0006,WF-01,01_Tally_Company_Sync,Scheduled,2024-04-22 02:45:00,2024-04-22 02:45:15,Success,3,,15,2024-04-22 02:45:00
LOG-1077,COMP-0006,WF-02,02_Tally_Ledger_Sync,Scheduled,2024-04-22 02:28:00,2024-04-22 02:28:45,Success,25,,45,2024-04-22 02:28:00
LOG-1078,COMP-0006,WF-03,03_Tally_Party_Sync,Scheduled,2024-04-22 02:32:00,2024-04-22 02:33:00,Success,15,,60,2024-04-22 02:32:00
LOG-1079,COMP-0006,WF-05,05_Tally_Sales_Voucher_Sync,Scheduled,2024-04-22 02:56:00,2024-04-22 02:58:30,Success,30,,150,2024-04-22 02:56:00
LOG-1080,COMP-0006,WF-09,09_Tally_Inventory_Sync,Scheduled,2024-04-22 02:18:00,2024-04-22 02:20:00,Success,50,,120,2024-04-22 02:18:00
LOG-1081,COMP-0007,WF-01,01_Tally_Company_Sync,Scheduled,2024-04-22 02:35:00,2024-04-22 02:35:15,Success,3,,15,2024-04-22 02:35:00
LOG-1082,COMP-0007,WF-02,02_Tally_Ledger_Sync,Scheduled,2024-04-22 02:22:00,2024-04-22 02:22:45,Success,25,,45,2024-04-22 02:22:00
LOG-1083,COMP-0007,WF-03,03_Tally_Party_Sync,Scheduled,2024-04-22 02:44:00,2024-04-22 02:45:00,Success,15,,60,2024-04-22 02:44:00
LOG-1084,COMP-0007,WF-05,05_Tally_Sales_Voucher_Sync,Scheduled,2024-04-22 02:47:00,2024-04-22 02:49:30,Success,30,,150,2024-04-22 02:47:00
LOG-1085,COMP-0007,WF-09,09_Tally_Inventory_Sync,Scheduled,2024-04-22 02:57:00,2024-04-22 02:59:00,Success,50,,120,2024-04-22 02:57:00
LOG-1086,COMP-0008,WF-01,01_Tally_Company_Sync,Scheduled,2024-04-22 02:51:00,2024-04-22 02:51:15,Success,3,,15,2024-04-22 02:51:00
LOG-1087,COMP-0008,WF-02,02_Tally_Ledger_Sync,Scheduled,2024-04-22 02:29:00,2024-04-22 02:29:45,Success,25,,45,2024-04-22 02:29:00
LOG-1088,COMP-0008,WF-03,03_Tally_Party_Sync,Scheduled,2024-04-22 02:49:00,2024-04-22 02:50:00,Success,15,,60,2024-04-22 02:49:00
LOG-1089,COMP-0008,WF-05,05_Tally_Sales_Voucher_Sync,Scheduled,2024-04-22 02:32:00,2024-04-22 02:34:30,Success,30,,150,2024-04-22 02:32:00
LOG-1090,COMP-0008,WF-09,09_Tally_Inventory_Sync,Scheduled,2024-04-22 02:48:00,2024-04-22 02:50:00,Success,50,,120,2024-04-22 02:48:00
LOG-1091,COMP-0009,WF-01,01_Tally_Company_Sync,Scheduled,2024-04-22 02:41:00,2024-04-22 02:41:15,Failed,0,Connection timeout,0,2024-04-22 02:41:00
LOG-1092,COMP-0009,WF-02,02_Tally_Ledger_Sync,Scheduled,2024-04-22 02:55:00,2024-04-22 02:55:45,Success,25,,45,2024-04-22 02:55:00
LOG-1093,COMP-0009,WF-03,03_Tally_Party_Sync,Scheduled,2024-04-22 02:40:00,2024-04-22 02:41:00,Failed,0,Connection timeout,0,2024-04-22 02:40:00
LOG-1094,COMP-0009,WF-05,05_Tally_Sales_Voucher_Sync,Scheduled,2024-04-22 02:05:00,2024-04-22 02:07:30,Success,30,,150,2024-04-22 02:05:00
LOG-1095,COMP-0009,WF-09,09_Tally_Inventory_Sync,Scheduled,2024-04-22 02:58:00,2024-04-22 03:00:00,Success,50,,120,2024-04-22 02:58:00
LOG-1096,COMP-0010,WF-01,01_Tally_Company_Sync,Scheduled,2024-04-22 02:18:00,2024-04-22 02:18:15,Success,3,,15,2024-04-22 02:18:00
LOG-1097,COMP-0010,WF-02,02_Tally_Ledger_Sync,Scheduled,2024-04-22 02:20:00,2024-04-22 02:20:45,Success,25,,45,2024-04-22 02:20:00
LOG-1098,COMP-0010,WF-03,03_Tally_Party_Sync,Scheduled,2024-04-22 02:51:00,2024-04-22 02:52:00,Success,15,,60,2024-04-22 02:51:00
LOG-1099,COMP-0010,WF-05,05_Tally_Sales_Voucher_Sync,Scheduled,2024-04-22 02:50:00,2024-04-22 02:52:30,Success,30,,150,2024-04-22 02:50:00
LOG-1100,COMP-0010,WF-09,09_Tally_Inventory_Sync,Scheduled,2024-04-22 02:08:00,2024-04-22 02:10:00,Success,50,,120,2024-04-22 02:08:00
LOG-1101,COMP-0001,WF-01,01_Tally_Company_Sync,Scheduled,2024-04-23 02:24:00,2024-04-23 02:24:15,Success,3,,15,2024-04-23 02:24:00
LOG-1102,COMP-0001,WF-02,02_Tally_Ledger_Sync,Scheduled,2024-04-23 02:56:00,2024-04-23 02:56:45,Success,25,,45,2024-04-23 02:56:00
LOG-1103,COMP-0001,WF-03,03_Tally_Party_Sync,Scheduled,2024-04-23 02:12:00,2024-04-23 02:13:00,Success,15,,60,2024-04-23 02:12:00
LOG-1104,COMP-0001,WF-05,05_Tally_Sales_Voucher_Sync,Scheduled,2024-04-23 02:46:00,2024-04-23 02:48:30,Failed,0,Connection timeout,0,2024-04-23 02:46:00
LOG-1105,COMP-0001,WF-09,09_Tally_Inventory_Sync,Scheduled,2024-04-23 02:09:00,2024-04-23 02:11:00,Success,50,,120,2024-04-23 02:09:00
LOG-1106,COMP-0002,WF-01,01_Tally_Company_Sync,Scheduled,2024-04-23 02:03:00,2024-04-23 02:03:15,Success,3,,15,2024-04-23 02:03:00
LOG-1107,COMP-0002,WF-02,02_Tally_Ledger_Sync,Scheduled,2024-04-23 02:46:00,2024-04-23 02:46:45,Success,25,,45,2024-04-23 02:46:00
LOG-1108,COMP-0002,WF-03,03_Tally_Party_Sync,Scheduled,2024-04-23 02:54:00,2024-04-23 02:55:00,Success,15,,60,2024-04-23 02:54:00
LOG-1109,COMP-0002,WF-05,05_Tally_Sales_Voucher_Sync,Scheduled,2024-04-23 02:46:00,2024-04-23 02:48:30,Success,30,,150,2024-04-23 02:46:00
LOG-1110,COMP-0002,WF-09,09_Tally_Inventory_Sync,Scheduled,2024-04-23 02:50:00,2024-04-23 02:52:00,Success,50,,120,2024-04-23 02:50:00
LOG-1111,COMP-0003,WF-01,01_Tally_Company_Sync,Scheduled,2024-04-23 02:18:00,2024-04-23 02:18:15,Success,3,,15,2024-04-23 02:18:00
LOG-1112,COMP-0003,WF-02,02_Tally_Ledger_Sync,Scheduled,2024-04-23 02:18:00,2024-04-23 02:18:45,Success,25,,45,2024-04-23 02:18:00
LOG-1113,COMP-0003,WF-03,03_Tally_Party_Sync,Scheduled,2024-04-23 02:44:00,2024-04-23 02:45:00,Failed,0,Connection timeout,0,2024-04-23 02:44:00
LOG-1114,COMP-0003,WF-05,05_Tally_Sales_Voucher_Sync,Scheduled,2024-04-23 02:12:00,2024-04-23 02:14:30,Success,30,,150,2024-04-23 02:12:00
LOG-1115,COMP-0003,WF-09,09_Tally_Inventory_Sync,Scheduled,2024-04-23 02:27:00,2024-04-23 02:29:00,Success,50,,120,2024-04-23 02:27:00
LOG-1116,COMP-0004,WF-01,01_Tally_Company_Sync,Scheduled,2024-04-23 02:41:00,2024-04-23 02:41:15,Success,3,,15,2024-04-23 02:41:00
LOG-1117,COMP-0004,WF-02,02_Tally_Ledger_Sync,Scheduled,2024-04-23 02:50:00,2024-04-23 02:50:45,Success,25,,45,2024-04-23 02:50:00
LOG-1118,COMP-0004,WF-03,03_Tally_Party_Sync,Scheduled,2024-04-23 02:16:00,2024-04-23 02:17:00,Failed,0,Connection timeout,0,2024-04-23 02:16:00
LOG-1119,COMP-0004,WF-05,05_Tally_Sales_Voucher_Sync,Scheduled,2024-04-23 02:51:00,2024-04-23 02:53:30,Failed,0,Connection timeout,0,2024-04-23 02:51:00
LOG-1120,COMP-0004,WF-09,09_Tally_Inventory_Sync,Scheduled,2024-04-23 02:52:00,2024-04-23 02:54:00,Success,50,,120,2024-04-23 02:52:00
LOG-1121,COMP-0005,WF-01,01_Tally_Company_Sync,Scheduled,2024-04-23 02:02:00,2024-04-23 02:02:15,Success,3,,15,2024-04-23 02:02:00
LOG-1122,COMP-0005,WF-02,02_Tally_Ledger_Sync,Scheduled,2024-04-23 02:53:00,2024-04-23 02:53:45,Success,25,,45,2024-04-23 02:53:00
LOG-1123,COMP-0005,WF-03,03_Tally_Party_Sync,Scheduled,2024-04-23 02:22:00,2024-04-23 02:23:00,Success,15,,60,2024-04-23 02:22:00
LOG-1124,COMP-0005,WF-05,05_Tally_Sales_Voucher_Sync,Scheduled,2024-04-23 02:20:00,2024-04-23 02:22:30,Success,30,,150,2024-04-23 02:20:00
LOG-1125,COMP-0005,WF-09,09_Tally_Inventory_Sync,Scheduled,2024-04-23 02:03:00,2024-04-23 02:05:00,Success,50,,120,2024-04-23 02:03:00
LOG-1126,COMP-0006,WF-01,01_Tally_Company_Sync,Scheduled,2024-04-23 02:18:00,2024-04-23 02:18:15,Success,3,,15,2024-04-23 02:18:00
LOG-1127,COMP-0006,WF-02,02_Tally_Ledger_Sync,Scheduled,2024-04-23 02:30:00,2024-04-23 02:30:45,Success,25,,45,2024-04-23 02:30:00
LOG-1128,COMP-0006,WF-03,03_Tally_Party_Sync,Scheduled,2024-04-23 02:16:00,2024-04-23 02:17:00,Success,15,,60,2024-04-23 02:16:00
LOG-1129,COMP-0006,WF-05,05_Tally_Sales_Voucher_Sync,Scheduled,2024-04-23 02:51:00,2024-04-23 02:53:30,Failed,0,Connection timeout,0,2024-04-23 02:51:00
LOG-1130,COMP-0006,WF-09,09_Tally_Inventory_Sync,Scheduled,2024-04-23 02:15:00,2024-04-23 02:17:00,Success,50,,120,2024-04-23 02:15:00
LOG-1131,COMP-0007,WF-01,01_Tally_Company_Sync,Scheduled,2024-04-23 02:20:00,2024-04-23 02:20:15,Success,3,,15,2024-04-23 02:20:00
LOG-1132,COMP-0007,WF-02,02_Tally_Ledger_Sync,Scheduled,2024-04-23 02:00:00,2024-04-23 02:00:45,Success,25,,45,2024-04-23 02:00:00
LOG-1133,COMP-0007,WF-03,03_Tally_Party_Sync,Scheduled,2024-04-23 02:57:00,2024-04-23 02:58:00,Failed,0,Connection timeout,0,2024-04-23 02:57:00
LOG-1134,COMP-0007,WF-05,05_Tally_Sales_Voucher_Sync,Scheduled,2024-04-23 02:50:00,2024-04-23 02:52:30,Success,30,,150,2024-04-23 02:50:00
LOG-1135,COMP-0007,WF-09,09_Tally_Inventory_Sync,Scheduled,2024-04-23 02:51:00,2024-04-23 02:53:00,Success,50,,120,2024-04-23 02:51:00
LOG-1136,COMP-0008,WF-01,01_Tally_Company_Sync,Scheduled,2024-04-23 02:46:00,2024-04-23 02:46:15,Success,3,,15,2024-04-23 02:46:00
LOG-1137,COMP-0008,WF-02,02_Tally_Ledger_Sync,Scheduled,2024-04-23 02:16:00,2024-04-23 02:16:45,Success,25,,45,2024-04-23 02:16:00
LOG-1138,COMP-0008,WF-03,03_Tally_Party_Sync,Scheduled,2024-04-23 02:45:00,2024-04-23 02:46:00,Success,15,,60,2024-04-23 02:45:00
LOG-1139,COMP-0008,WF-05,05_Tally_Sales_Voucher_Sync,Scheduled,2024-04-23 02:04:00,2024-04-23 02:06:30,Success,30,,150,2024-04-23 02:04:00
LOG-1140,COMP-0008,WF-09,09_Tally_Inventory_Sync,Scheduled,2024-04-23 02:38:00,2024-04-23 02:40:00,Success,50,,120,2024-04-23 02:38:00
LOG-1141,COMP-0009,WF-01,01_Tally_Company_Sync,Scheduled,2024-04-23 02:39:00,2024-04-23 02:39:15,Success,3,,15,2024-04-23 02:39:00
LOG-1142,COMP-0009,WF-02,02_Tally_Ledger_Sync,Scheduled,2024-04-23 02:11:00,2024-04-23 02:11:45,Success,25,,45,2024-04-23 02:11:00
LOG-1143,COMP-0009,WF-03,03_Tally_Party_Sync,Scheduled,2024-04-23 02:27:00,2024-04-23 02:28:00,Success,15,,60,2024-04-23 02:27:00
LOG-1144,COMP-0009,WF-05,05_Tally_Sales_Voucher_Sync,Scheduled,2024-04-23 02:05:00,2024-04-23 02:07:30,Success,30,,150,2024-04-23 02:05:00
LOG-1145,COMP-0009,WF-09,09_Tally_Inventory_Sync,Scheduled,2024-04-23 02:15:00,2024-04-23 02:17:00,Success,50,,120,2024-04-23 02:15:00
LOG-1146,COMP-0010,WF-01,01_Tally_Company_Sync,Scheduled,2024-04-23 02:08:00,2024-04-23 02:08:15,Success,3,,15,2024-04-23 02:08:00
LOG-1147,COMP-0010,WF-02,02_Tally_Ledger_Sync,Scheduled,2024-04-23 02:07:00,2024-04-23 02:07:45,Success,25,,45,2024-04-23 02:07:00
LOG-1148,COMP-0010,WF-03,03_Tally_Party_Sync,Scheduled,2024-04-23 02:49:00,2024-04-23 02:50:00,Success,15,,60,2024-04-23 02:49:00
LOG-1149,COMP-0010,WF-05,05_Tally_Sales_Voucher_Sync,Scheduled,2024-04-23 02:05:00,2024-04-23 02:07:30,Success,30,,150,2024-04-23 02:05:00
LOG-1150,COMP-0010,WF-09,09_Tally_Inventory_Sync,Scheduled,2024-04-23 02:45:00,2024-04-23 02:47:00,Success,50,,120,2024-04-23 02:45:00
LOG-1151,COMP-0001,WF-01,01_Tally_Company_Sync,Scheduled,2024-04-24 02:05:00,2024-04-24 02:05:15,Success,3,,15,2024-04-24 02:05:00
LOG-1152,COMP-0001,WF-02,02_Tally_Ledger_Sync,Scheduled,2024-04-24 02:02:00,2024-04-24 02:02:45,Success,25,,45,2024-04-24 02:02:00
LOG-1153,COMP-0001,WF-03,03_Tally_Party_Sync,Scheduled,2024-04-24 02:37:00,2024-04-24 02:38:00,Failed,0,Connection timeout,0,2024-04-24 02:37:00
LOG-1154,COMP-0001,WF-05,05_Tally_Sales_Voucher_Sync,Scheduled,2024-04-24 02:35:00,2024-04-24 02:37:30,Success,30,,150,2024-04-24 02:35:00
LOG-1155,COMP-0001,WF-09,09_Tally_Inventory_Sync,Scheduled,2024-04-24 02:39:00,2024-04-24 02:41:00,Failed,0,Connection timeout,0,2024-04-24 02:39:00
LOG-1156,COMP-0002,WF-01,01_Tally_Company_Sync,Scheduled,2024-04-24 02:38:00,2024-04-24 02:38:15,Success,3,,15,2024-04-24 02:38:00
LOG-1157,COMP-0002,WF-02,02_Tally_Ledger_Sync,Scheduled,2024-04-24 02:34:00,2024-04-24 02:34:45,Failed,0,Connection timeout,0,2024-04-24 02:34:00
LOG-1158,COMP-0002,WF-03,03_Tally_Party_Sync,Scheduled,2024-04-24 02:45:00,2024-04-24 02:46:00,Success,15,,60,2024-04-24 02:45:00
LOG-1159,COMP-0002,WF-05,05_Tally_Sales_Voucher_Sync,Scheduled,2024-04-24 02:24:00,2024-04-24 02:26:30,Failed,0,Connection timeout,0,2024-04-24 02:24:00
LOG-1160,COMP-0002,WF-09,09_Tally_Inventory_Sync,Scheduled,2024-04-24 02:19:00,2024-04-24 02:21:00,Success,50,,120,2024-04-24 02:19:00
LOG-1161,COMP-0003,WF-01,01_Tally_Company_Sync,Scheduled,2024-04-24 02:10:00,2024-04-24 02:10:15,Success,3,,15,2024-04-24 02:10:00
LOG-1162,COMP-0003,WF-02,02_Tally_Ledger_Sync,Scheduled,2024-04-24 02:52:00,2024-04-24 02:52:45,Success,25,,45,2024-04-24 02:52:00
LOG-1163,COMP-0003,WF-03,03_Tally_Party_Sync,Scheduled,2024-04-24 02:43:00,2024-04-24 02:44:00,Success,15,,60,2024-04-24 02:43:00
LOG-1164,COMP-0003,WF-05,05_Tally_Sales_Voucher_Sync,Scheduled,2024-04-24 02:37:00,2024-04-24 02:39:30,Success,30,,150,2024-04-24 02:37:00
LOG-1165,COMP-0003,WF-09,09_Tally_Inventory_Sync,Scheduled,2024-04-24 02:09:00,2024-04-24 02:11:00,Failed,0,Connection timeout,0,2024-04-24 02:09:00
LOG-1166,COMP-0004,WF-01,01_Tally_Company_Sync,Scheduled,2024-04-24 02:13:00,2024-04-24 02:13:15,Failed,0,Connection timeout,0,2024-04-24 02:13:00
LOG-1167,COMP-0004,WF-02,02_Tally_Ledger_Sync,Scheduled,2024-04-24 02:25:00,2024-04-24 02:25:45,Success,25,,45,2024-04-24 02:25:00
LOG-1168,COMP-0004,WF-03,03_Tally_Party_Sync,Scheduled,2024-04-24 02:46:00,2024-04-24 02:47:00,Success,15,,60,2024-04-24 02:46:00
LOG-1169,COMP-0004,WF-05,05_Tally_Sales_Voucher_Sync,Scheduled,2024-04-24 02:13:00,2024-04-24 02:15:30,Success,30,,150,2024-04-24 02:13:00
LOG-1170,COMP-0004,WF-09,09_Tally_Inventory_Sync,Scheduled,2024-04-24 02:09:00,2024-04-24 02:11:00,Failed,0,Connection timeout,0,2024-04-24 02:09:00
LOG-1171,COMP-0005,WF-01,01_Tally_Company_Sync,Scheduled,2024-04-24 02:27:00,2024-04-24 02:27:15,Success,3,,15,2024-04-24 02:27:00
LOG-1172,COMP-0005,WF-02,02_Tally_Ledger_Sync,Scheduled,2024-04-24 02:40:00,2024-04-24 02:40:45,Success,25,,45,2024-04-24 02:40:00
LOG-1173,COMP-0005,WF-03,03_Tally_Party_Sync,Scheduled,2024-04-24 02:03:00,2024-04-24 02:04:00,Success,15,,60,2024-04-24 02:03:00
LOG-1174,COMP-0005,WF-05,05_Tally_Sales_Voucher_Sync,Scheduled,2024-04-24 02:59:00,2024-04-24 03:01:30,Success,30,,150,2024-04-24 02:59:00
LOG-1175,COMP-0005,WF-09,09_Tally_Inventory_Sync,Scheduled,2024-04-24 02:44:00,2024-04-24 02:46:00,Success,50,,120,2024-04-24 02:44:00
LOG-1176,COMP-0006,WF-01,01_Tally_Company_Sync,Scheduled,2024-04-24 02:58:00,2024-04-24 02:58:15,Success,3,,15,2024-04-24 02:58:00
LOG-1177,COMP-0006,WF-02,02_Tally_Ledger_Sync,Scheduled,2024-04-24 02:00:00,2024-04-24 02:00:45,Success,25,,45,2024-04-24 02:00:00
LOG-1178,COMP-0006,WF-03,03_Tally_Party_Sync,Scheduled,2024-04-24 02:13:00,2024-04-24 02:14:00,Success,15,,60,2024-04-24 02:13:00
LOG-1179,COMP-0006,WF-05,05_Tally_Sales_Voucher_Sync,Scheduled,2024-04-24 02:57:00,2024-04-24 02:59:30,Success,30,,150,2024-04-24 02:57:00
LOG-1180,COMP-0006,WF-09,09_Tally_Inventory_Sync,Scheduled,2024-04-24 02:39:00,2024-04-24 02:41:00,Success,50,,120,2024-04-24 02:39:00
LOG-1181,COMP-0007,WF-01,01_Tally_Company_Sync,Scheduled,2024-04-24 02:32:00,2024-04-24 02:32:15,Success,3,,15,2024-04-24 02:32:00
LOG-1182,COMP-0007,WF-02,02_Tally_Ledger_Sync,Scheduled,2024-04-24 02:30:00,2024-04-24 02:30:45,Success,25,,45,2024-04-24 02:30:00
LOG-1183,COMP-0007,WF-03,03_Tally_Party_Sync,Scheduled,2024-04-24 02:20:00,2024-04-24 02:21:00,Success,15,,60,2024-04-24 02:20:00
LOG-1184,COMP-0007,WF-05,05_Tally_Sales_Voucher_Sync,Scheduled,2024-04-24 02:01:00,2024-04-24 02:03:30,Success,30,,150,2024-04-24 02:01:00
LOG-1185,COMP-0007,WF-09,09_Tally_Inventory_Sync,Scheduled,2024-04-24 02:46:00,2024-04-24 02:48:00,Success,50,,120,2024-04-24 02:46:00
LOG-1186,COMP-0008,WF-01,01_Tally_Company_Sync,Scheduled,2024-04-24 02:10:00,2024-04-24 02:10:15,Success,3,,15,2024-04-24 02:10:00
LOG-1187,COMP-0008,WF-02,02_Tally_Ledger_Sync,Scheduled,2024-04-24 02:56:00,2024-04-24 02:56:45,Failed,0,Connection timeout,0,2024-04-24 02:56:00
LOG-1188,COMP-0008,WF-03,03_Tally_Party_Sync,Scheduled,2024-04-24 02:17:00,2024-04-24 02:18:00,Success,15,,60,2024-04-24 02:17:00
LOG-1189,COMP-0008,WF-05,05_Tally_Sales_Voucher_Sync,Scheduled,2024-04-24 02:16:00,2024-04-24 02:18:30,Success,30,,150,2024-04-24 02:16:00
LOG-1190,COMP-0008,WF-09,09_Tally_Inventory_Sync,Scheduled,2024-04-24 02:27:00,2024-04-24 02:29:00,Success,50,,120,2024-04-24 02:27:00
LOG-1191,COMP-0009,WF-01,01_Tally_Company_Sync,Scheduled,2024-04-24 02:31:00,2024-04-24 02:31:15,Failed,0,Connection timeout,0,2024-04-24 02:31:00
LOG-1192,COMP-0009,WF-02,02_Tally_Ledger_Sync,Scheduled,2024-04-24 02:57:00,2024-04-24 02:57:45,Failed,0,Connection timeout,0,2024-04-24 02:57:00
LOG-1193,COMP-0009,WF-03,03_Tally_Party_Sync,Scheduled,2024-04-24 02:49:00,2024-04-24 02:50:00,Success,15,,60,2024-04-24 02:49:00
LOG-1194,COMP-0009,WF-05,05_Tally_Sales_Voucher_Sync,Scheduled,2024-04-24 02:03:00,2024-04-24 02:05:30,Success,30,,150,2024-04-24 02:03:00
LOG-1195,COMP-0009,WF-09,09_Tally_Inventory_Sync,Scheduled,2024-04-24 02:31:00,2024-04-24 02:33:00,Success,50,,120,2024-04-24 02:31:00
LOG-1196,COMP-0010,WF-01,01_Tally_Company_Sync,Scheduled,2024-04-24 02:48:00,2024-04-24 02:48:15,Success,3,,15,2024-04-24 02:48:00
LOG-1197,COMP-0010,WF-02,02_Tally_Ledger_Sync,Scheduled,2024-04-24 02:22:00,2024-04-24 02:22:45,Success,25,,45,2024-04-24 02:22:00
LOG-1198,COMP-0010,WF-03,03_Tally_Party_Sync,Scheduled,2024-04-24 02:41:00,2024-04-24 02:42:00,Success,15,,60,2024-04-24 02:41:00
LOG-1199,COMP-0010,WF-05,05_Tally_Sales_Voucher_Sync,Scheduled,2024-04-24 02:14:00,2024-04-24 02:16:30,Success,30,,150,2024-04-24 02:14:00
LOG-1200,COMP-0010,WF-09,09_Tally_Inventory_Sync,Scheduled,2024-04-24 02:24:00,2024-04-24 02:26:00,Failed,0,Connection timeout,0,2024-04-24 02:24:00
LOG-1201,COMP-0001,WF-01,01_Tally_Company_Sync,Scheduled,2024-04-25 02:13:00,2024-04-25 02:13:15,Success,3,,15,2024-04-25 02:13:00
LOG-1202,COMP-0001,WF-02,02_Tally_Ledger_Sync,Scheduled,2024-04-25 02:01:00,2024-04-25 02:01:45,Success,25,,45,2024-04-25 02:01:00
LOG-1203,COMP-0001,WF-03,03_Tally_Party_Sync,Scheduled,2024-04-25 02:42:00,2024-04-25 02:43:00,Success,15,,60,2024-04-25 02:42:00
LOG-1204,COMP-0001,WF-05,05_Tally_Sales_Voucher_Sync,Scheduled,2024-04-25 02:41:00,2024-04-25 02:43:30,Success,30,,150,2024-04-25 02:41:00
LOG-1205,COMP-0001,WF-09,09_Tally_Inventory_Sync,Scheduled,2024-04-25 02:04:00,2024-04-25 02:06:00,Success,50,,120,2024-04-25 02:04:00
LOG-1206,COMP-0002,WF-01,01_Tally_Company_Sync,Scheduled,2024-04-25 02:54:00,2024-04-25 02:54:15,Failed,0,Connection timeout,0,2024-04-25 02:54:00
LOG-1207,COMP-0002,WF-02,02_Tally_Ledger_Sync,Scheduled,2024-04-25 02:49:00,2024-04-25 02:49:45,Success,25,,45,2024-04-25 02:49:00
LOG-1208,COMP-0002,WF-03,03_Tally_Party_Sync,Scheduled,2024-04-25 02:49:00,2024-04-25 02:50:00,Failed,0,Connection timeout,0,2024-04-25 02:49:00
LOG-1209,COMP-0002,WF-05,05_Tally_Sales_Voucher_Sync,Scheduled,2024-04-25 02:48:00,2024-04-25 02:50:30,Success,30,,150,2024-04-25 02:48:00
LOG-1210,COMP-0002,WF-09,09_Tally_Inventory_Sync,Scheduled,2024-04-25 02:54:00,2024-04-25 02:56:00,Success,50,,120,2024-04-25 02:54:00
LOG-1211,COMP-0003,WF-01,01_Tally_Company_Sync,Scheduled,2024-04-25 02:12:00,2024-04-25 02:12:15,Success,3,,15,2024-04-25 02:12:00
LOG-1212,COMP-0003,WF-02,02_Tally_Ledger_Sync,Scheduled,2024-04-25 02:36:00,2024-04-25 02:36:45,Success,25,,45,2024-04-25 02:36:00
LOG-1213,COMP-0003,WF-03,03_Tally_Party_Sync,Scheduled,2024-04-25 02:55:00,2024-04-25 02:56:00,Success,15,,60,2024-04-25 02:55:00
LOG-1214,COMP-0003,WF-05,05_Tally_Sales_Voucher_Sync,Scheduled,2024-04-25 02:03:00,2024-04-25 02:05:30,Success,30,,150,2024-04-25 02:03:00
LOG-1215,COMP-0003,WF-09,09_Tally_Inventory_Sync,Scheduled,2024-04-25 02:55:00,2024-04-25 02:57:00,Success,50,,120,2024-04-25 02:55:00
LOG-1216,COMP-0004,WF-01,01_Tally_Company_Sync,Scheduled,2024-04-25 02:00:00,2024-04-25 02:00:15,Success,3,,15,2024-04-25 02:00:00
LOG-1217,COMP-0004,WF-02,02_Tally_Ledger_Sync,Scheduled,2024-04-25 02:38:00,2024-04-25 02:38:45,Success,25,,45,2024-04-25 02:38:00
LOG-1218,COMP-0004,WF-03,03_Tally_Party_Sync,Scheduled,2024-04-25 02:58:00,2024-04-25 02:59:00,Success,15,,60,2024-04-25 02:58:00
LOG-1219,COMP-0004,WF-05,05_Tally_Sales_Voucher_Sync,Scheduled,2024-04-25 02:53:00,2024-04-25 02:55:30,Success,30,,150,2024-04-25 02:53:00
LOG-1220,COMP-0004,WF-09,09_Tally_Inventory_Sync,Scheduled,2024-04-25 02:25:00,2024-04-25 02:27:00,Success,50,,120,2024-04-25 02:25:00
LOG-1221,COMP-0005,WF-01,01_Tally_Company_Sync,Scheduled,2024-04-25 02:15:00,2024-04-25 02:15:15,Success,3,,15,2024-04-25 02:15:00
LOG-1222,COMP-0005,WF-02,02_Tally_Ledger_Sync,Scheduled,2024-04-25 02:08:00,2024-04-25 02:08:45,Success,25,,45,2024-04-25 02:08:00
LOG-1223,COMP-0005,WF-03,03_Tally_Party_Sync,Scheduled,2024-04-25 02:15:00,2024-04-25 02:16:00,Success,15,,60,2024-04-25 02:15:00
LOG-1224,COMP-0005,WF-05,05_Tally_Sales_Voucher_Sync,Scheduled,2024-04-25 02:29:00,2024-04-25 02:31:30,Success,30,,150,2024-04-25 02:29:00
LOG-1225,COMP-0005,WF-09,09_Tally_Inventory_Sync,Scheduled,2024-04-25 02:31:00,2024-04-25 02:33:00,Failed,0,Connection timeout,0,2024-04-25 02:31:00
LOG-1226,COMP-0006,WF-01,01_Tally_Company_Sync,Scheduled,2024-04-25 02:43:00,2024-04-25 02:43:15,Success,3,,15,2024-04-25 02:43:00
LOG-1227,COMP-0006,WF-02,02_Tally_Ledger_Sync,Scheduled,2024-04-25 02:52:00,2024-04-25 02:52:45,Success,25,,45,2024-04-25 02:52:00
LOG-1228,COMP-0006,WF-03,03_Tally_Party_Sync,Scheduled,2024-04-25 02:01:00,2024-04-25 02:02:00,Failed,0,Connection timeout,0,2024-04-25 02:01:00
LOG-1229,COMP-0006,WF-05,05_Tally_Sales_Voucher_Sync,Scheduled,2024-04-25 02:55:00,2024-04-25 02:57:30,Success,30,,150,2024-04-25 02:55:00
LOG-1230,COMP-0006,WF-09,09_Tally_Inventory_Sync,Scheduled,2024-04-25 02:17:00,2024-04-25 02:19:00,Success,50,,120,2024-04-25 02:17:00
LOG-1231,COMP-0007,WF-01,01_Tally_Company_Sync,Scheduled,2024-04-25 02:35:00,2024-04-25 02:35:15,Success,3,,15,2024-04-25 02:35:00
LOG-1232,COMP-0007,WF-02,02_Tally_Ledger_Sync,Scheduled,2024-04-25 02:15:00,2024-04-25 02:15:45,Success,25,,45,2024-04-25 02:15:00
LOG-1233,COMP-0007,WF-03,03_Tally_Party_Sync,Scheduled,2024-04-25 02:19:00,2024-04-25 02:20:00,Success,15,,60,2024-04-25 02:19:00
LOG-1234,COMP-0007,WF-05,05_Tally_Sales_Voucher_Sync,Scheduled,2024-04-25 02:01:00,2024-04-25 02:03:30,Success,30,,150,2024-04-25 02:01:00
LOG-1235,COMP-0007,WF-09,09_Tally_Inventory_Sync,Scheduled,2024-04-25 02:25:00,2024-04-25 02:27:00,Success,50,,120,2024-04-25 02:25:00
LOG-1236,COMP-0008,WF-01,01_Tally_Company_Sync,Scheduled,2024-04-25 02:34:00,2024-04-25 02:34:15,Success,3,,15,2024-04-25 02:34:00
LOG-1237,COMP-0008,WF-02,02_Tally_Ledger_Sync,Scheduled,2024-04-25 02:18:00,2024-04-25 02:18:45,Success,25,,45,2024-04-25 02:18:00
LOG-1238,COMP-0008,WF-03,03_Tally_Party_Sync,Scheduled,2024-04-25 02:44:00,2024-04-25 02:45:00,Success,15,,60,2024-04-25 02:44:00
LOG-1239,COMP-0008,WF-05,05_Tally_Sales_Voucher_Sync,Scheduled,2024-04-25 02:33:00,2024-04-25 02:35:30,Success,30,,150,2024-04-25 02:33:00
LOG-1240,COMP-0008,WF-09,09_Tally_Inventory_Sync,Scheduled,2024-04-25 02:39:00,2024-04-25 02:41:00,Success,50,,120,2024-04-25 02:39:00
LOG-1241,COMP-0009,WF-01,01_Tally_Company_Sync,Scheduled,2024-04-25 02:10:00,2024-04-25 02:10:15,Success,3,,15,2024-04-25 02:10:00
LOG-1242,COMP-0009,WF-02,02_Tally_Ledger_Sync,Scheduled,2024-04-25 02:21:00,2024-04-25 02:21:45,Success,25,,45,2024-04-25 02:21:00
LOG-1243,COMP-0009,WF-03,03_Tally_Party_Sync,Scheduled,2024-04-25 02:00:00,2024-04-25 02:01:00,Success,15,,60,2024-04-25 02:00:00
LOG-1244,COMP-0009,WF-05,05_Tally_Sales_Voucher_Sync,Scheduled,2024-04-25 02:31:00,2024-04-25 02:33:30,Success,30,,150,2024-04-25 02:31:00
LOG-1245,COMP-0009,WF-09,09_Tally_Inventory_Sync,Scheduled,2024-04-25 02:33:00,2024-04-25 02:35:00,Success,50,,120,2024-04-25 02:33:00
LOG-1246,COMP-0010,WF-01,01_Tally_Company_Sync,Scheduled,2024-04-25 02:20:00,2024-04-25 02:20:15,Success,3,,15,2024-04-25 02:20:00
LOG-1247,COMP-0010,WF-02,02_Tally_Ledger_Sync,Scheduled,2024-04-25 02:53:00,2024-04-25 02:53:45,Success,25,,45,2024-04-25 02:53:00
LOG-1248,COMP-0010,WF-03,03_Tally_Party_Sync,Scheduled,2024-04-25 02:43:00,2024-04-25 02:44:00,Success,15,,60,2024-04-25 02:43:00
LOG-1249,COMP-0010,WF-05,05_Tally_Sales_Voucher_Sync,Scheduled,2024-04-25 02:21:00,2024-04-25 02:23:30,Success,30,,150,2024-04-25 02:21:00
LOG-1250,COMP-0010,WF-09,09_Tally_Inventory_Sync,Scheduled,2024-04-25 02:22:00,2024-04-25 02:24:00,Success,50,,120,2024-04-25 02:22:00
LOG-1251,COMP-0001,WF-01,01_Tally_Company_Sync,Scheduled,2024-04-26 02:55:00,2024-04-26 02:55:15,Success,3,,15,2024-04-26 02:55:00
LOG-1252,COMP-0001,WF-02,02_Tally_Ledger_Sync,Scheduled,2024-04-26 02:39:00,2024-04-26 02:39:45,Success,25,,45,2024-04-26 02:39:00
LOG-1253,COMP-0001,WF-03,03_Tally_Party_Sync,Scheduled,2024-04-26 02:57:00,2024-04-26 02:58:00,Success,15,,60,2024-04-26 02:57:00
LOG-1254,COMP-0001,WF-05,05_Tally_Sales_Voucher_Sync,Scheduled,2024-04-26 02:26:00,2024-04-26 02:28:30,Success,30,,150,2024-04-26 02:26:00
LOG-1255,COMP-0001,WF-09,09_Tally_Inventory_Sync,Scheduled,2024-04-26 02:13:00,2024-04-26 02:15:00,Success,50,,120,2024-04-26 02:13:00
LOG-1256,COMP-0002,WF-01,01_Tally_Company_Sync,Scheduled,2024-04-26 02:33:00,2024-04-26 02:33:15,Success,3,,15,2024-04-26 02:33:00
LOG-1257,COMP-0002,WF-02,02_Tally_Ledger_Sync,Scheduled,2024-04-26 02:49:00,2024-04-26 02:49:45,Success,25,,45,2024-04-26 02:49:00
LOG-1258,COMP-0002,WF-03,03_Tally_Party_Sync,Scheduled,2024-04-26 02:27:00,2024-04-26 02:28:00,Success,15,,60,2024-04-26 02:27:00
LOG-1259,COMP-0002,WF-05,05_Tally_Sales_Voucher_Sync,Scheduled,2024-04-26 02:35:00,2024-04-26 02:37:30,Success,30,,150,2024-04-26 02:35:00
LOG-1260,COMP-0002,WF-09,09_Tally_Inventory_Sync,Scheduled,2024-04-26 02:35:00,2024-04-26 02:37:00,Success,50,,120,2024-04-26 02:35:00
LOG-1261,COMP-0003,WF-01,01_Tally_Company_Sync,Scheduled,2024-04-26 02:12:00,2024-04-26 02:12:15,Success,3,,15,2024-04-26 02:12:00
LOG-1262,COMP-0003,WF-02,02_Tally_Ledger_Sync,Scheduled,2024-04-26 02:36:00,2024-04-26 02:36:45,Success,25,,45,2024-04-26 02:36:00
LOG-1263,COMP-0003,WF-03,03_Tally_Party_Sync,Scheduled,2024-04-26 02:12:00,2024-04-26 02:13:00,Success,15,,60,2024-04-26 02:12:00
LOG-1264,COMP-0003,WF-05,05_Tally_Sales_Voucher_Sync,Scheduled,2024-04-26 02:15:00,2024-04-26 02:17:30,Success,30,,150,2024-04-26 02:15:00
LOG-1265,COMP-0003,WF-09,09_Tally_Inventory_Sync,Scheduled,2024-04-26 02:02:00,2024-04-26 02:04:00,Success,50,,120,2024-04-26 02:02:00
LOG-1266,COMP-0004,WF-01,01_Tally_Company_Sync,Scheduled,2024-04-26 02:15:00,2024-04-26 02:15:15,Success,3,,15,2024-04-26 02:15:00
LOG-1267,COMP-0004,WF-02,02_Tally_Ledger_Sync,Scheduled,2024-04-26 02:28:00,2024-04-26 02:28:45,Success,25,,45,2024-04-26 02:28:00
LOG-1268,COMP-0004,WF-03,03_Tally_Party_Sync,Scheduled,2024-04-26 02:19:00,2024-04-26 02:20:00,Success,15,,60,2024-04-26 02:19:00
LOG-1269,COMP-0004,WF-05,05_Tally_Sales_Voucher_Sync,Scheduled,2024-04-26 02:57:00,2024-04-26 02:59:30,Success,30,,150,2024-04-26 02:57:00
LOG-1270,COMP-0004,WF-09,09_Tally_Inventory_Sync,Scheduled,2024-04-26 02:33:00,2024-04-26 02:35:00,Success,50,,120,2024-04-26 02:33:00
LOG-1271,COMP-0005,WF-01,01_Tally_Company_Sync,Scheduled,2024-04-26 02:30:00,2024-04-26 02:30:15,Success,3,,15,2024-04-26 02:30:00
LOG-1272,COMP-0005,WF-02,02_Tally_Ledger_Sync,Scheduled,2024-04-26 02:17:00,2024-04-26 02:17:45,Success,25,,45,2024-04-26 02:17:00
LOG-1273,COMP-0005,WF-03,03_Tally_Party_Sync,Scheduled,2024-04-26 02:14:00,2024-04-26 02:15:00,Failed,0,Connection timeout,0,2024-04-26 02:14:00
LOG-1274,COMP-0005,WF-05,05_Tally_Sales_Voucher_Sync,Scheduled,2024-04-26 02:05:00,2024-04-26 02:07:30,Success,30,,150,2024-04-26 02:05:00
LOG-1275,COMP-0005,WF-09,09_Tally_Inventory_Sync,Scheduled,2024-04-26 02:25:00,2024-04-26 02:27:00,Success,50,,120,2024-04-26 02:25:00
LOG-1276,COMP-0006,WF-01,01_Tally_Company_Sync,Scheduled,2024-04-26 02:29:00,2024-04-26 02:29:15,Success,3,,15,2024-04-26 02:29:00
LOG-1277,COMP-0006,WF-02,02_Tally_Ledger_Sync,Scheduled,2024-04-26 02:56:00,2024-04-26 02:56:45,Success,25,,45,2024-04-26 02:56:00
LOG-1278,COMP-0006,WF-03,03_Tally_Party_Sync,Scheduled,2024-04-26 02:28:00,2024-04-26 02:29:00,Success,15,,60,2024-04-26 02:28:00
LOG-1279,COMP-0006,WF-05,05_Tally_Sales_Voucher_Sync,Scheduled,2024-04-26 02:02:00,2024-04-26 02:04:30,Success,30,,150,2024-04-26 02:02:00
LOG-1280,COMP-0006,WF-09,09_Tally_Inventory_Sync,Scheduled,2024-04-26 02:22:00,2024-04-26 02:24:00,Success,50,,120,2024-04-26 02:22:00
LOG-1281,COMP-0007,WF-01,01_Tally_Company_Sync,Scheduled,2024-04-26 02:00:00,2024-04-26 02:00:15,Success,3,,15,2024-04-26 02:00:00
LOG-1282,COMP-0007,WF-02,02_Tally_Ledger_Sync,Scheduled,2024-04-26 02:07:00,2024-04-26 02:07:45,Success,25,,45,2024-04-26 02:07:00
LOG-1283,COMP-0007,WF-03,03_Tally_Party_Sync,Scheduled,2024-04-26 02:17:00,2024-04-26 02:18:00,Success,15,,60,2024-04-26 02:17:00
LOG-1284,COMP-0007,WF-05,05_Tally_Sales_Voucher_Sync,Scheduled,2024-04-26 02:05:00,2024-04-26 02:07:30,Success,30,,150,2024-04-26 02:05:00
LOG-1285,COMP-0007,WF-09,09_Tally_Inventory_Sync,Scheduled,2024-04-26 02:11:00,2024-04-26 02:13:00,Success,50,,120,2024-04-26 02:11:00
LOG-1286,COMP-0008,WF-01,01_Tally_Company_Sync,Scheduled,2024-04-26 02:45:00,2024-04-26 02:45:15,Success,3,,15,2024-04-26 02:45:00
LOG-1287,COMP-0008,WF-02,02_Tally_Ledger_Sync,Scheduled,2024-04-26 02:13:00,2024-04-26 02:13:45,Success,25,,45,2024-04-26 02:13:00
LOG-1288,COMP-0008,WF-03,03_Tally_Party_Sync,Scheduled,2024-04-26 02:57:00,2024-04-26 02:58:00,Success,15,,60,2024-04-26 02:57:00
LOG-1289,COMP-0008,WF-05,05_Tally_Sales_Voucher_Sync,Scheduled,2024-04-26 02:26:00,2024-04-26 02:28:30,Failed,0,Connection timeout,0,2024-04-26 02:26:00
LOG-1290,COMP-0008,WF-09,09_Tally_Inventory_Sync,Scheduled,2024-04-26 02:07:00,2024-04-26 02:09:00,Success,50,,120,2024-04-26 02:07:00
LOG-1291,COMP-0009,WF-01,01_Tally_Company_Sync,Scheduled,2024-04-26 02:24:00,2024-04-26 02:24:15,Success,3,,15,2024-04-26 02:24:00
LOG-1292,COMP-0009,WF-02,02_Tally_Ledger_Sync,Scheduled,2024-04-26 02:55:00,2024-04-26 02:55:45,Success,25,,45,2024-04-26 02:55:00
LOG-1293,COMP-0009,WF-03,03_Tally_Party_Sync,Scheduled,2024-04-26 02:24:00,2024-04-26 02:25:00,Success,15,,60,2024-04-26 02:24:00
LOG-1294,COMP-0009,WF-05,05_Tally_Sales_Voucher_Sync,Scheduled,2024-04-26 02:33:00,2024-04-26 02:35:30,Failed,0,Connection timeout,0,2024-04-26 02:33:00
LOG-1295,COMP-0009,WF-09,09_Tally_Inventory_Sync,Scheduled,2024-04-26 02:25:00,2024-04-26 02:27:00,Success,50,,120,2024-04-26 02:25:00
LOG-1296,COMP-0010,WF-01,01_Tally_Company_Sync,Scheduled,2024-04-26 02:01:00,2024-04-26 02:01:15,Success,3,,15,2024-04-26 02:01:00
LOG-1297,COMP-0010,WF-02,02_Tally_Ledger_Sync,Scheduled,2024-04-26 02:21:00,2024-04-26 02:21:45,Success,25,,45,2024-04-26 02:21:00
LOG-1298,COMP-0010,WF-03,03_Tally_Party_Sync,Scheduled,2024-04-26 02:40:00,2024-04-26 02:41:00,Success,15,,60,2024-04-26 02:40:00
LOG-1299,COMP-0010,WF-05,05_Tally_Sales_Voucher_Sync,Scheduled,2024-04-26 02:22:00,2024-04-26 02:24:30,Success,30,,150,2024-04-26 02:22:00
LOG-1300,COMP-0010,WF-09,09_Tally_Inventory_Sync,Scheduled,2024-04-26 02:11:00,2024-04-26 02:13:00,Success,50,,120,2024-04-26 02:11:00
LOG-1301,COMP-0001,WF-01,01_Tally_Company_Sync,Scheduled,2024-04-27 02:32:00,2024-04-27 02:32:15,Success,3,,15,2024-04-27 02:32:00
LOG-1302,COMP-0001,WF-02,02_Tally_Ledger_Sync,Scheduled,2024-04-27 02:24:00,2024-04-27 02:24:45,Success,25,,45,2024-04-27 02:24:00
LOG-1303,COMP-0001,WF-03,03_Tally_Party_Sync,Scheduled,2024-04-27 02:16:00,2024-04-27 02:17:00,Success,15,,60,2024-04-27 02:16:00
LOG-1304,COMP-0001,WF-05,05_Tally_Sales_Voucher_Sync,Scheduled,2024-04-27 02:49:00,2024-04-27 02:51:30,Success,30,,150,2024-04-27 02:49:00
LOG-1305,COMP-0001,WF-09,09_Tally_Inventory_Sync,Scheduled,2024-04-27 02:14:00,2024-04-27 02:16:00,Success,50,,120,2024-04-27 02:14:00
LOG-1306,COMP-0002,WF-01,01_Tally_Company_Sync,Scheduled,2024-04-27 02:05:00,2024-04-27 02:05:15,Success,3,,15,2024-04-27 02:05:00
LOG-1307,COMP-0002,WF-02,02_Tally_Ledger_Sync,Scheduled,2024-04-27 02:51:00,2024-04-27 02:51:45,Success,25,,45,2024-04-27 02:51:00
LOG-1308,COMP-0002,WF-03,03_Tally_Party_Sync,Scheduled,2024-04-27 02:18:00,2024-04-27 02:19:00,Failed,0,Connection timeout,0,2024-04-27 02:18:00
LOG-1309,COMP-0002,WF-05,05_Tally_Sales_Voucher_Sync,Scheduled,2024-04-27 02:43:00,2024-04-27 02:45:30,Success,30,,150,2024-04-27 02:43:00
LOG-1310,COMP-0002,WF-09,09_Tally_Inventory_Sync,Scheduled,2024-04-27 02:43:00,2024-04-27 02:45:00,Success,50,,120,2024-04-27 02:43:00
LOG-1311,COMP-0003,WF-01,01_Tally_Company_Sync,Scheduled,2024-04-27 02:21:00,2024-04-27 02:21:15,Success,3,,15,2024-04-27 02:21:00
LOG-1312,COMP-0003,WF-02,02_Tally_Ledger_Sync,Scheduled,2024-04-27 02:22:00,2024-04-27 02:22:45,Success,25,,45,2024-04-27 02:22:00
LOG-1313,COMP-0003,WF-03,03_Tally_Party_Sync,Scheduled,2024-04-27 02:50:00,2024-04-27 02:51:00,Success,15,,60,2024-04-27 02:50:00
LOG-1314,COMP-0003,WF-05,05_Tally_Sales_Voucher_Sync,Scheduled,2024-04-27 02:00:00,2024-04-27 02:02:30,Success,30,,150,2024-04-27 02:00:00
LOG-1315,COMP-0003,WF-09,09_Tally_Inventory_Sync,Scheduled,2024-04-27 02:00:00,2024-04-27 02:02:00,Success,50,,120,2024-04-27 02:00:00
LOG-1316,COMP-0004,WF-01,01_Tally_Company_Sync,Scheduled,2024-04-27 02:05:00,2024-04-27 02:05:15,Success,3,,15,2024-04-27 02:05:00
LOG-1317,COMP-0004,WF-02,02_Tally_Ledger_Sync,Scheduled,2024-04-27 02:26:00,2024-04-27 02:26:45,Success,25,,45,2024-04-27 02:26:00
LOG-1318,COMP-0004,WF-03,03_Tally_Party_Sync,Scheduled,2024-04-27 02:08:00,2024-04-27 02:09:00,Success,15,,60,2024-04-27 02:08:00
LOG-1319,COMP-0004,WF-05,05_Tally_Sales_Voucher_Sync,Scheduled,2024-04-27 02:49:00,2024-04-27 02:51:30,Success,30,,150,2024-04-27 02:49:00
LOG-1320,COMP-0004,WF-09,09_Tally_Inventory_Sync,Scheduled,2024-04-27 02:14:00,2024-04-27 02:16:00,Success,50,,120,2024-04-27 02:14:00
LOG-1321,COMP-0005,WF-01,01_Tally_Company_Sync,Scheduled,2024-04-27 02:24:00,2024-04-27 02:24:15,Success,3,,15,2024-04-27 02:24:00
LOG-1322,COMP-0005,WF-02,02_Tally_Ledger_Sync,Scheduled,2024-04-27 02:30:00,2024-04-27 02:30:45,Success,25,,45,2024-04-27 02:30:00
LOG-1323,COMP-0005,WF-03,03_Tally_Party_Sync,Scheduled,2024-04-27 02:43:00,2024-04-27 02:44:00,Success,15,,60,2024-04-27 02:43:00
LOG-1324,COMP-0005,WF-05,05_Tally_Sales_Voucher_Sync,Scheduled,2024-04-27 02:06:00,2024-04-27 02:08:30,Success,30,,150,2024-04-27 02:06:00
LOG-1325,COMP-0005,WF-09,09_Tally_Inventory_Sync,Scheduled,2024-04-27 02:46:00,2024-04-27 02:48:00,Success,50,,120,2024-04-27 02:46:00
LOG-1326,COMP-0006,WF-01,01_Tally_Company_Sync,Scheduled,2024-04-27 02:28:00,2024-04-27 02:28:15,Success,3,,15,2024-04-27 02:28:00
LOG-1327,COMP-0006,WF-02,02_Tally_Ledger_Sync,Scheduled,2024-04-27 02:51:00,2024-04-27 02:51:45,Success,25,,45,2024-04-27 02:51:00
LOG-1328,COMP-0006,WF-03,03_Tally_Party_Sync,Scheduled,2024-04-27 02:51:00,2024-04-27 02:52:00,Success,15,,60,2024-04-27 02:51:00
LOG-1329,COMP-0006,WF-05,05_Tally_Sales_Voucher_Sync,Scheduled,2024-04-27 02:34:00,2024-04-27 02:36:30,Success,30,,150,2024-04-27 02:34:00
LOG-1330,COMP-0006,WF-09,09_Tally_Inventory_Sync,Scheduled,2024-04-27 02:50:00,2024-04-27 02:52:00,Success,50,,120,2024-04-27 02:50:00
LOG-1331,COMP-0007,WF-01,01_Tally_Company_Sync,Scheduled,2024-04-27 02:37:00,2024-04-27 02:37:15,Success,3,,15,2024-04-27 02:37:00
LOG-1332,COMP-0007,WF-02,02_Tally_Ledger_Sync,Scheduled,2024-04-27 02:43:00,2024-04-27 02:43:45,Success,25,,45,2024-04-27 02:43:00
LOG-1333,COMP-0007,WF-03,03_Tally_Party_Sync,Scheduled,2024-04-27 02:01:00,2024-04-27 02:02:00,Success,15,,60,2024-04-27 02:01:00
LOG-1334,COMP-0007,WF-05,05_Tally_Sales_Voucher_Sync,Scheduled,2024-04-27 02:37:00,2024-04-27 02:39:30,Success,30,,150,2024-04-27 02:37:00
LOG-1335,COMP-0007,WF-09,09_Tally_Inventory_Sync,Scheduled,2024-04-27 02:01:00,2024-04-27 02:03:00,Success,50,,120,2024-04-27 02:01:00
LOG-1336,COMP-0008,WF-01,01_Tally_Company_Sync,Scheduled,2024-04-27 02:38:00,2024-04-27 02:38:15,Success,3,,15,2024-04-27 02:38:00
LOG-1337,COMP-0008,WF-02,02_Tally_Ledger_Sync,Scheduled,2024-04-27 02:26:00,2024-04-27 02:26:45,Success,25,,45,2024-04-27 02:26:00
LOG-1338,COMP-0008,WF-03,03_Tally_Party_Sync,Scheduled,2024-04-27 02:58:00,2024-04-27 02:59:00,Success,15,,60,2024-04-27 02:58:00
LOG-1339,COMP-0008,WF-05,05_Tally_Sales_Voucher_Sync,Scheduled,2024-04-27 02:34:00,2024-04-27 02:36:30,Success,30,,150,2024-04-27 02:34:00
LOG-1340,COMP-0008,WF-09,09_Tally_Inventory_Sync,Scheduled,2024-04-27 02:12:00,2024-04-27 02:14:00,Success,50,,120,2024-04-27 02:12:00
LOG-1341,COMP-0009,WF-01,01_Tally_Company_Sync,Scheduled,2024-04-27 02:44:00,2024-04-27 02:44:15,Success,3,,15,2024-04-27 02:44:00
LOG-1342,COMP-0009,WF-02,02_Tally_Ledger_Sync,Scheduled,2024-04-27 02:54:00,2024-04-27 02:54:45,Success,25,,45,2024-04-27 02:54:00
LOG-1343,COMP-0009,WF-03,03_Tally_Party_Sync,Scheduled,2024-04-27 02:49:00,2024-04-27 02:50:00,Success,15,,60,2024-04-27 02:49:00
LOG-1344,COMP-0009,WF-05,05_Tally_Sales_Voucher_Sync,Scheduled,2024-04-27 02:15:00,2024-04-27 02:17:30,Success,30,,150,2024-04-27 02:15:00
LOG-1345,COMP-0009,WF-09,09_Tally_Inventory_Sync,Scheduled,2024-04-27 02:33:00,2024-04-27 02:35:00,Success,50,,120,2024-04-27 02:33:00
LOG-1346,COMP-0010,WF-01,01_Tally_Company_Sync,Scheduled,2024-04-27 02:35:00,2024-04-27 02:35:15,Success,3,,15,2024-04-27 02:35:00
LOG-1347,COMP-0010,WF-02,02_Tally_Ledger_Sync,Scheduled,2024-04-27 02:55:00,2024-04-27 02:55:45,Success,25,,45,2024-04-27 02:55:00
LOG-1348,COMP-0010,WF-03,03_Tally_Party_Sync,Scheduled,2024-04-27 02:30:00,2024-04-27 02:31:00,Success,15,,60,2024-04-27 02:30:00
LOG-1349,COMP-0010,WF-05,05_Tally_Sales_Voucher_Sync,Scheduled,2024-04-27 02:02:00,2024-04-27 02:04:30,Success,30,,150,2024-04-27 02:02:00
LOG-1350,COMP-0010,WF-09,09_Tally_Inventory_Sync,Scheduled,2024-04-27 02:26:00,2024-04-27 02:28:00,Failed,0,Connection timeout,0,2024-04-27 02:26:00
LOG-1351,COMP-0001,WF-01,01_Tally_Company_Sync,Scheduled,2024-04-28 02:31:00,2024-04-28 02:31:15,Success,3,,15,2024-04-28 02:31:00
LOG-1352,COMP-0001,WF-02,02_Tally_Ledger_Sync,Scheduled,2024-04-28 02:21:00,2024-04-28 02:21:45,Success,25,,45,2024-04-28 02:21:00
LOG-1353,COMP-0001,WF-03,03_Tally_Party_Sync,Scheduled,2024-04-28 02:36:00,2024-04-28 02:37:00,Success,15,,60,2024-04-28 02:36:00
LOG-1354,COMP-0001,WF-05,05_Tally_Sales_Voucher_Sync,Scheduled,2024-04-28 02:45:00,2024-04-28 02:47:30,Success,30,,150,2024-04-28 02:45:00
LOG-1355,COMP-0001,WF-09,09_Tally_Inventory_Sync,Scheduled,2024-04-28 02:51:00,2024-04-28 02:53:00,Success,50,,120,2024-04-28 02:51:00
LOG-1356,COMP-0002,WF-01,01_Tally_Company_Sync,Scheduled,2024-04-28 02:22:00,2024-04-28 02:22:15,Success,3,,15,2024-04-28 02:22:00
LOG-1357,COMP-0002,WF-02,02_Tally_Ledger_Sync,Scheduled,2024-04-28 02:39:00,2024-04-28 02:39:45,Success,25,,45,2024-04-28 02:39:00
LOG-1358,COMP-0002,WF-03,03_Tally_Party_Sync,Scheduled,2024-04-28 02:27:00,2024-04-28 02:28:00,Success,15,,60,2024-04-28 02:27:00
LOG-1359,COMP-0002,WF-05,05_Tally_Sales_Voucher_Sync,Scheduled,2024-04-28 02:18:00,2024-04-28 02:20:30,Success,30,,150,2024-04-28 02:18:00
LOG-1360,COMP-0002,WF-09,09_Tally_Inventory_Sync,Scheduled,2024-04-28 02:05:00,2024-04-28 02:07:00,Success,50,,120,2024-04-28 02:05:00
LOG-1361,COMP-0003,WF-01,01_Tally_Company_Sync,Scheduled,2024-04-28 02:48:00,2024-04-28 02:48:15,Success,3,,15,2024-04-28 02:48:00
LOG-1362,COMP-0003,WF-02,02_Tally_Ledger_Sync,Scheduled,2024-04-28 02:53:00,2024-04-28 02:53:45,Success,25,,45,2024-04-28 02:53:00
LOG-1363,COMP-0003,WF-03,03_Tally_Party_Sync,Scheduled,2024-04-28 02:22:00,2024-04-28 02:23:00,Success,15,,60,2024-04-28 02:22:00
LOG-1364,COMP-0003,WF-05,05_Tally_Sales_Voucher_Sync,Scheduled,2024-04-28 02:08:00,2024-04-28 02:10:30,Success,30,,150,2024-04-28 02:08:00
LOG-1365,COMP-0003,WF-09,09_Tally_Inventory_Sync,Scheduled,2024-04-28 02:10:00,2024-04-28 02:12:00,Success,50,,120,2024-04-28 02:10:00
LOG-1366,COMP-0004,WF-01,01_Tally_Company_Sync,Scheduled,2024-04-28 02:00:00,2024-04-28 02:00:15,Success,3,,15,2024-04-28 02:00:00
LOG-1367,COMP-0004,WF-02,02_Tally_Ledger_Sync,Scheduled,2024-04-28 02:59:00,2024-04-28 02:59:45,Success,25,,45,2024-04-28 02:59:00
LOG-1368,COMP-0004,WF-03,03_Tally_Party_Sync,Scheduled,2024-04-28 02:56:00,2024-04-28 02:57:00,Success,15,,60,2024-04-28 02:56:00
LOG-1369,COMP-0004,WF-05,05_Tally_Sales_Voucher_Sync,Scheduled,2024-04-28 02:55:00,2024-04-28 02:57:30,Success,30,,150,2024-04-28 02:55:00
LOG-1370,COMP-0004,WF-09,09_Tally_Inventory_Sync,Scheduled,2024-04-28 02:28:00,2024-04-28 02:30:00,Failed,0,Connection timeout,0,2024-04-28 02:28:00
LOG-1371,COMP-0005,WF-01,01_Tally_Company_Sync,Scheduled,2024-04-28 02:19:00,2024-04-28 02:19:15,Success,3,,15,2024-04-28 02:19:00
LOG-1372,COMP-0005,WF-02,02_Tally_Ledger_Sync,Scheduled,2024-04-28 02:42:00,2024-04-28 02:42:45,Success,25,,45,2024-04-28 02:42:00
LOG-1373,COMP-0005,WF-03,03_Tally_Party_Sync,Scheduled,2024-04-28 02:44:00,2024-04-28 02:45:00,Success,15,,60,2024-04-28 02:44:00
LOG-1374,COMP-0005,WF-05,05_Tally_Sales_Voucher_Sync,Scheduled,2024-04-28 02:37:00,2024-04-28 02:39:30,Success,30,,150,2024-04-28 02:37:00
LOG-1375,COMP-0005,WF-09,09_Tally_Inventory_Sync,Scheduled,2024-04-28 02:20:00,2024-04-28 02:22:00,Success,50,,120,2024-04-28 02:20:00
LOG-1376,COMP-0006,WF-01,01_Tally_Company_Sync,Scheduled,2024-04-28 02:52:00,2024-04-28 02:52:15,Success,3,,15,2024-04-28 02:52:00
LOG-1377,COMP-0006,WF-02,02_Tally_Ledger_Sync,Scheduled,2024-04-28 02:13:00,2024-04-28 02:13:45,Success,25,,45,2024-04-28 02:13:00
LOG-1378,COMP-0006,WF-03,03_Tally_Party_Sync,Scheduled,2024-04-28 02:52:00,2024-04-28 02:53:00,Success,15,,60,2024-04-28 02:52:00
LOG-1379,COMP-0006,WF-05,05_Tally_Sales_Voucher_Sync,Scheduled,2024-04-28 02:17:00,2024-04-28 02:19:30,Success,30,,150,2024-04-28 02:17:00
LOG-1380,COMP-0006,WF-09,09_Tally_Inventory_Sync,Scheduled,2024-04-28 02:32:00,2024-04-28 02:34:00,Success,50,,120,2024-04-28 02:32:00
LOG-1381,COMP-0007,WF-01,01_Tally_Company_Sync,Scheduled,2024-04-28 02:45:00,2024-04-28 02:45:15,Success,3,,15,2024-04-28 02:45:00
LOG-1382,COMP-0007,WF-02,02_Tally_Ledger_Sync,Scheduled,2024-04-28 02:43:00,2024-04-28 02:43:45,Failed,0,Connection timeout,0,2024-04-28 02:43:00
LOG-1383,COMP-0007,WF-03,03_Tally_Party_Sync,Scheduled,2024-04-28 02:03:00,2024-04-28 02:04:00,Success,15,,60,2024-04-28 02:03:00
LOG-1384,COMP-0007,WF-05,05_Tally_Sales_Voucher_Sync,Scheduled,2024-04-28 02:00:00,2024-04-28 02:02:30,Failed,0,Connection timeout,0,2024-04-28 02:00:00
LOG-1385,COMP-0007,WF-09,09_Tally_Inventory_Sync,Scheduled,2024-04-28 02:06:00,2024-04-28 02:08:00,Success,50,,120,2024-04-28 02:06:00
LOG-1386,COMP-0008,WF-01,01_Tally_Company_Sync,Scheduled,2024-04-28 02:45:00,2024-04-28 02:45:15,Success,3,,15,2024-04-28 02:45:00
LOG-1387,COMP-0008,WF-02,02_Tally_Ledger_Sync,Scheduled,2024-04-28 02:40:00,2024-04-28 02:40:45,Success,25,,45,2024-04-28 02:40:00
LOG-1388,COMP-0008,WF-03,03_Tally_Party_Sync,Scheduled,2024-04-28 02:28:00,2024-04-28 02:29:00,Success,15,,60,2024-04-28 02:28:00
LOG-1389,COMP-0008,WF-05,05_Tally_Sales_Voucher_Sync,Scheduled,2024-04-28 02:04:00,2024-04-28 02:06:30,Success,30,,150,2024-04-28 02:04:00
LOG-1390,COMP-0008,WF-09,09_Tally_Inventory_Sync,Scheduled,2024-04-28 02:15:00,2024-04-28 02:17:00,Success,50,,120,2024-04-28 02:15:00
LOG-1391,COMP-0009,WF-01,01_Tally_Company_Sync,Scheduled,2024-04-28 02:17:00,2024-04-28 02:17:15,Failed,0,Connection timeout,0,2024-04-28 02:17:00
LOG-1392,COMP-0009,WF-02,02_Tally_Ledger_Sync,Scheduled,2024-04-28 02:49:00,2024-04-28 02:49:45,Success,25,,45,2024-04-28 02:49:00
LOG-1393,COMP-0009,WF-03,03_Tally_Party_Sync,Scheduled,2024-04-28 02:36:00,2024-04-28 02:37:00,Success,15,,60,2024-04-28 02:36:00
LOG-1394,COMP-0009,WF-05,05_Tally_Sales_Voucher_Sync,Scheduled,2024-04-28 02:18:00,2024-04-28 02:20:30,Success,30,,150,2024-04-28 02:18:00
LOG-1395,COMP-0009,WF-09,09_Tally_Inventory_Sync,Scheduled,2024-04-28 02:58:00,2024-04-28 03:00:00,Failed,0,Connection timeout,0,2024-04-28 02:58:00
LOG-1396,COMP-0010,WF-01,01_Tally_Company_Sync,Scheduled,2024-04-28 02:11:00,2024-04-28 02:11:15,Success,3,,15,2024-04-28 02:11:00
LOG-1397,COMP-0010,WF-02,02_Tally_Ledger_Sync,Scheduled,2024-04-28 02:57:00,2024-04-28 02:57:45,Success,25,,45,2024-04-28 02:57:00
LOG-1398,COMP-0010,WF-03,03_Tally_Party_Sync,Scheduled,2024-04-28 02:56:00,2024-04-28 02:57:00,Success,15,,60,2024-04-28 02:56:00
LOG-1399,COMP-0010,WF-05,05_Tally_Sales_Voucher_Sync,Scheduled,2024-04-28 02:20:00,2024-04-28 02:22:30,Success,30,,150,2024-04-28 02:20:00
LOG-1400,COMP-0010,WF-09,09_Tally_Inventory_Sync,Scheduled,2024-04-28 02:49:00,2024-04-28 02:51:00,Success,50,,120,2024-04-28 02:49:00
LOG-1401,COMP-0001,WF-01,01_Tally_Company_Sync,Scheduled,2024-04-29 02:56:00,2024-04-29 02:56:15,Success,3,,15,2024-04-29 02:56:00
LOG-1402,COMP-0001,WF-02,02_Tally_Ledger_Sync,Scheduled,2024-04-29 02:34:00,2024-04-29 02:34:45,Success,25,,45,2024-04-29 02:34:00
LOG-1403,COMP-0001,WF-03,03_Tally_Party_Sync,Scheduled,2024-04-29 02:13:00,2024-04-29 02:14:00,Success,15,,60,2024-04-29 02:13:00
LOG-1404,COMP-0001,WF-05,05_Tally_Sales_Voucher_Sync,Scheduled,2024-04-29 02:43:00,2024-04-29 02:45:30,Success,30,,150,2024-04-29 02:43:00
LOG-1405,COMP-0001,WF-09,09_Tally_Inventory_Sync,Scheduled,2024-04-29 02:30:00,2024-04-29 02:32:00,Success,50,,120,2024-04-29 02:30:00
LOG-1406,COMP-0002,WF-01,01_Tally_Company_Sync,Scheduled,2024-04-29 02:55:00,2024-04-29 02:55:15,Success,3,,15,2024-04-29 02:55:00
LOG-1407,COMP-0002,WF-02,02_Tally_Ledger_Sync,Scheduled,2024-04-29 02:31:00,2024-04-29 02:31:45,Success,25,,45,2024-04-29 02:31:00
LOG-1408,COMP-0002,WF-03,03_Tally_Party_Sync,Scheduled,2024-04-29 02:35:00,2024-04-29 02:36:00,Success,15,,60,2024-04-29 02:35:00
LOG-1409,COMP-0002,WF-05,05_Tally_Sales_Voucher_Sync,Scheduled,2024-04-29 02:13:00,2024-04-29 02:15:30,Success,30,,150,2024-04-29 02:13:00
LOG-1410,COMP-0002,WF-09,09_Tally_Inventory_Sync,Scheduled,2024-04-29 02:08:00,2024-04-29 02:10:00,Failed,0,Connection timeout,0,2024-04-29 02:08:00
LOG-1411,COMP-0003,WF-01,01_Tally_Company_Sync,Scheduled,2024-04-29 02:20:00,2024-04-29 02:20:15,Success,3,,15,2024-04-29 02:20:00
LOG-1412,COMP-0003,WF-02,02_Tally_Ledger_Sync,Scheduled,2024-04-29 02:40:00,2024-04-29 02:40:45,Success,25,,45,2024-04-29 02:40:00
LOG-1413,COMP-0003,WF-03,03_Tally_Party_Sync,Scheduled,2024-04-29 02:45:00,2024-04-29 02:46:00,Success,15,,60,2024-04-29 02:45:00
LOG-1414,COMP-0003,WF-05,05_Tally_Sales_Voucher_Sync,Scheduled,2024-04-29 02:52:00,2024-04-29 02:54:30,Success,30,,150,2024-04-29 02:52:00
LOG-1415,COMP-0003,WF-09,09_Tally_Inventory_Sync,Scheduled,2024-04-29 02:33:00,2024-04-29 02:35:00,Failed,0,Connection timeout,0,2024-04-29 02:33:00
LOG-1416,COMP-0004,WF-01,01_Tally_Company_Sync,Scheduled,2024-04-29 02:56:00,2024-04-29 02:56:15,Success,3,,15,2024-04-29 02:56:00
LOG-1417,COMP-0004,WF-02,02_Tally_Ledger_Sync,Scheduled,2024-04-29 02:04:00,2024-04-29 02:04:45,Success,25,,45,2024-04-29 02:04:00
LOG-1418,COMP-0004,WF-03,03_Tally_Party_Sync,Scheduled,2024-04-29 02:55:00,2024-04-29 02:56:00,Success,15,,60,2024-04-29 02:55:00
LOG-1419,COMP-0004,WF-05,05_Tally_Sales_Voucher_Sync,Scheduled,2024-04-29 02:29:00,2024-04-29 02:31:30,Success,30,,150,2024-04-29 02:29:00
LOG-1420,COMP-0004,WF-09,09_Tally_Inventory_Sync,Scheduled,2024-04-29 02:43:00,2024-04-29 02:45:00,Success,50,,120,2024-04-29 02:43:00
LOG-1421,COMP-0005,WF-01,01_Tally_Company_Sync,Scheduled,2024-04-29 02:50:00,2024-04-29 02:50:15,Success,3,,15,2024-04-29 02:50:00
LOG-1422,COMP-0005,WF-02,02_Tally_Ledger_Sync,Scheduled,2024-04-29 02:04:00,2024-04-29 02:04:45,Success,25,,45,2024-04-29 02:04:00
LOG-1423,COMP-0005,WF-03,03_Tally_Party_Sync,Scheduled,2024-04-29 02:59:00,2024-04-29 03:00:00,Success,15,,60,2024-04-29 02:59:00
LOG-1424,COMP-0005,WF-05,05_Tally_Sales_Voucher_Sync,Scheduled,2024-04-29 02:46:00,2024-04-29 02:48:30,Failed,0,Connection timeout,0,2024-04-29 02:46:00
LOG-1425,COMP-0005,WF-09,09_Tally_Inventory_Sync,Scheduled,2024-04-29 02:07:00,2024-04-29 02:09:00,Success,50,,120,2024-04-29 02:07:00
LOG-1426,COMP-0006,WF-01,01_Tally_Company_Sync,Scheduled,2024-04-29 02:07:00,2024-04-29 02:07:15,Success,3,,15,2024-04-29 02:07:00
LOG-1427,COMP-0006,WF-02,02_Tally_Ledger_Sync,Scheduled,2024-04-29 02:59:00,2024-04-29 02:59:45,Failed,0,Connection timeout,0,2024-04-29 02:59:00
LOG-1428,COMP-0006,WF-03,03_Tally_Party_Sync,Scheduled,2024-04-29 02:16:00,2024-04-29 02:17:00,Success,15,,60,2024-04-29 02:16:00
LOG-1429,COMP-0006,WF-05,05_Tally_Sales_Voucher_Sync,Scheduled,2024-04-29 02:41:00,2024-04-29 02:43:30,Success,30,,150,2024-04-29 02:41:00
LOG-1430,COMP-0006,WF-09,09_Tally_Inventory_Sync,Scheduled,2024-04-29 02:06:00,2024-04-29 02:08:00,Failed,0,Connection timeout,0,2024-04-29 02:06:00
LOG-1431,COMP-0007,WF-01,01_Tally_Company_Sync,Scheduled,2024-04-29 02:54:00,2024-04-29 02:54:15,Success,3,,15,2024-04-29 02:54:00
LOG-1432,COMP-0007,WF-02,02_Tally_Ledger_Sync,Scheduled,2024-04-29 02:03:00,2024-04-29 02:03:45,Success,25,,45,2024-04-29 02:03:00
LOG-1433,COMP-0007,WF-03,03_Tally_Party_Sync,Scheduled,2024-04-29 02:29:00,2024-04-29 02:30:00,Success,15,,60,2024-04-29 02:29:00
LOG-1434,COMP-0007,WF-05,05_Tally_Sales_Voucher_Sync,Scheduled,2024-04-29 02:19:00,2024-04-29 02:21:30,Success,30,,150,2024-04-29 02:19:00
LOG-1435,COMP-0007,WF-09,09_Tally_Inventory_Sync,Scheduled,2024-04-29 02:49:00,2024-04-29 02:51:00,Success,50,,120,2024-04-29 02:49:00
LOG-1436,COMP-0008,WF-01,01_Tally_Company_Sync,Scheduled,2024-04-29 02:58:00,2024-04-29 02:58:15,Success,3,,15,2024-04-29 02:58:00
LOG-1437,COMP-0008,WF-02,02_Tally_Ledger_Sync,Scheduled,2024-04-29 02:46:00,2024-04-29 02:46:45,Success,25,,45,2024-04-29 02:46:00
LOG-1438,COMP-0008,WF-03,03_Tally_Party_Sync,Scheduled,2024-04-29 02:42:00,2024-04-29 02:43:00,Success,15,,60,2024-04-29 02:42:00
LOG-1439,COMP-0008,WF-05,05_Tally_Sales_Voucher_Sync,Scheduled,2024-04-29 02:34:00,2024-04-29 02:36:30,Success,30,,150,2024-04-29 02:34:00
LOG-1440,COMP-0008,WF-09,09_Tally_Inventory_Sync,Scheduled,2024-04-29 02:48:00,2024-04-29 02:50:00,Success,50,,120,2024-04-29 02:48:00
LOG-1441,COMP-0009,WF-01,01_Tally_Company_Sync,Scheduled,2024-04-29 02:45:00,2024-04-29 02:45:15,Success,3,,15,2024-04-29 02:45:00
LOG-1442,COMP-0009,WF-02,02_Tally_Ledger_Sync,Scheduled,2024-04-29 02:31:00,2024-04-29 02:31:45,Success,25,,45,2024-04-29 02:31:00
LOG-1443,COMP-0009,WF-03,03_Tally_Party_Sync,Scheduled,2024-04-29 02:42:00,2024-04-29 02:43:00,Success,15,,60,2024-04-29 02:42:00
LOG-1444,COMP-0009,WF-05,05_Tally_Sales_Voucher_Sync,Scheduled,2024-04-29 02:18:00,2024-04-29 02:20:30,Success,30,,150,2024-04-29 02:18:00
LOG-1445,COMP-0009,WF-09,09_Tally_Inventory_Sync,Scheduled,2024-04-29 02:53:00,2024-04-29 02:55:00,Success,50,,120,2024-04-29 02:53:00
LOG-1446,COMP-0010,WF-01,01_Tally_Company_Sync,Scheduled,2024-04-29 02:31:00,2024-04-29 02:31:15,Success,3,,15,2024-04-29 02:31:00
LOG-1447,COMP-0010,WF-02,02_Tally_Ledger_Sync,Scheduled,2024-04-29 02:03:00,2024-04-29 02:03:45,Success,25,,45,2024-04-29 02:03:00
LOG-1448,COMP-0010,WF-03,03_Tally_Party_Sync,Scheduled,2024-04-29 02:35:00,2024-04-29 02:36:00,Success,15,,60,2024-04-29 02:35:00
LOG-1449,COMP-0010,WF-05,05_Tally_Sales_Voucher_Sync,Scheduled,2024-04-29 02:40:00,2024-04-29 02:42:30,Success,30,,150,2024-04-29 02:40:00
LOG-1450,COMP-0010,WF-09,09_Tally_Inventory_Sync,Scheduled,2024-04-29 02:15:00,2024-04-29 02:17:00,Success,50,,120,2024-04-29 02:15:00
LOG-1451,COMP-0001,WF-01,01_Tally_Company_Sync,Scheduled,2024-04-30 02:59:00,2024-04-30 02:59:15,Success,3,,15,2024-04-30 02:59:00
LOG-1452,COMP-0001,WF-02,02_Tally_Ledger_Sync,Scheduled,2024-04-30 02:05:00,2024-04-30 02:05:45,Failed,0,Connection timeout,0,2024-04-30 02:05:00
LOG-1453,COMP-0001,WF-03,03_Tally_Party_Sync,Scheduled,2024-04-30 02:46:00,2024-04-30 02:47:00,Success,15,,60,2024-04-30 02:46:00
LOG-1454,COMP-0001,WF-05,05_Tally_Sales_Voucher_Sync,Scheduled,2024-04-30 02:53:00,2024-04-30 02:55:30,Success,30,,150,2024-04-30 02:53:00
LOG-1455,COMP-0001,WF-09,09_Tally_Inventory_Sync,Scheduled,2024-04-30 02:10:00,2024-04-30 02:12:00,Failed,0,Connection timeout,0,2024-04-30 02:10:00
LOG-1456,COMP-0002,WF-01,01_Tally_Company_Sync,Scheduled,2024-04-30 02:25:00,2024-04-30 02:25:15,Success,3,,15,2024-04-30 02:25:00
LOG-1457,COMP-0002,WF-02,02_Tally_Ledger_Sync,Scheduled,2024-04-30 02:37:00,2024-04-30 02:37:45,Success,25,,45,2024-04-30 02:37:00
LOG-1458,COMP-0002,WF-03,03_Tally_Party_Sync,Scheduled,2024-04-30 02:26:00,2024-04-30 02:27:00,Failed,0,Connection timeout,0,2024-04-30 02:26:00
LOG-1459,COMP-0002,WF-05,05_Tally_Sales_Voucher_Sync,Scheduled,2024-04-30 02:26:00,2024-04-30 02:28:30,Success,30,,150,2024-04-30 02:26:00
LOG-1460,COMP-0002,WF-09,09_Tally_Inventory_Sync,Scheduled,2024-04-30 02:09:00,2024-04-30 02:11:00,Success,50,,120,2024-04-30 02:09:00
LOG-1461,COMP-0003,WF-01,01_Tally_Company_Sync,Scheduled,2024-04-30 02:23:00,2024-04-30 02:23:15,Success,3,,15,2024-04-30 02:23:00
LOG-1462,COMP-0003,WF-02,02_Tally_Ledger_Sync,Scheduled,2024-04-30 02:53:00,2024-04-30 02:53:45,Success,25,,45,2024-04-30 02:53:00
LOG-1463,COMP-0003,WF-03,03_Tally_Party_Sync,Scheduled,2024-04-30 02:13:00,2024-04-30 02:14:00,Success,15,,60,2024-04-30 02:13:00
LOG-1464,COMP-0003,WF-05,05_Tally_Sales_Voucher_Sync,Scheduled,2024-04-30 02:41:00,2024-04-30 02:43:30,Success,30,,150,2024-04-30 02:41:00
LOG-1465,COMP-0003,WF-09,09_Tally_Inventory_Sync,Scheduled,2024-04-30 02:29:00,2024-04-30 02:31:00,Success,50,,120,2024-04-30 02:29:00
LOG-1466,COMP-0004,WF-01,01_Tally_Company_Sync,Scheduled,2024-04-30 02:19:00,2024-04-30 02:19:15,Failed,0,Connection timeout,0,2024-04-30 02:19:00
LOG-1467,COMP-0004,WF-02,02_Tally_Ledger_Sync,Scheduled,2024-04-30 02:52:00,2024-04-30 02:52:45,Success,25,,45,2024-04-30 02:52:00
LOG-1468,COMP-0004,WF-03,03_Tally_Party_Sync,Scheduled,2024-04-30 02:08:00,2024-04-30 02:09:00,Success,15,,60,2024-04-30 02:08:00
LOG-1469,COMP-0004,WF-05,05_Tally_Sales_Voucher_Sync,Scheduled,2024-04-30 02:49:00,2024-04-30 02:51:30,Success,30,,150,2024-04-30 02:49:00
LOG-1470,COMP-0004,WF-09,09_Tally_Inventory_Sync,Scheduled,2024-04-30 02:53:00,2024-04-30 02:55:00,Success,50,,120,2024-04-30 02:53:00
LOG-1471,COMP-0005,WF-01,01_Tally_Company_Sync,Scheduled,2024-04-30 02:43:00,2024-04-30 02:43:15,Failed,0,Connection timeout,0,2024-04-30 02:43:00
LOG-1472,COMP-0005,WF-02,02_Tally_Ledger_Sync,Scheduled,2024-04-30 02:30:00,2024-04-30 02:30:45,Success,25,,45,2024-04-30 02:30:00
LOG-1473,COMP-0005,WF-03,03_Tally_Party_Sync,Scheduled,2024-04-30 02:48:00,2024-04-30 02:49:00,Failed,0,Connection timeout,0,2024-04-30 02:48:00
LOG-1474,COMP-0005,WF-05,05_Tally_Sales_Voucher_Sync,Scheduled,2024-04-30 02:53:00,2024-04-30 02:55:30,Success,30,,150,2024-04-30 02:53:00
LOG-1475,COMP-0005,WF-09,09_Tally_Inventory_Sync,Scheduled,2024-04-30 02:28:00,2024-04-30 02:30:00,Success,50,,120,2024-04-30 02:28:00
LOG-1476,COMP-0006,WF-01,01_Tally_Company_Sync,Scheduled,2024-04-30 02:15:00,2024-04-30 02:15:15,Failed,0,Connection timeout,0,2024-04-30 02:15:00
LOG-1477,COMP-0006,WF-02,02_Tally_Ledger_Sync,Scheduled,2024-04-30 02:49:00,2024-04-30 02:49:45,Success,25,,45,2024-04-30 02:49:00
LOG-1478,COMP-0006,WF-03,03_Tally_Party_Sync,Scheduled,2024-04-30 02:40:00,2024-04-30 02:41:00,Failed,0,Connection timeout,0,2024-04-30 02:40:00
LOG-1479,COMP-0006,WF-05,05_Tally_Sales_Voucher_Sync,Scheduled,2024-04-30 02:46:00,2024-04-30 02:48:30,Success,30,,150,2024-04-30 02:46:00
LOG-1480,COMP-0006,WF-09,09_Tally_Inventory_Sync,Scheduled,2024-04-30 02:45:00,2024-04-30 02:47:00,Success,50,,120,2024-04-30 02:45:00
LOG-1481,COMP-0007,WF-01,01_Tally_Company_Sync,Scheduled,2024-04-30 02:27:00,2024-04-30 02:27:15,Success,3,,15,2024-04-30 02:27:00
LOG-1482,COMP-0007,WF-02,02_Tally_Ledger_Sync,Scheduled,2024-04-30 02:37:00,2024-04-30 02:37:45,Success,25,,45,2024-04-30 02:37:00
LOG-1483,COMP-0007,WF-03,03_Tally_Party_Sync,Scheduled,2024-04-30 02:02:00,2024-04-30 02:03:00,Success,15,,60,2024-04-30 02:02:00
LOG-1484,COMP-0007,WF-05,05_Tally_Sales_Voucher_Sync,Scheduled,2024-04-30 02:53:00,2024-04-30 02:55:30,Success,30,,150,2024-04-30 02:53:00
LOG-1485,COMP-0007,WF-09,09_Tally_Inventory_Sync,Scheduled,2024-04-30 02:45:00,2024-04-30 02:47:00,Success,50,,120,2024-04-30 02:45:00
LOG-1486,COMP-0008,WF-01,01_Tally_Company_Sync,Scheduled,2024-04-30 02:56:00,2024-04-30 02:56:15,Failed,0,Connection timeout,0,2024-04-30 02:56:00
LOG-1487,COMP-0008,WF-02,02_Tally_Ledger_Sync,Scheduled,2024-04-30 02:15:00,2024-04-30 02:15:45,Success,25,,45,2024-04-30 02:15:00
LOG-1488,COMP-0008,WF-03,03_Tally_Party_Sync,Scheduled,2024-04-30 02:17:00,2024-04-30 02:18:00,Success,15,,60,2024-04-30 02:17:00
LOG-1489,COMP-0008,WF-05,05_Tally_Sales_Voucher_Sync,Scheduled,2024-04-30 02:43:00,2024-04-30 02:45:30,Success,30,,150,2024-04-30 02:43:00
LOG-1490,COMP-0008,WF-09,09_Tally_Inventory_Sync,Scheduled,2024-04-30 02:27:00,2024-04-30 02:29:00,Success,50,,120,2024-04-30 02:27:00
LOG-1491,COMP-0009,WF-01,01_Tally_Company_Sync,Scheduled,2024-04-30 02:19:00,2024-04-30 02:19:15,Success,3,,15,2024-04-30 02:19:00
LOG-1492,COMP-0009,WF-02,02_Tally_Ledger_Sync,Scheduled,2024-04-30 02:55:00,2024-04-30 02:55:45,Success,25,,45,2024-04-30 02:55:00
LOG-1493,COMP-0009,WF-03,03_Tally_Party_Sync,Scheduled,2024-04-30 02:43:00,2024-04-30 02:44:00,Success,15,,60,2024-04-30 02:43:00
LOG-1494,COMP-0009,WF-05,05_Tally_Sales_Voucher_Sync,Scheduled,2024-04-30 02:26:00,2024-04-30 02:28:30,Success,30,,150,2024-04-30 02:26:00
LOG-1495,COMP-0009,WF-09,09_Tally_Inventory_Sync,Scheduled,2024-04-30 02:54:00,2024-04-30 02:56:00,Success,50,,120,2024-04-30 02:54:00
LOG-1496,COMP-0010,WF-01,01_Tally_Company_Sync,Scheduled,2024-04-30 02:18:00,2024-04-30 02:18:15,Success,3,,15,2024-04-30 02:18:00
LOG-1497,COMP-0010,WF-02,02_Tally_Ledger_Sync,Scheduled,2024-04-30 02:17:00,2024-04-30 02:17:45,Success,25,,45,2024-04-30 02:17:00
LOG-1498,COMP-0010,WF-03,03_Tally_Party_Sync,Scheduled,2024-04-30 02:25:00,2024-04-30 02:26:00,Success,15,,60,2024-04-30 02:25:00
LOG-1499,COMP-0010,WF-05,05_Tally_Sales_Voucher_Sync,Scheduled,2024-04-30 02:08:00,2024-04-30 02:10:30,Success,30,,150,2024-04-30 02:08:00
LOG-1500,COMP-0010,WF-09,09_Tally_Inventory_Sync,Scheduled,2024-04-30 02:25:00,2024-04-30 02:27:00,Success,50,,120,2024-04-30 02:25:00
LOG-1501,COMP-0001,WF-01,01_Tally_Company_Sync,Scheduled,2024-05-01 02:17:00,2024-05-01 02:17:15,Success,3,,15,2024-05-01 02:17:00
LOG-1502,COMP-0001,WF-02,02_Tally_Ledger_Sync,Scheduled,2024-05-01 02:38:00,2024-05-01 02:38:45,Failed,0,Connection timeout,0,2024-05-01 02:38:00
LOG-1503,COMP-0001,WF-03,03_Tally_Party_Sync,Scheduled,2024-05-01 02:32:00,2024-05-01 02:33:00,Success,15,,60,2024-05-01 02:32:00
LOG-1504,COMP-0001,WF-05,05_Tally_Sales_Voucher_Sync,Scheduled,2024-05-01 02:37:00,2024-05-01 02:39:30,Success,30,,150,2024-05-01 02:37:00
LOG-1505,COMP-0001,WF-09,09_Tally_Inventory_Sync,Scheduled,2024-05-01 02:30:00,2024-05-01 02:32:00,Success,50,,120,2024-05-01 02:30:00
LOG-1506,COMP-0002,WF-01,01_Tally_Company_Sync,Scheduled,2024-05-01 02:00:00,2024-05-01 02:00:15,Success,3,,15,2024-05-01 02:00:00
LOG-1507,COMP-0002,WF-02,02_Tally_Ledger_Sync,Scheduled,2024-05-01 02:51:00,2024-05-01 02:51:45,Success,25,,45,2024-05-01 02:51:00
LOG-1508,COMP-0002,WF-03,03_Tally_Party_Sync,Scheduled,2024-05-01 02:19:00,2024-05-01 02:20:00,Failed,0,Connection timeout,0,2024-05-01 02:19:00
LOG-1509,COMP-0002,WF-05,05_Tally_Sales_Voucher_Sync,Scheduled,2024-05-01 02:08:00,2024-05-01 02:10:30,Success,30,,150,2024-05-01 02:08:00
LOG-1510,COMP-0002,WF-09,09_Tally_Inventory_Sync,Scheduled,2024-05-01 02:03:00,2024-05-01 02:05:00,Success,50,,120,2024-05-01 02:03:00
LOG-1511,COMP-0003,WF-01,01_Tally_Company_Sync,Scheduled,2024-05-01 02:11:00,2024-05-01 02:11:15,Success,3,,15,2024-05-01 02:11:00
LOG-1512,COMP-0003,WF-02,02_Tally_Ledger_Sync,Scheduled,2024-05-01 02:14:00,2024-05-01 02:14:45,Success,25,,45,2024-05-01 02:14:00
LOG-1513,COMP-0003,WF-03,03_Tally_Party_Sync,Scheduled,2024-05-01 02:08:00,2024-05-01 02:09:00,Failed,0,Connection timeout,0,2024-05-01 02:08:00
LOG-1514,COMP-0003,WF-05,05_Tally_Sales_Voucher_Sync,Scheduled,2024-05-01 02:24:00,2024-05-01 02:26:30,Success,30,,150,2024-05-01 02:24:00
LOG-1515,COMP-0003,WF-09,09_Tally_Inventory_Sync,Scheduled,2024-05-01 02:57:00,2024-05-01 02:59:00,Success,50,,120,2024-05-01 02:57:00
LOG-1516,COMP-0004,WF-01,01_Tally_Company_Sync,Scheduled,2024-05-01 02:10:00,2024-05-01 02:10:15,Success,3,,15,2024-05-01 02:10:00
LOG-1517,COMP-0004,WF-02,02_Tally_Ledger_Sync,Scheduled,2024-05-01 02:23:00,2024-05-01 02:23:45,Success,25,,45,2024-05-01 02:23:00
LOG-1518,COMP-0004,WF-03,03_Tally_Party_Sync,Scheduled,2024-05-01 02:14:00,2024-05-01 02:15:00,Success,15,,60,2024-05-01 02:14:00
LOG-1519,COMP-0004,WF-05,05_Tally_Sales_Voucher_Sync,Scheduled,2024-05-01 02:39:00,2024-05-01 02:41:30,Success,30,,150,2024-05-01 02:39:00
LOG-1520,COMP-0004,WF-09,09_Tally_Inventory_Sync,Scheduled,2024-05-01 02:48:00,2024-05-01 02:50:00,Success,50,,120,2024-05-01 02:48:00
LOG-1521,COMP-0005,WF-01,01_Tally_Company_Sync,Scheduled,2024-05-01 02:29:00,2024-05-01 02:29:15,Failed,0,Connection timeout,0,2024-05-01 02:29:00
LOG-1522,COMP-0005,WF-02,02_Tally_Ledger_Sync,Scheduled,2024-05-01 02:52:00,2024-05-01 02:52:45,Success,25,,45,2024-05-01 02:52:00
LOG-1523,COMP-0005,WF-03,03_Tally_Party_Sync,Scheduled,2024-05-01 02:48:00,2024-05-01 02:49:00,Success,15,,60,2024-05-01 02:48:00
LOG-1524,COMP-0005,WF-05,05_Tally_Sales_Voucher_Sync,Scheduled,2024-05-01 02:24:00,2024-05-01 02:26:30,Failed,0,Connection timeout,0,2024-05-01 02:24:00
LOG-1525,COMP-0005,WF-09,09_Tally_Inventory_Sync,Scheduled,2024-05-01 02:05:00,2024-05-01 02:07:00,Success,50,,120,2024-05-01 02:05:00
LOG-1526,COMP-0006,WF-01,01_Tally_Company_Sync,Scheduled,2024-05-01 02:21:00,2024-05-01 02:21:15,Success,3,,15,2024-05-01 02:21:00
LOG-1527,COMP-0006,WF-02,02_Tally_Ledger_Sync,Scheduled,2024-05-01 02:09:00,2024-05-01 02:09:45,Success,25,,45,2024-05-01 02:09:00
LOG-1528,COMP-0006,WF-03,03_Tally_Party_Sync,Scheduled,2024-05-01 02:25:00,2024-05-01 02:26:00,Success,15,,60,2024-05-01 02:25:00
LOG-1529,COMP-0006,WF-05,05_Tally_Sales_Voucher_Sync,Scheduled,2024-05-01 02:23:00,2024-05-01 02:25:30,Success,30,,150,2024-05-01 02:23:00
LOG-1530,COMP-0006,WF-09,09_Tally_Inventory_Sync,Scheduled,2024-05-01 02:21:00,2024-05-01 02:23:00,Success,50,,120,2024-05-01 02:21:00
LOG-1531,COMP-0007,WF-01,01_Tally_Company_Sync,Scheduled,2024-05-01 02:12:00,2024-05-01 02:12:15,Success,3,,15,2024-05-01 02:12:00
LOG-1532,COMP-0007,WF-02,02_Tally_Ledger_Sync,Scheduled,2024-05-01 02:40:00,2024-05-01 02:40:45,Success,25,,45,2024-05-01 02:40:00
LOG-1533,COMP-0007,WF-03,03_Tally_Party_Sync,Scheduled,2024-05-01 02:01:00,2024-05-01 02:02:00,Success,15,,60,2024-05-01 02:01:00
LOG-1534,COMP-0007,WF-05,05_Tally_Sales_Voucher_Sync,Scheduled,2024-05-01 02:51:00,2024-05-01 02:53:30,Failed,0,Connection timeout,0,2024-05-01 02:51:00
LOG-1535,COMP-0007,WF-09,09_Tally_Inventory_Sync,Scheduled,2024-05-01 02:53:00,2024-05-01 02:55:00,Success,50,,120,2024-05-01 02:53:00
LOG-1536,COMP-0008,WF-01,01_Tally_Company_Sync,Scheduled,2024-05-01 02:25:00,2024-05-01 02:25:15,Success,3,,15,2024-05-01 02:25:00
LOG-1537,COMP-0008,WF-02,02_Tally_Ledger_Sync,Scheduled,2024-05-01 02:49:00,2024-05-01 02:49:45,Success,25,,45,2024-05-01 02:49:00
LOG-1538,COMP-0008,WF-03,03_Tally_Party_Sync,Scheduled,2024-05-01 02:59:00,2024-05-01 03:00:00,Success,15,,60,2024-05-01 02:59:00
LOG-1539,COMP-0008,WF-05,05_Tally_Sales_Voucher_Sync,Scheduled,2024-05-01 02:08:00,2024-05-01 02:10:30,Success,30,,150,2024-05-01 02:08:00
LOG-1540,COMP-0008,WF-09,09_Tally_Inventory_Sync,Scheduled,2024-05-01 02:14:00,2024-05-01 02:16:00,Success,50,,120,2024-05-01 02:14:00
LOG-1541,COMP-0009,WF-01,01_Tally_Company_Sync,Scheduled,2024-05-01 02:16:00,2024-05-01 02:16:15,Success,3,,15,2024-05-01 02:16:00
LOG-1542,COMP-0009,WF-02,02_Tally_Ledger_Sync,Scheduled,2024-05-01 02:34:00,2024-05-01 02:34:45,Success,25,,45,2024-05-01 02:34:00
LOG-1543,COMP-0009,WF-03,03_Tally_Party_Sync,Scheduled,2024-05-01 02:44:00,2024-05-01 02:45:00,Success,15,,60,2024-05-01 02:44:00
LOG-1544,COMP-0009,WF-05,05_Tally_Sales_Voucher_Sync,Scheduled,2024-05-01 02:49:00,2024-05-01 02:51:30,Success,30,,150,2024-05-01 02:49:00
LOG-1545,COMP-0009,WF-09,09_Tally_Inventory_Sync,Scheduled,2024-05-01 02:33:00,2024-05-01 02:35:00,Success,50,,120,2024-05-01 02:33:00
LOG-1546,COMP-0010,WF-01,01_Tally_Company_Sync,Scheduled,2024-05-01 02:08:00,2024-05-01 02:08:15,Success,3,,15,2024-05-01 02:08:00
LOG-1547,COMP-0010,WF-02,02_Tally_Ledger_Sync,Scheduled,2024-05-01 02:53:00,2024-05-01 02:53:45,Success,25,,45,2024-05-01 02:53:00
LOG-1548,COMP-0010,WF-03,03_Tally_Party_Sync,Scheduled,2024-05-01 02:14:00,2024-05-01 02:15:00,Success,15,,60,2024-05-01 02:14:00
LOG-1549,COMP-0010,WF-05,05_Tally_Sales_Voucher_Sync,Scheduled,2024-05-01 02:11:00,2024-05-01 02:13:30,Success,30,,150,2024-05-01 02:11:00
LOG-1550,COMP-0010,WF-09,09_Tally_Inventory_Sync,Scheduled,2024-05-01 02:48:00,2024-05-01 02:50:00,Success,50,,120,2024-05-01 02:48:00
LOG-1551,COMP-0001,WF-01,01_Tally_Company_Sync,Scheduled,2024-05-02 02:06:00,2024-05-02 02:06:15,Success,3,,15,2024-05-02 02:06:00
LOG-1552,COMP-0001,WF-02,02_Tally_Ledger_Sync,Scheduled,2024-05-02 02:51:00,2024-05-02 02:51:45,Failed,0,Connection timeout,0,2024-05-02 02:51:00
LOG-1553,COMP-0001,WF-03,03_Tally_Party_Sync,Scheduled,2024-05-02 02:30:00,2024-05-02 02:31:00,Success,15,,60,2024-05-02 02:30:00
LOG-1554,COMP-0001,WF-05,05_Tally_Sales_Voucher_Sync,Scheduled,2024-05-02 02:46:00,2024-05-02 02:48:30,Success,30,,150,2024-05-02 02:46:00
LOG-1555,COMP-0001,WF-09,09_Tally_Inventory_Sync,Scheduled,2024-05-02 02:56:00,2024-05-02 02:58:00,Success,50,,120,2024-05-02 02:56:00
LOG-1556,COMP-0002,WF-01,01_Tally_Company_Sync,Scheduled,2024-05-02 02:34:00,2024-05-02 02:34:15,Failed,0,Connection timeout,0,2024-05-02 02:34:00
LOG-1557,COMP-0002,WF-02,02_Tally_Ledger_Sync,Scheduled,2024-05-02 02:19:00,2024-05-02 02:19:45,Success,25,,45,2024-05-02 02:19:00
LOG-1558,COMP-0002,WF-03,03_Tally_Party_Sync,Scheduled,2024-05-02 02:13:00,2024-05-02 02:14:00,Success,15,,60,2024-05-02 02:13:00
LOG-1559,COMP-0002,WF-05,05_Tally_Sales_Voucher_Sync,Scheduled,2024-05-02 02:57:00,2024-05-02 02:59:30,Success,30,,150,2024-05-02 02:57:00
LOG-1560,COMP-0002,WF-09,09_Tally_Inventory_Sync,Scheduled,2024-05-02 02:47:00,2024-05-02 02:49:00,Failed,0,Connection timeout,0,2024-05-02 02:47:00
LOG-1561,COMP-0003,WF-01,01_Tally_Company_Sync,Scheduled,2024-05-02 02:17:00,2024-05-02 02:17:15,Success,3,,15,2024-05-02 02:17:00
LOG-1562,COMP-0003,WF-02,02_Tally_Ledger_Sync,Scheduled,2024-05-02 02:14:00,2024-05-02 02:14:45,Success,25,,45,2024-05-02 02:14:00
LOG-1563,COMP-0003,WF-03,03_Tally_Party_Sync,Scheduled,2024-05-02 02:12:00,2024-05-02 02:13:00,Success,15,,60,2024-05-02 02:12:00
LOG-1564,COMP-0003,WF-05,05_Tally_Sales_Voucher_Sync,Scheduled,2024-05-02 02:40:00,2024-05-02 02:42:30,Success,30,,150,2024-05-02 02:40:00
LOG-1565,COMP-0003,WF-09,09_Tally_Inventory_Sync,Scheduled,2024-05-02 02:56:00,2024-05-02 02:58:00,Success,50,,120,2024-05-02 02:56:00
LOG-1566,COMP-0004,WF-01,01_Tally_Company_Sync,Scheduled,2024-05-02 02:13:00,2024-05-02 02:13:15,Success,3,,15,2024-05-02 02:13:00
LOG-1567,COMP-0004,WF-02,02_Tally_Ledger_Sync,Scheduled,2024-05-02 02:23:00,2024-05-02 02:23:45,Success,25,,45,2024-05-02 02:23:00
LOG-1568,COMP-0004,WF-03,03_Tally_Party_Sync,Scheduled,2024-05-02 02:49:00,2024-05-02 02:50:00,Success,15,,60,2024-05-02 02:49:00
LOG-1569,COMP-0004,WF-05,05_Tally_Sales_Voucher_Sync,Scheduled,2024-05-02 02:08:00,2024-05-02 02:10:30,Success,30,,150,2024-05-02 02:08:00
LOG-1570,COMP-0004,WF-09,09_Tally_Inventory_Sync,Scheduled,2024-05-02 02:31:00,2024-05-02 02:33:00,Success,50,,120,2024-05-02 02:31:00
LOG-1571,COMP-0005,WF-01,01_Tally_Company_Sync,Scheduled,2024-05-02 02:40:00,2024-05-02 02:40:15,Success,3,,15,2024-05-02 02:40:00
LOG-1572,COMP-0005,WF-02,02_Tally_Ledger_Sync,Scheduled,2024-05-02 02:17:00,2024-05-02 02:17:45,Success,25,,45,2024-05-02 02:17:00
LOG-1573,COMP-0005,WF-03,03_Tally_Party_Sync,Scheduled,2024-05-02 02:28:00,2024-05-02 02:29:00,Success,15,,60,2024-05-02 02:28:00
LOG-1574,COMP-0005,WF-05,05_Tally_Sales_Voucher_Sync,Scheduled,2024-05-02 02:33:00,2024-05-02 02:35:30,Success,30,,150,2024-05-02 02:33:00
LOG-1575,COMP-0005,WF-09,09_Tally_Inventory_Sync,Scheduled,2024-05-02 02:41:00,2024-05-02 02:43:00,Success,50,,120,2024-05-02 02:41:00
LOG-1576,COMP-0006,WF-01,01_Tally_Company_Sync,Scheduled,2024-05-02 02:48:00,2024-05-02 02:48:15,Success,3,,15,2024-05-02 02:48:00
LOG-1577,COMP-0006,WF-02,02_Tally_Ledger_Sync,Scheduled,2024-05-02 02:43:00,2024-05-02 02:43:45,Success,25,,45,2024-05-02 02:43:00
LOG-1578,COMP-0006,WF-03,03_Tally_Party_Sync,Scheduled,2024-05-02 02:26:00,2024-05-02 02:27:00,Success,15,,60,2024-05-02 02:26:00
LOG-1579,COMP-0006,WF-05,05_Tally_Sales_Voucher_Sync,Scheduled,2024-05-02 02:24:00,2024-05-02 02:26:30,Success,30,,150,2024-05-02 02:24:00
LOG-1580,COMP-0006,WF-09,09_Tally_Inventory_Sync,Scheduled,2024-05-02 02:57:00,2024-05-02 02:59:00,Success,50,,120,2024-05-02 02:57:00
LOG-1581,COMP-0007,WF-01,01_Tally_Company_Sync,Scheduled,2024-05-02 02:40:00,2024-05-02 02:40:15,Success,3,,15,2024-05-02 02:40:00
LOG-1582,COMP-0007,WF-02,02_Tally_Ledger_Sync,Scheduled,2024-05-02 02:23:00,2024-05-02 02:23:45,Success,25,,45,2024-05-02 02:23:00
LOG-1583,COMP-0007,WF-03,03_Tally_Party_Sync,Scheduled,2024-05-02 02:22:00,2024-05-02 02:23:00,Success,15,,60,2024-05-02 02:22:00
LOG-1584,COMP-0007,WF-05,05_Tally_Sales_Voucher_Sync,Scheduled,2024-05-02 02:46:00,2024-05-02 02:48:30,Success,30,,150,2024-05-02 02:46:00
LOG-1585,COMP-0007,WF-09,09_Tally_Inventory_Sync,Scheduled,2024-05-02 02:09:00,2024-05-02 02:11:00,Success,50,,120,2024-05-02 02:09:00
LOG-1586,COMP-0008,WF-01,01_Tally_Company_Sync,Scheduled,2024-05-02 02:31:00,2024-05-02 02:31:15,Failed,0,Connection timeout,0,2024-05-02 02:31:00
LOG-1587,COMP-0008,WF-02,02_Tally_Ledger_Sync,Scheduled,2024-05-02 02:34:00,2024-05-02 02:34:45,Success,25,,45,2024-05-02 02:34:00
LOG-1588,COMP-0008,WF-03,03_Tally_Party_Sync,Scheduled,2024-05-02 02:29:00,2024-05-02 02:30:00,Success,15,,60,2024-05-02 02:29:00
LOG-1589,COMP-0008,WF-05,05_Tally_Sales_Voucher_Sync,Scheduled,2024-05-02 02:10:00,2024-05-02 02:12:30,Success,30,,150,2024-05-02 02:10:00
LOG-1590,COMP-0008,WF-09,09_Tally_Inventory_Sync,Scheduled,2024-05-02 02:01:00,2024-05-02 02:03:00,Success,50,,120,2024-05-02 02:01:00
LOG-1591,COMP-0009,WF-01,01_Tally_Company_Sync,Scheduled,2024-05-02 02:45:00,2024-05-02 02:45:15,Success,3,,15,2024-05-02 02:45:00
LOG-1592,COMP-0009,WF-02,02_Tally_Ledger_Sync,Scheduled,2024-05-02 02:52:00,2024-05-02 02:52:45,Success,25,,45,2024-05-02 02:52:00
LOG-1593,COMP-0009,WF-03,03_Tally_Party_Sync,Scheduled,2024-05-02 02:41:00,2024-05-02 02:42:00,Success,15,,60,2024-05-02 02:41:00
LOG-1594,COMP-0009,WF-05,05_Tally_Sales_Voucher_Sync,Scheduled,2024-05-02 02:38:00,2024-05-02 02:40:30,Success,30,,150,2024-05-02 02:38:00
LOG-1595,COMP-0009,WF-09,09_Tally_Inventory_Sync,Scheduled,2024-05-02 02:33:00,2024-05-02 02:35:00,Success,50,,120,2024-05-02 02:33:00
LOG-1596,COMP-0010,WF-01,01_Tally_Company_Sync,Scheduled,2024-05-02 02:13:00,2024-05-02 02:13:15,Success,3,,15,2024-05-02 02:13:00
LOG-1597,COMP-0010,WF-02,02_Tally_Ledger_Sync,Scheduled,2024-05-02 02:08:00,2024-05-02 02:08:45,Success,25,,45,2024-05-02 02:08:00
LOG-1598,COMP-0010,WF-03,03_Tally_Party_Sync,Scheduled,2024-05-02 02:35:00,2024-05-02 02:36:00,Success,15,,60,2024-05-02 02:35:00
LOG-1599,COMP-0010,WF-05,05_Tally_Sales_Voucher_Sync,Scheduled,2024-05-02 02:51:00,2024-05-02 02:53:30,Success,30,,150,2024-05-02 02:51:00
LOG-1600,COMP-0010,WF-09,09_Tally_Inventory_Sync,Scheduled,2024-05-02 02:14:00,2024-05-02 02:16:00,Success,50,,120,2024-05-02 02:14:00
LOG-1601,COMP-0001,WF-01,01_Tally_Company_Sync,Scheduled,2024-05-03 02:39:00,2024-05-03 02:39:15,Success,3,,15,2024-05-03 02:39:00
LOG-1602,COMP-0001,WF-02,02_Tally_Ledger_Sync,Scheduled,2024-05-03 02:29:00,2024-05-03 02:29:45,Success,25,,45,2024-05-03 02:29:00
LOG-1603,COMP-0001,WF-03,03_Tally_Party_Sync,Scheduled,2024-05-03 02:43:00,2024-05-03 02:44:00,Success,15,,60,2024-05-03 02:43:00
LOG-1604,COMP-0001,WF-05,05_Tally_Sales_Voucher_Sync,Scheduled,2024-05-03 02:55:00,2024-05-03 02:57:30,Success,30,,150,2024-05-03 02:55:00
LOG-1605,COMP-0001,WF-09,09_Tally_Inventory_Sync,Scheduled,2024-05-03 02:13:00,2024-05-03 02:15:00,Success,50,,120,2024-05-03 02:13:00
LOG-1606,COMP-0002,WF-01,01_Tally_Company_Sync,Scheduled,2024-05-03 02:23:00,2024-05-03 02:23:15,Failed,0,Connection timeout,0,2024-05-03 02:23:00
LOG-1607,COMP-0002,WF-02,02_Tally_Ledger_Sync,Scheduled,2024-05-03 02:10:00,2024-05-03 02:10:45,Failed,0,Connection timeout,0,2024-05-03 02:10:00
LOG-1608,COMP-0002,WF-03,03_Tally_Party_Sync,Scheduled,2024-05-03 02:32:00,2024-05-03 02:33:00,Failed,0,Connection timeout,0,2024-05-03 02:32:00
LOG-1609,COMP-0002,WF-05,05_Tally_Sales_Voucher_Sync,Scheduled,2024-05-03 02:37:00,2024-05-03 02:39:30,Success,30,,150,2024-05-03 02:37:00
LOG-1610,COMP-0002,WF-09,09_Tally_Inventory_Sync,Scheduled,2024-05-03 02:26:00,2024-05-03 02:28:00,Success,50,,120,2024-05-03 02:26:00
LOG-1611,COMP-0003,WF-01,01_Tally_Company_Sync,Scheduled,2024-05-03 02:51:00,2024-05-03 02:51:15,Success,3,,15,2024-05-03 02:51:00
LOG-1612,COMP-0003,WF-02,02_Tally_Ledger_Sync,Scheduled,2024-05-03 02:05:00,2024-05-03 02:05:45,Success,25,,45,2024-05-03 02:05:00
LOG-1613,COMP-0003,WF-03,03_Tally_Party_Sync,Scheduled,2024-05-03 02:46:00,2024-05-03 02:47:00,Success,15,,60,2024-05-03 02:46:00
LOG-1614,COMP-0003,WF-05,05_Tally_Sales_Voucher_Sync,Scheduled,2024-05-03 02:21:00,2024-05-03 02:23:30,Failed,0,Connection timeout,0,2024-05-03 02:21:00
LOG-1615,COMP-0003,WF-09,09_Tally_Inventory_Sync,Scheduled,2024-05-03 02:27:00,2024-05-03 02:29:00,Failed,0,Connection timeout,0,2024-05-03 02:27:00
LOG-1616,COMP-0004,WF-01,01_Tally_Company_Sync,Scheduled,2024-05-03 02:58:00,2024-05-03 02:58:15,Success,3,,15,2024-05-03 02:58:00
LOG-1617,COMP-0004,WF-02,02_Tally_Ledger_Sync,Scheduled,2024-05-03 02:33:00,2024-05-03 02:33:45,Success,25,,45,2024-05-03 02:33:00
LOG-1618,COMP-0004,WF-03,03_Tally_Party_Sync,Scheduled,2024-05-03 02:42:00,2024-05-03 02:43:00,Success,15,,60,2024-05-03 02:42:00
LOG-1619,COMP-0004,WF-05,05_Tally_Sales_Voucher_Sync,Scheduled,2024-05-03 02:25:00,2024-05-03 02:27:30,Success,30,,150,2024-05-03 02:25:00
LOG-1620,COMP-0004,WF-09,09_Tally_Inventory_Sync,Scheduled,2024-05-03 02:14:00,2024-05-03 02:16:00,Success,50,,120,2024-05-03 02:14:00
LOG-1621,COMP-0005,WF-01,01_Tally_Company_Sync,Scheduled,2024-05-03 02:31:00,2024-05-03 02:31:15,Success,3,,15,2024-05-03 02:31:00
LOG-1622,COMP-0005,WF-02,02_Tally_Ledger_Sync,Scheduled,2024-05-03 02:05:00,2024-05-03 02:05:45,Success,25,,45,2024-05-03 02:05:00
LOG-1623,COMP-0005,WF-03,03_Tally_Party_Sync,Scheduled,2024-05-03 02:53:00,2024-05-03 02:54:00,Success,15,,60,2024-05-03 02:53:00
LOG-1624,COMP-0005,WF-05,05_Tally_Sales_Voucher_Sync,Scheduled,2024-05-03 02:43:00,2024-05-03 02:45:30,Success,30,,150,2024-05-03 02:43:00
LOG-1625,COMP-0005,WF-09,09_Tally_Inventory_Sync,Scheduled,2024-05-03 02:15:00,2024-05-03 02:17:00,Success,50,,120,2024-05-03 02:15:00
LOG-1626,COMP-0006,WF-01,01_Tally_Company_Sync,Scheduled,2024-05-03 02:37:00,2024-05-03 02:37:15,Success,3,,15,2024-05-03 02:37:00
LOG-1627,COMP-0006,WF-02,02_Tally_Ledger_Sync,Scheduled,2024-05-03 02:39:00,2024-05-03 02:39:45,Success,25,,45,2024-05-03 02:39:00
LOG-1628,COMP-0006,WF-03,03_Tally_Party_Sync,Scheduled,2024-05-03 02:46:00,2024-05-03 02:47:00,Failed,0,Connection timeout,0,2024-05-03 02:46:00
LOG-1629,COMP-0006,WF-05,05_Tally_Sales_Voucher_Sync,Scheduled,2024-05-03 02:33:00,2024-05-03 02:35:30,Failed,0,Connection timeout,0,2024-05-03 02:33:00
LOG-1630,COMP-0006,WF-09,09_Tally_Inventory_Sync,Scheduled,2024-05-03 02:19:00,2024-05-03 02:21:00,Success,50,,120,2024-05-03 02:19:00
LOG-1631,COMP-0007,WF-01,01_Tally_Company_Sync,Scheduled,2024-05-03 02:30:00,2024-05-03 02:30:15,Success,3,,15,2024-05-03 02:30:00
LOG-1632,COMP-0007,WF-02,02_Tally_Ledger_Sync,Scheduled,2024-05-03 02:09:00,2024-05-03 02:09:45,Success,25,,45,2024-05-03 02:09:00
LOG-1633,COMP-0007,WF-03,03_Tally_Party_Sync,Scheduled,2024-05-03 02:22:00,2024-05-03 02:23:00,Success,15,,60,2024-05-03 02:22:00
LOG-1634,COMP-0007,WF-05,05_Tally_Sales_Voucher_Sync,Scheduled,2024-05-03 02:25:00,2024-05-03 02:27:30,Success,30,,150,2024-05-03 02:25:00
LOG-1635,COMP-0007,WF-09,09_Tally_Inventory_Sync,Scheduled,2024-05-03 02:43:00,2024-05-03 02:45:00,Success,50,,120,2024-05-03 02:43:00
LOG-1636,COMP-0008,WF-01,01_Tally_Company_Sync,Scheduled,2024-05-03 02:13:00,2024-05-03 02:13:15,Success,3,,15,2024-05-03 02:13:00
LOG-1637,COMP-0008,WF-02,02_Tally_Ledger_Sync,Scheduled,2024-05-03 02:26:00,2024-05-03 02:26:45,Success,25,,45,2024-05-03 02:26:00
LOG-1638,COMP-0008,WF-03,03_Tally_Party_Sync,Scheduled,2024-05-03 02:38:00,2024-05-03 02:39:00,Success,15,,60,2024-05-03 02:38:00
LOG-1639,COMP-0008,WF-05,05_Tally_Sales_Voucher_Sync,Scheduled,2024-05-03 02:21:00,2024-05-03 02:23:30,Success,30,,150,2024-05-03 02:21:00
LOG-1640,COMP-0008,WF-09,09_Tally_Inventory_Sync,Scheduled,2024-05-03 02:18:00,2024-05-03 02:20:00,Success,50,,120,2024-05-03 02:18:00
LOG-1641,COMP-0009,WF-01,01_Tally_Company_Sync,Scheduled,2024-05-03 02:35:00,2024-05-03 02:35:15,Failed,0,Connection timeout,0,2024-05-03 02:35:00
LOG-1642,COMP-0009,WF-02,02_Tally_Ledger_Sync,Scheduled,2024-05-03 02:20:00,2024-05-03 02:20:45,Success,25,,45,2024-05-03 02:20:00
LOG-1643,COMP-0009,WF-03,03_Tally_Party_Sync,Scheduled,2024-05-03 02:18:00,2024-05-03 02:19:00,Success,15,,60,2024-05-03 02:18:00
LOG-1644,COMP-0009,WF-05,05_Tally_Sales_Voucher_Sync,Scheduled,2024-05-03 02:27:00,2024-05-03 02:29:30,Success,30,,150,2024-05-03 02:27:00
LOG-1645,COMP-0009,WF-09,09_Tally_Inventory_Sync,Scheduled,2024-05-03 02:41:00,2024-05-03 02:43:00,Success,50,,120,2024-05-03 02:41:00
LOG-1646,COMP-0010,WF-01,01_Tally_Company_Sync,Scheduled,2024-05-03 02:04:00,2024-05-03 02:04:15,Success,3,,15,2024-05-03 02:04:00
LOG-1647,COMP-0010,WF-02,02_Tally_Ledger_Sync,Scheduled,2024-05-03 02:32:00,2024-05-03 02:32:45,Success,25,,45,2024-05-03 02:32:00
LOG-1648,COMP-0010,WF-03,03_Tally_Party_Sync,Scheduled,2024-05-03 02:02:00,2024-05-03 02:03:00,Success,15,,60,2024-05-03 02:02:00
LOG-1649,COMP-0010,WF-05,05_Tally_Sales_Voucher_Sync,Scheduled,2024-05-03 02:47:00,2024-05-03 02:49:30,Failed,0,Connection timeout,0,2024-05-03 02:47:00
LOG-1650,COMP-0010,WF-09,09_Tally_Inventory_Sync,Scheduled,2024-05-03 02:01:00,2024-05-03 02:03:00,Success,50,,120,2024-05-03 02:01:00
LOG-1651,COMP-0001,WF-01,01_Tally_Company_Sync,Scheduled,2024-05-04 02:47:00,2024-05-04 02:47:15,Success,3,,15,2024-05-04 02:47:00
LOG-1652,COMP-0001,WF-02,02_Tally_Ledger_Sync,Scheduled,2024-05-04 02:29:00,2024-05-04 02:29:45,Success,25,,45,2024-05-04 02:29:00
LOG-1653,COMP-0001,WF-03,03_Tally_Party_Sync,Scheduled,2024-05-04 02:24:00,2024-05-04 02:25:00,Success,15,,60,2024-05-04 02:24:00
LOG-1654,COMP-0001,WF-05,05_Tally_Sales_Voucher_Sync,Scheduled,2024-05-04 02:14:00,2024-05-04 02:16:30,Success,30,,150,2024-05-04 02:14:00
LOG-1655,COMP-0001,WF-09,09_Tally_Inventory_Sync,Scheduled,2024-05-04 02:10:00,2024-05-04 02:12:00,Success,50,,120,2024-05-04 02:10:00
LOG-1656,COMP-0002,WF-01,01_Tally_Company_Sync,Scheduled,2024-05-04 02:24:00,2024-05-04 02:24:15,Success,3,,15,2024-05-04 02:24:00
LOG-1657,COMP-0002,WF-02,02_Tally_Ledger_Sync,Scheduled,2024-05-04 02:29:00,2024-05-04 02:29:45,Success,25,,45,2024-05-04 02:29:00
LOG-1658,COMP-0002,WF-03,03_Tally_Party_Sync,Scheduled,2024-05-04 02:45:00,2024-05-04 02:46:00,Success,15,,60,2024-05-04 02:45:00
LOG-1659,COMP-0002,WF-05,05_Tally_Sales_Voucher_Sync,Scheduled,2024-05-04 02:10:00,2024-05-04 02:12:30,Success,30,,150,2024-05-04 02:10:00
LOG-1660,COMP-0002,WF-09,09_Tally_Inventory_Sync,Scheduled,2024-05-04 02:13:00,2024-05-04 02:15:00,Success,50,,120,2024-05-04 02:13:00
LOG-1661,COMP-0003,WF-01,01_Tally_Company_Sync,Scheduled,2024-05-04 02:32:00,2024-05-04 02:32:15,Success,3,,15,2024-05-04 02:32:00
LOG-1662,COMP-0003,WF-02,02_Tally_Ledger_Sync,Scheduled,2024-05-04 02:36:00,2024-05-04 02:36:45,Success,25,,45,2024-05-04 02:36:00
LOG-1663,COMP-0003,WF-03,03_Tally_Party_Sync,Scheduled,2024-05-04 02:04:00,2024-05-04 02:05:00,Success,15,,60,2024-05-04 02:04:00
LOG-1664,COMP-0003,WF-05,05_Tally_Sales_Voucher_Sync,Scheduled,2024-05-04 02:25:00,2024-05-04 02:27:30,Success,30,,150,2024-05-04 02:25:00
LOG-1665,COMP-0003,WF-09,09_Tally_Inventory_Sync,Scheduled,2024-05-04 02:06:00,2024-05-04 02:08:00,Failed,0,Connection timeout,0,2024-05-04 02:06:00
LOG-1666,COMP-0004,WF-01,01_Tally_Company_Sync,Scheduled,2024-05-04 02:02:00,2024-05-04 02:02:15,Success,3,,15,2024-05-04 02:02:00
LOG-1667,COMP-0004,WF-02,02_Tally_Ledger_Sync,Scheduled,2024-05-04 02:19:00,2024-05-04 02:19:45,Success,25,,45,2024-05-04 02:19:00
LOG-1668,COMP-0004,WF-03,03_Tally_Party_Sync,Scheduled,2024-05-04 02:27:00,2024-05-04 02:28:00,Success,15,,60,2024-05-04 02:27:00
LOG-1669,COMP-0004,WF-05,05_Tally_Sales_Voucher_Sync,Scheduled,2024-05-04 02:46:00,2024-05-04 02:48:30,Success,30,,150,2024-05-04 02:46:00
LOG-1670,COMP-0004,WF-09,09_Tally_Inventory_Sync,Scheduled,2024-05-04 02:28:00,2024-05-04 02:30:00,Failed,0,Connection timeout,0,2024-05-04 02:28:00
LOG-1671,COMP-0005,WF-01,01_Tally_Company_Sync,Scheduled,2024-05-04 02:54:00,2024-05-04 02:54:15,Success,3,,15,2024-05-04 02:54:00
LOG-1672,COMP-0005,WF-02,02_Tally_Ledger_Sync,Scheduled,2024-05-04 02:26:00,2024-05-04 02:26:45,Success,25,,45,2024-05-04 02:26:00
LOG-1673,COMP-0005,WF-03,03_Tally_Party_Sync,Scheduled,2024-05-04 02:59:00,2024-05-04 03:00:00,Success,15,,60,2024-05-04 02:59:00
LOG-1674,COMP-0005,WF-05,05_Tally_Sales_Voucher_Sync,Scheduled,2024-05-04 02:49:00,2024-05-04 02:51:30,Success,30,,150,2024-05-04 02:49:00
LOG-1675,COMP-0005,WF-09,09_Tally_Inventory_Sync,Scheduled,2024-05-04 02:56:00,2024-05-04 02:58:00,Success,50,,120,2024-05-04 02:56:00
LOG-1676,COMP-0006,WF-01,01_Tally_Company_Sync,Scheduled,2024-05-04 02:44:00,2024-05-04 02:44:15,Success,3,,15,2024-05-04 02:44:00
LOG-1677,COMP-0006,WF-02,02_Tally_Ledger_Sync,Scheduled,2024-05-04 02:30:00,2024-05-04 02:30:45,Success,25,,45,2024-05-04 02:30:00
LOG-1678,COMP-0006,WF-03,03_Tally_Party_Sync,Scheduled,2024-05-04 02:39:00,2024-05-04 02:40:00,Success,15,,60,2024-05-04 02:39:00
LOG-1679,COMP-0006,WF-05,05_Tally_Sales_Voucher_Sync,Scheduled,2024-05-04 02:17:00,2024-05-04 02:19:30,Success,30,,150,2024-05-04 02:17:00
LOG-1680,COMP-0006,WF-09,09_Tally_Inventory_Sync,Scheduled,2024-05-04 02:27:00,2024-05-04 02:29:00,Failed,0,Connection timeout,0,2024-05-04 02:27:00
LOG-1681,COMP-0007,WF-01,01_Tally_Company_Sync,Scheduled,2024-05-04 02:50:00,2024-05-04 02:50:15,Success,3,,15,2024-05-04 02:50:00
LOG-1682,COMP-0007,WF-02,02_Tally_Ledger_Sync,Scheduled,2024-05-04 02:42:00,2024-05-04 02:42:45,Success,25,,45,2024-05-04 02:42:00
LOG-1683,COMP-0007,WF-03,03_Tally_Party_Sync,Scheduled,2024-05-04 02:12:00,2024-05-04 02:13:00,Failed,0,Connection timeout,0,2024-05-04 02:12:00
LOG-1684,COMP-0007,WF-05,05_Tally_Sales_Voucher_Sync,Scheduled,2024-05-04 02:58:00,2024-05-04 03:00:30,Success,30,,150,2024-05-04 02:58:00
LOG-1685,COMP-0007,WF-09,09_Tally_Inventory_Sync,Scheduled,2024-05-04 02:58:00,2024-05-04 03:00:00,Success,50,,120,2024-05-04 02:58:00
LOG-1686,COMP-0008,WF-01,01_Tally_Company_Sync,Scheduled,2024-05-04 02:45:00,2024-05-04 02:45:15,Success,3,,15,2024-05-04 02:45:00
LOG-1687,COMP-0008,WF-02,02_Tally_Ledger_Sync,Scheduled,2024-05-04 02:23:00,2024-05-04 02:23:45,Success,25,,45,2024-05-04 02:23:00
LOG-1688,COMP-0008,WF-03,03_Tally_Party_Sync,Scheduled,2024-05-04 02:35:00,2024-05-04 02:36:00,Success,15,,60,2024-05-04 02:35:00
LOG-1689,COMP-0008,WF-05,05_Tally_Sales_Voucher_Sync,Scheduled,2024-05-04 02:18:00,2024-05-04 02:20:30,Success,30,,150,2024-05-04 02:18:00
LOG-1690,COMP-0008,WF-09,09_Tally_Inventory_Sync,Scheduled,2024-05-04 02:31:00,2024-05-04 02:33:00,Success,50,,120,2024-05-04 02:31:00
LOG-1691,COMP-0009,WF-01,01_Tally_Company_Sync,Scheduled,2024-05-04 02:45:00,2024-05-04 02:45:15,Success,3,,15,2024-05-04 02:45:00
LOG-1692,COMP-0009,WF-02,02_Tally_Ledger_Sync,Scheduled,2024-05-04 02:27:00,2024-05-04 02:27:45,Success,25,,45,2024-05-04 02:27:00
LOG-1693,COMP-0009,WF-03,03_Tally_Party_Sync,Scheduled,2024-05-04 02:53:00,2024-05-04 02:54:00,Success,15,,60,2024-05-04 02:53:00
LOG-1694,COMP-0009,WF-05,05_Tally_Sales_Voucher_Sync,Scheduled,2024-05-04 02:58:00,2024-05-04 03:00:30,Success,30,,150,2024-05-04 02:58:00
LOG-1695,COMP-0009,WF-09,09_Tally_Inventory_Sync,Scheduled,2024-05-04 02:13:00,2024-05-04 02:15:00,Success,50,,120,2024-05-04 02:13:00
LOG-1696,COMP-0010,WF-01,01_Tally_Company_Sync,Scheduled,2024-05-04 02:14:00,2024-05-04 02:14:15,Success,3,,15,2024-05-04 02:14:00
LOG-1697,COMP-0010,WF-02,02_Tally_Ledger_Sync,Scheduled,2024-05-04 02:49:00,2024-05-04 02:49:45,Success,25,,45,2024-05-04 02:49:00
LOG-1698,COMP-0010,WF-03,03_Tally_Party_Sync,Scheduled,2024-05-04 02:03:00,2024-05-04 02:04:00,Success,15,,60,2024-05-04 02:03:00
LOG-1699,COMP-0010,WF-05,05_Tally_Sales_Voucher_Sync,Scheduled,2024-05-04 02:50:00,2024-05-04 02:52:30,Success,30,,150,2024-05-04 02:50:00
LOG-1700,COMP-0010,WF-09,09_Tally_Inventory_Sync,Scheduled,2024-05-04 02:45:00,2024-05-04 02:47:00,Success,50,,120,2024-05-04 02:45:00
LOG-1701,COMP-0001,WF-01,01_Tally_Company_Sync,Scheduled,2024-05-05 02:32:00,2024-05-05 02:32:15,Success,3,,15,2024-05-05 02:32:00
LOG-1702,COMP-0001,WF-02,02_Tally_Ledger_Sync,Scheduled,2024-05-05 02:01:00,2024-05-05 02:01:45,Success,25,,45,2024-05-05 02:01:00
LOG-1703,COMP-0001,WF-03,03_Tally_Party_Sync,Scheduled,2024-05-05 02:24:00,2024-05-05 02:25:00,Success,15,,60,2024-05-05 02:24:00
LOG-1704,COMP-0001,WF-05,05_Tally_Sales_Voucher_Sync,Scheduled,2024-05-05 02:58:00,2024-05-05 03:00:30,Success,30,,150,2024-05-05 02:58:00
LOG-1705,COMP-0001,WF-09,09_Tally_Inventory_Sync,Scheduled,2024-05-05 02:35:00,2024-05-05 02:37:00,Success,50,,120,2024-05-05 02:35:00
LOG-1706,COMP-0002,WF-01,01_Tally_Company_Sync,Scheduled,2024-05-05 02:34:00,2024-05-05 02:34:15,Success,3,,15,2024-05-05 02:34:00
LOG-1707,COMP-0002,WF-02,02_Tally_Ledger_Sync,Scheduled,2024-05-05 02:19:00,2024-05-05 02:19:45,Success,25,,45,2024-05-05 02:19:00
LOG-1708,COMP-0002,WF-03,03_Tally_Party_Sync,Scheduled,2024-05-05 02:28:00,2024-05-05 02:29:00,Success,15,,60,2024-05-05 02:28:00
LOG-1709,COMP-0002,WF-05,05_Tally_Sales_Voucher_Sync,Scheduled,2024-05-05 02:33:00,2024-05-05 02:35:30,Failed,0,Connection timeout,0,2024-05-05 02:33:00
LOG-1710,COMP-0002,WF-09,09_Tally_Inventory_Sync,Scheduled,2024-05-05 02:34:00,2024-05-05 02:36:00,Success,50,,120,2024-05-05 02:34:00
LOG-1711,COMP-0003,WF-01,01_Tally_Company_Sync,Scheduled,2024-05-05 02:28:00,2024-05-05 02:28:15,Success,3,,15,2024-05-05 02:28:00
LOG-1712,COMP-0003,WF-02,02_Tally_Ledger_Sync,Scheduled,2024-05-05 02:52:00,2024-05-05 02:52:45,Success,25,,45,2024-05-05 02:52:00
LOG-1713,COMP-0003,WF-03,03_Tally_Party_Sync,Scheduled,2024-05-05 02:02:00,2024-05-05 02:03:00,Success,15,,60,2024-05-05 02:02:00
LOG-1714,COMP-0003,WF-05,05_Tally_Sales_Voucher_Sync,Scheduled,2024-05-05 02:25:00,2024-05-05 02:27:30,Success,30,,150,2024-05-05 02:25:00
LOG-1715,COMP-0003,WF-09,09_Tally_Inventory_Sync,Scheduled,2024-05-05 02:39:00,2024-05-05 02:41:00,Success,50,,120,2024-05-05 02:39:00
LOG-1716,COMP-0004,WF-01,01_Tally_Company_Sync,Scheduled,2024-05-05 02:02:00,2024-05-05 02:02:15,Success,3,,15,2024-05-05 02:02:00
LOG-1717,COMP-0004,WF-02,02_Tally_Ledger_Sync,Scheduled,2024-05-05 02:47:00,2024-05-05 02:47:45,Success,25,,45,2024-05-05 02:47:00
LOG-1718,COMP-0004,WF-03,03_Tally_Party_Sync,Scheduled,2024-05-05 02:09:00,2024-05-05 02:10:00,Success,15,,60,2024-05-05 02:09:00
LOG-1719,COMP-0004,WF-05,05_Tally_Sales_Voucher_Sync,Scheduled,2024-05-05 02:32:00,2024-05-05 02:34:30,Success,30,,150,2024-05-05 02:32:00
LOG-1720,COMP-0004,WF-09,09_Tally_Inventory_Sync,Scheduled,2024-05-05 02:41:00,2024-05-05 02:43:00,Success,50,,120,2024-05-05 02:41:00
LOG-1721,COMP-0005,WF-01,01_Tally_Company_Sync,Scheduled,2024-05-05 02:43:00,2024-05-05 02:43:15,Success,3,,15,2024-05-05 02:43:00
LOG-1722,COMP-0005,WF-02,02_Tally_Ledger_Sync,Scheduled,2024-05-05 02:25:00,2024-05-05 02:25:45,Success,25,,45,2024-05-05 02:25:00
LOG-1723,COMP-0005,WF-03,03_Tally_Party_Sync,Scheduled,2024-05-05 02:40:00,2024-05-05 02:41:00,Success,15,,60,2024-05-05 02:40:00
LOG-1724,COMP-0005,WF-05,05_Tally_Sales_Voucher_Sync,Scheduled,2024-05-05 02:59:00,2024-05-05 03:01:30,Success,30,,150,2024-05-05 02:59:00
LOG-1725,COMP-0005,WF-09,09_Tally_Inventory_Sync,Scheduled,2024-05-05 02:49:00,2024-05-05 02:51:00,Success,50,,120,2024-05-05 02:49:00
LOG-1726,COMP-0006,WF-01,01_Tally_Company_Sync,Scheduled,2024-05-05 02:22:00,2024-05-05 02:22:15,Success,3,,15,2024-05-05 02:22:00
LOG-1727,COMP-0006,WF-02,02_Tally_Ledger_Sync,Scheduled,2024-05-05 02:25:00,2024-05-05 02:25:45,Success,25,,45,2024-05-05 02:25:00
LOG-1728,COMP-0006,WF-03,03_Tally_Party_Sync,Scheduled,2024-05-05 02:11:00,2024-05-05 02:12:00,Success,15,,60,2024-05-05 02:11:00
LOG-1729,COMP-0006,WF-05,05_Tally_Sales_Voucher_Sync,Scheduled,2024-05-05 02:11:00,2024-05-05 02:13:30,Success,30,,150,2024-05-05 02:11:00
LOG-1730,COMP-0006,WF-09,09_Tally_Inventory_Sync,Scheduled,2024-05-05 02:43:00,2024-05-05 02:45:00,Success,50,,120,2024-05-05 02:43:00
LOG-1731,COMP-0007,WF-01,01_Tally_Company_Sync,Scheduled,2024-05-05 02:02:00,2024-05-05 02:02:15,Success,3,,15,2024-05-05 02:02:00
LOG-1732,COMP-0007,WF-02,02_Tally_Ledger_Sync,Scheduled,2024-05-05 02:32:00,2024-05-05 02:32:45,Success,25,,45,2024-05-05 02:32:00
LOG-1733,COMP-0007,WF-03,03_Tally_Party_Sync,Scheduled,2024-05-05 02:00:00,2024-05-05 02:01:00,Success,15,,60,2024-05-05 02:00:00
LOG-1734,COMP-0007,WF-05,05_Tally_Sales_Voucher_Sync,Scheduled,2024-05-05 02:02:00,2024-05-05 02:04:30,Success,30,,150,2024-05-05 02:02:00
LOG-1735,COMP-0007,WF-09,09_Tally_Inventory_Sync,Scheduled,2024-05-05 02:55:00,2024-05-05 02:57:00,Success,50,,120,2024-05-05 02:55:00
LOG-1736,COMP-0008,WF-01,01_Tally_Company_Sync,Scheduled,2024-05-05 02:39:00,2024-05-05 02:39:15,Success,3,,15,2024-05-05 02:39:00
LOG-1737,COMP-0008,WF-02,02_Tally_Ledger_Sync,Scheduled,2024-05-05 02:27:00,2024-05-05 02:27:45,Success,25,,45,2024-05-05 02:27:00
LOG-1738,COMP-0008,WF-03,03_Tally_Party_Sync,Scheduled,2024-05-05 02:19:00,2024-05-05 02:20:00,Failed,0,Connection timeout,0,2024-05-05 02:19:00
LOG-1739,COMP-0008,WF-05,05_Tally_Sales_Voucher_Sync,Scheduled,2024-05-05 02:03:00,2024-05-05 02:05:30,Success,30,,150,2024-05-05 02:03:00
LOG-1740,COMP-0008,WF-09,09_Tally_Inventory_Sync,Scheduled,2024-05-05 02:25:00,2024-05-05 02:27:00,Success,50,,120,2024-05-05 02:25:00
LOG-1741,COMP-0009,WF-01,01_Tally_Company_Sync,Scheduled,2024-05-05 02:17:00,2024-05-05 02:17:15,Success,3,,15,2024-05-05 02:17:00
LOG-1742,COMP-0009,WF-02,02_Tally_Ledger_Sync,Scheduled,2024-05-05 02:47:00,2024-05-05 02:47:45,Success,25,,45,2024-05-05 02:47:00
LOG-1743,COMP-0009,WF-03,03_Tally_Party_Sync,Scheduled,2024-05-05 02:07:00,2024-05-05 02:08:00,Success,15,,60,2024-05-05 02:07:00
LOG-1744,COMP-0009,WF-05,05_Tally_Sales_Voucher_Sync,Scheduled,2024-05-05 02:56:00,2024-05-05 02:58:30,Success,30,,150,2024-05-05 02:56:00
LOG-1745,COMP-0009,WF-09,09_Tally_Inventory_Sync,Scheduled,2024-05-05 02:05:00,2024-05-05 02:07:00,Failed,0,Connection timeout,0,2024-05-05 02:05:00
LOG-1746,COMP-0010,WF-01,01_Tally_Company_Sync,Scheduled,2024-05-05 02:07:00,2024-05-05 02:07:15,Success,3,,15,2024-05-05 02:07:00
LOG-1747,COMP-0010,WF-02,02_Tally_Ledger_Sync,Scheduled,2024-05-05 02:02:00,2024-05-05 02:02:45,Success,25,,45,2024-05-05 02:02:00
LOG-1748,COMP-0010,WF-03,03_Tally_Party_Sync,Scheduled,2024-05-05 02:15:00,2024-05-05 02:16:00,Success,15,,60,2024-05-05 02:15:00
LOG-1749,COMP-0010,WF-05,05_Tally_Sales_Voucher_Sync,Scheduled,2024-05-05 02:52:00,2024-05-05 02:54:30,Success,30,,150,2024-05-05 02:52:00
LOG-1750,COMP-0010,WF-09,09_Tally_Inventory_Sync,Scheduled,2024-05-05 02:44:00,2024-05-05 02:46:00,Success,50,,120,2024-05-05 02:44:00
LOG-1751,COMP-0001,WF-01,01_Tally_Company_Sync,Scheduled,2024-05-06 02:22:00,2024-05-06 02:22:15,Success,3,,15,2024-05-06 02:22:00
LOG-1752,COMP-0001,WF-02,02_Tally_Ledger_Sync,Scheduled,2024-05-06 02:26:00,2024-05-06 02:26:45,Success,25,,45,2024-05-06 02:26:00
LOG-1753,COMP-0001,WF-03,03_Tally_Party_Sync,Scheduled,2024-05-06 02:45:00,2024-05-06 02:46:00,Success,15,,60,2024-05-06 02:45:00
LOG-1754,COMP-0001,WF-05,05_Tally_Sales_Voucher_Sync,Scheduled,2024-05-06 02:04:00,2024-05-06 02:06:30,Success,30,,150,2024-05-06 02:04:00
LOG-1755,COMP-0001,WF-09,09_Tally_Inventory_Sync,Scheduled,2024-05-06 02:57:00,2024-05-06 02:59:00,Success,50,,120,2024-05-06 02:57:00
LOG-1756,COMP-0002,WF-01,01_Tally_Company_Sync,Scheduled,2024-05-06 02:02:00,2024-05-06 02:02:15,Success,3,,15,2024-05-06 02:02:00
LOG-1757,COMP-0002,WF-02,02_Tally_Ledger_Sync,Scheduled,2024-05-06 02:19:00,2024-05-06 02:19:45,Success,25,,45,2024-05-06 02:19:00
LOG-1758,COMP-0002,WF-03,03_Tally_Party_Sync,Scheduled,2024-05-06 02:33:00,2024-05-06 02:34:00,Success,15,,60,2024-05-06 02:33:00
LOG-1759,COMP-0002,WF-05,05_Tally_Sales_Voucher_Sync,Scheduled,2024-05-06 02:13:00,2024-05-06 02:15:30,Success,30,,150,2024-05-06 02:13:00
LOG-1760,COMP-0002,WF-09,09_Tally_Inventory_Sync,Scheduled,2024-05-06 02:08:00,2024-05-06 02:10:00,Success,50,,120,2024-05-06 02:08:00
LOG-1761,COMP-0003,WF-01,01_Tally_Company_Sync,Scheduled,2024-05-06 02:26:00,2024-05-06 02:26:15,Success,3,,15,2024-05-06 02:26:00
LOG-1762,COMP-0003,WF-02,02_Tally_Ledger_Sync,Scheduled,2024-05-06 02:42:00,2024-05-06 02:42:45,Success,25,,45,2024-05-06 02:42:00
LOG-1763,COMP-0003,WF-03,03_Tally_Party_Sync,Scheduled,2024-05-06 02:06:00,2024-05-06 02:07:00,Success,15,,60,2024-05-06 02:06:00
LOG-1764,COMP-0003,WF-05,05_Tally_Sales_Voucher_Sync,Scheduled,2024-05-06 02:32:00,2024-05-06 02:34:30,Success,30,,150,2024-05-06 02:32:00
LOG-1765,COMP-0003,WF-09,09_Tally_Inventory_Sync,Scheduled,2024-05-06 02:47:00,2024-05-06 02:49:00,Success,50,,120,2024-05-06 02:47:00
LOG-1766,COMP-0004,WF-01,01_Tally_Company_Sync,Scheduled,2024-05-06 02:55:00,2024-05-06 02:55:15,Failed,0,Connection timeout,0,2024-05-06 02:55:00
LOG-1767,COMP-0004,WF-02,02_Tally_Ledger_Sync,Scheduled,2024-05-06 02:37:00,2024-05-06 02:37:45,Failed,0,Connection timeout,0,2024-05-06 02:37:00
LOG-1768,COMP-0004,WF-03,03_Tally_Party_Sync,Scheduled,2024-05-06 02:54:00,2024-05-06 02:55:00,Success,15,,60,2024-05-06 02:54:00
LOG-1769,COMP-0004,WF-05,05_Tally_Sales_Voucher_Sync,Scheduled,2024-05-06 02:50:00,2024-05-06 02:52:30,Success,30,,150,2024-05-06 02:50:00
LOG-1770,COMP-0004,WF-09,09_Tally_Inventory_Sync,Scheduled,2024-05-06 02:06:00,2024-05-06 02:08:00,Success,50,,120,2024-05-06 02:06:00
LOG-1771,COMP-0005,WF-01,01_Tally_Company_Sync,Scheduled,2024-05-06 02:56:00,2024-05-06 02:56:15,Success,3,,15,2024-05-06 02:56:00
LOG-1772,COMP-0005,WF-02,02_Tally_Ledger_Sync,Scheduled,2024-05-06 02:11:00,2024-05-06 02:11:45,Failed,0,Connection timeout,0,2024-05-06 02:11:00
LOG-1773,COMP-0005,WF-03,03_Tally_Party_Sync,Scheduled,2024-05-06 02:51:00,2024-05-06 02:52:00,Success,15,,60,2024-05-06 02:51:00
LOG-1774,COMP-0005,WF-05,05_Tally_Sales_Voucher_Sync,Scheduled,2024-05-06 02:29:00,2024-05-06 02:31:30,Success,30,,150,2024-05-06 02:29:00
LOG-1775,COMP-0005,WF-09,09_Tally_Inventory_Sync,Scheduled,2024-05-06 02:34:00,2024-05-06 02:36:00,Failed,0,Connection timeout,0,2024-05-06 02:34:00
LOG-1776,COMP-0006,WF-01,01_Tally_Company_Sync,Scheduled,2024-05-06 02:23:00,2024-05-06 02:23:15,Failed,0,Connection timeout,0,2024-05-06 02:23:00
LOG-1777,COMP-0006,WF-02,02_Tally_Ledger_Sync,Scheduled,2024-05-06 02:24:00,2024-05-06 02:24:45,Success,25,,45,2024-05-06 02:24:00
LOG-1778,COMP-0006,WF-03,03_Tally_Party_Sync,Scheduled,2024-05-06 02:41:00,2024-05-06 02:42:00,Success,15,,60,2024-05-06 02:41:00
LOG-1779,COMP-0006,WF-05,05_Tally_Sales_Voucher_Sync,Scheduled,2024-05-06 02:38:00,2024-05-06 02:40:30,Success,30,,150,2024-05-06 02:38:00
LOG-1780,COMP-0006,WF-09,09_Tally_Inventory_Sync,Scheduled,2024-05-06 02:36:00,2024-05-06 02:38:00,Success,50,,120,2024-05-06 02:36:00
LOG-1781,COMP-0007,WF-01,01_Tally_Company_Sync,Scheduled,2024-05-06 02:07:00,2024-05-06 02:07:15,Success,3,,15,2024-05-06 02:07:00
LOG-1782,COMP-0007,WF-02,02_Tally_Ledger_Sync,Scheduled,2024-05-06 02:25:00,2024-05-06 02:25:45,Success,25,,45,2024-05-06 02:25:00
LOG-1783,COMP-0007,WF-03,03_Tally_Party_Sync,Scheduled,2024-05-06 02:46:00,2024-05-06 02:47:00,Success,15,,60,2024-05-06 02:46:00
LOG-1784,COMP-0007,WF-05,05_Tally_Sales_Voucher_Sync,Scheduled,2024-05-06 02:56:00,2024-05-06 02:58:30,Success,30,,150,2024-05-06 02:56:00
LOG-1785,COMP-0007,WF-09,09_Tally_Inventory_Sync,Scheduled,2024-05-06 02:07:00,2024-05-06 02:09:00,Success,50,,120,2024-05-06 02:07:00
LOG-1786,COMP-0008,WF-01,01_Tally_Company_Sync,Scheduled,2024-05-06 02:42:00,2024-05-06 02:42:15,Success,3,,15,2024-05-06 02:42:00
LOG-1787,COMP-0008,WF-02,02_Tally_Ledger_Sync,Scheduled,2024-05-06 02:51:00,2024-05-06 02:51:45,Success,25,,45,2024-05-06 02:51:00
LOG-1788,COMP-0008,WF-03,03_Tally_Party_Sync,Scheduled,2024-05-06 02:53:00,2024-05-06 02:54:00,Success,15,,60,2024-05-06 02:53:00
LOG-1789,COMP-0008,WF-05,05_Tally_Sales_Voucher_Sync,Scheduled,2024-05-06 02:26:00,2024-05-06 02:28:30,Success,30,,150,2024-05-06 02:26:00
LOG-1790,COMP-0008,WF-09,09_Tally_Inventory_Sync,Scheduled,2024-05-06 02:05:00,2024-05-06 02:07:00,Success,50,,120,2024-05-06 02:05:00
LOG-1791,COMP-0009,WF-01,01_Tally_Company_Sync,Scheduled,2024-05-06 02:50:00,2024-05-06 02:50:15,Success,3,,15,2024-05-06 02:50:00
LOG-1792,COMP-0009,WF-02,02_Tally_Ledger_Sync,Scheduled,2024-05-06 02:04:00,2024-05-06 02:04:45,Success,25,,45,2024-05-06 02:04:00
LOG-1793,COMP-0009,WF-03,03_Tally_Party_Sync,Scheduled,2024-05-06 02:34:00,2024-05-06 02:35:00,Success,15,,60,2024-05-06 02:34:00
LOG-1794,COMP-0009,WF-05,05_Tally_Sales_Voucher_Sync,Scheduled,2024-05-06 02:19:00,2024-05-06 02:21:30,Failed,0,Connection timeout,0,2024-05-06 02:19:00
LOG-1795,COMP-0009,WF-09,09_Tally_Inventory_Sync,Scheduled,2024-05-06 02:09:00,2024-05-06 02:11:00,Success,50,,120,2024-05-06 02:09:00
LOG-1796,COMP-0010,WF-01,01_Tally_Company_Sync,Scheduled,2024-05-06 02:13:00,2024-05-06 02:13:15,Success,3,,15,2024-05-06 02:13:00
LOG-1797,COMP-0010,WF-02,02_Tally_Ledger_Sync,Scheduled,2024-05-06 02:48:00,2024-05-06 02:48:45,Success,25,,45,2024-05-06 02:48:00
LOG-1798,COMP-0010,WF-03,03_Tally_Party_Sync,Scheduled,2024-05-06 02:54:00,2024-05-06 02:55:00,Success,15,,60,2024-05-06 02:54:00
LOG-1799,COMP-0010,WF-05,05_Tally_Sales_Voucher_Sync,Scheduled,2024-05-06 02:45:00,2024-05-06 02:47:30,Success,30,,150,2024-05-06 02:45:00
LOG-1800,COMP-0010,WF-09,09_Tally_Inventory_Sync,Scheduled,2024-05-06 02:54:00,2024-05-06 02:56:00,Success,50,,120,2024-05-06 02:54:00
LOG-1801,COMP-0001,WF-01,01_Tally_Company_Sync,Scheduled,2024-05-07 02:23:00,2024-05-07 02:23:15,Success,3,,15,2024-05-07 02:23:00
LOG-1802,COMP-0001,WF-02,02_Tally_Ledger_Sync,Scheduled,2024-05-07 02:58:00,2024-05-07 02:58:45,Failed,0,Connection timeout,0,2024-05-07 02:58:00
LOG-1803,COMP-0001,WF-03,03_Tally_Party_Sync,Scheduled,2024-05-07 02:06:00,2024-05-07 02:07:00,Success,15,,60,2024-05-07 02:06:00
LOG-1804,COMP-0001,WF-05,05_Tally_Sales_Voucher_Sync,Scheduled,2024-05-07 02:05:00,2024-05-07 02:07:30,Success,30,,150,2024-05-07 02:05:00
LOG-1805,COMP-0001,WF-09,09_Tally_Inventory_Sync,Scheduled,2024-05-07 02:37:00,2024-05-07 02:39:00,Success,50,,120,2024-05-07 02:37:00
LOG-1806,COMP-0002,WF-01,01_Tally_Company_Sync,Scheduled,2024-05-07 02:52:00,2024-05-07 02:52:15,Success,3,,15,2024-05-07 02:52:00
LOG-1807,COMP-0002,WF-02,02_Tally_Ledger_Sync,Scheduled,2024-05-07 02:48:00,2024-05-07 02:48:45,Success,25,,45,2024-05-07 02:48:00
LOG-1808,COMP-0002,WF-03,03_Tally_Party_Sync,Scheduled,2024-05-07 02:36:00,2024-05-07 02:37:00,Success,15,,60,2024-05-07 02:36:00
LOG-1809,COMP-0002,WF-05,05_Tally_Sales_Voucher_Sync,Scheduled,2024-05-07 02:08:00,2024-05-07 02:10:30,Success,30,,150,2024-05-07 02:08:00
LOG-1810,COMP-0002,WF-09,09_Tally_Inventory_Sync,Scheduled,2024-05-07 02:55:00,2024-05-07 02:57:00,Failed,0,Connection timeout,0,2024-05-07 02:55:00
LOG-1811,COMP-0003,WF-01,01_Tally_Company_Sync,Scheduled,2024-05-07 02:49:00,2024-05-07 02:49:15,Success,3,,15,2024-05-07 02:49:00
LOG-1812,COMP-0003,WF-02,02_Tally_Ledger_Sync,Scheduled,2024-05-07 02:02:00,2024-05-07 02:02:45,Success,25,,45,2024-05-07 02:02:00
LOG-1813,COMP-0003,WF-03,03_Tally_Party_Sync,Scheduled,2024-05-07 02:52:00,2024-05-07 02:53:00,Success,15,,60,2024-05-07 02:52:00
LOG-1814,COMP-0003,WF-05,05_Tally_Sales_Voucher_Sync,Scheduled,2024-05-07 02:55:00,2024-05-07 02:57:30,Success,30,,150,2024-05-07 02:55:00
LOG-1815,COMP-0003,WF-09,09_Tally_Inventory_Sync,Scheduled,2024-05-07 02:59:00,2024-05-07 03:01:00,Success,50,,120,2024-05-07 02:59:00
LOG-1816,COMP-0004,WF-01,01_Tally_Company_Sync,Scheduled,2024-05-07 02:31:00,2024-05-07 02:31:15,Success,3,,15,2024-05-07 02:31:00
LOG-1817,COMP-0004,WF-02,02_Tally_Ledger_Sync,Scheduled,2024-05-07 02:35:00,2024-05-07 02:35:45,Success,25,,45,2024-05-07 02:35:00
LOG-1818,COMP-0004,WF-03,03_Tally_Party_Sync,Scheduled,2024-05-07 02:09:00,2024-05-07 02:10:00,Success,15,,60,2024-05-07 02:09:00
LOG-1819,COMP-0004,WF-05,05_Tally_Sales_Voucher_Sync,Scheduled,2024-05-07 02:16:00,2024-05-07 02:18:30,Success,30,,150,2024-05-07 02:16:00
LOG-1820,COMP-0004,WF-09,09_Tally_Inventory_Sync,Scheduled,2024-05-07 02:24:00,2024-05-07 02:26:00,Success,50,,120,2024-05-07 02:24:00
LOG-1821,COMP-0005,WF-01,01_Tally_Company_Sync,Scheduled,2024-05-07 02:04:00,2024-05-07 02:04:15,Success,3,,15,2024-05-07 02:04:00
LOG-1822,COMP-0005,WF-02,02_Tally_Ledger_Sync,Scheduled,2024-05-07 02:57:00,2024-05-07 02:57:45,Success,25,,45,2024-05-07 02:57:00
LOG-1823,COMP-0005,WF-03,03_Tally_Party_Sync,Scheduled,2024-05-07 02:11:00,2024-05-07 02:12:00,Success,15,,60,2024-05-07 02:11:00
LOG-1824,COMP-0005,WF-05,05_Tally_Sales_Voucher_Sync,Scheduled,2024-05-07 02:50:00,2024-05-07 02:52:30,Success,30,,150,2024-05-07 02:50:00
LOG-1825,COMP-0005,WF-09,09_Tally_Inventory_Sync,Scheduled,2024-05-07 02:08:00,2024-05-07 02:10:00,Success,50,,120,2024-05-07 02:08:00
LOG-1826,COMP-0006,WF-01,01_Tally_Company_Sync,Scheduled,2024-05-07 02:41:00,2024-05-07 02:41:15,Success,3,,15,2024-05-07 02:41:00
LOG-1827,COMP-0006,WF-02,02_Tally_Ledger_Sync,Scheduled,2024-05-07 02:03:00,2024-05-07 02:03:45,Success,25,,45,2024-05-07 02:03:00
LOG-1828,COMP-0006,WF-03,03_Tally_Party_Sync,Scheduled,2024-05-07 02:37:00,2024-05-07 02:38:00,Success,15,,60,2024-05-07 02:37:00
LOG-1829,COMP-0006,WF-05,05_Tally_Sales_Voucher_Sync,Scheduled,2024-05-07 02:23:00,2024-05-07 02:25:30,Success,30,,150,2024-05-07 02:23:00
LOG-1830,COMP-0006,WF-09,09_Tally_Inventory_Sync,Scheduled,2024-05-07 02:27:00,2024-05-07 02:29:00,Success,50,,120,2024-05-07 02:27:00
LOG-1831,COMP-0007,WF-01,01_Tally_Company_Sync,Scheduled,2024-05-07 02:43:00,2024-05-07 02:43:15,Success,3,,15,2024-05-07 02:43:00
LOG-1832,COMP-0007,WF-02,02_Tally_Ledger_Sync,Scheduled,2024-05-07 02:07:00,2024-05-07 02:07:45,Failed,0,Connection timeout,0,2024-05-07 02:07:00
LOG-1833,COMP-0007,WF-03,03_Tally_Party_Sync,Scheduled,2024-05-07 02:27:00,2024-05-07 02:28:00,Success,15,,60,2024-05-07 02:27:00
LOG-1834,COMP-0007,WF-05,05_Tally_Sales_Voucher_Sync,Scheduled,2024-05-07 02:41:00,2024-05-07 02:43:30,Failed,0,Connection timeout,0,2024-05-07 02:41:00
LOG-1835,COMP-0007,WF-09,09_Tally_Inventory_Sync,Scheduled,2024-05-07 02:05:00,2024-05-07 02:07:00,Failed,0,Connection timeout,0,2024-05-07 02:05:00
LOG-1836,COMP-0008,WF-01,01_Tally_Company_Sync,Scheduled,2024-05-07 02:42:00,2024-05-07 02:42:15,Success,3,,15,2024-05-07 02:42:00
LOG-1837,COMP-0008,WF-02,02_Tally_Ledger_Sync,Scheduled,2024-05-07 02:55:00,2024-05-07 02:55:45,Success,25,,45,2024-05-07 02:55:00
LOG-1838,COMP-0008,WF-03,03_Tally_Party_Sync,Scheduled,2024-05-07 02:41:00,2024-05-07 02:42:00,Success,15,,60,2024-05-07 02:41:00
LOG-1839,COMP-0008,WF-05,05_Tally_Sales_Voucher_Sync,Scheduled,2024-05-07 02:55:00,2024-05-07 02:57:30,Success,30,,150,2024-05-07 02:55:00
LOG-1840,COMP-0008,WF-09,09_Tally_Inventory_Sync,Scheduled,2024-05-07 02:54:00,2024-05-07 02:56:00,Success,50,,120,2024-05-07 02:54:00
LOG-1841,COMP-0009,WF-01,01_Tally_Company_Sync,Scheduled,2024-05-07 02:14:00,2024-05-07 02:14:15,Success,3,,15,2024-05-07 02:14:00
LOG-1842,COMP-0009,WF-02,02_Tally_Ledger_Sync,Scheduled,2024-05-07 02:11:00,2024-05-07 02:11:45,Success,25,,45,2024-05-07 02:11:00
LOG-1843,COMP-0009,WF-03,03_Tally_Party_Sync,Scheduled,2024-05-07 02:37:00,2024-05-07 02:38:00,Success,15,,60,2024-05-07 02:37:00
LOG-1844,COMP-0009,WF-05,05_Tally_Sales_Voucher_Sync,Scheduled,2024-05-07 02:32:00,2024-05-07 02:34:30,Success,30,,150,2024-05-07 02:32:00
LOG-1845,COMP-0009,WF-09,09_Tally_Inventory_Sync,Scheduled,2024-05-07 02:37:00,2024-05-07 02:39:00,Success,50,,120,2024-05-07 02:37:00
LOG-1846,COMP-0010,WF-01,01_Tally_Company_Sync,Scheduled,2024-05-07 02:08:00,2024-05-07 02:08:15,Success,3,,15,2024-05-07 02:08:00
LOG-1847,COMP-0010,WF-02,02_Tally_Ledger_Sync,Scheduled,2024-05-07 02:50:00,2024-05-07 02:50:45,Failed,0,Connection timeout,0,2024-05-07 02:50:00
LOG-1848,COMP-0010,WF-03,03_Tally_Party_Sync,Scheduled,2024-05-07 02:07:00,2024-05-07 02:08:00,Success,15,,60,2024-05-07 02:07:00
LOG-1849,COMP-0010,WF-05,05_Tally_Sales_Voucher_Sync,Scheduled,2024-05-07 02:52:00,2024-05-07 02:54:30,Success,30,,150,2024-05-07 02:52:00
LOG-1850,COMP-0010,WF-09,09_Tally_Inventory_Sync,Scheduled,2024-05-07 02:38:00,2024-05-07 02:40:00,Success,50,,120,2024-05-07 02:38:00
LOG-1851,COMP-0001,WF-01,01_Tally_Company_Sync,Scheduled,2024-05-08 02:42:00,2024-05-08 02:42:15,Success,3,,15,2024-05-08 02:42:00
LOG-1852,COMP-0001,WF-02,02_Tally_Ledger_Sync,Scheduled,2024-05-08 02:44:00,2024-05-08 02:44:45,Success,25,,45,2024-05-08 02:44:00
LOG-1853,COMP-0001,WF-03,03_Tally_Party_Sync,Scheduled,2024-05-08 02:54:00,2024-05-08 02:55:00,Success,15,,60,2024-05-08 02:54:00
LOG-1854,COMP-0001,WF-05,05_Tally_Sales_Voucher_Sync,Scheduled,2024-05-08 02:54:00,2024-05-08 02:56:30,Success,30,,150,2024-05-08 02:54:00
LOG-1855,COMP-0001,WF-09,09_Tally_Inventory_Sync,Scheduled,2024-05-08 02:37:00,2024-05-08 02:39:00,Failed,0,Connection timeout,0,2024-05-08 02:37:00
LOG-1856,COMP-0002,WF-01,01_Tally_Company_Sync,Scheduled,2024-05-08 02:40:00,2024-05-08 02:40:15,Success,3,,15,2024-05-08 02:40:00
LOG-1857,COMP-0002,WF-02,02_Tally_Ledger_Sync,Scheduled,2024-05-08 02:48:00,2024-05-08 02:48:45,Success,25,,45,2024-05-08 02:48:00
LOG-1858,COMP-0002,WF-03,03_Tally_Party_Sync,Scheduled,2024-05-08 02:35:00,2024-05-08 02:36:00,Success,15,,60,2024-05-08 02:35:00
LOG-1859,COMP-0002,WF-05,05_Tally_Sales_Voucher_Sync,Scheduled,2024-05-08 02:18:00,2024-05-08 02:20:30,Failed,0,Connection timeout,0,2024-05-08 02:18:00
LOG-1860,COMP-0002,WF-09,09_Tally_Inventory_Sync,Scheduled,2024-05-08 02:22:00,2024-05-08 02:24:00,Success,50,,120,2024-05-08 02:22:00
LOG-1861,COMP-0003,WF-01,01_Tally_Company_Sync,Scheduled,2024-05-08 02:04:00,2024-05-08 02:04:15,Success,3,,15,2024-05-08 02:04:00
LOG-1862,COMP-0003,WF-02,02_Tally_Ledger_Sync,Scheduled,2024-05-08 02:03:00,2024-05-08 02:03:45,Success,25,,45,2024-05-08 02:03:00
LOG-1863,COMP-0003,WF-03,03_Tally_Party_Sync,Scheduled,2024-05-08 02:50:00,2024-05-08 02:51:00,Success,15,,60,2024-05-08 02:50:00
LOG-1864,COMP-0003,WF-05,05_Tally_Sales_Voucher_Sync,Scheduled,2024-05-08 02:33:00,2024-05-08 02:35:30,Success,30,,150,2024-05-08 02:33:00
LOG-1865,COMP-0003,WF-09,09_Tally_Inventory_Sync,Scheduled,2024-05-08 02:50:00,2024-05-08 02:52:00,Success,50,,120,2024-05-08 02:50:00
LOG-1866,COMP-0004,WF-01,01_Tally_Company_Sync,Scheduled,2024-05-08 02:06:00,2024-05-08 02:06:15,Success,3,,15,2024-05-08 02:06:00
LOG-1867,COMP-0004,WF-02,02_Tally_Ledger_Sync,Scheduled,2024-05-08 02:56:00,2024-05-08 02:56:45,Success,25,,45,2024-05-08 02:56:00
LOG-1868,COMP-0004,WF-03,03_Tally_Party_Sync,Scheduled,2024-05-08 02:00:00,2024-05-08 02:01:00,Success,15,,60,2024-05-08 02:00:00
LOG-1869,COMP-0004,WF-05,05_Tally_Sales_Voucher_Sync,Scheduled,2024-05-08 02:47:00,2024-05-08 02:49:30,Success,30,,150,2024-05-08 02:47:00
LOG-1870,COMP-0004,WF-09,09_Tally_Inventory_Sync,Scheduled,2024-05-08 02:26:00,2024-05-08 02:28:00,Success,50,,120,2024-05-08 02:26:00
LOG-1871,COMP-0005,WF-01,01_Tally_Company_Sync,Scheduled,2024-05-08 02:56:00,2024-05-08 02:56:15,Success,3,,15,2024-05-08 02:56:00
LOG-1872,COMP-0005,WF-02,02_Tally_Ledger_Sync,Scheduled,2024-05-08 02:04:00,2024-05-08 02:04:45,Success,25,,45,2024-05-08 02:04:00
LOG-1873,COMP-0005,WF-03,03_Tally_Party_Sync,Scheduled,2024-05-08 02:31:00,2024-05-08 02:32:00,Success,15,,60,2024-05-08 02:31:00
LOG-1874,COMP-0005,WF-05,05_Tally_Sales_Voucher_Sync,Scheduled,2024-05-08 02:16:00,2024-05-08 02:18:30,Success,30,,150,2024-05-08 02:16:00
LOG-1875,COMP-0005,WF-09,09_Tally_Inventory_Sync,Scheduled,2024-05-08 02:49:00,2024-05-08 02:51:00,Failed,0,Connection timeout,0,2024-05-08 02:49:00
LOG-1876,COMP-0006,WF-01,01_Tally_Company_Sync,Scheduled,2024-05-08 02:15:00,2024-05-08 02:15:15,Success,3,,15,2024-05-08 02:15:00
LOG-1877,COMP-0006,WF-02,02_Tally_Ledger_Sync,Scheduled,2024-05-08 02:36:00,2024-05-08 02:36:45,Success,25,,45,2024-05-08 02:36:00
LOG-1878,COMP-0006,WF-03,03_Tally_Party_Sync,Scheduled,2024-05-08 02:17:00,2024-05-08 02:18:00,Success,15,,60,2024-05-08 02:17:00
LOG-1879,COMP-0006,WF-05,05_Tally_Sales_Voucher_Sync,Scheduled,2024-05-08 02:22:00,2024-05-08 02:24:30,Success,30,,150,2024-05-08 02:22:00
LOG-1880,COMP-0006,WF-09,09_Tally_Inventory_Sync,Scheduled,2024-05-08 02:25:00,2024-05-08 02:27:00,Failed,0,Connection timeout,0,2024-05-08 02:25:00
LOG-1881,COMP-0007,WF-01,01_Tally_Company_Sync,Scheduled,2024-05-08 02:43:00,2024-05-08 02:43:15,Failed,0,Connection timeout,0,2024-05-08 02:43:00
LOG-1882,COMP-0007,WF-02,02_Tally_Ledger_Sync,Scheduled,2024-05-08 02:47:00,2024-05-08 02:47:45,Success,25,,45,2024-05-08 02:47:00
LOG-1883,COMP-0007,WF-03,03_Tally_Party_Sync,Scheduled,2024-05-08 02:58:00,2024-05-08 02:59:00,Success,15,,60,2024-05-08 02:58:00
LOG-1884,COMP-0007,WF-05,05_Tally_Sales_Voucher_Sync,Scheduled,2024-05-08 02:02:00,2024-05-08 02:04:30,Success,30,,150,2024-05-08 02:02:00
LOG-1885,COMP-0007,WF-09,09_Tally_Inventory_Sync,Scheduled,2024-05-08 02:08:00,2024-05-08 02:10:00,Success,50,,120,2024-05-08 02:08:00
LOG-1886,COMP-0008,WF-01,01_Tally_Company_Sync,Scheduled,2024-05-08 02:29:00,2024-05-08 02:29:15,Success,3,,15,2024-05-08 02:29:00
LOG-1887,COMP-0008,WF-02,02_Tally_Ledger_Sync,Scheduled,2024-05-08 02:25:00,2024-05-08 02:25:45,Success,25,,45,2024-05-08 02:25:00
LOG-1888,COMP-0008,WF-03,03_Tally_Party_Sync,Scheduled,2024-05-08 02:35:00,2024-05-08 02:36:00,Success,15,,60,2024-05-08 02:35:00
LOG-1889,COMP-0008,WF-05,05_Tally_Sales_Voucher_Sync,Scheduled,2024-05-08 02:39:00,2024-05-08 02:41:30,Success,30,,150,2024-05-08 02:39:00
LOG-1890,COMP-0008,WF-09,09_Tally_Inventory_Sync,Scheduled,2024-05-08 02:58:00,2024-05-08 03:00:00,Success,50,,120,2024-05-08 02:58:00
LOG-1891,COMP-0009,WF-01,01_Tally_Company_Sync,Scheduled,2024-05-08 02:36:00,2024-05-08 02:36:15,Success,3,,15,2024-05-08 02:36:00
LOG-1892,COMP-0009,WF-02,02_Tally_Ledger_Sync,Scheduled,2024-05-08 02:31:00,2024-05-08 02:31:45,Success,25,,45,2024-05-08 02:31:00
LOG-1893,COMP-0009,WF-03,03_Tally_Party_Sync,Scheduled,2024-05-08 02:38:00,2024-05-08 02:39:00,Success,15,,60,2024-05-08 02:38:00
LOG-1894,COMP-0009,WF-05,05_Tally_Sales_Voucher_Sync,Scheduled,2024-05-08 02:05:00,2024-05-08 02:07:30,Success,30,,150,2024-05-08 02:05:00
LOG-1895,COMP-0009,WF-09,09_Tally_Inventory_Sync,Scheduled,2024-05-08 02:42:00,2024-05-08 02:44:00,Success,50,,120,2024-05-08 02:42:00
LOG-1896,COMP-0010,WF-01,01_Tally_Company_Sync,Scheduled,2024-05-08 02:01:00,2024-05-08 02:01:15,Success,3,,15,2024-05-08 02:01:00
LOG-1897,COMP-0010,WF-02,02_Tally_Ledger_Sync,Scheduled,2024-05-08 02:22:00,2024-05-08 02:22:45,Success,25,,45,2024-05-08 02:22:00
LOG-1898,COMP-0010,WF-03,03_Tally_Party_Sync,Scheduled,2024-05-08 02:55:00,2024-05-08 02:56:00,Success,15,,60,2024-05-08 02:55:00
LOG-1899,COMP-0010,WF-05,05_Tally_Sales_Voucher_Sync,Scheduled,2024-05-08 02:28:00,2024-05-08 02:30:30,Success,30,,150,2024-05-08 02:28:00
LOG-1900,COMP-0010,WF-09,09_Tally_Inventory_Sync,Scheduled,2024-05-08 02:11:00,2024-05-08 02:13:00,Success,50,,120,2024-05-08 02:11:00
LOG-1901,COMP-0001,WF-01,01_Tally_Company_Sync,Scheduled,2024-05-09 02:12:00,2024-05-09 02:12:15,Success,3,,15,2024-05-09 02:12:00
LOG-1902,COMP-0001,WF-02,02_Tally_Ledger_Sync,Scheduled,2024-05-09 02:40:00,2024-05-09 02:40:45,Success,25,,45,2024-05-09 02:40:00
LOG-1903,COMP-0001,WF-03,03_Tally_Party_Sync,Scheduled,2024-05-09 02:29:00,2024-05-09 02:30:00,Success,15,,60,2024-05-09 02:29:00
LOG-1904,COMP-0001,WF-05,05_Tally_Sales_Voucher_Sync,Scheduled,2024-05-09 02:24:00,2024-05-09 02:26:30,Success,30,,150,2024-05-09 02:24:00
LOG-1905,COMP-0001,WF-09,09_Tally_Inventory_Sync,Scheduled,2024-05-09 02:56:00,2024-05-09 02:58:00,Success,50,,120,2024-05-09 02:56:00
LOG-1906,COMP-0002,WF-01,01_Tally_Company_Sync,Scheduled,2024-05-09 02:22:00,2024-05-09 02:22:15,Success,3,,15,2024-05-09 02:22:00
LOG-1907,COMP-0002,WF-02,02_Tally_Ledger_Sync,Scheduled,2024-05-09 02:06:00,2024-05-09 02:06:45,Success,25,,45,2024-05-09 02:06:00
LOG-1908,COMP-0002,WF-03,03_Tally_Party_Sync,Scheduled,2024-05-09 02:54:00,2024-05-09 02:55:00,Success,15,,60,2024-05-09 02:54:00
LOG-1909,COMP-0002,WF-05,05_Tally_Sales_Voucher_Sync,Scheduled,2024-05-09 02:31:00,2024-05-09 02:33:30,Success,30,,150,2024-05-09 02:31:00
LOG-1910,COMP-0002,WF-09,09_Tally_Inventory_Sync,Scheduled,2024-05-09 02:40:00,2024-05-09 02:42:00,Success,50,,120,2024-05-09 02:40:00
LOG-1911,COMP-0003,WF-01,01_Tally_Company_Sync,Scheduled,2024-05-09 02:30:00,2024-05-09 02:30:15,Success,3,,15,2024-05-09 02:30:00
LOG-1912,COMP-0003,WF-02,02_Tally_Ledger_Sync,Scheduled,2024-05-09 02:43:00,2024-05-09 02:43:45,Success,25,,45,2024-05-09 02:43:00
LOG-1913,COMP-0003,WF-03,03_Tally_Party_Sync,Scheduled,2024-05-09 02:56:00,2024-05-09 02:57:00,Success,15,,60,2024-05-09 02:56:00
LOG-1914,COMP-0003,WF-05,05_Tally_Sales_Voucher_Sync,Scheduled,2024-05-09 02:37:00,2024-05-09 02:39:30,Success,30,,150,2024-05-09 02:37:00
LOG-1915,COMP-0003,WF-09,09_Tally_Inventory_Sync,Scheduled,2024-05-09 02:08:00,2024-05-09 02:10:00,Success,50,,120,2024-05-09 02:08:00
LOG-1916,COMP-0004,WF-01,01_Tally_Company_Sync,Scheduled,2024-05-09 02:43:00,2024-05-09 02:43:15,Success,3,,15,2024-05-09 02:43:00
LOG-1917,COMP-0004,WF-02,02_Tally_Ledger_Sync,Scheduled,2024-05-09 02:38:00,2024-05-09 02:38:45,Success,25,,45,2024-05-09 02:38:00
LOG-1918,COMP-0004,WF-03,03_Tally_Party_Sync,Scheduled,2024-05-09 02:24:00,2024-05-09 02:25:00,Success,15,,60,2024-05-09 02:24:00
LOG-1919,COMP-0004,WF-05,05_Tally_Sales_Voucher_Sync,Scheduled,2024-05-09 02:48:00,2024-05-09 02:50:30,Failed,0,Connection timeout,0,2024-05-09 02:48:00
LOG-1920,COMP-0004,WF-09,09_Tally_Inventory_Sync,Scheduled,2024-05-09 02:08:00,2024-05-09 02:10:00,Success,50,,120,2024-05-09 02:08:00
LOG-1921,COMP-0005,WF-01,01_Tally_Company_Sync,Scheduled,2024-05-09 02:34:00,2024-05-09 02:34:15,Success,3,,15,2024-05-09 02:34:00
LOG-1922,COMP-0005,WF-02,02_Tally_Ledger_Sync,Scheduled,2024-05-09 02:00:00,2024-05-09 02:00:45,Success,25,,45,2024-05-09 02:00:00
LOG-1923,COMP-0005,WF-03,03_Tally_Party_Sync,Scheduled,2024-05-09 02:19:00,2024-05-09 02:20:00,Success,15,,60,2024-05-09 02:19:00
LOG-1924,COMP-0005,WF-05,05_Tally_Sales_Voucher_Sync,Scheduled,2024-05-09 02:08:00,2024-05-09 02:10:30,Success,30,,150,2024-05-09 02:08:00
LOG-1925,COMP-0005,WF-09,09_Tally_Inventory_Sync,Scheduled,2024-05-09 02:25:00,2024-05-09 02:27:00,Success,50,,120,2024-05-09 02:25:00
LOG-1926,COMP-0006,WF-01,01_Tally_Company_Sync,Scheduled,2024-05-09 02:38:00,2024-05-09 02:38:15,Success,3,,15,2024-05-09 02:38:00
LOG-1927,COMP-0006,WF-02,02_Tally_Ledger_Sync,Scheduled,2024-05-09 02:50:00,2024-05-09 02:50:45,Success,25,,45,2024-05-09 02:50:00
LOG-1928,COMP-0006,WF-03,03_Tally_Party_Sync,Scheduled,2024-05-09 02:30:00,2024-05-09 02:31:00,Success,15,,60,2024-05-09 02:30:00
LOG-1929,COMP-0006,WF-05,05_Tally_Sales_Voucher_Sync,Scheduled,2024-05-09 02:07:00,2024-05-09 02:09:30,Success,30,,150,2024-05-09 02:07:00
LOG-1930,COMP-0006,WF-09,09_Tally_Inventory_Sync,Scheduled,2024-05-09 02:24:00,2024-05-09 02:26:00,Success,50,,120,2024-05-09 02:24:00
LOG-1931,COMP-0007,WF-01,01_Tally_Company_Sync,Scheduled,2024-05-09 02:31:00,2024-05-09 02:31:15,Success,3,,15,2024-05-09 02:31:00
LOG-1932,COMP-0007,WF-02,02_Tally_Ledger_Sync,Scheduled,2024-05-09 02:52:00,2024-05-09 02:52:45,Success,25,,45,2024-05-09 02:52:00
LOG-1933,COMP-0007,WF-03,03_Tally_Party_Sync,Scheduled,2024-05-09 02:02:00,2024-05-09 02:03:00,Success,15,,60,2024-05-09 02:02:00
LOG-1934,COMP-0007,WF-05,05_Tally_Sales_Voucher_Sync,Scheduled,2024-05-09 02:57:00,2024-05-09 02:59:30,Success,30,,150,2024-05-09 02:57:00
LOG-1935,COMP-0007,WF-09,09_Tally_Inventory_Sync,Scheduled,2024-05-09 02:59:00,2024-05-09 03:01:00,Success,50,,120,2024-05-09 02:59:00
LOG-1936,COMP-0008,WF-01,01_Tally_Company_Sync,Scheduled,2024-05-09 02:08:00,2024-05-09 02:08:15,Success,3,,15,2024-05-09 02:08:00
LOG-1937,COMP-0008,WF-02,02_Tally_Ledger_Sync,Scheduled,2024-05-09 02:45:00,2024-05-09 02:45:45,Success,25,,45,2024-05-09 02:45:00
LOG-1938,COMP-0008,WF-03,03_Tally_Party_Sync,Scheduled,2024-05-09 02:20:00,2024-05-09 02:21:00,Success,15,,60,2024-05-09 02:20:00
LOG-1939,COMP-0008,WF-05,05_Tally_Sales_Voucher_Sync,Scheduled,2024-05-09 02:11:00,2024-05-09 02:13:30,Success,30,,150,2024-05-09 02:11:00
LOG-1940,COMP-0008,WF-09,09_Tally_Inventory_Sync,Scheduled,2024-05-09 02:21:00,2024-05-09 02:23:00,Success,50,,120,2024-05-09 02:21:00
LOG-1941,COMP-0009,WF-01,01_Tally_Company_Sync,Scheduled,2024-05-09 02:52:00,2024-05-09 02:52:15,Success,3,,15,2024-05-09 02:52:00
LOG-1942,COMP-0009,WF-02,02_Tally_Ledger_Sync,Scheduled,2024-05-09 02:53:00,2024-05-09 02:53:45,Success,25,,45,2024-05-09 02:53:00
LOG-1943,COMP-0009,WF-03,03_Tally_Party_Sync,Scheduled,2024-05-09 02:33:00,2024-05-09 02:34:00,Failed,0,Connection timeout,0,2024-05-09 02:33:00
LOG-1944,COMP-0009,WF-05,05_Tally_Sales_Voucher_Sync,Scheduled,2024-05-09 02:53:00,2024-05-09 02:55:30,Success,30,,150,2024-05-09 02:53:00
LOG-1945,COMP-0009,WF-09,09_Tally_Inventory_Sync,Scheduled,2024-05-09 02:39:00,2024-05-09 02:41:00,Success,50,,120,2024-05-09 02:39:00
LOG-1946,COMP-0010,WF-01,01_Tally_Company_Sync,Scheduled,2024-05-09 02:24:00,2024-05-09 02:24:15,Success,3,,15,2024-05-09 02:24:00
LOG-1947,COMP-0010,WF-02,02_Tally_Ledger_Sync,Scheduled,2024-05-09 02:28:00,2024-05-09 02:28:45,Success,25,,45,2024-05-09 02:28:00
LOG-1948,COMP-0010,WF-03,03_Tally_Party_Sync,Scheduled,2024-05-09 02:23:00,2024-05-09 02:24:00,Success,15,,60,2024-05-09 02:23:00
LOG-1949,COMP-0010,WF-05,05_Tally_Sales_Voucher_Sync,Scheduled,2024-05-09 02:03:00,2024-05-09 02:05:30,Success,30,,150,2024-05-09 02:03:00
LOG-1950,COMP-0010,WF-09,09_Tally_Inventory_Sync,Scheduled,2024-05-09 02:09:00,2024-05-09 02:11:00,Success,50,,120,2024-05-09 02:09:00
LOG-1951,COMP-0001,WF-01,01_Tally_Company_Sync,Scheduled,2024-05-10 02:23:00,2024-05-10 02:23:15,Failed,0,Connection timeout,0,2024-05-10 02:23:00
LOG-1952,COMP-0001,WF-02,02_Tally_Ledger_Sync,Scheduled,2024-05-10 02:57:00,2024-05-10 02:57:45,Success,25,,45,2024-05-10 02:57:00
LOG-1953,COMP-0001,WF-03,03_Tally_Party_Sync,Scheduled,2024-05-10 02:12:00,2024-05-10 02:13:00,Success,15,,60,2024-05-10 02:12:00
LOG-1954,COMP-0001,WF-05,05_Tally_Sales_Voucher_Sync,Scheduled,2024-05-10 02:12:00,2024-05-10 02:14:30,Success,30,,150,2024-05-10 02:12:00
LOG-1955,COMP-0001,WF-09,09_Tally_Inventory_Sync,Scheduled,2024-05-10 02:32:00,2024-05-10 02:34:00,Success,50,,120,2024-05-10 02:32:00
LOG-1956,COMP-0002,WF-01,01_Tally_Company_Sync,Scheduled,2024-05-10 02:58:00,2024-05-10 02:58:15,Success,3,,15,2024-05-10 02:58:00
LOG-1957,COMP-0002,WF-02,02_Tally_Ledger_Sync,Scheduled,2024-05-10 02:21:00,2024-05-10 02:21:45,Success,25,,45,2024-05-10 02:21:00
LOG-1958,COMP-0002,WF-03,03_Tally_Party_Sync,Scheduled,2024-05-10 02:53:00,2024-05-10 02:54:00,Success,15,,60,2024-05-10 02:53:00
LOG-1959,COMP-0002,WF-05,05_Tally_Sales_Voucher_Sync,Scheduled,2024-05-10 02:18:00,2024-05-10 02:20:30,Success,30,,150,2024-05-10 02:18:00
LOG-1960,COMP-0002,WF-09,09_Tally_Inventory_Sync,Scheduled,2024-05-10 02:15:00,2024-05-10 02:17:00,Success,50,,120,2024-05-10 02:15:00
LOG-1961,COMP-0003,WF-01,01_Tally_Company_Sync,Scheduled,2024-05-10 02:46:00,2024-05-10 02:46:15,Success,3,,15,2024-05-10 02:46:00
LOG-1962,COMP-0003,WF-02,02_Tally_Ledger_Sync,Scheduled,2024-05-10 02:07:00,2024-05-10 02:07:45,Success,25,,45,2024-05-10 02:07:00
LOG-1963,COMP-0003,WF-03,03_Tally_Party_Sync,Scheduled,2024-05-10 02:05:00,2024-05-10 02:06:00,Failed,0,Connection timeout,0,2024-05-10 02:05:00
LOG-1964,COMP-0003,WF-05,05_Tally_Sales_Voucher_Sync,Scheduled,2024-05-10 02:58:00,2024-05-10 03:00:30,Success,30,,150,2024-05-10 02:58:00
LOG-1965,COMP-0003,WF-09,09_Tally_Inventory_Sync,Scheduled,2024-05-10 02:17:00,2024-05-10 02:19:00,Success,50,,120,2024-05-10 02:17:00
LOG-1966,COMP-0004,WF-01,01_Tally_Company_Sync,Scheduled,2024-05-10 02:56:00,2024-05-10 02:56:15,Success,3,,15,2024-05-10 02:56:00
LOG-1967,COMP-0004,WF-02,02_Tally_Ledger_Sync,Scheduled,2024-05-10 02:46:00,2024-05-10 02:46:45,Success,25,,45,2024-05-10 02:46:00
LOG-1968,COMP-0004,WF-03,03_Tally_Party_Sync,Scheduled,2024-05-10 02:52:00,2024-05-10 02:53:00,Success,15,,60,2024-05-10 02:52:00
LOG-1969,COMP-0004,WF-05,05_Tally_Sales_Voucher_Sync,Scheduled,2024-05-10 02:44:00,2024-05-10 02:46:30,Success,30,,150,2024-05-10 02:44:00
LOG-1970,COMP-0004,WF-09,09_Tally_Inventory_Sync,Scheduled,2024-05-10 02:04:00,2024-05-10 02:06:00,Success,50,,120,2024-05-10 02:04:00
LOG-1971,COMP-0005,WF-01,01_Tally_Company_Sync,Scheduled,2024-05-10 02:01:00,2024-05-10 02:01:15,Success,3,,15,2024-05-10 02:01:00
LOG-1972,COMP-0005,WF-02,02_Tally_Ledger_Sync,Scheduled,2024-05-10 02:34:00,2024-05-10 02:34:45,Success,25,,45,2024-05-10 02:34:00
LOG-1973,COMP-0005,WF-03,03_Tally_Party_Sync,Scheduled,2024-05-10 02:31:00,2024-05-10 02:32:00,Success,15,,60,2024-05-10 02:31:00
LOG-1974,COMP-0005,WF-05,05_Tally_Sales_Voucher_Sync,Scheduled,2024-05-10 02:16:00,2024-05-10 02:18:30,Success,30,,150,2024-05-10 02:16:00
LOG-1975,COMP-0005,WF-09,09_Tally_Inventory_Sync,Scheduled,2024-05-10 02:51:00,2024-05-10 02:53:00,Success,50,,120,2024-05-10 02:51:00
LOG-1976,COMP-0006,WF-01,01_Tally_Company_Sync,Scheduled,2024-05-10 02:43:00,2024-05-10 02:43:15,Success,3,,15,2024-05-10 02:43:00
LOG-1977,COMP-0006,WF-02,02_Tally_Ledger_Sync,Scheduled,2024-05-10 02:29:00,2024-05-10 02:29:45,Success,25,,45,2024-05-10 02:29:00
LOG-1978,COMP-0006,WF-03,03_Tally_Party_Sync,Scheduled,2024-05-10 02:30:00,2024-05-10 02:31:00,Success,15,,60,2024-05-10 02:30:00
LOG-1979,COMP-0006,WF-05,05_Tally_Sales_Voucher_Sync,Scheduled,2024-05-10 02:34:00,2024-05-10 02:36:30,Success,30,,150,2024-05-10 02:34:00
LOG-1980,COMP-0006,WF-09,09_Tally_Inventory_Sync,Scheduled,2024-05-10 02:55:00,2024-05-10 02:57:00,Success,50,,120,2024-05-10 02:55:00
LOG-1981,COMP-0007,WF-01,01_Tally_Company_Sync,Scheduled,2024-05-10 02:48:00,2024-05-10 02:48:15,Success,3,,15,2024-05-10 02:48:00
LOG-1982,COMP-0007,WF-02,02_Tally_Ledger_Sync,Scheduled,2024-05-10 02:59:00,2024-05-10 02:59:45,Success,25,,45,2024-05-10 02:59:00
LOG-1983,COMP-0007,WF-03,03_Tally_Party_Sync,Scheduled,2024-05-10 02:59:00,2024-05-10 03:00:00,Success,15,,60,2024-05-10 02:59:00
LOG-1984,COMP-0007,WF-05,05_Tally_Sales_Voucher_Sync,Scheduled,2024-05-10 02:14:00,2024-05-10 02:16:30,Success,30,,150,2024-05-10 02:14:00
LOG-1985,COMP-0007,WF-09,09_Tally_Inventory_Sync,Scheduled,2024-05-10 02:31:00,2024-05-10 02:33:00,Failed,0,Connection timeout,0,2024-05-10 02:31:00
LOG-1986,COMP-0008,WF-01,01_Tally_Company_Sync,Scheduled,2024-05-10 02:36:00,2024-05-10 02:36:15,Success,3,,15,2024-05-10 02:36:00
LOG-1987,COMP-0008,WF-02,02_Tally_Ledger_Sync,Scheduled,2024-05-10 02:57:00,2024-05-10 02:57:45,Success,25,,45,2024-05-10 02:57:00
LOG-1988,COMP-0008,WF-03,03_Tally_Party_Sync,Scheduled,2024-05-10 02:05:00,2024-05-10 02:06:00,Success,15,,60,2024-05-10 02:05:00
LOG-1989,COMP-0008,WF-05,05_Tally_Sales_Voucher_Sync,Scheduled,2024-05-10 02:41:00,2024-05-10 02:43:30,Success,30,,150,2024-05-10 02:41:00
LOG-1990,COMP-0008,WF-09,09_Tally_Inventory_Sync,Scheduled,2024-05-10 02:02:00,2024-05-10 02:04:00,Failed,0,Connection timeout,0,2024-05-10 02:02:00
LOG-1991,COMP-0009,WF-01,01_Tally_Company_Sync,Scheduled,2024-05-10 02:36:00,2024-05-10 02:36:15,Success,3,,15,2024-05-10 02:36:00
LOG-1992,COMP-0009,WF-02,02_Tally_Ledger_Sync,Scheduled,2024-05-10 02:55:00,2024-05-10 02:55:45,Success,25,,45,2024-05-10 02:55:00
LOG-1993,COMP-0009,WF-03,03_Tally_Party_Sync,Scheduled,2024-05-10 02:26:00,2024-05-10 02:27:00,Success,15,,60,2024-05-10 02:26:00
LOG-1994,COMP-0009,WF-05,05_Tally_Sales_Voucher_Sync,Scheduled,2024-05-10 02:29:00,2024-05-10 02:31:30,Success,30,,150,2024-05-10 02:29:00
LOG-1995,COMP-0009,WF-09,09_Tally_Inventory_Sync,Scheduled,2024-05-10 02:39:00,2024-05-10 02:41:00,Success,50,,120,2024-05-10 02:39:00
LOG-1996,COMP-0010,WF-01,01_Tally_Company_Sync,Scheduled,2024-05-10 02:27:00,2024-05-10 02:27:15,Success,3,,15,2024-05-10 02:27:00
LOG-1997,COMP-0010,WF-02,02_Tally_Ledger_Sync,Scheduled,2024-05-10 02:43:00,2024-05-10 02:43:45,Success,25,,45,2024-05-10 02:43:00
LOG-1998,COMP-0010,WF-03,03_Tally_Party_Sync,Scheduled,2024-05-10 02:32:00,2024-05-10 02:33:00,Success,15,,60,2024-05-10 02:32:00
LOG-1999,COMP-0010,WF-05,05_Tally_Sales_Voucher_Sync,Scheduled,2024-05-10 02:18:00,2024-05-10 02:20:30,Success,30,,150,2024-05-10 02:18:00
LOG-2000,COMP-0010,WF-09,09_Tally_Inventory_Sync,Scheduled,2024-05-10 02:55:00,2024-05-10 02:57:00,Success,50,,120,2024-05-10 02:55:00
LOG-2001,COMP-0001,WF-01,01_Tally_Company_Sync,Scheduled,2024-05-11 02:08:00,2024-05-11 02:08:15,Success,3,,15,2024-05-11 02:08:00
LOG-2002,COMP-0001,WF-02,02_Tally_Ledger_Sync,Scheduled,2024-05-11 02:49:00,2024-05-11 02:49:45,Success,25,,45,2024-05-11 02:49:00
LOG-2003,COMP-0001,WF-03,03_Tally_Party_Sync,Scheduled,2024-05-11 02:32:00,2024-05-11 02:33:00,Success,15,,60,2024-05-11 02:32:00
LOG-2004,COMP-0001,WF-05,05_Tally_Sales_Voucher_Sync,Scheduled,2024-05-11 02:34:00,2024-05-11 02:36:30,Success,30,,150,2024-05-11 02:34:00
LOG-2005,COMP-0001,WF-09,09_Tally_Inventory_Sync,Scheduled,2024-05-11 02:47:00,2024-05-11 02:49:00,Success,50,,120,2024-05-11 02:47:00
LOG-2006,COMP-0002,WF-01,01_Tally_Company_Sync,Scheduled,2024-05-11 02:31:00,2024-05-11 02:31:15,Success,3,,15,2024-05-11 02:31:00
LOG-2007,COMP-0002,WF-02,02_Tally_Ledger_Sync,Scheduled,2024-05-11 02:09:00,2024-05-11 02:09:45,Success,25,,45,2024-05-11 02:09:00
LOG-2008,COMP-0002,WF-03,03_Tally_Party_Sync,Scheduled,2024-05-11 02:18:00,2024-05-11 02:19:00,Success,15,,60,2024-05-11 02:18:00
LOG-2009,COMP-0002,WF-05,05_Tally_Sales_Voucher_Sync,Scheduled,2024-05-11 02:08:00,2024-05-11 02:10:30,Success,30,,150,2024-05-11 02:08:00
LOG-2010,COMP-0002,WF-09,09_Tally_Inventory_Sync,Scheduled,2024-05-11 02:12:00,2024-05-11 02:14:00,Success,50,,120,2024-05-11 02:12:00
LOG-2011,COMP-0003,WF-01,01_Tally_Company_Sync,Scheduled,2024-05-11 02:04:00,2024-05-11 02:04:15,Success,3,,15,2024-05-11 02:04:00
LOG-2012,COMP-0003,WF-02,02_Tally_Ledger_Sync,Scheduled,2024-05-11 02:33:00,2024-05-11 02:33:45,Success,25,,45,2024-05-11 02:33:00
LOG-2013,COMP-0003,WF-03,03_Tally_Party_Sync,Scheduled,2024-05-11 02:48:00,2024-05-11 02:49:00,Success,15,,60,2024-05-11 02:48:00
LOG-2014,COMP-0003,WF-05,05_Tally_Sales_Voucher_Sync,Scheduled,2024-05-11 02:01:00,2024-05-11 02:03:30,Success,30,,150,2024-05-11 02:01:00
LOG-2015,COMP-0003,WF-09,09_Tally_Inventory_Sync,Scheduled,2024-05-11 02:15:00,2024-05-11 02:17:00,Success,50,,120,2024-05-11 02:15:00
LOG-2016,COMP-0004,WF-01,01_Tally_Company_Sync,Scheduled,2024-05-11 02:23:00,2024-05-11 02:23:15,Success,3,,15,2024-05-11 02:23:00
LOG-2017,COMP-0004,WF-02,02_Tally_Ledger_Sync,Scheduled,2024-05-11 02:47:00,2024-05-11 02:47:45,Success,25,,45,2024-05-11 02:47:00
LOG-2018,COMP-0004,WF-03,03_Tally_Party_Sync,Scheduled,2024-05-11 02:32:00,2024-05-11 02:33:00,Success,15,,60,2024-05-11 02:32:00
LOG-2019,COMP-0004,WF-05,05_Tally_Sales_Voucher_Sync,Scheduled,2024-05-11 02:10:00,2024-05-11 02:12:30,Success,30,,150,2024-05-11 02:10:00
LOG-2020,COMP-0004,WF-09,09_Tally_Inventory_Sync,Scheduled,2024-05-11 02:16:00,2024-05-11 02:18:00,Failed,0,Connection timeout,0,2024-05-11 02:16:00
LOG-2021,COMP-0005,WF-01,01_Tally_Company_Sync,Scheduled,2024-05-11 02:30:00,2024-05-11 02:30:15,Success,3,,15,2024-05-11 02:30:00
LOG-2022,COMP-0005,WF-02,02_Tally_Ledger_Sync,Scheduled,2024-05-11 02:58:00,2024-05-11 02:58:45,Success,25,,45,2024-05-11 02:58:00
LOG-2023,COMP-0005,WF-03,03_Tally_Party_Sync,Scheduled,2024-05-11 02:02:00,2024-05-11 02:03:00,Success,15,,60,2024-05-11 02:02:00
LOG-2024,COMP-0005,WF-05,05_Tally_Sales_Voucher_Sync,Scheduled,2024-05-11 02:34:00,2024-05-11 02:36:30,Success,30,,150,2024-05-11 02:34:00
LOG-2025,COMP-0005,WF-09,09_Tally_Inventory_Sync,Scheduled,2024-05-11 02:31:00,2024-05-11 02:33:00,Success,50,,120,2024-05-11 02:31:00
LOG-2026,COMP-0006,WF-01,01_Tally_Company_Sync,Scheduled,2024-05-11 02:45:00,2024-05-11 02:45:15,Success,3,,15,2024-05-11 02:45:00
LOG-2027,COMP-0006,WF-02,02_Tally_Ledger_Sync,Scheduled,2024-05-11 02:32:00,2024-05-11 02:32:45,Success,25,,45,2024-05-11 02:32:00
LOG-2028,COMP-0006,WF-03,03_Tally_Party_Sync,Scheduled,2024-05-11 02:46:00,2024-05-11 02:47:00,Success,15,,60,2024-05-11 02:46:00
LOG-2029,COMP-0006,WF-05,05_Tally_Sales_Voucher_Sync,Scheduled,2024-05-11 02:03:00,2024-05-11 02:05:30,Success,30,,150,2024-05-11 02:03:00
LOG-2030,COMP-0006,WF-09,09_Tally_Inventory_Sync,Scheduled,2024-05-11 02:20:00,2024-05-11 02:22:00,Success,50,,120,2024-05-11 02:20:00
LOG-2031,COMP-0007,WF-01,01_Tally_Company_Sync,Scheduled,2024-05-11 02:43:00,2024-05-11 02:43:15,Success,3,,15,2024-05-11 02:43:00
LOG-2032,COMP-0007,WF-02,02_Tally_Ledger_Sync,Scheduled,2024-05-11 02:13:00,2024-05-11 02:13:45,Success,25,,45,2024-05-11 02:13:00
LOG-2033,COMP-0007,WF-03,03_Tally_Party_Sync,Scheduled,2024-05-11 02:24:00,2024-05-11 02:25:00,Success,15,,60,2024-05-11 02:24:00
LOG-2034,COMP-0007,WF-05,05_Tally_Sales_Voucher_Sync,Scheduled,2024-05-11 02:38:00,2024-05-11 02:40:30,Success,30,,150,2024-05-11 02:38:00
LOG-2035,COMP-0007,WF-09,09_Tally_Inventory_Sync,Scheduled,2024-05-11 02:23:00,2024-05-11 02:25:00,Success,50,,120,2024-05-11 02:23:00
LOG-2036,COMP-0008,WF-01,01_Tally_Company_Sync,Scheduled,2024-05-11 02:45:00,2024-05-11 02:45:15,Success,3,,15,2024-05-11 02:45:00
LOG-2037,COMP-0008,WF-02,02_Tally_Ledger_Sync,Scheduled,2024-05-11 02:08:00,2024-05-11 02:08:45,Success,25,,45,2024-05-11 02:08:00
LOG-2038,COMP-0008,WF-03,03_Tally_Party_Sync,Scheduled,2024-05-11 02:41:00,2024-05-11 02:42:00,Failed,0,Connection timeout,0,2024-05-11 02:41:00
LOG-2039,COMP-0008,WF-05,05_Tally_Sales_Voucher_Sync,Scheduled,2024-05-11 02:53:00,2024-05-11 02:55:30,Failed,0,Connection timeout,0,2024-05-11 02:53:00
LOG-2040,COMP-0008,WF-09,09_Tally_Inventory_Sync,Scheduled,2024-05-11 02:57:00,2024-05-11 02:59:00,Success,50,,120,2024-05-11 02:57:00
LOG-2041,COMP-0009,WF-01,01_Tally_Company_Sync,Scheduled,2024-05-11 02:16:00,2024-05-11 02:16:15,Success,3,,15,2024-05-11 02:16:00
LOG-2042,COMP-0009,WF-02,02_Tally_Ledger_Sync,Scheduled,2024-05-11 02:16:00,2024-05-11 02:16:45,Success,25,,45,2024-05-11 02:16:00
LOG-2043,COMP-0009,WF-03,03_Tally_Party_Sync,Scheduled,2024-05-11 02:40:00,2024-05-11 02:41:00,Success,15,,60,2024-05-11 02:40:00
LOG-2044,COMP-0009,WF-05,05_Tally_Sales_Voucher_Sync,Scheduled,2024-05-11 02:00:00,2024-05-11 02:02:30,Success,30,,150,2024-05-11 02:00:00
LOG-2045,COMP-0009,WF-09,09_Tally_Inventory_Sync,Scheduled,2024-05-11 02:05:00,2024-05-11 02:07:00,Success,50,,120,2024-05-11 02:05:00
LOG-2046,COMP-0010,WF-01,01_Tally_Company_Sync,Scheduled,2024-05-11 02:18:00,2024-05-11 02:18:15,Success,3,,15,2024-05-11 02:18:00
LOG-2047,COMP-0010,WF-02,02_Tally_Ledger_Sync,Scheduled,2024-05-11 02:37:00,2024-05-11 02:37:45,Success,25,,45,2024-05-11 02:37:00
LOG-2048,COMP-0010,WF-03,03_Tally_Party_Sync,Scheduled,2024-05-11 02:38:00,2024-05-11 02:39:00,Success,15,,60,2024-05-11 02:38:00
LOG-2049,COMP-0010,WF-05,05_Tally_Sales_Voucher_Sync,Scheduled,2024-05-11 02:19:00,2024-05-11 02:21:30,Success,30,,150,2024-05-11 02:19:00
LOG-2050,COMP-0010,WF-09,09_Tally_Inventory_Sync,Scheduled,2024-05-11 02:29:00,2024-05-11 02:31:00,Success,50,,120,2024-05-11 02:29:00
LOG-2051,COMP-0001,WF-01,01_Tally_Company_Sync,Scheduled,2024-05-12 02:59:00,2024-05-12 02:59:15,Success,3,,15,2024-05-12 02:59:00
LOG-2052,COMP-0001,WF-02,02_Tally_Ledger_Sync,Scheduled,2024-05-12 02:04:00,2024-05-12 02:04:45,Success,25,,45,2024-05-12 02:04:00
LOG-2053,COMP-0001,WF-03,03_Tally_Party_Sync,Scheduled,2024-05-12 02:39:00,2024-05-12 02:40:00,Success,15,,60,2024-05-12 02:39:00
LOG-2054,COMP-0001,WF-05,05_Tally_Sales_Voucher_Sync,Scheduled,2024-05-12 02:06:00,2024-05-12 02:08:30,Success,30,,150,2024-05-12 02:06:00
LOG-2055,COMP-0001,WF-09,09_Tally_Inventory_Sync,Scheduled,2024-05-12 02:43:00,2024-05-12 02:45:00,Success,50,,120,2024-05-12 02:43:00
LOG-2056,COMP-0002,WF-01,01_Tally_Company_Sync,Scheduled,2024-05-12 02:14:00,2024-05-12 02:14:15,Success,3,,15,2024-05-12 02:14:00
LOG-2057,COMP-0002,WF-02,02_Tally_Ledger_Sync,Scheduled,2024-05-12 02:15:00,2024-05-12 02:15:45,Success,25,,45,2024-05-12 02:15:00
LOG-2058,COMP-0002,WF-03,03_Tally_Party_Sync,Scheduled,2024-05-12 02:50:00,2024-05-12 02:51:00,Success,15,,60,2024-05-12 02:50:00
LOG-2059,COMP-0002,WF-05,05_Tally_Sales_Voucher_Sync,Scheduled,2024-05-12 02:28:00,2024-05-12 02:30:30,Success,30,,150,2024-05-12 02:28:00
LOG-2060,COMP-0002,WF-09,09_Tally_Inventory_Sync,Scheduled,2024-05-12 02:27:00,2024-05-12 02:29:00,Success,50,,120,2024-05-12 02:27:00
LOG-2061,COMP-0003,WF-01,01_Tally_Company_Sync,Scheduled,2024-05-12 02:29:00,2024-05-12 02:29:15,Success,3,,15,2024-05-12 02:29:00
LOG-2062,COMP-0003,WF-02,02_Tally_Ledger_Sync,Scheduled,2024-05-12 02:01:00,2024-05-12 02:01:45,Failed,0,Connection timeout,0,2024-05-12 02:01:00
LOG-2063,COMP-0003,WF-03,03_Tally_Party_Sync,Scheduled,2024-05-12 02:47:00,2024-05-12 02:48:00,Success,15,,60,2024-05-12 02:47:00
LOG-2064,COMP-0003,WF-05,05_Tally_Sales_Voucher_Sync,Scheduled,2024-05-12 02:40:00,2024-05-12 02:42:30,Success,30,,150,2024-05-12 02:40:00
LOG-2065,COMP-0003,WF-09,09_Tally_Inventory_Sync,Scheduled,2024-05-12 02:18:00,2024-05-12 02:20:00,Success,50,,120,2024-05-12 02:18:00
LOG-2066,COMP-0004,WF-01,01_Tally_Company_Sync,Scheduled,2024-05-12 02:38:00,2024-05-12 02:38:15,Success,3,,15,2024-05-12 02:38:00
LOG-2067,COMP-0004,WF-02,02_Tally_Ledger_Sync,Scheduled,2024-05-12 02:47:00,2024-05-12 02:47:45,Success,25,,45,2024-05-12 02:47:00
LOG-2068,COMP-0004,WF-03,03_Tally_Party_Sync,Scheduled,2024-05-12 02:44:00,2024-05-12 02:45:00,Success,15,,60,2024-05-12 02:44:00
LOG-2069,COMP-0004,WF-05,05_Tally_Sales_Voucher_Sync,Scheduled,2024-05-12 02:35:00,2024-05-12 02:37:30,Success,30,,150,2024-05-12 02:35:00
LOG-2070,COMP-0004,WF-09,09_Tally_Inventory_Sync,Scheduled,2024-05-12 02:40:00,2024-05-12 02:42:00,Success,50,,120,2024-05-12 02:40:00
LOG-2071,COMP-0005,WF-01,01_Tally_Company_Sync,Scheduled,2024-05-12 02:33:00,2024-05-12 02:33:15,Failed,0,Connection timeout,0,2024-05-12 02:33:00
LOG-2072,COMP-0005,WF-02,02_Tally_Ledger_Sync,Scheduled,2024-05-12 02:05:00,2024-05-12 02:05:45,Success,25,,45,2024-05-12 02:05:00
LOG-2073,COMP-0005,WF-03,03_Tally_Party_Sync,Scheduled,2024-05-12 02:30:00,2024-05-12 02:31:00,Success,15,,60,2024-05-12 02:30:00
LOG-2074,COMP-0005,WF-05,05_Tally_Sales_Voucher_Sync,Scheduled,2024-05-12 02:03:00,2024-05-12 02:05:30,Success,30,,150,2024-05-12 02:03:00
LOG-2075,COMP-0005,WF-09,09_Tally_Inventory_Sync,Scheduled,2024-05-12 02:59:00,2024-05-12 03:01:00,Success,50,,120,2024-05-12 02:59:00
LOG-2076,COMP-0006,WF-01,01_Tally_Company_Sync,Scheduled,2024-05-12 02:08:00,2024-05-12 02:08:15,Success,3,,15,2024-05-12 02:08:00
LOG-2077,COMP-0006,WF-02,02_Tally_Ledger_Sync,Scheduled,2024-05-12 02:36:00,2024-05-12 02:36:45,Success,25,,45,2024-05-12 02:36:00
LOG-2078,COMP-0006,WF-03,03_Tally_Party_Sync,Scheduled,2024-05-12 02:31:00,2024-05-12 02:32:00,Success,15,,60,2024-05-12 02:31:00
LOG-2079,COMP-0006,WF-05,05_Tally_Sales_Voucher_Sync,Scheduled,2024-05-12 02:13:00,2024-05-12 02:15:30,Success,30,,150,2024-05-12 02:13:00
LOG-2080,COMP-0006,WF-09,09_Tally_Inventory_Sync,Scheduled,2024-05-12 02:58:00,2024-05-12 03:00:00,Success,50,,120,2024-05-12 02:58:00
LOG-2081,COMP-0007,WF-01,01_Tally_Company_Sync,Scheduled,2024-05-12 02:08:00,2024-05-12 02:08:15,Success,3,,15,2024-05-12 02:08:00
LOG-2082,COMP-0007,WF-02,02_Tally_Ledger_Sync,Scheduled,2024-05-12 02:18:00,2024-05-12 02:18:45,Success,25,,45,2024-05-12 02:18:00
LOG-2083,COMP-0007,WF-03,03_Tally_Party_Sync,Scheduled,2024-05-12 02:02:00,2024-05-12 02:03:00,Success,15,,60,2024-05-12 02:02:00
LOG-2084,COMP-0007,WF-05,05_Tally_Sales_Voucher_Sync,Scheduled,2024-05-12 02:13:00,2024-05-12 02:15:30,Success,30,,150,2024-05-12 02:13:00
LOG-2085,COMP-0007,WF-09,09_Tally_Inventory_Sync,Scheduled,2024-05-12 02:10:00,2024-05-12 02:12:00,Success,50,,120,2024-05-12 02:10:00
LOG-2086,COMP-0008,WF-01,01_Tally_Company_Sync,Scheduled,2024-05-12 02:14:00,2024-05-12 02:14:15,Success,3,,15,2024-05-12 02:14:00
LOG-2087,COMP-0008,WF-02,02_Tally_Ledger_Sync,Scheduled,2024-05-12 02:20:00,2024-05-12 02:20:45,Success,25,,45,2024-05-12 02:20:00
LOG-2088,COMP-0008,WF-03,03_Tally_Party_Sync,Scheduled,2024-05-12 02:02:00,2024-05-12 02:03:00,Success,15,,60,2024-05-12 02:02:00
LOG-2089,COMP-0008,WF-05,05_Tally_Sales_Voucher_Sync,Scheduled,2024-05-12 02:28:00,2024-05-12 02:30:30,Success,30,,150,2024-05-12 02:28:00
LOG-2090,COMP-0008,WF-09,09_Tally_Inventory_Sync,Scheduled,2024-05-12 02:28:00,2024-05-12 02:30:00,Failed,0,Connection timeout,0,2024-05-12 02:28:00
LOG-2091,COMP-0009,WF-01,01_Tally_Company_Sync,Scheduled,2024-05-12 02:07:00,2024-05-12 02:07:15,Success,3,,15,2024-05-12 02:07:00
LOG-2092,COMP-0009,WF-02,02_Tally_Ledger_Sync,Scheduled,2024-05-12 02:46:00,2024-05-12 02:46:45,Success,25,,45,2024-05-12 02:46:00
LOG-2093,COMP-0009,WF-03,03_Tally_Party_Sync,Scheduled,2024-05-12 02:47:00,2024-05-12 02:48:00,Success,15,,60,2024-05-12 02:47:00
LOG-2094,COMP-0009,WF-05,05_Tally_Sales_Voucher_Sync,Scheduled,2024-05-12 02:33:00,2024-05-12 02:35:30,Success,30,,150,2024-05-12 02:33:00
LOG-2095,COMP-0009,WF-09,09_Tally_Inventory_Sync,Scheduled,2024-05-12 02:25:00,2024-05-12 02:27:00,Success,50,,120,2024-05-12 02:25:00
LOG-2096,COMP-0010,WF-01,01_Tally_Company_Sync,Scheduled,2024-05-12 02:19:00,2024-05-12 02:19:15,Success,3,,15,2024-05-12 02:19:00
LOG-2097,COMP-0010,WF-02,02_Tally_Ledger_Sync,Scheduled,2024-05-12 02:46:00,2024-05-12 02:46:45,Success,25,,45,2024-05-12 02:46:00
LOG-2098,COMP-0010,WF-03,03_Tally_Party_Sync,Scheduled,2024-05-12 02:16:00,2024-05-12 02:17:00,Success,15,,60,2024-05-12 02:16:00
LOG-2099,COMP-0010,WF-05,05_Tally_Sales_Voucher_Sync,Scheduled,2024-05-12 02:01:00,2024-05-12 02:03:30,Failed,0,Connection timeout,0,2024-05-12 02:01:00
LOG-2100,COMP-0010,WF-09,09_Tally_Inventory_Sync,Scheduled,2024-05-12 02:24:00,2024-05-12 02:26:00,Success,50,,120,2024-05-12 02:24:00
LOG-2101,COMP-0001,WF-01,01_Tally_Company_Sync,Scheduled,2024-05-13 02:48:00,2024-05-13 02:48:15,Success,3,,15,2024-05-13 02:48:00
LOG-2102,COMP-0001,WF-02,02_Tally_Ledger_Sync,Scheduled,2024-05-13 02:00:00,2024-05-13 02:00:45,Success,25,,45,2024-05-13 02:00:00
LOG-2103,COMP-0001,WF-03,03_Tally_Party_Sync,Scheduled,2024-05-13 02:28:00,2024-05-13 02:29:00,Failed,0,Connection timeout,0,2024-05-13 02:28:00
LOG-2104,COMP-0001,WF-05,05_Tally_Sales_Voucher_Sync,Scheduled,2024-05-13 02:45:00,2024-05-13 02:47:30,Success,30,,150,2024-05-13 02:45:00
LOG-2105,COMP-0001,WF-09,09_Tally_Inventory_Sync,Scheduled,2024-05-13 02:54:00,2024-05-13 02:56:00,Success,50,,120,2024-05-13 02:54:00
LOG-2106,COMP-0002,WF-01,01_Tally_Company_Sync,Scheduled,2024-05-13 02:54:00,2024-05-13 02:54:15,Success,3,,15,2024-05-13 02:54:00
LOG-2107,COMP-0002,WF-02,02_Tally_Ledger_Sync,Scheduled,2024-05-13 02:55:00,2024-05-13 02:55:45,Success,25,,45,2024-05-13 02:55:00
LOG-2108,COMP-0002,WF-03,03_Tally_Party_Sync,Scheduled,2024-05-13 02:50:00,2024-05-13 02:51:00,Success,15,,60,2024-05-13 02:50:00
LOG-2109,COMP-0002,WF-05,05_Tally_Sales_Voucher_Sync,Scheduled,2024-05-13 02:34:00,2024-05-13 02:36:30,Success,30,,150,2024-05-13 02:34:00
LOG-2110,COMP-0002,WF-09,09_Tally_Inventory_Sync,Scheduled,2024-05-13 02:37:00,2024-05-13 02:39:00,Success,50,,120,2024-05-13 02:37:00
LOG-2111,COMP-0003,WF-01,01_Tally_Company_Sync,Scheduled,2024-05-13 02:13:00,2024-05-13 02:13:15,Success,3,,15,2024-05-13 02:13:00
LOG-2112,COMP-0003,WF-02,02_Tally_Ledger_Sync,Scheduled,2024-05-13 02:32:00,2024-05-13 02:32:45,Success,25,,45,2024-05-13 02:32:00
LOG-2113,COMP-0003,WF-03,03_Tally_Party_Sync,Scheduled,2024-05-13 02:34:00,2024-05-13 02:35:00,Success,15,,60,2024-05-13 02:34:00
LOG-2114,COMP-0003,WF-05,05_Tally_Sales_Voucher_Sync,Scheduled,2024-05-13 02:35:00,2024-05-13 02:37:30,Success,30,,150,2024-05-13 02:35:00
LOG-2115,COMP-0003,WF-09,09_Tally_Inventory_Sync,Scheduled,2024-05-13 02:48:00,2024-05-13 02:50:00,Success,50,,120,2024-05-13 02:48:00
LOG-2116,COMP-0004,WF-01,01_Tally_Company_Sync,Scheduled,2024-05-13 02:27:00,2024-05-13 02:27:15,Success,3,,15,2024-05-13 02:27:00
LOG-2117,COMP-0004,WF-02,02_Tally_Ledger_Sync,Scheduled,2024-05-13 02:50:00,2024-05-13 02:50:45,Success,25,,45,2024-05-13 02:50:00
LOG-2118,COMP-0004,WF-03,03_Tally_Party_Sync,Scheduled,2024-05-13 02:13:00,2024-05-13 02:14:00,Success,15,,60,2024-05-13 02:13:00
LOG-2119,COMP-0004,WF-05,05_Tally_Sales_Voucher_Sync,Scheduled,2024-05-13 02:00:00,2024-05-13 02:02:30,Success,30,,150,2024-05-13 02:00:00
LOG-2120,COMP-0004,WF-09,09_Tally_Inventory_Sync,Scheduled,2024-05-13 02:46:00,2024-05-13 02:48:00,Success,50,,120,2024-05-13 02:46:00
LOG-2121,COMP-0005,WF-01,01_Tally_Company_Sync,Scheduled,2024-05-13 02:41:00,2024-05-13 02:41:15,Success,3,,15,2024-05-13 02:41:00
LOG-2122,COMP-0005,WF-02,02_Tally_Ledger_Sync,Scheduled,2024-05-13 02:53:00,2024-05-13 02:53:45,Success,25,,45,2024-05-13 02:53:00
LOG-2123,COMP-0005,WF-03,03_Tally_Party_Sync,Scheduled,2024-05-13 02:10:00,2024-05-13 02:11:00,Success,15,,60,2024-05-13 02:10:00
LOG-2124,COMP-0005,WF-05,05_Tally_Sales_Voucher_Sync,Scheduled,2024-05-13 02:02:00,2024-05-13 02:04:30,Success,30,,150,2024-05-13 02:02:00
LOG-2125,COMP-0005,WF-09,09_Tally_Inventory_Sync,Scheduled,2024-05-13 02:25:00,2024-05-13 02:27:00,Success,50,,120,2024-05-13 02:25:00
LOG-2126,COMP-0006,WF-01,01_Tally_Company_Sync,Scheduled,2024-05-13 02:25:00,2024-05-13 02:25:15,Success,3,,15,2024-05-13 02:25:00
LOG-2127,COMP-0006,WF-02,02_Tally_Ledger_Sync,Scheduled,2024-05-13 02:17:00,2024-05-13 02:17:45,Failed,0,Connection timeout,0,2024-05-13 02:17:00
LOG-2128,COMP-0006,WF-03,03_Tally_Party_Sync,Scheduled,2024-05-13 02:14:00,2024-05-13 02:15:00,Success,15,,60,2024-05-13 02:14:00
LOG-2129,COMP-0006,WF-05,05_Tally_Sales_Voucher_Sync,Scheduled,2024-05-13 02:12:00,2024-05-13 02:14:30,Failed,0,Connection timeout,0,2024-05-13 02:12:00
LOG-2130,COMP-0006,WF-09,09_Tally_Inventory_Sync,Scheduled,2024-05-13 02:58:00,2024-05-13 03:00:00,Success,50,,120,2024-05-13 02:58:00
LOG-2131,COMP-0007,WF-01,01_Tally_Company_Sync,Scheduled,2024-05-13 02:21:00,2024-05-13 02:21:15,Success,3,,15,2024-05-13 02:21:00
LOG-2132,COMP-0007,WF-02,02_Tally_Ledger_Sync,Scheduled,2024-05-13 02:46:00,2024-05-13 02:46:45,Success,25,,45,2024-05-13 02:46:00
LOG-2133,COMP-0007,WF-03,03_Tally_Party_Sync,Scheduled,2024-05-13 02:56:00,2024-05-13 02:57:00,Success,15,,60,2024-05-13 02:56:00
LOG-2134,COMP-0007,WF-05,05_Tally_Sales_Voucher_Sync,Scheduled,2024-05-13 02:05:00,2024-05-13 02:07:30,Success,30,,150,2024-05-13 02:05:00
LOG-2135,COMP-0007,WF-09,09_Tally_Inventory_Sync,Scheduled,2024-05-13 02:33:00,2024-05-13 02:35:00,Success,50,,120,2024-05-13 02:33:00
LOG-2136,COMP-0008,WF-01,01_Tally_Company_Sync,Scheduled,2024-05-13 02:55:00,2024-05-13 02:55:15,Success,3,,15,2024-05-13 02:55:00
LOG-2137,COMP-0008,WF-02,02_Tally_Ledger_Sync,Scheduled,2024-05-13 02:22:00,2024-05-13 02:22:45,Success,25,,45,2024-05-13 02:22:00
LOG-2138,COMP-0008,WF-03,03_Tally_Party_Sync,Scheduled,2024-05-13 02:16:00,2024-05-13 02:17:00,Failed,0,Connection timeout,0,2024-05-13 02:16:00
LOG-2139,COMP-0008,WF-05,05_Tally_Sales_Voucher_Sync,Scheduled,2024-05-13 02:01:00,2024-05-13 02:03:30,Success,30,,150,2024-05-13 02:01:00
LOG-2140,COMP-0008,WF-09,09_Tally_Inventory_Sync,Scheduled,2024-05-13 02:47:00,2024-05-13 02:49:00,Success,50,,120,2024-05-13 02:47:00
LOG-2141,COMP-0009,WF-01,01_Tally_Company_Sync,Scheduled,2024-05-13 02:35:00,2024-05-13 02:35:15,Success,3,,15,2024-05-13 02:35:00
LOG-2142,COMP-0009,WF-02,02_Tally_Ledger_Sync,Scheduled,2024-05-13 02:30:00,2024-05-13 02:30:45,Success,25,,45,2024-05-13 02:30:00
LOG-2143,COMP-0009,WF-03,03_Tally_Party_Sync,Scheduled,2024-05-13 02:01:00,2024-05-13 02:02:00,Success,15,,60,2024-05-13 02:01:00
LOG-2144,COMP-0009,WF-05,05_Tally_Sales_Voucher_Sync,Scheduled,2024-05-13 02:45:00,2024-05-13 02:47:30,Success,30,,150,2024-05-13 02:45:00
LOG-2145,COMP-0009,WF-09,09_Tally_Inventory_Sync,Scheduled,2024-05-13 02:14:00,2024-05-13 02:16:00,Success,50,,120,2024-05-13 02:14:00
LOG-2146,COMP-0010,WF-01,01_Tally_Company_Sync,Scheduled,2024-05-13 02:16:00,2024-05-13 02:16:15,Success,3,,15,2024-05-13 02:16:00
LOG-2147,COMP-0010,WF-02,02_Tally_Ledger_Sync,Scheduled,2024-05-13 02:33:00,2024-05-13 02:33:45,Success,25,,45,2024-05-13 02:33:00
LOG-2148,COMP-0010,WF-03,03_Tally_Party_Sync,Scheduled,2024-05-13 02:44:00,2024-05-13 02:45:00,Failed,0,Connection timeout,0,2024-05-13 02:44:00
LOG-2149,COMP-0010,WF-05,05_Tally_Sales_Voucher_Sync,Scheduled,2024-05-13 02:21:00,2024-05-13 02:23:30,Success,30,,150,2024-05-13 02:21:00
LOG-2150,COMP-0010,WF-09,09_Tally_Inventory_Sync,Scheduled,2024-05-13 02:59:00,2024-05-13 03:01:00,Success,50,,120,2024-05-13 02:59:00
LOG-2151,COMP-0001,WF-01,01_Tally_Company_Sync,Scheduled,2024-05-14 02:52:00,2024-05-14 02:52:15,Success,3,,15,2024-05-14 02:52:00
LOG-2152,COMP-0001,WF-02,02_Tally_Ledger_Sync,Scheduled,2024-05-14 02:40:00,2024-05-14 02:40:45,Success,25,,45,2024-05-14 02:40:00
LOG-2153,COMP-0001,WF-03,03_Tally_Party_Sync,Scheduled,2024-05-14 02:36:00,2024-05-14 02:37:00,Success,15,,60,2024-05-14 02:36:00
LOG-2154,COMP-0001,WF-05,05_Tally_Sales_Voucher_Sync,Scheduled,2024-05-14 02:10:00,2024-05-14 02:12:30,Success,30,,150,2024-05-14 02:10:00
LOG-2155,COMP-0001,WF-09,09_Tally_Inventory_Sync,Scheduled,2024-05-14 02:15:00,2024-05-14 02:17:00,Failed,0,Connection timeout,0,2024-05-14 02:15:00
LOG-2156,COMP-0002,WF-01,01_Tally_Company_Sync,Scheduled,2024-05-14 02:48:00,2024-05-14 02:48:15,Success,3,,15,2024-05-14 02:48:00
LOG-2157,COMP-0002,WF-02,02_Tally_Ledger_Sync,Scheduled,2024-05-14 02:06:00,2024-05-14 02:06:45,Success,25,,45,2024-05-14 02:06:00
LOG-2158,COMP-0002,WF-03,03_Tally_Party_Sync,Scheduled,2024-05-14 02:54:00,2024-05-14 02:55:00,Success,15,,60,2024-05-14 02:54:00
LOG-2159,COMP-0002,WF-05,05_Tally_Sales_Voucher_Sync,Scheduled,2024-05-14 02:58:00,2024-05-14 03:00:30,Success,30,,150,2024-05-14 02:58:00
LOG-2160,COMP-0002,WF-09,09_Tally_Inventory_Sync,Scheduled,2024-05-14 02:21:00,2024-05-14 02:23:00,Success,50,,120,2024-05-14 02:21:00
LOG-2161,COMP-0003,WF-01,01_Tally_Company_Sync,Scheduled,2024-05-14 02:11:00,2024-05-14 02:11:15,Success,3,,15,2024-05-14 02:11:00
LOG-2162,COMP-0003,WF-02,02_Tally_Ledger_Sync,Scheduled,2024-05-14 02:29:00,2024-05-14 02:29:45,Success,25,,45,2024-05-14 02:29:00
LOG-2163,COMP-0003,WF-03,03_Tally_Party_Sync,Scheduled,2024-05-14 02:31:00,2024-05-14 02:32:00,Success,15,,60,2024-05-14 02:31:00
LOG-2164,COMP-0003,WF-05,05_Tally_Sales_Voucher_Sync,Scheduled,2024-05-14 02:23:00,2024-05-14 02:25:30,Success,30,,150,2024-05-14 02:23:00
LOG-2165,COMP-0003,WF-09,09_Tally_Inventory_Sync,Scheduled,2024-05-14 02:23:00,2024-05-14 02:25:00,Success,50,,120,2024-05-14 02:23:00
LOG-2166,COMP-0004,WF-01,01_Tally_Company_Sync,Scheduled,2024-05-14 02:27:00,2024-05-14 02:27:15,Success,3,,15,2024-05-14 02:27:00
LOG-2167,COMP-0004,WF-02,02_Tally_Ledger_Sync,Scheduled,2024-05-14 02:53:00,2024-05-14 02:53:45,Failed,0,Connection timeout,0,2024-05-14 02:53:00
LOG-2168,COMP-0004,WF-03,03_Tally_Party_Sync,Scheduled,2024-05-14 02:05:00,2024-05-14 02:06:00,Success,15,,60,2024-05-14 02:05:00
LOG-2169,COMP-0004,WF-05,05_Tally_Sales_Voucher_Sync,Scheduled,2024-05-14 02:38:00,2024-05-14 02:40:30,Success,30,,150,2024-05-14 02:38:00
LOG-2170,COMP-0004,WF-09,09_Tally_Inventory_Sync,Scheduled,2024-05-14 02:22:00,2024-05-14 02:24:00,Failed,0,Connection timeout,0,2024-05-14 02:22:00
LOG-2171,COMP-0005,WF-01,01_Tally_Company_Sync,Scheduled,2024-05-14 02:52:00,2024-05-14 02:52:15,Success,3,,15,2024-05-14 02:52:00
LOG-2172,COMP-0005,WF-02,02_Tally_Ledger_Sync,Scheduled,2024-05-14 02:01:00,2024-05-14 02:01:45,Success,25,,45,2024-05-14 02:01:00
LOG-2173,COMP-0005,WF-03,03_Tally_Party_Sync,Scheduled,2024-05-14 02:41:00,2024-05-14 02:42:00,Success,15,,60,2024-05-14 02:41:00
LOG-2174,COMP-0005,WF-05,05_Tally_Sales_Voucher_Sync,Scheduled,2024-05-14 02:19:00,2024-05-14 02:21:30,Success,30,,150,2024-05-14 02:19:00
LOG-2175,COMP-0005,WF-09,09_Tally_Inventory_Sync,Scheduled,2024-05-14 02:50:00,2024-05-14 02:52:00,Success,50,,120,2024-05-14 02:50:00
LOG-2176,COMP-0006,WF-01,01_Tally_Company_Sync,Scheduled,2024-05-14 02:08:00,2024-05-14 02:08:15,Success,3,,15,2024-05-14 02:08:00
LOG-2177,COMP-0006,WF-02,02_Tally_Ledger_Sync,Scheduled,2024-05-14 02:38:00,2024-05-14 02:38:45,Success,25,,45,2024-05-14 02:38:00
LOG-2178,COMP-0006,WF-03,03_Tally_Party_Sync,Scheduled,2024-05-14 02:43:00,2024-05-14 02:44:00,Success,15,,60,2024-05-14 02:43:00
LOG-2179,COMP-0006,WF-05,05_Tally_Sales_Voucher_Sync,Scheduled,2024-05-14 02:54:00,2024-05-14 02:56:30,Success,30,,150,2024-05-14 02:54:00
LOG-2180,COMP-0006,WF-09,09_Tally_Inventory_Sync,Scheduled,2024-05-14 02:23:00,2024-05-14 02:25:00,Success,50,,120,2024-05-14 02:23:00
LOG-2181,COMP-0007,WF-01,01_Tally_Company_Sync,Scheduled,2024-05-14 02:02:00,2024-05-14 02:02:15,Success,3,,15,2024-05-14 02:02:00
LOG-2182,COMP-0007,WF-02,02_Tally_Ledger_Sync,Scheduled,2024-05-14 02:05:00,2024-05-14 02:05:45,Failed,0,Connection timeout,0,2024-05-14 02:05:00
LOG-2183,COMP-0007,WF-03,03_Tally_Party_Sync,Scheduled,2024-05-14 02:06:00,2024-05-14 02:07:00,Success,15,,60,2024-05-14 02:06:00
LOG-2184,COMP-0007,WF-05,05_Tally_Sales_Voucher_Sync,Scheduled,2024-05-14 02:33:00,2024-05-14 02:35:30,Success,30,,150,2024-05-14 02:33:00
LOG-2185,COMP-0007,WF-09,09_Tally_Inventory_Sync,Scheduled,2024-05-14 02:19:00,2024-05-14 02:21:00,Success,50,,120,2024-05-14 02:19:00
LOG-2186,COMP-0008,WF-01,01_Tally_Company_Sync,Scheduled,2024-05-14 02:47:00,2024-05-14 02:47:15,Success,3,,15,2024-05-14 02:47:00
LOG-2187,COMP-0008,WF-02,02_Tally_Ledger_Sync,Scheduled,2024-05-14 02:16:00,2024-05-14 02:16:45,Success,25,,45,2024-05-14 02:16:00
LOG-2188,COMP-0008,WF-03,03_Tally_Party_Sync,Scheduled,2024-05-14 02:10:00,2024-05-14 02:11:00,Success,15,,60,2024-05-14 02:10:00
LOG-2189,COMP-0008,WF-05,05_Tally_Sales_Voucher_Sync,Scheduled,2024-05-14 02:16:00,2024-05-14 02:18:30,Success,30,,150,2024-05-14 02:16:00
LOG-2190,COMP-0008,WF-09,09_Tally_Inventory_Sync,Scheduled,2024-05-14 02:38:00,2024-05-14 02:40:00,Success,50,,120,2024-05-14 02:38:00
LOG-2191,COMP-0009,WF-01,01_Tally_Company_Sync,Scheduled,2024-05-14 02:00:00,2024-05-14 02:00:15,Failed,0,Connection timeout,0,2024-05-14 02:00:00
LOG-2192,COMP-0009,WF-02,02_Tally_Ledger_Sync,Scheduled,2024-05-14 02:33:00,2024-05-14 02:33:45,Success,25,,45,2024-05-14 02:33:00
LOG-2193,COMP-0009,WF-03,03_Tally_Party_Sync,Scheduled,2024-05-14 02:06:00,2024-05-14 02:07:00,Success,15,,60,2024-05-14 02:06:00
LOG-2194,COMP-0009,WF-05,05_Tally_Sales_Voucher_Sync,Scheduled,2024-05-14 02:24:00,2024-05-14 02:26:30,Success,30,,150,2024-05-14 02:24:00
LOG-2195,COMP-0009,WF-09,09_Tally_Inventory_Sync,Scheduled,2024-05-14 02:58:00,2024-05-14 03:00:00,Success,50,,120,2024-05-14 02:58:00
LOG-2196,COMP-0010,WF-01,01_Tally_Company_Sync,Scheduled,2024-05-14 02:52:00,2024-05-14 02:52:15,Success,3,,15,2024-05-14 02:52:00
LOG-2197,COMP-0010,WF-02,02_Tally_Ledger_Sync,Scheduled,2024-05-14 02:38:00,2024-05-14 02:38:45,Success,25,,45,2024-05-14 02:38:00
LOG-2198,COMP-0010,WF-03,03_Tally_Party_Sync,Scheduled,2024-05-14 02:53:00,2024-05-14 02:54:00,Failed,0,Connection timeout,0,2024-05-14 02:53:00
LOG-2199,COMP-0010,WF-05,05_Tally_Sales_Voucher_Sync,Scheduled,2024-05-14 02:51:00,2024-05-14 02:53:30,Success,30,,150,2024-05-14 02:51:00
LOG-2200,COMP-0010,WF-09,09_Tally_Inventory_Sync,Scheduled,2024-05-14 02:36:00,2024-05-14 02:38:00,Success,50,,120,2024-05-14 02:36:00
LOG-2201,COMP-0001,WF-01,01_Tally_Company_Sync,Scheduled,2024-05-15 02:21:00,2024-05-15 02:21:15,Success,3,,15,2024-05-15 02:21:00
LOG-2202,COMP-0001,WF-02,02_Tally_Ledger_Sync,Scheduled,2024-05-15 02:30:00,2024-05-15 02:30:45,Success,25,,45,2024-05-15 02:30:00
LOG-2203,COMP-0001,WF-03,03_Tally_Party_Sync,Scheduled,2024-05-15 02:42:00,2024-05-15 02:43:00,Success,15,,60,2024-05-15 02:42:00
LOG-2204,COMP-0001,WF-05,05_Tally_Sales_Voucher_Sync,Scheduled,2024-05-15 02:24:00,2024-05-15 02:26:30,Success,30,,150,2024-05-15 02:24:00
LOG-2205,COMP-0001,WF-09,09_Tally_Inventory_Sync,Scheduled,2024-05-15 02:36:00,2024-05-15 02:38:00,Success,50,,120,2024-05-15 02:36:00
LOG-2206,COMP-0002,WF-01,01_Tally_Company_Sync,Scheduled,2024-05-15 02:42:00,2024-05-15 02:42:15,Success,3,,15,2024-05-15 02:42:00
LOG-2207,COMP-0002,WF-02,02_Tally_Ledger_Sync,Scheduled,2024-05-15 02:28:00,2024-05-15 02:28:45,Success,25,,45,2024-05-15 02:28:00
LOG-2208,COMP-0002,WF-03,03_Tally_Party_Sync,Scheduled,2024-05-15 02:02:00,2024-05-15 02:03:00,Success,15,,60,2024-05-15 02:02:00
LOG-2209,COMP-0002,WF-05,05_Tally_Sales_Voucher_Sync,Scheduled,2024-05-15 02:25:00,2024-05-15 02:27:30,Success,30,,150,2024-05-15 02:25:00
LOG-2210,COMP-0002,WF-09,09_Tally_Inventory_Sync,Scheduled,2024-05-15 02:51:00,2024-05-15 02:53:00,Success,50,,120,2024-05-15 02:51:00
LOG-2211,COMP-0003,WF-01,01_Tally_Company_Sync,Scheduled,2024-05-15 02:12:00,2024-05-15 02:12:15,Success,3,,15,2024-05-15 02:12:00
LOG-2212,COMP-0003,WF-02,02_Tally_Ledger_Sync,Scheduled,2024-05-15 02:27:00,2024-05-15 02:27:45,Success,25,,45,2024-05-15 02:27:00
LOG-2213,COMP-0003,WF-03,03_Tally_Party_Sync,Scheduled,2024-05-15 02:43:00,2024-05-15 02:44:00,Success,15,,60,2024-05-15 02:43:00
LOG-2214,COMP-0003,WF-05,05_Tally_Sales_Voucher_Sync,Scheduled,2024-05-15 02:23:00,2024-05-15 02:25:30,Success,30,,150,2024-05-15 02:23:00
LOG-2215,COMP-0003,WF-09,09_Tally_Inventory_Sync,Scheduled,2024-05-15 02:24:00,2024-05-15 02:26:00,Success,50,,120,2024-05-15 02:24:00
LOG-2216,COMP-0004,WF-01,01_Tally_Company_Sync,Scheduled,2024-05-15 02:28:00,2024-05-15 02:28:15,Success,3,,15,2024-05-15 02:28:00
LOG-2217,COMP-0004,WF-02,02_Tally_Ledger_Sync,Scheduled,2024-05-15 02:57:00,2024-05-15 02:57:45,Success,25,,45,2024-05-15 02:57:00
LOG-2218,COMP-0004,WF-03,03_Tally_Party_Sync,Scheduled,2024-05-15 02:23:00,2024-05-15 02:24:00,Success,15,,60,2024-05-15 02:23:00
LOG-2219,COMP-0004,WF-05,05_Tally_Sales_Voucher_Sync,Scheduled,2024-05-15 02:30:00,2024-05-15 02:32:30,Success,30,,150,2024-05-15 02:30:00
LOG-2220,COMP-0004,WF-09,09_Tally_Inventory_Sync,Scheduled,2024-05-15 02:54:00,2024-05-15 02:56:00,Success,50,,120,2024-05-15 02:54:00
LOG-2221,COMP-0005,WF-01,01_Tally_Company_Sync,Scheduled,2024-05-15 02:23:00,2024-05-15 02:23:15,Success,3,,15,2024-05-15 02:23:00
LOG-2222,COMP-0005,WF-02,02_Tally_Ledger_Sync,Scheduled,2024-05-15 02:43:00,2024-05-15 02:43:45,Success,25,,45,2024-05-15 02:43:00
LOG-2223,COMP-0005,WF-03,03_Tally_Party_Sync,Scheduled,2024-05-15 02:12:00,2024-05-15 02:13:00,Success,15,,60,2024-05-15 02:12:00
LOG-2224,COMP-0005,WF-05,05_Tally_Sales_Voucher_Sync,Scheduled,2024-05-15 02:56:00,2024-05-15 02:58:30,Success,30,,150,2024-05-15 02:56:00
LOG-2225,COMP-0005,WF-09,09_Tally_Inventory_Sync,Scheduled,2024-05-15 02:00:00,2024-05-15 02:02:00,Success,50,,120,2024-05-15 02:00:00
LOG-2226,COMP-0006,WF-01,01_Tally_Company_Sync,Scheduled,2024-05-15 02:43:00,2024-05-15 02:43:15,Success,3,,15,2024-05-15 02:43:00
LOG-2227,COMP-0006,WF-02,02_Tally_Ledger_Sync,Scheduled,2024-05-15 02:43:00,2024-05-15 02:43:45,Success,25,,45,2024-05-15 02:43:00
LOG-2228,COMP-0006,WF-03,03_Tally_Party_Sync,Scheduled,2024-05-15 02:53:00,2024-05-15 02:54:00,Success,15,,60,2024-05-15 02:53:00
LOG-2229,COMP-0006,WF-05,05_Tally_Sales_Voucher_Sync,Scheduled,2024-05-15 02:43:00,2024-05-15 02:45:30,Success,30,,150,2024-05-15 02:43:00
LOG-2230,COMP-0006,WF-09,09_Tally_Inventory_Sync,Scheduled,2024-05-15 02:40:00,2024-05-15 02:42:00,Success,50,,120,2024-05-15 02:40:00
LOG-2231,COMP-0007,WF-01,01_Tally_Company_Sync,Scheduled,2024-05-15 02:46:00,2024-05-15 02:46:15,Success,3,,15,2024-05-15 02:46:00
LOG-2232,COMP-0007,WF-02,02_Tally_Ledger_Sync,Scheduled,2024-05-15 02:26:00,2024-05-15 02:26:45,Success,25,,45,2024-05-15 02:26:00
LOG-2233,COMP-0007,WF-03,03_Tally_Party_Sync,Scheduled,2024-05-15 02:37:00,2024-05-15 02:38:00,Failed,0,Connection timeout,0,2024-05-15 02:37:00
LOG-2234,COMP-0007,WF-05,05_Tally_Sales_Voucher_Sync,Scheduled,2024-05-15 02:21:00,2024-05-15 02:23:30,Success,30,,150,2024-05-15 02:21:00
LOG-2235,COMP-0007,WF-09,09_Tally_Inventory_Sync,Scheduled,2024-05-15 02:35:00,2024-05-15 02:37:00,Success,50,,120,2024-05-15 02:35:00
LOG-2236,COMP-0008,WF-01,01_Tally_Company_Sync,Scheduled,2024-05-15 02:55:00,2024-05-15 02:55:15,Success,3,,15,2024-05-15 02:55:00
LOG-2237,COMP-0008,WF-02,02_Tally_Ledger_Sync,Scheduled,2024-05-15 02:35:00,2024-05-15 02:35:45,Success,25,,45,2024-05-15 02:35:00
LOG-2238,COMP-0008,WF-03,03_Tally_Party_Sync,Scheduled,2024-05-15 02:04:00,2024-05-15 02:05:00,Success,15,,60,2024-05-15 02:04:00
LOG-2239,COMP-0008,WF-05,05_Tally_Sales_Voucher_Sync,Scheduled,2024-05-15 02:48:00,2024-05-15 02:50:30,Failed,0,Connection timeout,0,2024-05-15 02:48:00
LOG-2240,COMP-0008,WF-09,09_Tally_Inventory_Sync,Scheduled,2024-05-15 02:43:00,2024-05-15 02:45:00,Success,50,,120,2024-05-15 02:43:00
LOG-2241,COMP-0009,WF-01,01_Tally_Company_Sync,Scheduled,2024-05-15 02:12:00,2024-05-15 02:12:15,Success,3,,15,2024-05-15 02:12:00
LOG-2242,COMP-0009,WF-02,02_Tally_Ledger_Sync,Scheduled,2024-05-15 02:32:00,2024-05-15 02:32:45,Success,25,,45,2024-05-15 02:32:00
LOG-2243,COMP-0009,WF-03,03_Tally_Party_Sync,Scheduled,2024-05-15 02:30:00,2024-05-15 02:31:00,Success,15,,60,2024-05-15 02:30:00
LOG-2244,COMP-0009,WF-05,05_Tally_Sales_Voucher_Sync,Scheduled,2024-05-15 02:52:00,2024-05-15 02:54:30,Success,30,,150,2024-05-15 02:52:00
LOG-2245,COMP-0009,WF-09,09_Tally_Inventory_Sync,Scheduled,2024-05-15 02:37:00,2024-05-15 02:39:00,Success,50,,120,2024-05-15 02:37:00
LOG-2246,COMP-0010,WF-01,01_Tally_Company_Sync,Scheduled,2024-05-15 02:13:00,2024-05-15 02:13:15,Success,3,,15,2024-05-15 02:13:00
LOG-2247,COMP-0010,WF-02,02_Tally_Ledger_Sync,Scheduled,2024-05-15 02:58:00,2024-05-15 02:58:45,Success,25,,45,2024-05-15 02:58:00
LOG-2248,COMP-0010,WF-03,03_Tally_Party_Sync,Scheduled,2024-05-15 02:54:00,2024-05-15 02:55:00,Success,15,,60,2024-05-15 02:54:00
LOG-2249,COMP-0010,WF-05,05_Tally_Sales_Voucher_Sync,Scheduled,2024-05-15 02:17:00,2024-05-15 02:19:30,Success,30,,150,2024-05-15 02:17:00
LOG-2250,COMP-0010,WF-09,09_Tally_Inventory_Sync,Scheduled,2024-05-15 02:03:00,2024-05-15 02:05:00,Success,50,,120,2024-05-15 02:03:00
LOG-2251,COMP-0001,WF-01,01_Tally_Company_Sync,Scheduled,2024-05-16 02:12:00,2024-05-16 02:12:15,Success,3,,15,2024-05-16 02:12:00
LOG-2252,COMP-0001,WF-02,02_Tally_Ledger_Sync,Scheduled,2024-05-16 02:25:00,2024-05-16 02:25:45,Success,25,,45,2024-05-16 02:25:00
LOG-2253,COMP-0001,WF-03,03_Tally_Party_Sync,Scheduled,2024-05-16 02:42:00,2024-05-16 02:43:00,Success,15,,60,2024-05-16 02:42:00
LOG-2254,COMP-0001,WF-05,05_Tally_Sales_Voucher_Sync,Scheduled,2024-05-16 02:51:00,2024-05-16 02:53:30,Success,30,,150,2024-05-16 02:51:00
LOG-2255,COMP-0001,WF-09,09_Tally_Inventory_Sync,Scheduled,2024-05-16 02:22:00,2024-05-16 02:24:00,Success,50,,120,2024-05-16 02:22:00
LOG-2256,COMP-0002,WF-01,01_Tally_Company_Sync,Scheduled,2024-05-16 02:51:00,2024-05-16 02:51:15,Success,3,,15,2024-05-16 02:51:00
LOG-2257,COMP-0002,WF-02,02_Tally_Ledger_Sync,Scheduled,2024-05-16 02:16:00,2024-05-16 02:16:45,Success,25,,45,2024-05-16 02:16:00
LOG-2258,COMP-0002,WF-03,03_Tally_Party_Sync,Scheduled,2024-05-16 02:33:00,2024-05-16 02:34:00,Success,15,,60,2024-05-16 02:33:00
LOG-2259,COMP-0002,WF-05,05_Tally_Sales_Voucher_Sync,Scheduled,2024-05-16 02:47:00,2024-05-16 02:49:30,Success,30,,150,2024-05-16 02:47:00
LOG-2260,COMP-0002,WF-09,09_Tally_Inventory_Sync,Scheduled,2024-05-16 02:39:00,2024-05-16 02:41:00,Success,50,,120,2024-05-16 02:39:00
LOG-2261,COMP-0003,WF-01,01_Tally_Company_Sync,Scheduled,2024-05-16 02:37:00,2024-05-16 02:37:15,Success,3,,15,2024-05-16 02:37:00
LOG-2262,COMP-0003,WF-02,02_Tally_Ledger_Sync,Scheduled,2024-05-16 02:28:00,2024-05-16 02:28:45,Success,25,,45,2024-05-16 02:28:00
LOG-2263,COMP-0003,WF-03,03_Tally_Party_Sync,Scheduled,2024-05-16 02:22:00,2024-05-16 02:23:00,Success,15,,60,2024-05-16 02:22:00
LOG-2264,COMP-0003,WF-05,05_Tally_Sales_Voucher_Sync,Scheduled,2024-05-16 02:40:00,2024-05-16 02:42:30,Success,30,,150,2024-05-16 02:40:00
LOG-2265,COMP-0003,WF-09,09_Tally_Inventory_Sync,Scheduled,2024-05-16 02:15:00,2024-05-16 02:17:00,Success,50,,120,2024-05-16 02:15:00
LOG-2266,COMP-0004,WF-01,01_Tally_Company_Sync,Scheduled,2024-05-16 02:28:00,2024-05-16 02:28:15,Success,3,,15,2024-05-16 02:28:00
LOG-2267,COMP-0004,WF-02,02_Tally_Ledger_Sync,Scheduled,2024-05-16 02:55:00,2024-05-16 02:55:45,Success,25,,45,2024-05-16 02:55:00
LOG-2268,COMP-0004,WF-03,03_Tally_Party_Sync,Scheduled,2024-05-16 02:02:00,2024-05-16 02:03:00,Success,15,,60,2024-05-16 02:02:00
LOG-2269,COMP-0004,WF-05,05_Tally_Sales_Voucher_Sync,Scheduled,2024-05-16 02:08:00,2024-05-16 02:10:30,Success,30,,150,2024-05-16 02:08:00
LOG-2270,COMP-0004,WF-09,09_Tally_Inventory_Sync,Scheduled,2024-05-16 02:49:00,2024-05-16 02:51:00,Success,50,,120,2024-05-16 02:49:00
LOG-2271,COMP-0005,WF-01,01_Tally_Company_Sync,Scheduled,2024-05-16 02:28:00,2024-05-16 02:28:15,Success,3,,15,2024-05-16 02:28:00
LOG-2272,COMP-0005,WF-02,02_Tally_Ledger_Sync,Scheduled,2024-05-16 02:38:00,2024-05-16 02:38:45,Success,25,,45,2024-05-16 02:38:00
LOG-2273,COMP-0005,WF-03,03_Tally_Party_Sync,Scheduled,2024-05-16 02:35:00,2024-05-16 02:36:00,Success,15,,60,2024-05-16 02:35:00
LOG-2274,COMP-0005,WF-05,05_Tally_Sales_Voucher_Sync,Scheduled,2024-05-16 02:43:00,2024-05-16 02:45:30,Success,30,,150,2024-05-16 02:43:00
LOG-2275,COMP-0005,WF-09,09_Tally_Inventory_Sync,Scheduled,2024-05-16 02:33:00,2024-05-16 02:35:00,Success,50,,120,2024-05-16 02:33:00
LOG-2276,COMP-0006,WF-01,01_Tally_Company_Sync,Scheduled,2024-05-16 02:20:00,2024-05-16 02:20:15,Success,3,,15,2024-05-16 02:20:00
LOG-2277,COMP-0006,WF-02,02_Tally_Ledger_Sync,Scheduled,2024-05-16 02:41:00,2024-05-16 02:41:45,Success,25,,45,2024-05-16 02:41:00
LOG-2278,COMP-0006,WF-03,03_Tally_Party_Sync,Scheduled,2024-05-16 02:21:00,2024-05-16 02:22:00,Success,15,,60,2024-05-16 02:21:00
LOG-2279,COMP-0006,WF-05,05_Tally_Sales_Voucher_Sync,Scheduled,2024-05-16 02:15:00,2024-05-16 02:17:30,Success,30,,150,2024-05-16 02:15:00
LOG-2280,COMP-0006,WF-09,09_Tally_Inventory_Sync,Scheduled,2024-05-16 02:52:00,2024-05-16 02:54:00,Success,50,,120,2024-05-16 02:52:00
LOG-2281,COMP-0007,WF-01,01_Tally_Company_Sync,Scheduled,2024-05-16 02:35:00,2024-05-16 02:35:15,Success,3,,15,2024-05-16 02:35:00
LOG-2282,COMP-0007,WF-02,02_Tally_Ledger_Sync,Scheduled,2024-05-16 02:02:00,2024-05-16 02:02:45,Success,25,,45,2024-05-16 02:02:00
LOG-2283,COMP-0007,WF-03,03_Tally_Party_Sync,Scheduled,2024-05-16 02:30:00,2024-05-16 02:31:00,Success,15,,60,2024-05-16 02:30:00
LOG-2284,COMP-0007,WF-05,05_Tally_Sales_Voucher_Sync,Scheduled,2024-05-16 02:23:00,2024-05-16 02:25:30,Success,30,,150,2024-05-16 02:23:00
LOG-2285,COMP-0007,WF-09,09_Tally_Inventory_Sync,Scheduled,2024-05-16 02:13:00,2024-05-16 02:15:00,Success,50,,120,2024-05-16 02:13:00
LOG-2286,COMP-0008,WF-01,01_Tally_Company_Sync,Scheduled,2024-05-16 02:34:00,2024-05-16 02:34:15,Success,3,,15,2024-05-16 02:34:00
LOG-2287,COMP-0008,WF-02,02_Tally_Ledger_Sync,Scheduled,2024-05-16 02:25:00,2024-05-16 02:25:45,Success,25,,45,2024-05-16 02:25:00
LOG-2288,COMP-0008,WF-03,03_Tally_Party_Sync,Scheduled,2024-05-16 02:11:00,2024-05-16 02:12:00,Success,15,,60,2024-05-16 02:11:00
LOG-2289,COMP-0008,WF-05,05_Tally_Sales_Voucher_Sync,Scheduled,2024-05-16 02:07:00,2024-05-16 02:09:30,Success,30,,150,2024-05-16 02:07:00
LOG-2290,COMP-0008,WF-09,09_Tally_Inventory_Sync,Scheduled,2024-05-16 02:38:00,2024-05-16 02:40:00,Success,50,,120,2024-05-16 02:38:00
LOG-2291,COMP-0009,WF-01,01_Tally_Company_Sync,Scheduled,2024-05-16 02:47:00,2024-05-16 02:47:15,Success,3,,15,2024-05-16 02:47:00
LOG-2292,COMP-0009,WF-02,02_Tally_Ledger_Sync,Scheduled,2024-05-16 02:44:00,2024-05-16 02:44:45,Success,25,,45,2024-05-16 02:44:00
LOG-2293,COMP-0009,WF-03,03_Tally_Party_Sync,Scheduled,2024-05-16 02:51:00,2024-05-16 02:52:00,Success,15,,60,2024-05-16 02:51:00
LOG-2294,COMP-0009,WF-05,05_Tally_Sales_Voucher_Sync,Scheduled,2024-05-16 02:30:00,2024-05-16 02:32:30,Success,30,,150,2024-05-16 02:30:00
LOG-2295,COMP-0009,WF-09,09_Tally_Inventory_Sync,Scheduled,2024-05-16 02:13:00,2024-05-16 02:15:00,Success,50,,120,2024-05-16 02:13:00
LOG-2296,COMP-0010,WF-01,01_Tally_Company_Sync,Scheduled,2024-05-16 02:51:00,2024-05-16 02:51:15,Failed,0,Connection timeout,0,2024-05-16 02:51:00
LOG-2297,COMP-0010,WF-02,02_Tally_Ledger_Sync,Scheduled,2024-05-16 02:05:00,2024-05-16 02:05:45,Success,25,,45,2024-05-16 02:05:00
LOG-2298,COMP-0010,WF-03,03_Tally_Party_Sync,Scheduled,2024-05-16 02:46:00,2024-05-16 02:47:00,Success,15,,60,2024-05-16 02:46:00
LOG-2299,COMP-0010,WF-05,05_Tally_Sales_Voucher_Sync,Scheduled,2024-05-16 02:13:00,2024-05-16 02:15:30,Success,30,,150,2024-05-16 02:13:00
LOG-2300,COMP-0010,WF-09,09_Tally_Inventory_Sync,Scheduled,2024-05-16 02:45:00,2024-05-16 02:47:00,Success,50,,120,2024-05-16 02:45:00
LOG-2301,COMP-0001,WF-01,01_Tally_Company_Sync,Scheduled,2024-05-17 02:01:00,2024-05-17 02:01:15,Success,3,,15,2024-05-17 02:01:00
LOG-2302,COMP-0001,WF-02,02_Tally_Ledger_Sync,Scheduled,2024-05-17 02:02:00,2024-05-17 02:02:45,Success,25,,45,2024-05-17 02:02:00
LOG-2303,COMP-0001,WF-03,03_Tally_Party_Sync,Scheduled,2024-05-17 02:56:00,2024-05-17 02:57:00,Success,15,,60,2024-05-17 02:56:00
LOG-2304,COMP-0001,WF-05,05_Tally_Sales_Voucher_Sync,Scheduled,2024-05-17 02:23:00,2024-05-17 02:25:30,Success,30,,150,2024-05-17 02:23:00
LOG-2305,COMP-0001,WF-09,09_Tally_Inventory_Sync,Scheduled,2024-05-17 02:55:00,2024-05-17 02:57:00,Success,50,,120,2024-05-17 02:55:00
LOG-2306,COMP-0002,WF-01,01_Tally_Company_Sync,Scheduled,2024-05-17 02:40:00,2024-05-17 02:40:15,Success,3,,15,2024-05-17 02:40:00
LOG-2307,COMP-0002,WF-02,02_Tally_Ledger_Sync,Scheduled,2024-05-17 02:13:00,2024-05-17 02:13:45,Success,25,,45,2024-05-17 02:13:00
LOG-2308,COMP-0002,WF-03,03_Tally_Party_Sync,Scheduled,2024-05-17 02:18:00,2024-05-17 02:19:00,Success,15,,60,2024-05-17 02:18:00
LOG-2309,COMP-0002,WF-05,05_Tally_Sales_Voucher_Sync,Scheduled,2024-05-17 02:29:00,2024-05-17 02:31:30,Success,30,,150,2024-05-17 02:29:00
LOG-2310,COMP-0002,WF-09,09_Tally_Inventory_Sync,Scheduled,2024-05-17 02:27:00,2024-05-17 02:29:00,Success,50,,120,2024-05-17 02:27:00
LOG-2311,COMP-0003,WF-01,01_Tally_Company_Sync,Scheduled,2024-05-17 02:50:00,2024-05-17 02:50:15,Success,3,,15,2024-05-17 02:50:00
LOG-2312,COMP-0003,WF-02,02_Tally_Ledger_Sync,Scheduled,2024-05-17 02:25:00,2024-05-17 02:25:45,Success,25,,45,2024-05-17 02:25:00
LOG-2313,COMP-0003,WF-03,03_Tally_Party_Sync,Scheduled,2024-05-17 02:47:00,2024-05-17 02:48:00,Success,15,,60,2024-05-17 02:47:00
LOG-2314,COMP-0003,WF-05,05_Tally_Sales_Voucher_Sync,Scheduled,2024-05-17 02:13:00,2024-05-17 02:15:30,Failed,0,Connection timeout,0,2024-05-17 02:13:00
LOG-2315,COMP-0003,WF-09,09_Tally_Inventory_Sync,Scheduled,2024-05-17 02:08:00,2024-05-17 02:10:00,Success,50,,120,2024-05-17 02:08:00
LOG-2316,COMP-0004,WF-01,01_Tally_Company_Sync,Scheduled,2024-05-17 02:12:00,2024-05-17 02:12:15,Success,3,,15,2024-05-17 02:12:00
LOG-2317,COMP-0004,WF-02,02_Tally_Ledger_Sync,Scheduled,2024-05-17 02:36:00,2024-05-17 02:36:45,Success,25,,45,2024-05-17 02:36:00
LOG-2318,COMP-0004,WF-03,03_Tally_Party_Sync,Scheduled,2024-05-17 02:16:00,2024-05-17 02:17:00,Success,15,,60,2024-05-17 02:16:00
LOG-2319,COMP-0004,WF-05,05_Tally_Sales_Voucher_Sync,Scheduled,2024-05-17 02:38:00,2024-05-17 02:40:30,Success,30,,150,2024-05-17 02:38:00
LOG-2320,COMP-0004,WF-09,09_Tally_Inventory_Sync,Scheduled,2024-05-17 02:03:00,2024-05-17 02:05:00,Success,50,,120,2024-05-17 02:03:00
LOG-2321,COMP-0005,WF-01,01_Tally_Company_Sync,Scheduled,2024-05-17 02:48:00,2024-05-17 02:48:15,Success,3,,15,2024-05-17 02:48:00
LOG-2322,COMP-0005,WF-02,02_Tally_Ledger_Sync,Scheduled,2024-05-17 02:52:00,2024-05-17 02:52:45,Success,25,,45,2024-05-17 02:52:00
LOG-2323,COMP-0005,WF-03,03_Tally_Party_Sync,Scheduled,2024-05-17 02:03:00,2024-05-17 02:04:00,Success,15,,60,2024-05-17 02:03:00
LOG-2324,COMP-0005,WF-05,05_Tally_Sales_Voucher_Sync,Scheduled,2024-05-17 02:01:00,2024-05-17 02:03:30,Success,30,,150,2024-05-17 02:01:00
LOG-2325,COMP-0005,WF-09,09_Tally_Inventory_Sync,Scheduled,2024-05-17 02:31:00,2024-05-17 02:33:00,Success,50,,120,2024-05-17 02:31:00
LOG-2326,COMP-0006,WF-01,01_Tally_Company_Sync,Scheduled,2024-05-17 02:30:00,2024-05-17 02:30:15,Success,3,,15,2024-05-17 02:30:00
LOG-2327,COMP-0006,WF-02,02_Tally_Ledger_Sync,Scheduled,2024-05-17 02:07:00,2024-05-17 02:07:45,Success,25,,45,2024-05-17 02:07:00
LOG-2328,COMP-0006,WF-03,03_Tally_Party_Sync,Scheduled,2024-05-17 02:38:00,2024-05-17 02:39:00,Success,15,,60,2024-05-17 02:38:00
LOG-2329,COMP-0006,WF-05,05_Tally_Sales_Voucher_Sync,Scheduled,2024-05-17 02:25:00,2024-05-17 02:27:30,Success,30,,150,2024-05-17 02:25:00
LOG-2330,COMP-0006,WF-09,09_Tally_Inventory_Sync,Scheduled,2024-05-17 02:33:00,2024-05-17 02:35:00,Success,50,,120,2024-05-17 02:33:00
LOG-2331,COMP-0007,WF-01,01_Tally_Company_Sync,Scheduled,2024-05-17 02:56:00,2024-05-17 02:56:15,Success,3,,15,2024-05-17 02:56:00
LOG-2332,COMP-0007,WF-02,02_Tally_Ledger_Sync,Scheduled,2024-05-17 02:36:00,2024-05-17 02:36:45,Success,25,,45,2024-05-17 02:36:00
LOG-2333,COMP-0007,WF-03,03_Tally_Party_Sync,Scheduled,2024-05-17 02:12:00,2024-05-17 02:13:00,Success,15,,60,2024-05-17 02:12:00
LOG-2334,COMP-0007,WF-05,05_Tally_Sales_Voucher_Sync,Scheduled,2024-05-17 02:15:00,2024-05-17 02:17:30,Success,30,,150,2024-05-17 02:15:00
LOG-2335,COMP-0007,WF-09,09_Tally_Inventory_Sync,Scheduled,2024-05-17 02:01:00,2024-05-17 02:03:00,Success,50,,120,2024-05-17 02:01:00
LOG-2336,COMP-0008,WF-01,01_Tally_Company_Sync,Scheduled,2024-05-17 02:16:00,2024-05-17 02:16:15,Success,3,,15,2024-05-17 02:16:00
LOG-2337,COMP-0008,WF-02,02_Tally_Ledger_Sync,Scheduled,2024-05-17 02:56:00,2024-05-17 02:56:45,Success,25,,45,2024-05-17 02:56:00
LOG-2338,COMP-0008,WF-03,03_Tally_Party_Sync,Scheduled,2024-05-17 02:55:00,2024-05-17 02:56:00,Success,15,,60,2024-05-17 02:55:00
LOG-2339,COMP-0008,WF-05,05_Tally_Sales_Voucher_Sync,Scheduled,2024-05-17 02:17:00,2024-05-17 02:19:30,Success,30,,150,2024-05-17 02:17:00
LOG-2340,COMP-0008,WF-09,09_Tally_Inventory_Sync,Scheduled,2024-05-17 02:30:00,2024-05-17 02:32:00,Success,50,,120,2024-05-17 02:30:00
LOG-2341,COMP-0009,WF-01,01_Tally_Company_Sync,Scheduled,2024-05-17 02:13:00,2024-05-17 02:13:15,Success,3,,15,2024-05-17 02:13:00
LOG-2342,COMP-0009,WF-02,02_Tally_Ledger_Sync,Scheduled,2024-05-17 02:01:00,2024-05-17 02:01:45,Success,25,,45,2024-05-17 02:01:00
LOG-2343,COMP-0009,WF-03,03_Tally_Party_Sync,Scheduled,2024-05-17 02:58:00,2024-05-17 02:59:00,Success,15,,60,2024-05-17 02:58:00
LOG-2344,COMP-0009,WF-05,05_Tally_Sales_Voucher_Sync,Scheduled,2024-05-17 02:48:00,2024-05-17 02:50:30,Success,30,,150,2024-05-17 02:48:00
LOG-2345,COMP-0009,WF-09,09_Tally_Inventory_Sync,Scheduled,2024-05-17 02:43:00,2024-05-17 02:45:00,Success,50,,120,2024-05-17 02:43:00
LOG-2346,COMP-0010,WF-01,01_Tally_Company_Sync,Scheduled,2024-05-17 02:02:00,2024-05-17 02:02:15,Success,3,,15,2024-05-17 02:02:00
LOG-2347,COMP-0010,WF-02,02_Tally_Ledger_Sync,Scheduled,2024-05-17 02:29:00,2024-05-17 02:29:45,Success,25,,45,2024-05-17 02:29:00
LOG-2348,COMP-0010,WF-03,03_Tally_Party_Sync,Scheduled,2024-05-17 02:25:00,2024-05-17 02:26:00,Failed,0,Connection timeout,0,2024-05-17 02:25:00
LOG-2349,COMP-0010,WF-05,05_Tally_Sales_Voucher_Sync,Scheduled,2024-05-17 02:30:00,2024-05-17 02:32:30,Success,30,,150,2024-05-17 02:30:00
LOG-2350,COMP-0010,WF-09,09_Tally_Inventory_Sync,Scheduled,2024-05-17 02:48:00,2024-05-17 02:50:00,Success,50,,120,2024-05-17 02:48:00
LOG-2351,COMP-0001,WF-01,01_Tally_Company_Sync,Scheduled,2024-05-18 02:30:00,2024-05-18 02:30:15,Success,3,,15,2024-05-18 02:30:00
LOG-2352,COMP-0001,WF-02,02_Tally_Ledger_Sync,Scheduled,2024-05-18 02:54:00,2024-05-18 02:54:45,Failed,0,Connection timeout,0,2024-05-18 02:54:00
LOG-2353,COMP-0001,WF-03,03_Tally_Party_Sync,Scheduled,2024-05-18 02:34:00,2024-05-18 02:35:00,Success,15,,60,2024-05-18 02:34:00
LOG-2354,COMP-0001,WF-05,05_Tally_Sales_Voucher_Sync,Scheduled,2024-05-18 02:07:00,2024-05-18 02:09:30,Success,30,,150,2024-05-18 02:07:00
LOG-2355,COMP-0001,WF-09,09_Tally_Inventory_Sync,Scheduled,2024-05-18 02:38:00,2024-05-18 02:40:00,Success,50,,120,2024-05-18 02:38:00
LOG-2356,COMP-0002,WF-01,01_Tally_Company_Sync,Scheduled,2024-05-18 02:56:00,2024-05-18 02:56:15,Success,3,,15,2024-05-18 02:56:00
LOG-2357,COMP-0002,WF-02,02_Tally_Ledger_Sync,Scheduled,2024-05-18 02:59:00,2024-05-18 02:59:45,Success,25,,45,2024-05-18 02:59:00
LOG-2358,COMP-0002,WF-03,03_Tally_Party_Sync,Scheduled,2024-05-18 02:13:00,2024-05-18 02:14:00,Failed,0,Connection timeout,0,2024-05-18 02:13:00
LOG-2359,COMP-0002,WF-05,05_Tally_Sales_Voucher_Sync,Scheduled,2024-05-18 02:08:00,2024-05-18 02:10:30,Success,30,,150,2024-05-18 02:08:00
LOG-2360,COMP-0002,WF-09,09_Tally_Inventory_Sync,Scheduled,2024-05-18 02:29:00,2024-05-18 02:31:00,Success,50,,120,2024-05-18 02:29:00
LOG-2361,COMP-0003,WF-01,01_Tally_Company_Sync,Scheduled,2024-05-18 02:38:00,2024-05-18 02:38:15,Success,3,,15,2024-05-18 02:38:00
LOG-2362,COMP-0003,WF-02,02_Tally_Ledger_Sync,Scheduled,2024-05-18 02:33:00,2024-05-18 02:33:45,Success,25,,45,2024-05-18 02:33:00
LOG-2363,COMP-0003,WF-03,03_Tally_Party_Sync,Scheduled,2024-05-18 02:43:00,2024-05-18 02:44:00,Success,15,,60,2024-05-18 02:43:00
LOG-2364,COMP-0003,WF-05,05_Tally_Sales_Voucher_Sync,Scheduled,2024-05-18 02:47:00,2024-05-18 02:49:30,Success,30,,150,2024-05-18 02:47:00
LOG-2365,COMP-0003,WF-09,09_Tally_Inventory_Sync,Scheduled,2024-05-18 02:58:00,2024-05-18 03:00:00,Success,50,,120,2024-05-18 02:58:00
LOG-2366,COMP-0004,WF-01,01_Tally_Company_Sync,Scheduled,2024-05-18 02:31:00,2024-05-18 02:31:15,Success,3,,15,2024-05-18 02:31:00
LOG-2367,COMP-0004,WF-02,02_Tally_Ledger_Sync,Scheduled,2024-05-18 02:32:00,2024-05-18 02:32:45,Success,25,,45,2024-05-18 02:32:00
LOG-2368,COMP-0004,WF-03,03_Tally_Party_Sync,Scheduled,2024-05-18 02:21:00,2024-05-18 02:22:00,Success,15,,60,2024-05-18 02:21:00
LOG-2369,COMP-0004,WF-05,05_Tally_Sales_Voucher_Sync,Scheduled,2024-05-18 02:32:00,2024-05-18 02:34:30,Success,30,,150,2024-05-18 02:32:00
LOG-2370,COMP-0004,WF-09,09_Tally_Inventory_Sync,Scheduled,2024-05-18 02:00:00,2024-05-18 02:02:00,Success,50,,120,2024-05-18 02:00:00
LOG-2371,COMP-0005,WF-01,01_Tally_Company_Sync,Scheduled,2024-05-18 02:04:00,2024-05-18 02:04:15,Success,3,,15,2024-05-18 02:04:00
LOG-2372,COMP-0005,WF-02,02_Tally_Ledger_Sync,Scheduled,2024-05-18 02:40:00,2024-05-18 02:40:45,Success,25,,45,2024-05-18 02:40:00
LOG-2373,COMP-0005,WF-03,03_Tally_Party_Sync,Scheduled,2024-05-18 02:25:00,2024-05-18 02:26:00,Success,15,,60,2024-05-18 02:25:00
LOG-2374,COMP-0005,WF-05,05_Tally_Sales_Voucher_Sync,Scheduled,2024-05-18 02:23:00,2024-05-18 02:25:30,Success,30,,150,2024-05-18 02:23:00
LOG-2375,COMP-0005,WF-09,09_Tally_Inventory_Sync,Scheduled,2024-05-18 02:01:00,2024-05-18 02:03:00,Success,50,,120,2024-05-18 02:01:00
LOG-2376,COMP-0006,WF-01,01_Tally_Company_Sync,Scheduled,2024-05-18 02:17:00,2024-05-18 02:17:15,Success,3,,15,2024-05-18 02:17:00
LOG-2377,COMP-0006,WF-02,02_Tally_Ledger_Sync,Scheduled,2024-05-18 02:02:00,2024-05-18 02:02:45,Failed,0,Connection timeout,0,2024-05-18 02:02:00
LOG-2378,COMP-0006,WF-03,03_Tally_Party_Sync,Scheduled,2024-05-18 02:33:00,2024-05-18 02:34:00,Success,15,,60,2024-05-18 02:33:00
LOG-2379,COMP-0006,WF-05,05_Tally_Sales_Voucher_Sync,Scheduled,2024-05-18 02:34:00,2024-05-18 02:36:30,Success,30,,150,2024-05-18 02:34:00
LOG-2380,COMP-0006,WF-09,09_Tally_Inventory_Sync,Scheduled,2024-05-18 02:19:00,2024-05-18 02:21:00,Success,50,,120,2024-05-18 02:19:00
LOG-2381,COMP-0007,WF-01,01_Tally_Company_Sync,Scheduled,2024-05-18 02:46:00,2024-05-18 02:46:15,Success,3,,15,2024-05-18 02:46:00
LOG-2382,COMP-0007,WF-02,02_Tally_Ledger_Sync,Scheduled,2024-05-18 02:12:00,2024-05-18 02:12:45,Success,25,,45,2024-05-18 02:12:00
LOG-2383,COMP-0007,WF-03,03_Tally_Party_Sync,Scheduled,2024-05-18 02:14:00,2024-05-18 02:15:00,Success,15,,60,2024-05-18 02:14:00
LOG-2384,COMP-0007,WF-05,05_Tally_Sales_Voucher_Sync,Scheduled,2024-05-18 02:53:00,2024-05-18 02:55:30,Success,30,,150,2024-05-18 02:53:00
LOG-2385,COMP-0007,WF-09,09_Tally_Inventory_Sync,Scheduled,2024-05-18 02:29:00,2024-05-18 02:31:00,Success,50,,120,2024-05-18 02:29:00
LOG-2386,COMP-0008,WF-01,01_Tally_Company_Sync,Scheduled,2024-05-18 02:59:00,2024-05-18 02:59:15,Success,3,,15,2024-05-18 02:59:00
LOG-2387,COMP-0008,WF-02,02_Tally_Ledger_Sync,Scheduled,2024-05-18 02:42:00,2024-05-18 02:42:45,Success,25,,45,2024-05-18 02:42:00
LOG-2388,COMP-0008,WF-03,03_Tally_Party_Sync,Scheduled,2024-05-18 02:43:00,2024-05-18 02:44:00,Success,15,,60,2024-05-18 02:43:00
LOG-2389,COMP-0008,WF-05,05_Tally_Sales_Voucher_Sync,Scheduled,2024-05-18 02:18:00,2024-05-18 02:20:30,Failed,0,Connection timeout,0,2024-05-18 02:18:00
LOG-2390,COMP-0008,WF-09,09_Tally_Inventory_Sync,Scheduled,2024-05-18 02:39:00,2024-05-18 02:41:00,Success,50,,120,2024-05-18 02:39:00
LOG-2391,COMP-0009,WF-01,01_Tally_Company_Sync,Scheduled,2024-05-18 02:11:00,2024-05-18 02:11:15,Success,3,,15,2024-05-18 02:11:00
LOG-2392,COMP-0009,WF-02,02_Tally_Ledger_Sync,Scheduled,2024-05-18 02:39:00,2024-05-18 02:39:45,Success,25,,45,2024-05-18 02:39:00
LOG-2393,COMP-0009,WF-03,03_Tally_Party_Sync,Scheduled,2024-05-18 02:07:00,2024-05-18 02:08:00,Failed,0,Connection timeout,0,2024-05-18 02:07:00
LOG-2394,COMP-0009,WF-05,05_Tally_Sales_Voucher_Sync,Scheduled,2024-05-18 02:35:00,2024-05-18 02:37:30,Success,30,,150,2024-05-18 02:35:00
LOG-2395,COMP-0009,WF-09,09_Tally_Inventory_Sync,Scheduled,2024-05-18 02:32:00,2024-05-18 02:34:00,Success,50,,120,2024-05-18 02:32:00
LOG-2396,COMP-0010,WF-01,01_Tally_Company_Sync,Scheduled,2024-05-18 02:42:00,2024-05-18 02:42:15,Success,3,,15,2024-05-18 02:42:00
LOG-2397,COMP-0010,WF-02,02_Tally_Ledger_Sync,Scheduled,2024-05-18 02:51:00,2024-05-18 02:51:45,Success,25,,45,2024-05-18 02:51:00
LOG-2398,COMP-0010,WF-03,03_Tally_Party_Sync,Scheduled,2024-05-18 02:15:00,2024-05-18 02:16:00,Success,15,,60,2024-05-18 02:15:00
LOG-2399,COMP-0010,WF-05,05_Tally_Sales_Voucher_Sync,Scheduled,2024-05-18 02:05:00,2024-05-18 02:07:30,Success,30,,150,2024-05-18 02:05:00
LOG-2400,COMP-0010,WF-09,09_Tally_Inventory_Sync,Scheduled,2024-05-18 02:47:00,2024-05-18 02:49:00,Success,50,,120,2024-05-18 02:47:00
LOG-2401,COMP-0001,WF-01,01_Tally_Company_Sync,Scheduled,2024-05-19 02:47:00,2024-05-19 02:47:15,Success,3,,15,2024-05-19 02:47:00
LOG-2402,COMP-0001,WF-02,02_Tally_Ledger_Sync,Scheduled,2024-05-19 02:53:00,2024-05-19 02:53:45,Success,25,,45,2024-05-19 02:53:00
LOG-2403,COMP-0001,WF-03,03_Tally_Party_Sync,Scheduled,2024-05-19 02:16:00,2024-05-19 02:17:00,Success,15,,60,2024-05-19 02:16:00
LOG-2404,COMP-0001,WF-05,05_Tally_Sales_Voucher_Sync,Scheduled,2024-05-19 02:56:00,2024-05-19 02:58:30,Success,30,,150,2024-05-19 02:56:00
LOG-2405,COMP-0001,WF-09,09_Tally_Inventory_Sync,Scheduled,2024-05-19 02:35:00,2024-05-19 02:37:00,Failed,0,Connection timeout,0,2024-05-19 02:35:00
LOG-2406,COMP-0002,WF-01,01_Tally_Company_Sync,Scheduled,2024-05-19 02:57:00,2024-05-19 02:57:15,Success,3,,15,2024-05-19 02:57:00
LOG-2407,COMP-0002,WF-02,02_Tally_Ledger_Sync,Scheduled,2024-05-19 02:47:00,2024-05-19 02:47:45,Success,25,,45,2024-05-19 02:47:00
LOG-2408,COMP-0002,WF-03,03_Tally_Party_Sync,Scheduled,2024-05-19 02:01:00,2024-05-19 02:02:00,Success,15,,60,2024-05-19 02:01:00
LOG-2409,COMP-0002,WF-05,05_Tally_Sales_Voucher_Sync,Scheduled,2024-05-19 02:11:00,2024-05-19 02:13:30,Success,30,,150,2024-05-19 02:11:00
LOG-2410,COMP-0002,WF-09,09_Tally_Inventory_Sync,Scheduled,2024-05-19 02:02:00,2024-05-19 02:04:00,Success,50,,120,2024-05-19 02:02:00
LOG-2411,COMP-0003,WF-01,01_Tally_Company_Sync,Scheduled,2024-05-19 02:56:00,2024-05-19 02:56:15,Success,3,,15,2024-05-19 02:56:00
LOG-2412,COMP-0003,WF-02,02_Tally_Ledger_Sync,Scheduled,2024-05-19 02:00:00,2024-05-19 02:00:45,Success,25,,45,2024-05-19 02:00:00
LOG-2413,COMP-0003,WF-03,03_Tally_Party_Sync,Scheduled,2024-05-19 02:52:00,2024-05-19 02:53:00,Success,15,,60,2024-05-19 02:52:00
LOG-2414,COMP-0003,WF-05,05_Tally_Sales_Voucher_Sync,Scheduled,2024-05-19 02:27:00,2024-05-19 02:29:30,Success,30,,150,2024-05-19 02:27:00
LOG-2415,COMP-0003,WF-09,09_Tally_Inventory_Sync,Scheduled,2024-05-19 02:49:00,2024-05-19 02:51:00,Success,50,,120,2024-05-19 02:49:00
LOG-2416,COMP-0004,WF-01,01_Tally_Company_Sync,Scheduled,2024-05-19 02:47:00,2024-05-19 02:47:15,Failed,0,Connection timeout,0,2024-05-19 02:47:00
LOG-2417,COMP-0004,WF-02,02_Tally_Ledger_Sync,Scheduled,2024-05-19 02:13:00,2024-05-19 02:13:45,Success,25,,45,2024-05-19 02:13:00
LOG-2418,COMP-0004,WF-03,03_Tally_Party_Sync,Scheduled,2024-05-19 02:41:00,2024-05-19 02:42:00,Success,15,,60,2024-05-19 02:41:00
LOG-2419,COMP-0004,WF-05,05_Tally_Sales_Voucher_Sync,Scheduled,2024-05-19 02:08:00,2024-05-19 02:10:30,Failed,0,Connection timeout,0,2024-05-19 02:08:00
LOG-2420,COMP-0004,WF-09,09_Tally_Inventory_Sync,Scheduled,2024-05-19 02:38:00,2024-05-19 02:40:00,Success,50,,120,2024-05-19 02:38:00
LOG-2421,COMP-0005,WF-01,01_Tally_Company_Sync,Scheduled,2024-05-19 02:25:00,2024-05-19 02:25:15,Success,3,,15,2024-05-19 02:25:00
LOG-2422,COMP-0005,WF-02,02_Tally_Ledger_Sync,Scheduled,2024-05-19 02:14:00,2024-05-19 02:14:45,Success,25,,45,2024-05-19 02:14:00
LOG-2423,COMP-0005,WF-03,03_Tally_Party_Sync,Scheduled,2024-05-19 02:38:00,2024-05-19 02:39:00,Failed,0,Connection timeout,0,2024-05-19 02:38:00
LOG-2424,COMP-0005,WF-05,05_Tally_Sales_Voucher_Sync,Scheduled,2024-05-19 02:10:00,2024-05-19 02:12:30,Success,30,,150,2024-05-19 02:10:00
LOG-2425,COMP-0005,WF-09,09_Tally_Inventory_Sync,Scheduled,2024-05-19 02:22:00,2024-05-19 02:24:00,Success,50,,120,2024-05-19 02:22:00
LOG-2426,COMP-0006,WF-01,01_Tally_Company_Sync,Scheduled,2024-05-19 02:25:00,2024-05-19 02:25:15,Success,3,,15,2024-05-19 02:25:00
LOG-2427,COMP-0006,WF-02,02_Tally_Ledger_Sync,Scheduled,2024-05-19 02:00:00,2024-05-19 02:00:45,Success,25,,45,2024-05-19 02:00:00
LOG-2428,COMP-0006,WF-03,03_Tally_Party_Sync,Scheduled,2024-05-19 02:01:00,2024-05-19 02:02:00,Success,15,,60,2024-05-19 02:01:00
LOG-2429,COMP-0006,WF-05,05_Tally_Sales_Voucher_Sync,Scheduled,2024-05-19 02:41:00,2024-05-19 02:43:30,Success,30,,150,2024-05-19 02:41:00
LOG-2430,COMP-0006,WF-09,09_Tally_Inventory_Sync,Scheduled,2024-05-19 02:51:00,2024-05-19 02:53:00,Success,50,,120,2024-05-19 02:51:00
LOG-2431,COMP-0007,WF-01,01_Tally_Company_Sync,Scheduled,2024-05-19 02:51:00,2024-05-19 02:51:15,Success,3,,15,2024-05-19 02:51:00
LOG-2432,COMP-0007,WF-02,02_Tally_Ledger_Sync,Scheduled,2024-05-19 02:03:00,2024-05-19 02:03:45,Success,25,,45,2024-05-19 02:03:00
LOG-2433,COMP-0007,WF-03,03_Tally_Party_Sync,Scheduled,2024-05-19 02:43:00,2024-05-19 02:44:00,Success,15,,60,2024-05-19 02:43:00
LOG-2434,COMP-0007,WF-05,05_Tally_Sales_Voucher_Sync,Scheduled,2024-05-19 02:59:00,2024-05-19 03:01:30,Success,30,,150,2024-05-19 02:59:00
LOG-2435,COMP-0007,WF-09,09_Tally_Inventory_Sync,Scheduled,2024-05-19 02:07:00,2024-05-19 02:09:00,Success,50,,120,2024-05-19 02:07:00
LOG-2436,COMP-0008,WF-01,01_Tally_Company_Sync,Scheduled,2024-05-19 02:40:00,2024-05-19 02:40:15,Success,3,,15,2024-05-19 02:40:00
LOG-2437,COMP-0008,WF-02,02_Tally_Ledger_Sync,Scheduled,2024-05-19 02:13:00,2024-05-19 02:13:45,Success,25,,45,2024-05-19 02:13:00
LOG-2438,COMP-0008,WF-03,03_Tally_Party_Sync,Scheduled,2024-05-19 02:58:00,2024-05-19 02:59:00,Failed,0,Connection timeout,0,2024-05-19 02:58:00
LOG-2439,COMP-0008,WF-05,05_Tally_Sales_Voucher_Sync,Scheduled,2024-05-19 02:01:00,2024-05-19 02:03:30,Success,30,,150,2024-05-19 02:01:00
LOG-2440,COMP-0008,WF-09,09_Tally_Inventory_Sync,Scheduled,2024-05-19 02:12:00,2024-05-19 02:14:00,Success,50,,120,2024-05-19 02:12:00
LOG-2441,COMP-0009,WF-01,01_Tally_Company_Sync,Scheduled,2024-05-19 02:34:00,2024-05-19 02:34:15,Failed,0,Connection timeout,0,2024-05-19 02:34:00
LOG-2442,COMP-0009,WF-02,02_Tally_Ledger_Sync,Scheduled,2024-05-19 02:02:00,2024-05-19 02:02:45,Success,25,,45,2024-05-19 02:02:00
LOG-2443,COMP-0009,WF-03,03_Tally_Party_Sync,Scheduled,2024-05-19 02:44:00,2024-05-19 02:45:00,Success,15,,60,2024-05-19 02:44:00
LOG-2444,COMP-0009,WF-05,05_Tally_Sales_Voucher_Sync,Scheduled,2024-05-19 02:59:00,2024-05-19 03:01:30,Success,30,,150,2024-05-19 02:59:00
LOG-2445,COMP-0009,WF-09,09_Tally_Inventory_Sync,Scheduled,2024-05-19 02:51:00,2024-05-19 02:53:00,Success,50,,120,2024-05-19 02:51:00
LOG-2446,COMP-0010,WF-01,01_Tally_Company_Sync,Scheduled,2024-05-19 02:19:00,2024-05-19 02:19:15,Success,3,,15,2024-05-19 02:19:00
LOG-2447,COMP-0010,WF-02,02_Tally_Ledger_Sync,Scheduled,2024-05-19 02:07:00,2024-05-19 02:07:45,Success,25,,45,2024-05-19 02:07:00
LOG-2448,COMP-0010,WF-03,03_Tally_Party_Sync,Scheduled,2024-05-19 02:02:00,2024-05-19 02:03:00,Success,15,,60,2024-05-19 02:02:00
LOG-2449,COMP-0010,WF-05,05_Tally_Sales_Voucher_Sync,Scheduled,2024-05-19 02:58:00,2024-05-19 03:00:30,Success,30,,150,2024-05-19 02:58:00
LOG-2450,COMP-0010,WF-09,09_Tally_Inventory_Sync,Scheduled,2024-05-19 02:58:00,2024-05-19 03:00:00,Success,50,,120,2024-05-19 02:58:00
LOG-2451,COMP-0001,WF-01,01_Tally_Company_Sync,Scheduled,2024-05-20 02:19:00,2024-05-20 02:19:15,Success,3,,15,2024-05-20 02:19:00
LOG-2452,COMP-0001,WF-02,02_Tally_Ledger_Sync,Scheduled,2024-05-20 02:45:00,2024-05-20 02:45:45,Success,25,,45,2024-05-20 02:45:00
LOG-2453,COMP-0001,WF-03,03_Tally_Party_Sync,Scheduled,2024-05-20 02:58:00,2024-05-20 02:59:00,Success,15,,60,2024-05-20 02:58:00
LOG-2454,COMP-0001,WF-05,05_Tally_Sales_Voucher_Sync,Scheduled,2024-05-20 02:28:00,2024-05-20 02:30:30,Success,30,,150,2024-05-20 02:28:00
LOG-2455,COMP-0001,WF-09,09_Tally_Inventory_Sync,Scheduled,2024-05-20 02:31:00,2024-05-20 02:33:00,Success,50,,120,2024-05-20 02:31:00
LOG-2456,COMP-0002,WF-01,01_Tally_Company_Sync,Scheduled,2024-05-20 02:56:00,2024-05-20 02:56:15,Success,3,,15,2024-05-20 02:56:00
LOG-2457,COMP-0002,WF-02,02_Tally_Ledger_Sync,Scheduled,2024-05-20 02:51:00,2024-05-20 02:51:45,Success,25,,45,2024-05-20 02:51:00
LOG-2458,COMP-0002,WF-03,03_Tally_Party_Sync,Scheduled,2024-05-20 02:47:00,2024-05-20 02:48:00,Success,15,,60,2024-05-20 02:47:00
LOG-2459,COMP-0002,WF-05,05_Tally_Sales_Voucher_Sync,Scheduled,2024-05-20 02:53:00,2024-05-20 02:55:30,Success,30,,150,2024-05-20 02:53:00
LOG-2460,COMP-0002,WF-09,09_Tally_Inventory_Sync,Scheduled,2024-05-20 02:40:00,2024-05-20 02:42:00,Success,50,,120,2024-05-20 02:40:00
LOG-2461,COMP-0003,WF-01,01_Tally_Company_Sync,Scheduled,2024-05-20 02:15:00,2024-05-20 02:15:15,Success,3,,15,2024-05-20 02:15:00
LOG-2462,COMP-0003,WF-02,02_Tally_Ledger_Sync,Scheduled,2024-05-20 02:06:00,2024-05-20 02:06:45,Success,25,,45,2024-05-20 02:06:00
LOG-2463,COMP-0003,WF-03,03_Tally_Party_Sync,Scheduled,2024-05-20 02:05:00,2024-05-20 02:06:00,Success,15,,60,2024-05-20 02:05:00
LOG-2464,COMP-0003,WF-05,05_Tally_Sales_Voucher_Sync,Scheduled,2024-05-20 02:31:00,2024-05-20 02:33:30,Success,30,,150,2024-05-20 02:31:00
LOG-2465,COMP-0003,WF-09,09_Tally_Inventory_Sync,Scheduled,2024-05-20 02:43:00,2024-05-20 02:45:00,Success,50,,120,2024-05-20 02:43:00
LOG-2466,COMP-0004,WF-01,01_Tally_Company_Sync,Scheduled,2024-05-20 02:32:00,2024-05-20 02:32:15,Success,3,,15,2024-05-20 02:32:00
LOG-2467,COMP-0004,WF-02,02_Tally_Ledger_Sync,Scheduled,2024-05-20 02:27:00,2024-05-20 02:27:45,Success,25,,45,2024-05-20 02:27:00
LOG-2468,COMP-0004,WF-03,03_Tally_Party_Sync,Scheduled,2024-05-20 02:54:00,2024-05-20 02:55:00,Success,15,,60,2024-05-20 02:54:00
LOG-2469,COMP-0004,WF-05,05_Tally_Sales_Voucher_Sync,Scheduled,2024-05-20 02:22:00,2024-05-20 02:24:30,Success,30,,150,2024-05-20 02:22:00
LOG-2470,COMP-0004,WF-09,09_Tally_Inventory_Sync,Scheduled,2024-05-20 02:06:00,2024-05-20 02:08:00,Success,50,,120,2024-05-20 02:06:00
LOG-2471,COMP-0005,WF-01,01_Tally_Company_Sync,Scheduled,2024-05-20 02:11:00,2024-05-20 02:11:15,Success,3,,15,2024-05-20 02:11:00
LOG-2472,COMP-0005,WF-02,02_Tally_Ledger_Sync,Scheduled,2024-05-20 02:23:00,2024-05-20 02:23:45,Success,25,,45,2024-05-20 02:23:00
LOG-2473,COMP-0005,WF-03,03_Tally_Party_Sync,Scheduled,2024-05-20 02:43:00,2024-05-20 02:44:00,Success,15,,60,2024-05-20 02:43:00
LOG-2474,COMP-0005,WF-05,05_Tally_Sales_Voucher_Sync,Scheduled,2024-05-20 02:33:00,2024-05-20 02:35:30,Success,30,,150,2024-05-20 02:33:00
LOG-2475,COMP-0005,WF-09,09_Tally_Inventory_Sync,Scheduled,2024-05-20 02:42:00,2024-05-20 02:44:00,Success,50,,120,2024-05-20 02:42:00
LOG-2476,COMP-0006,WF-01,01_Tally_Company_Sync,Scheduled,2024-05-20 02:21:00,2024-05-20 02:21:15,Success,3,,15,2024-05-20 02:21:00
LOG-2477,COMP-0006,WF-02,02_Tally_Ledger_Sync,Scheduled,2024-05-20 02:37:00,2024-05-20 02:37:45,Success,25,,45,2024-05-20 02:37:00
LOG-2478,COMP-0006,WF-03,03_Tally_Party_Sync,Scheduled,2024-05-20 02:03:00,2024-05-20 02:04:00,Failed,0,Connection timeout,0,2024-05-20 02:03:00
LOG-2479,COMP-0006,WF-05,05_Tally_Sales_Voucher_Sync,Scheduled,2024-05-20 02:07:00,2024-05-20 02:09:30,Success,30,,150,2024-05-20 02:07:00
LOG-2480,COMP-0006,WF-09,09_Tally_Inventory_Sync,Scheduled,2024-05-20 02:46:00,2024-05-20 02:48:00,Success,50,,120,2024-05-20 02:46:00
LOG-2481,COMP-0007,WF-01,01_Tally_Company_Sync,Scheduled,2024-05-20 02:53:00,2024-05-20 02:53:15,Success,3,,15,2024-05-20 02:53:00
LOG-2482,COMP-0007,WF-02,02_Tally_Ledger_Sync,Scheduled,2024-05-20 02:54:00,2024-05-20 02:54:45,Success,25,,45,2024-05-20 02:54:00
LOG-2483,COMP-0007,WF-03,03_Tally_Party_Sync,Scheduled,2024-05-20 02:47:00,2024-05-20 02:48:00,Success,15,,60,2024-05-20 02:47:00
LOG-2484,COMP-0007,WF-05,05_Tally_Sales_Voucher_Sync,Scheduled,2024-05-20 02:24:00,2024-05-20 02:26:30,Success,30,,150,2024-05-20 02:24:00
LOG-2485,COMP-0007,WF-09,09_Tally_Inventory_Sync,Scheduled,2024-05-20 02:51:00,2024-05-20 02:53:00,Success,50,,120,2024-05-20 02:51:00
LOG-2486,COMP-0008,WF-01,01_Tally_Company_Sync,Scheduled,2024-05-20 02:52:00,2024-05-20 02:52:15,Success,3,,15,2024-05-20 02:52:00
LOG-2487,COMP-0008,WF-02,02_Tally_Ledger_Sync,Scheduled,2024-05-20 02:18:00,2024-05-20 02:18:45,Success,25,,45,2024-05-20 02:18:00
LOG-2488,COMP-0008,WF-03,03_Tally_Party_Sync,Scheduled,2024-05-20 02:18:00,2024-05-20 02:19:00,Success,15,,60,2024-05-20 02:18:00
LOG-2489,COMP-0008,WF-05,05_Tally_Sales_Voucher_Sync,Scheduled,2024-05-20 02:07:00,2024-05-20 02:09:30,Success,30,,150,2024-05-20 02:07:00
LOG-2490,COMP-0008,WF-09,09_Tally_Inventory_Sync,Scheduled,2024-05-20 02:54:00,2024-05-20 02:56:00,Success,50,,120,2024-05-20 02:54:00
LOG-2491,COMP-0009,WF-01,01_Tally_Company_Sync,Scheduled,2024-05-20 02:01:00,2024-05-20 02:01:15,Success,3,,15,2024-05-20 02:01:00
LOG-2492,COMP-0009,WF-02,02_Tally_Ledger_Sync,Scheduled,2024-05-20 02:08:00,2024-05-20 02:08:45,Success,25,,45,2024-05-20 02:08:00
LOG-2493,COMP-0009,WF-03,03_Tally_Party_Sync,Scheduled,2024-05-20 02:18:00,2024-05-20 02:19:00,Success,15,,60,2024-05-20 02:18:00
LOG-2494,COMP-0009,WF-05,05_Tally_Sales_Voucher_Sync,Scheduled,2024-05-20 02:18:00,2024-05-20 02:20:30,Success,30,,150,2024-05-20 02:18:00
LOG-2495,COMP-0009,WF-09,09_Tally_Inventory_Sync,Scheduled,2024-05-20 02:58:00,2024-05-20 03:00:00,Failed,0,Connection timeout,0,2024-05-20 02:58:00
LOG-2496,COMP-0010,WF-01,01_Tally_Company_Sync,Scheduled,2024-05-20 02:28:00,2024-05-20 02:28:15,Success,3,,15,2024-05-20 02:28:00
LOG-2497,COMP-0010,WF-02,02_Tally_Ledger_Sync,Scheduled,2024-05-20 02:26:00,2024-05-20 02:26:45,Success,25,,45,2024-05-20 02:26:00
LOG-2498,COMP-0010,WF-03,03_Tally_Party_Sync,Scheduled,2024-05-20 02:23:00,2024-05-20 02:24:00,Success,15,,60,2024-05-20 02:23:00
LOG-2499,COMP-0010,WF-05,05_Tally_Sales_Voucher_Sync,Scheduled,2024-05-20 02:22:00,2024-05-20 02:24:30,Success,30,,150,2024-05-20 02:22:00
LOG-2500,COMP-0010,WF-09,09_Tally_Inventory_Sync,Scheduled,2024-05-20 02:51:00,2024-05-20 02:53:00,Success,50,,120,2024-05-20 02:51:00
LOG-2501,COMP-0001,WF-01,01_Tally_Company_Sync,Scheduled,2024-05-21 02:13:00,2024-05-21 02:13:15,Success,3,,15,2024-05-21 02:13:00
LOG-2502,COMP-0001,WF-02,02_Tally_Ledger_Sync,Scheduled,2024-05-21 02:21:00,2024-05-21 02:21:45,Success,25,,45,2024-05-21 02:21:00
LOG-2503,COMP-0001,WF-03,03_Tally_Party_Sync,Scheduled,2024-05-21 02:04:00,2024-05-21 02:05:00,Success,15,,60,2024-05-21 02:04:00
LOG-2504,COMP-0001,WF-05,05_Tally_Sales_Voucher_Sync,Scheduled,2024-05-21 02:32:00,2024-05-21 02:34:30,Success,30,,150,2024-05-21 02:32:00
LOG-2505,COMP-0001,WF-09,09_Tally_Inventory_Sync,Scheduled,2024-05-21 02:08:00,2024-05-21 02:10:00,Success,50,,120,2024-05-21 02:08:00
LOG-2506,COMP-0002,WF-01,01_Tally_Company_Sync,Scheduled,2024-05-21 02:28:00,2024-05-21 02:28:15,Success,3,,15,2024-05-21 02:28:00
LOG-2507,COMP-0002,WF-02,02_Tally_Ledger_Sync,Scheduled,2024-05-21 02:21:00,2024-05-21 02:21:45,Success,25,,45,2024-05-21 02:21:00
LOG-2508,COMP-0002,WF-03,03_Tally_Party_Sync,Scheduled,2024-05-21 02:49:00,2024-05-21 02:50:00,Success,15,,60,2024-05-21 02:49:00
LOG-2509,COMP-0002,WF-05,05_Tally_Sales_Voucher_Sync,Scheduled,2024-05-21 02:40:00,2024-05-21 02:42:30,Success,30,,150,2024-05-21 02:40:00
LOG-2510,COMP-0002,WF-09,09_Tally_Inventory_Sync,Scheduled,2024-05-21 02:31:00,2024-05-21 02:33:00,Success,50,,120,2024-05-21 02:31:00
LOG-2511,COMP-0003,WF-01,01_Tally_Company_Sync,Scheduled,2024-05-21 02:36:00,2024-05-21 02:36:15,Success,3,,15,2024-05-21 02:36:00
LOG-2512,COMP-0003,WF-02,02_Tally_Ledger_Sync,Scheduled,2024-05-21 02:23:00,2024-05-21 02:23:45,Success,25,,45,2024-05-21 02:23:00
LOG-2513,COMP-0003,WF-03,03_Tally_Party_Sync,Scheduled,2024-05-21 02:45:00,2024-05-21 02:46:00,Success,15,,60,2024-05-21 02:45:00
LOG-2514,COMP-0003,WF-05,05_Tally_Sales_Voucher_Sync,Scheduled,2024-05-21 02:13:00,2024-05-21 02:15:30,Success,30,,150,2024-05-21 02:13:00
LOG-2515,COMP-0003,WF-09,09_Tally_Inventory_Sync,Scheduled,2024-05-21 02:09:00,2024-05-21 02:11:00,Success,50,,120,2024-05-21 02:09:00
LOG-2516,COMP-0004,WF-01,01_Tally_Company_Sync,Scheduled,2024-05-21 02:47:00,2024-05-21 02:47:15,Success,3,,15,2024-05-21 02:47:00
LOG-2517,COMP-0004,WF-02,02_Tally_Ledger_Sync,Scheduled,2024-05-21 02:51:00,2024-05-21 02:51:45,Success,25,,45,2024-05-21 02:51:00
LOG-2518,COMP-0004,WF-03,03_Tally_Party_Sync,Scheduled,2024-05-21 02:38:00,2024-05-21 02:39:00,Success,15,,60,2024-05-21 02:38:00
LOG-2519,COMP-0004,WF-05,05_Tally_Sales_Voucher_Sync,Scheduled,2024-05-21 02:02:00,2024-05-21 02:04:30,Success,30,,150,2024-05-21 02:02:00
LOG-2520,COMP-0004,WF-09,09_Tally_Inventory_Sync,Scheduled,2024-05-21 02:03:00,2024-05-21 02:05:00,Failed,0,Connection timeout,0,2024-05-21 02:03:00
LOG-2521,COMP-0005,WF-01,01_Tally_Company_Sync,Scheduled,2024-05-21 02:55:00,2024-05-21 02:55:15,Success,3,,15,2024-05-21 02:55:00
LOG-2522,COMP-0005,WF-02,02_Tally_Ledger_Sync,Scheduled,2024-05-21 02:23:00,2024-05-21 02:23:45,Success,25,,45,2024-05-21 02:23:00
LOG-2523,COMP-0005,WF-03,03_Tally_Party_Sync,Scheduled,2024-05-21 02:18:00,2024-05-21 02:19:00,Success,15,,60,2024-05-21 02:18:00
LOG-2524,COMP-0005,WF-05,05_Tally_Sales_Voucher_Sync,Scheduled,2024-05-21 02:19:00,2024-05-21 02:21:30,Success,30,,150,2024-05-21 02:19:00
LOG-2525,COMP-0005,WF-09,09_Tally_Inventory_Sync,Scheduled,2024-05-21 02:47:00,2024-05-21 02:49:00,Success,50,,120,2024-05-21 02:47:00
LOG-2526,COMP-0006,WF-01,01_Tally_Company_Sync,Scheduled,2024-05-21 02:57:00,2024-05-21 02:57:15,Success,3,,15,2024-05-21 02:57:00
LOG-2527,COMP-0006,WF-02,02_Tally_Ledger_Sync,Scheduled,2024-05-21 02:46:00,2024-05-21 02:46:45,Success,25,,45,2024-05-21 02:46:00
LOG-2528,COMP-0006,WF-03,03_Tally_Party_Sync,Scheduled,2024-05-21 02:06:00,2024-05-21 02:07:00,Success,15,,60,2024-05-21 02:06:00
LOG-2529,COMP-0006,WF-05,05_Tally_Sales_Voucher_Sync,Scheduled,2024-05-21 02:08:00,2024-05-21 02:10:30,Success,30,,150,2024-05-21 02:08:00
LOG-2530,COMP-0006,WF-09,09_Tally_Inventory_Sync,Scheduled,2024-05-21 02:36:00,2024-05-21 02:38:00,Success,50,,120,2024-05-21 02:36:00
LOG-2531,COMP-0007,WF-01,01_Tally_Company_Sync,Scheduled,2024-05-21 02:26:00,2024-05-21 02:26:15,Success,3,,15,2024-05-21 02:26:00
LOG-2532,COMP-0007,WF-02,02_Tally_Ledger_Sync,Scheduled,2024-05-21 02:31:00,2024-05-21 02:31:45,Success,25,,45,2024-05-21 02:31:00
LOG-2533,COMP-0007,WF-03,03_Tally_Party_Sync,Scheduled,2024-05-21 02:21:00,2024-05-21 02:22:00,Success,15,,60,2024-05-21 02:21:00
LOG-2534,COMP-0007,WF-05,05_Tally_Sales_Voucher_Sync,Scheduled,2024-05-21 02:14:00,2024-05-21 02:16:30,Success,30,,150,2024-05-21 02:14:00
LOG-2535,COMP-0007,WF-09,09_Tally_Inventory_Sync,Scheduled,2024-05-21 02:01:00,2024-05-21 02:03:00,Success,50,,120,2024-05-21 02:01:00
LOG-2536,COMP-0008,WF-01,01_Tally_Company_Sync,Scheduled,2024-05-21 02:49:00,2024-05-21 02:49:15,Success,3,,15,2024-05-21 02:49:00
LOG-2537,COMP-0008,WF-02,02_Tally_Ledger_Sync,Scheduled,2024-05-21 02:28:00,2024-05-21 02:28:45,Success,25,,45,2024-05-21 02:28:00
LOG-2538,COMP-0008,WF-03,03_Tally_Party_Sync,Scheduled,2024-05-21 02:46:00,2024-05-21 02:47:00,Success,15,,60,2024-05-21 02:46:00
LOG-2539,COMP-0008,WF-05,05_Tally_Sales_Voucher_Sync,Scheduled,2024-05-21 02:24:00,2024-05-21 02:26:30,Success,30,,150,2024-05-21 02:24:00
LOG-2540,COMP-0008,WF-09,09_Tally_Inventory_Sync,Scheduled,2024-05-21 02:50:00,2024-05-21 02:52:00,Success,50,,120,2024-05-21 02:50:00
LOG-2541,COMP-0009,WF-01,01_Tally_Company_Sync,Scheduled,2024-05-21 02:49:00,2024-05-21 02:49:15,Success,3,,15,2024-05-21 02:49:00
LOG-2542,COMP-0009,WF-02,02_Tally_Ledger_Sync,Scheduled,2024-05-21 02:31:00,2024-05-21 02:31:45,Success,25,,45,2024-05-21 02:31:00
LOG-2543,COMP-0009,WF-03,03_Tally_Party_Sync,Scheduled,2024-05-21 02:30:00,2024-05-21 02:31:00,Success,15,,60,2024-05-21 02:30:00
LOG-2544,COMP-0009,WF-05,05_Tally_Sales_Voucher_Sync,Scheduled,2024-05-21 02:12:00,2024-05-21 02:14:30,Success,30,,150,2024-05-21 02:12:00
LOG-2545,COMP-0009,WF-09,09_Tally_Inventory_Sync,Scheduled,2024-05-21 02:18:00,2024-05-21 02:20:00,Success,50,,120,2024-05-21 02:18:00
LOG-2546,COMP-0010,WF-01,01_Tally_Company_Sync,Scheduled,2024-05-21 02:07:00,2024-05-21 02:07:15,Success,3,,15,2024-05-21 02:07:00
LOG-2547,COMP-0010,WF-02,02_Tally_Ledger_Sync,Scheduled,2024-05-21 02:12:00,2024-05-21 02:12:45,Success,25,,45,2024-05-21 02:12:00
LOG-2548,COMP-0010,WF-03,03_Tally_Party_Sync,Scheduled,2024-05-21 02:31:00,2024-05-21 02:32:00,Success,15,,60,2024-05-21 02:31:00
LOG-2549,COMP-0010,WF-05,05_Tally_Sales_Voucher_Sync,Scheduled,2024-05-21 02:40:00,2024-05-21 02:42:30,Success,30,,150,2024-05-21 02:40:00
LOG-2550,COMP-0010,WF-09,09_Tally_Inventory_Sync,Scheduled,2024-05-21 02:03:00,2024-05-21 02:05:00,Success,50,,120,2024-05-21 02:03:00
LOG-2551,COMP-0001,WF-01,01_Tally_Company_Sync,Scheduled,2024-05-22 02:23:00,2024-05-22 02:23:15,Success,3,,15,2024-05-22 02:23:00
LOG-2552,COMP-0001,WF-02,02_Tally_Ledger_Sync,Scheduled,2024-05-22 02:15:00,2024-05-22 02:15:45,Success,25,,45,2024-05-22 02:15:00
LOG-2553,COMP-0001,WF-03,03_Tally_Party_Sync,Scheduled,2024-05-22 02:22:00,2024-05-22 02:23:00,Success,15,,60,2024-05-22 02:22:00
LOG-2554,COMP-0001,WF-05,05_Tally_Sales_Voucher_Sync,Scheduled,2024-05-22 02:21:00,2024-05-22 02:23:30,Success,30,,150,2024-05-22 02:21:00
LOG-2555,COMP-0001,WF-09,09_Tally_Inventory_Sync,Scheduled,2024-05-22 02:23:00,2024-05-22 02:25:00,Success,50,,120,2024-05-22 02:23:00
LOG-2556,COMP-0002,WF-01,01_Tally_Company_Sync,Scheduled,2024-05-22 02:51:00,2024-05-22 02:51:15,Success,3,,15,2024-05-22 02:51:00
LOG-2557,COMP-0002,WF-02,02_Tally_Ledger_Sync,Scheduled,2024-05-22 02:07:00,2024-05-22 02:07:45,Success,25,,45,2024-05-22 02:07:00
LOG-2558,COMP-0002,WF-03,03_Tally_Party_Sync,Scheduled,2024-05-22 02:35:00,2024-05-22 02:36:00,Success,15,,60,2024-05-22 02:35:00
LOG-2559,COMP-0002,WF-05,05_Tally_Sales_Voucher_Sync,Scheduled,2024-05-22 02:42:00,2024-05-22 02:44:30,Success,30,,150,2024-05-22 02:42:00
LOG-2560,COMP-0002,WF-09,09_Tally_Inventory_Sync,Scheduled,2024-05-22 02:23:00,2024-05-22 02:25:00,Success,50,,120,2024-05-22 02:23:00
LOG-2561,COMP-0003,WF-01,01_Tally_Company_Sync,Scheduled,2024-05-22 02:59:00,2024-05-22 02:59:15,Success,3,,15,2024-05-22 02:59:00
LOG-2562,COMP-0003,WF-02,02_Tally_Ledger_Sync,Scheduled,2024-05-22 02:44:00,2024-05-22 02:44:45,Success,25,,45,2024-05-22 02:44:00
LOG-2563,COMP-0003,WF-03,03_Tally_Party_Sync,Scheduled,2024-05-22 02:48:00,2024-05-22 02:49:00,Success,15,,60,2024-05-22 02:48:00
LOG-2564,COMP-0003,WF-05,05_Tally_Sales_Voucher_Sync,Scheduled,2024-05-22 02:32:00,2024-05-22 02:34:30,Success,30,,150,2024-05-22 02:32:00
LOG-2565,COMP-0003,WF-09,09_Tally_Inventory_Sync,Scheduled,2024-05-22 02:52:00,2024-05-22 02:54:00,Failed,0,Connection timeout,0,2024-05-22 02:52:00
LOG-2566,COMP-0004,WF-01,01_Tally_Company_Sync,Scheduled,2024-05-22 02:22:00,2024-05-22 02:22:15,Success,3,,15,2024-05-22 02:22:00
LOG-2567,COMP-0004,WF-02,02_Tally_Ledger_Sync,Scheduled,2024-05-22 02:19:00,2024-05-22 02:19:45,Success,25,,45,2024-05-22 02:19:00
LOG-2568,COMP-0004,WF-03,03_Tally_Party_Sync,Scheduled,2024-05-22 02:47:00,2024-05-22 02:48:00,Success,15,,60,2024-05-22 02:47:00
LOG-2569,COMP-0004,WF-05,05_Tally_Sales_Voucher_Sync,Scheduled,2024-05-22 02:01:00,2024-05-22 02:03:30,Success,30,,150,2024-05-22 02:01:00
LOG-2570,COMP-0004,WF-09,09_Tally_Inventory_Sync,Scheduled,2024-05-22 02:48:00,2024-05-22 02:50:00,Success,50,,120,2024-05-22 02:48:00
LOG-2571,COMP-0005,WF-01,01_Tally_Company_Sync,Scheduled,2024-05-22 02:18:00,2024-05-22 02:18:15,Success,3,,15,2024-05-22 02:18:00
LOG-2572,COMP-0005,WF-02,02_Tally_Ledger_Sync,Scheduled,2024-05-22 02:30:00,2024-05-22 02:30:45,Success,25,,45,2024-05-22 02:30:00
LOG-2573,COMP-0005,WF-03,03_Tally_Party_Sync,Scheduled,2024-05-22 02:58:00,2024-05-22 02:59:00,Failed,0,Connection timeout,0,2024-05-22 02:58:00
LOG-2574,COMP-0005,WF-05,05_Tally_Sales_Voucher_Sync,Scheduled,2024-05-22 02:30:00,2024-05-22 02:32:30,Success,30,,150,2024-05-22 02:30:00
LOG-2575,COMP-0005,WF-09,09_Tally_Inventory_Sync,Scheduled,2024-05-22 02:49:00,2024-05-22 02:51:00,Success,50,,120,2024-05-22 02:49:00
LOG-2576,COMP-0006,WF-01,01_Tally_Company_Sync,Scheduled,2024-05-22 02:40:00,2024-05-22 02:40:15,Success,3,,15,2024-05-22 02:40:00
LOG-2577,COMP-0006,WF-02,02_Tally_Ledger_Sync,Scheduled,2024-05-22 02:29:00,2024-05-22 02:29:45,Success,25,,45,2024-05-22 02:29:00
LOG-2578,COMP-0006,WF-03,03_Tally_Party_Sync,Scheduled,2024-05-22 02:14:00,2024-05-22 02:15:00,Success,15,,60,2024-05-22 02:14:00
LOG-2579,COMP-0006,WF-05,05_Tally_Sales_Voucher_Sync,Scheduled,2024-05-22 02:24:00,2024-05-22 02:26:30,Success,30,,150,2024-05-22 02:24:00
LOG-2580,COMP-0006,WF-09,09_Tally_Inventory_Sync,Scheduled,2024-05-22 02:49:00,2024-05-22 02:51:00,Success,50,,120,2024-05-22 02:49:00
LOG-2581,COMP-0007,WF-01,01_Tally_Company_Sync,Scheduled,2024-05-22 02:43:00,2024-05-22 02:43:15,Success,3,,15,2024-05-22 02:43:00
LOG-2582,COMP-0007,WF-02,02_Tally_Ledger_Sync,Scheduled,2024-05-22 02:55:00,2024-05-22 02:55:45,Success,25,,45,2024-05-22 02:55:00
LOG-2583,COMP-0007,WF-03,03_Tally_Party_Sync,Scheduled,2024-05-22 02:43:00,2024-05-22 02:44:00,Failed,0,Connection timeout,0,2024-05-22 02:43:00
LOG-2584,COMP-0007,WF-05,05_Tally_Sales_Voucher_Sync,Scheduled,2024-05-22 02:33:00,2024-05-22 02:35:30,Success,30,,150,2024-05-22 02:33:00
LOG-2585,COMP-0007,WF-09,09_Tally_Inventory_Sync,Scheduled,2024-05-22 02:56:00,2024-05-22 02:58:00,Success,50,,120,2024-05-22 02:56:00
LOG-2586,COMP-0008,WF-01,01_Tally_Company_Sync,Scheduled,2024-05-22 02:32:00,2024-05-22 02:32:15,Success,3,,15,2024-05-22 02:32:00
LOG-2587,COMP-0008,WF-02,02_Tally_Ledger_Sync,Scheduled,2024-05-22 02:41:00,2024-05-22 02:41:45,Success,25,,45,2024-05-22 02:41:00
LOG-2588,COMP-0008,WF-03,03_Tally_Party_Sync,Scheduled,2024-05-22 02:05:00,2024-05-22 02:06:00,Success,15,,60,2024-05-22 02:05:00
LOG-2589,COMP-0008,WF-05,05_Tally_Sales_Voucher_Sync,Scheduled,2024-05-22 02:23:00,2024-05-22 02:25:30,Failed,0,Connection timeout,0,2024-05-22 02:23:00
LOG-2590,COMP-0008,WF-09,09_Tally_Inventory_Sync,Scheduled,2024-05-22 02:35:00,2024-05-22 02:37:00,Success,50,,120,2024-05-22 02:35:00
LOG-2591,COMP-0009,WF-01,01_Tally_Company_Sync,Scheduled,2024-05-22 02:05:00,2024-05-22 02:05:15,Success,3,,15,2024-05-22 02:05:00
LOG-2592,COMP-0009,WF-02,02_Tally_Ledger_Sync,Scheduled,2024-05-22 02:23:00,2024-05-22 02:23:45,Failed,0,Connection timeout,0,2024-05-22 02:23:00
LOG-2593,COMP-0009,WF-03,03_Tally_Party_Sync,Scheduled,2024-05-22 02:11:00,2024-05-22 02:12:00,Success,15,,60,2024-05-22 02:11:00
LOG-2594,COMP-0009,WF-05,05_Tally_Sales_Voucher_Sync,Scheduled,2024-05-22 02:25:00,2024-05-22 02:27:30,Failed,0,Connection timeout,0,2024-05-22 02:25:00
LOG-2595,COMP-0009,WF-09,09_Tally_Inventory_Sync,Scheduled,2024-05-22 02:02:00,2024-05-22 02:04:00,Success,50,,120,2024-05-22 02:02:00
LOG-2596,COMP-0010,WF-01,01_Tally_Company_Sync,Scheduled,2024-05-22 02:12:00,2024-05-22 02:12:15,Success,3,,15,2024-05-22 02:12:00
LOG-2597,COMP-0010,WF-02,02_Tally_Ledger_Sync,Scheduled,2024-05-22 02:46:00,2024-05-22 02:46:45,Success,25,,45,2024-05-22 02:46:00
LOG-2598,COMP-0010,WF-03,03_Tally_Party_Sync,Scheduled,2024-05-22 02:13:00,2024-05-22 02:14:00,Success,15,,60,2024-05-22 02:13:00
LOG-2599,COMP-0010,WF-05,05_Tally_Sales_Voucher_Sync,Scheduled,2024-05-22 02:27:00,2024-05-22 02:29:30,Success,30,,150,2024-05-22 02:27:00
LOG-2600,COMP-0010,WF-09,09_Tally_Inventory_Sync,Scheduled,2024-05-22 02:37:00,2024-05-22 02:39:00,Success,50,,120,2024-05-22 02:37:00
LOG-2601,COMP-0001,WF-01,01_Tally_Company_Sync,Scheduled,2024-05-23 02:58:00,2024-05-23 02:58:15,Failed,0,Connection timeout,0,2024-05-23 02:58:00
LOG-2602,COMP-0001,WF-02,02_Tally_Ledger_Sync,Scheduled,2024-05-23 02:42:00,2024-05-23 02:42:45,Failed,0,Connection timeout,0,2024-05-23 02:42:00
LOG-2603,COMP-0001,WF-03,03_Tally_Party_Sync,Scheduled,2024-05-23 02:34:00,2024-05-23 02:35:00,Success,15,,60,2024-05-23 02:34:00
LOG-2604,COMP-0001,WF-05,05_Tally_Sales_Voucher_Sync,Scheduled,2024-05-23 02:28:00,2024-05-23 02:30:30,Success,30,,150,2024-05-23 02:28:00
LOG-2605,COMP-0001,WF-09,09_Tally_Inventory_Sync,Scheduled,2024-05-23 02:41:00,2024-05-23 02:43:00,Success,50,,120,2024-05-23 02:41:00
LOG-2606,COMP-0002,WF-01,01_Tally_Company_Sync,Scheduled,2024-05-23 02:04:00,2024-05-23 02:04:15,Success,3,,15,2024-05-23 02:04:00
LOG-2607,COMP-0002,WF-02,02_Tally_Ledger_Sync,Scheduled,2024-05-23 02:39:00,2024-05-23 02:39:45,Success,25,,45,2024-05-23 02:39:00
LOG-2608,COMP-0002,WF-03,03_Tally_Party_Sync,Scheduled,2024-05-23 02:19:00,2024-05-23 02:20:00,Success,15,,60,2024-05-23 02:19:00
LOG-2609,COMP-0002,WF-05,05_Tally_Sales_Voucher_Sync,Scheduled,2024-05-23 02:28:00,2024-05-23 02:30:30,Success,30,,150,2024-05-23 02:28:00
LOG-2610,COMP-0002,WF-09,09_Tally_Inventory_Sync,Scheduled,2024-05-23 02:48:00,2024-05-23 02:50:00,Success,50,,120,2024-05-23 02:48:00
LOG-2611,COMP-0003,WF-01,01_Tally_Company_Sync,Scheduled,2024-05-23 02:49:00,2024-05-23 02:49:15,Success,3,,15,2024-05-23 02:49:00
LOG-2612,COMP-0003,WF-02,02_Tally_Ledger_Sync,Scheduled,2024-05-23 02:25:00,2024-05-23 02:25:45,Success,25,,45,2024-05-23 02:25:00
LOG-2613,COMP-0003,WF-03,03_Tally_Party_Sync,Scheduled,2024-05-23 02:56:00,2024-05-23 02:57:00,Success,15,,60,2024-05-23 02:56:00
LOG-2614,COMP-0003,WF-05,05_Tally_Sales_Voucher_Sync,Scheduled,2024-05-23 02:53:00,2024-05-23 02:55:30,Success,30,,150,2024-05-23 02:53:00
LOG-2615,COMP-0003,WF-09,09_Tally_Inventory_Sync,Scheduled,2024-05-23 02:47:00,2024-05-23 02:49:00,Success,50,,120,2024-05-23 02:47:00
LOG-2616,COMP-0004,WF-01,01_Tally_Company_Sync,Scheduled,2024-05-23 02:14:00,2024-05-23 02:14:15,Failed,0,Connection timeout,0,2024-05-23 02:14:00
LOG-2617,COMP-0004,WF-02,02_Tally_Ledger_Sync,Scheduled,2024-05-23 02:44:00,2024-05-23 02:44:45,Success,25,,45,2024-05-23 02:44:00
LOG-2618,COMP-0004,WF-03,03_Tally_Party_Sync,Scheduled,2024-05-23 02:18:00,2024-05-23 02:19:00,Failed,0,Connection timeout,0,2024-05-23 02:18:00
LOG-2619,COMP-0004,WF-05,05_Tally_Sales_Voucher_Sync,Scheduled,2024-05-23 02:49:00,2024-05-23 02:51:30,Success,30,,150,2024-05-23 02:49:00
LOG-2620,COMP-0004,WF-09,09_Tally_Inventory_Sync,Scheduled,2024-05-23 02:18:00,2024-05-23 02:20:00,Success,50,,120,2024-05-23 02:18:00
LOG-2621,COMP-0005,WF-01,01_Tally_Company_Sync,Scheduled,2024-05-23 02:09:00,2024-05-23 02:09:15,Success,3,,15,2024-05-23 02:09:00
LOG-2622,COMP-0005,WF-02,02_Tally_Ledger_Sync,Scheduled,2024-05-23 02:26:00,2024-05-23 02:26:45,Success,25,,45,2024-05-23 02:26:00
LOG-2623,COMP-0005,WF-03,03_Tally_Party_Sync,Scheduled,2024-05-23 02:54:00,2024-05-23 02:55:00,Success,15,,60,2024-05-23 02:54:00
LOG-2624,COMP-0005,WF-05,05_Tally_Sales_Voucher_Sync,Scheduled,2024-05-23 02:29:00,2024-05-23 02:31:30,Failed,0,Connection timeout,0,2024-05-23 02:29:00
LOG-2625,COMP-0005,WF-09,09_Tally_Inventory_Sync,Scheduled,2024-05-23 02:12:00,2024-05-23 02:14:00,Success,50,,120,2024-05-23 02:12:00
LOG-2626,COMP-0006,WF-01,01_Tally_Company_Sync,Scheduled,2024-05-23 02:48:00,2024-05-23 02:48:15,Success,3,,15,2024-05-23 02:48:00
LOG-2627,COMP-0006,WF-02,02_Tally_Ledger_Sync,Scheduled,2024-05-23 02:31:00,2024-05-23 02:31:45,Success,25,,45,2024-05-23 02:31:00
LOG-2628,COMP-0006,WF-03,03_Tally_Party_Sync,Scheduled,2024-05-23 02:27:00,2024-05-23 02:28:00,Success,15,,60,2024-05-23 02:27:00
LOG-2629,COMP-0006,WF-05,05_Tally_Sales_Voucher_Sync,Scheduled,2024-05-23 02:28:00,2024-05-23 02:30:30,Success,30,,150,2024-05-23 02:28:00
LOG-2630,COMP-0006,WF-09,09_Tally_Inventory_Sync,Scheduled,2024-05-23 02:41:00,2024-05-23 02:43:00,Success,50,,120,2024-05-23 02:41:00
LOG-2631,COMP-0007,WF-01,01_Tally_Company_Sync,Scheduled,2024-05-23 02:05:00,2024-05-23 02:05:15,Success,3,,15,2024-05-23 02:05:00
LOG-2632,COMP-0007,WF-02,02_Tally_Ledger_Sync,Scheduled,2024-05-23 02:35:00,2024-05-23 02:35:45,Success,25,,45,2024-05-23 02:35:00
LOG-2633,COMP-0007,WF-03,03_Tally_Party_Sync,Scheduled,2024-05-23 02:52:00,2024-05-23 02:53:00,Success,15,,60,2024-05-23 02:52:00
LOG-2634,COMP-0007,WF-05,05_Tally_Sales_Voucher_Sync,Scheduled,2024-05-23 02:17:00,2024-05-23 02:19:30,Success,30,,150,2024-05-23 02:17:00
LOG-2635,COMP-0007,WF-09,09_Tally_Inventory_Sync,Scheduled,2024-05-23 02:10:00,2024-05-23 02:12:00,Success,50,,120,2024-05-23 02:10:00
LOG-2636,COMP-0008,WF-01,01_Tally_Company_Sync,Scheduled,2024-05-23 02:33:00,2024-05-23 02:33:15,Success,3,,15,2024-05-23 02:33:00
LOG-2637,COMP-0008,WF-02,02_Tally_Ledger_Sync,Scheduled,2024-05-23 02:05:00,2024-05-23 02:05:45,Success,25,,45,2024-05-23 02:05:00
LOG-2638,COMP-0008,WF-03,03_Tally_Party_Sync,Scheduled,2024-05-23 02:16:00,2024-05-23 02:17:00,Success,15,,60,2024-05-23 02:16:00
LOG-2639,COMP-0008,WF-05,05_Tally_Sales_Voucher_Sync,Scheduled,2024-05-23 02:39:00,2024-05-23 02:41:30,Success,30,,150,2024-05-23 02:39:00
LOG-2640,COMP-0008,WF-09,09_Tally_Inventory_Sync,Scheduled,2024-05-23 02:50:00,2024-05-23 02:52:00,Success,50,,120,2024-05-23 02:50:00
LOG-2641,COMP-0009,WF-01,01_Tally_Company_Sync,Scheduled,2024-05-23 02:45:00,2024-05-23 02:45:15,Success,3,,15,2024-05-23 02:45:00
LOG-2642,COMP-0009,WF-02,02_Tally_Ledger_Sync,Scheduled,2024-05-23 02:05:00,2024-05-23 02:05:45,Success,25,,45,2024-05-23 02:05:00
LOG-2643,COMP-0009,WF-03,03_Tally_Party_Sync,Scheduled,2024-05-23 02:21:00,2024-05-23 02:22:00,Success,15,,60,2024-05-23 02:21:00
LOG-2644,COMP-0009,WF-05,05_Tally_Sales_Voucher_Sync,Scheduled,2024-05-23 02:25:00,2024-05-23 02:27:30,Success,30,,150,2024-05-23 02:25:00
LOG-2645,COMP-0009,WF-09,09_Tally_Inventory_Sync,Scheduled,2024-05-23 02:09:00,2024-05-23 02:11:00,Success,50,,120,2024-05-23 02:09:00
LOG-2646,COMP-0010,WF-01,01_Tally_Company_Sync,Scheduled,2024-05-23 02:17:00,2024-05-23 02:17:15,Success,3,,15,2024-05-23 02:17:00
LOG-2647,COMP-0010,WF-02,02_Tally_Ledger_Sync,Scheduled,2024-05-23 02:09:00,2024-05-23 02:09:45,Failed,0,Connection timeout,0,2024-05-23 02:09:00
LOG-2648,COMP-0010,WF-03,03_Tally_Party_Sync,Scheduled,2024-05-23 02:50:00,2024-05-23 02:51:00,Success,15,,60,2024-05-23 02:50:00
LOG-2649,COMP-0010,WF-05,05_Tally_Sales_Voucher_Sync,Scheduled,2024-05-23 02:48:00,2024-05-23 02:50:30,Success,30,,150,2024-05-23 02:48:00
LOG-2650,COMP-0010,WF-09,09_Tally_Inventory_Sync,Scheduled,2024-05-23 02:35:00,2024-05-23 02:37:00,Failed,0,Connection timeout,0,2024-05-23 02:35:00
LOG-2651,COMP-0001,WF-01,01_Tally_Company_Sync,Scheduled,2024-05-24 02:51:00,2024-05-24 02:51:15,Success,3,,15,2024-05-24 02:51:00
LOG-2652,COMP-0001,WF-02,02_Tally_Ledger_Sync,Scheduled,2024-05-24 02:49:00,2024-05-24 02:49:45,Success,25,,45,2024-05-24 02:49:00
LOG-2653,COMP-0001,WF-03,03_Tally_Party_Sync,Scheduled,2024-05-24 02:24:00,2024-05-24 02:25:00,Success,15,,60,2024-05-24 02:24:00
LOG-2654,COMP-0001,WF-05,05_Tally_Sales_Voucher_Sync,Scheduled,2024-05-24 02:42:00,2024-05-24 02:44:30,Success,30,,150,2024-05-24 02:42:00
LOG-2655,COMP-0001,WF-09,09_Tally_Inventory_Sync,Scheduled,2024-05-24 02:33:00,2024-05-24 02:35:00,Success,50,,120,2024-05-24 02:33:00
LOG-2656,COMP-0002,WF-01,01_Tally_Company_Sync,Scheduled,2024-05-24 02:57:00,2024-05-24 02:57:15,Failed,0,Connection timeout,0,2024-05-24 02:57:00
LOG-2657,COMP-0002,WF-02,02_Tally_Ledger_Sync,Scheduled,2024-05-24 02:34:00,2024-05-24 02:34:45,Success,25,,45,2024-05-24 02:34:00
LOG-2658,COMP-0002,WF-03,03_Tally_Party_Sync,Scheduled,2024-05-24 02:08:00,2024-05-24 02:09:00,Success,15,,60,2024-05-24 02:08:00
LOG-2659,COMP-0002,WF-05,05_Tally_Sales_Voucher_Sync,Scheduled,2024-05-24 02:50:00,2024-05-24 02:52:30,Success,30,,150,2024-05-24 02:50:00
LOG-2660,COMP-0002,WF-09,09_Tally_Inventory_Sync,Scheduled,2024-05-24 02:42:00,2024-05-24 02:44:00,Success,50,,120,2024-05-24 02:42:00
LOG-2661,COMP-0003,WF-01,01_Tally_Company_Sync,Scheduled,2024-05-24 02:40:00,2024-05-24 02:40:15,Success,3,,15,2024-05-24 02:40:00
LOG-2662,COMP-0003,WF-02,02_Tally_Ledger_Sync,Scheduled,2024-05-24 02:41:00,2024-05-24 02:41:45,Success,25,,45,2024-05-24 02:41:00
LOG-2663,COMP-0003,WF-03,03_Tally_Party_Sync,Scheduled,2024-05-24 02:24:00,2024-05-24 02:25:00,Success,15,,60,2024-05-24 02:24:00
LOG-2664,COMP-0003,WF-05,05_Tally_Sales_Voucher_Sync,Scheduled,2024-05-24 02:08:00,2024-05-24 02:10:30,Success,30,,150,2024-05-24 02:08:00
LOG-2665,COMP-0003,WF-09,09_Tally_Inventory_Sync,Scheduled,2024-05-24 02:03:00,2024-05-24 02:05:00,Success,50,,120,2024-05-24 02:03:00
LOG-2666,COMP-0004,WF-01,01_Tally_Company_Sync,Scheduled,2024-05-24 02:13:00,2024-05-24 02:13:15,Success,3,,15,2024-05-24 02:13:00
LOG-2667,COMP-0004,WF-02,02_Tally_Ledger_Sync,Scheduled,2024-05-24 02:45:00,2024-05-24 02:45:45,Success,25,,45,2024-05-24 02:45:00
LOG-2668,COMP-0004,WF-03,03_Tally_Party_Sync,Scheduled,2024-05-24 02:17:00,2024-05-24 02:18:00,Success,15,,60,2024-05-24 02:17:00
LOG-2669,COMP-0004,WF-05,05_Tally_Sales_Voucher_Sync,Scheduled,2024-05-24 02:24:00,2024-05-24 02:26:30,Failed,0,Connection timeout,0,2024-05-24 02:24:00
LOG-2670,COMP-0004,WF-09,09_Tally_Inventory_Sync,Scheduled,2024-05-24 02:04:00,2024-05-24 02:06:00,Success,50,,120,2024-05-24 02:04:00
LOG-2671,COMP-0005,WF-01,01_Tally_Company_Sync,Scheduled,2024-05-24 02:26:00,2024-05-24 02:26:15,Success,3,,15,2024-05-24 02:26:00
LOG-2672,COMP-0005,WF-02,02_Tally_Ledger_Sync,Scheduled,2024-05-24 02:19:00,2024-05-24 02:19:45,Success,25,,45,2024-05-24 02:19:00
LOG-2673,COMP-0005,WF-03,03_Tally_Party_Sync,Scheduled,2024-05-24 02:33:00,2024-05-24 02:34:00,Success,15,,60,2024-05-24 02:33:00
LOG-2674,COMP-0005,WF-05,05_Tally_Sales_Voucher_Sync,Scheduled,2024-05-24 02:31:00,2024-05-24 02:33:30,Success,30,,150,2024-05-24 02:31:00
LOG-2675,COMP-0005,WF-09,09_Tally_Inventory_Sync,Scheduled,2024-05-24 02:03:00,2024-05-24 02:05:00,Success,50,,120,2024-05-24 02:03:00
LOG-2676,COMP-0006,WF-01,01_Tally_Company_Sync,Scheduled,2024-05-24 02:50:00,2024-05-24 02:50:15,Success,3,,15,2024-05-24 02:50:00
LOG-2677,COMP-0006,WF-02,02_Tally_Ledger_Sync,Scheduled,2024-05-24 02:37:00,2024-05-24 02:37:45,Success,25,,45,2024-05-24 02:37:00
LOG-2678,COMP-0006,WF-03,03_Tally_Party_Sync,Scheduled,2024-05-24 02:51:00,2024-05-24 02:52:00,Success,15,,60,2024-05-24 02:51:00
LOG-2679,COMP-0006,WF-05,05_Tally_Sales_Voucher_Sync,Scheduled,2024-05-24 02:20:00,2024-05-24 02:22:30,Success,30,,150,2024-05-24 02:20:00
LOG-2680,COMP-0006,WF-09,09_Tally_Inventory_Sync,Scheduled,2024-05-24 02:28:00,2024-05-24 02:30:00,Success,50,,120,2024-05-24 02:28:00
LOG-2681,COMP-0007,WF-01,01_Tally_Company_Sync,Scheduled,2024-05-24 02:41:00,2024-05-24 02:41:15,Success,3,,15,2024-05-24 02:41:00
LOG-2682,COMP-0007,WF-02,02_Tally_Ledger_Sync,Scheduled,2024-05-24 02:58:00,2024-05-24 02:58:45,Success,25,,45,2024-05-24 02:58:00
LOG-2683,COMP-0007,WF-03,03_Tally_Party_Sync,Scheduled,2024-05-24 02:23:00,2024-05-24 02:24:00,Success,15,,60,2024-05-24 02:23:00
LOG-2684,COMP-0007,WF-05,05_Tally_Sales_Voucher_Sync,Scheduled,2024-05-24 02:29:00,2024-05-24 02:31:30,Success,30,,150,2024-05-24 02:29:00
LOG-2685,COMP-0007,WF-09,09_Tally_Inventory_Sync,Scheduled,2024-05-24 02:35:00,2024-05-24 02:37:00,Success,50,,120,2024-05-24 02:35:00
LOG-2686,COMP-0008,WF-01,01_Tally_Company_Sync,Scheduled,2024-05-24 02:03:00,2024-05-24 02:03:15,Success,3,,15,2024-05-24 02:03:00
LOG-2687,COMP-0008,WF-02,02_Tally_Ledger_Sync,Scheduled,2024-05-24 02:21:00,2024-05-24 02:21:45,Success,25,,45,2024-05-24 02:21:00
LOG-2688,COMP-0008,WF-03,03_Tally_Party_Sync,Scheduled,2024-05-24 02:47:00,2024-05-24 02:48:00,Failed,0,Connection timeout,0,2024-05-24 02:47:00
LOG-2689,COMP-0008,WF-05,05_Tally_Sales_Voucher_Sync,Scheduled,2024-05-24 02:25:00,2024-05-24 02:27:30,Success,30,,150,2024-05-24 02:25:00
LOG-2690,COMP-0008,WF-09,09_Tally_Inventory_Sync,Scheduled,2024-05-24 02:30:00,2024-05-24 02:32:00,Success,50,,120,2024-05-24 02:30:00
LOG-2691,COMP-0009,WF-01,01_Tally_Company_Sync,Scheduled,2024-05-24 02:16:00,2024-05-24 02:16:15,Success,3,,15,2024-05-24 02:16:00
LOG-2692,COMP-0009,WF-02,02_Tally_Ledger_Sync,Scheduled,2024-05-24 02:38:00,2024-05-24 02:38:45,Success,25,,45,2024-05-24 02:38:00
LOG-2693,COMP-0009,WF-03,03_Tally_Party_Sync,Scheduled,2024-05-24 02:26:00,2024-05-24 02:27:00,Success,15,,60,2024-05-24 02:26:00
LOG-2694,COMP-0009,WF-05,05_Tally_Sales_Voucher_Sync,Scheduled,2024-05-24 02:10:00,2024-05-24 02:12:30,Success,30,,150,2024-05-24 02:10:00
LOG-2695,COMP-0009,WF-09,09_Tally_Inventory_Sync,Scheduled,2024-05-24 02:23:00,2024-05-24 02:25:00,Success,50,,120,2024-05-24 02:23:00
LOG-2696,COMP-0010,WF-01,01_Tally_Company_Sync,Scheduled,2024-05-24 02:16:00,2024-05-24 02:16:15,Success,3,,15,2024-05-24 02:16:00
LOG-2697,COMP-0010,WF-02,02_Tally_Ledger_Sync,Scheduled,2024-05-24 02:22:00,2024-05-24 02:22:45,Success,25,,45,2024-05-24 02:22:00
LOG-2698,COMP-0010,WF-03,03_Tally_Party_Sync,Scheduled,2024-05-24 02:16:00,2024-05-24 02:17:00,Success,15,,60,2024-05-24 02:16:00
LOG-2699,COMP-0010,WF-05,05_Tally_Sales_Voucher_Sync,Scheduled,2024-05-24 02:11:00,2024-05-24 02:13:30,Success,30,,150,2024-05-24 02:11:00
LOG-2700,COMP-0010,WF-09,09_Tally_Inventory_Sync,Scheduled,2024-05-24 02:18:00,2024-05-24 02:20:00,Failed,0,Connection timeout,0,2024-05-24 02:18:00
LOG-2701,COMP-0001,WF-01,01_Tally_Company_Sync,Scheduled,2024-05-25 02:43:00,2024-05-25 02:43:15,Success,3,,15,2024-05-25 02:43:00
LOG-2702,COMP-0001,WF-02,02_Tally_Ledger_Sync,Scheduled,2024-05-25 02:28:00,2024-05-25 02:28:45,Success,25,,45,2024-05-25 02:28:00
LOG-2703,COMP-0001,WF-03,03_Tally_Party_Sync,Scheduled,2024-05-25 02:45:00,2024-05-25 02:46:00,Success,15,,60,2024-05-25 02:45:00
LOG-2704,COMP-0001,WF-05,05_Tally_Sales_Voucher_Sync,Scheduled,2024-05-25 02:23:00,2024-05-25 02:25:30,Failed,0,Connection timeout,0,2024-05-25 02:23:00
LOG-2705,COMP-0001,WF-09,09_Tally_Inventory_Sync,Scheduled,2024-05-25 02:15:00,2024-05-25 02:17:00,Success,50,,120,2024-05-25 02:15:00
LOG-2706,COMP-0002,WF-01,01_Tally_Company_Sync,Scheduled,2024-05-25 02:40:00,2024-05-25 02:40:15,Success,3,,15,2024-05-25 02:40:00
LOG-2707,COMP-0002,WF-02,02_Tally_Ledger_Sync,Scheduled,2024-05-25 02:36:00,2024-05-25 02:36:45,Success,25,,45,2024-05-25 02:36:00
LOG-2708,COMP-0002,WF-03,03_Tally_Party_Sync,Scheduled,2024-05-25 02:22:00,2024-05-25 02:23:00,Success,15,,60,2024-05-25 02:22:00
LOG-2709,COMP-0002,WF-05,05_Tally_Sales_Voucher_Sync,Scheduled,2024-05-25 02:42:00,2024-05-25 02:44:30,Success,30,,150,2024-05-25 02:42:00
LOG-2710,COMP-0002,WF-09,09_Tally_Inventory_Sync,Scheduled,2024-05-25 02:21:00,2024-05-25 02:23:00,Failed,0,Connection timeout,0,2024-05-25 02:21:00
LOG-2711,COMP-0003,WF-01,01_Tally_Company_Sync,Scheduled,2024-05-25 02:40:00,2024-05-25 02:40:15,Success,3,,15,2024-05-25 02:40:00
LOG-2712,COMP-0003,WF-02,02_Tally_Ledger_Sync,Scheduled,2024-05-25 02:14:00,2024-05-25 02:14:45,Success,25,,45,2024-05-25 02:14:00
LOG-2713,COMP-0003,WF-03,03_Tally_Party_Sync,Scheduled,2024-05-25 02:54:00,2024-05-25 02:55:00,Success,15,,60,2024-05-25 02:54:00
LOG-2714,COMP-0003,WF-05,05_Tally_Sales_Voucher_Sync,Scheduled,2024-05-25 02:03:00,2024-05-25 02:05:30,Success,30,,150,2024-05-25 02:03:00
LOG-2715,COMP-0003,WF-09,09_Tally_Inventory_Sync,Scheduled,2024-05-25 02:40:00,2024-05-25 02:42:00,Success,50,,120,2024-05-25 02:40:00
LOG-2716,COMP-0004,WF-01,01_Tally_Company_Sync,Scheduled,2024-05-25 02:12:00,2024-05-25 02:12:15,Success,3,,15,2024-05-25 02:12:00
LOG-2717,COMP-0004,WF-02,02_Tally_Ledger_Sync,Scheduled,2024-05-25 02:53:00,2024-05-25 02:53:45,Success,25,,45,2024-05-25 02:53:00
LOG-2718,COMP-0004,WF-03,03_Tally_Party_Sync,Scheduled,2024-05-25 02:36:00,2024-05-25 02:37:00,Success,15,,60,2024-05-25 02:36:00
LOG-2719,COMP-0004,WF-05,05_Tally_Sales_Voucher_Sync,Scheduled,2024-05-25 02:59:00,2024-05-25 03:01:30,Success,30,,150,2024-05-25 02:59:00
LOG-2720,COMP-0004,WF-09,09_Tally_Inventory_Sync,Scheduled,2024-05-25 02:27:00,2024-05-25 02:29:00,Success,50,,120,2024-05-25 02:27:00
LOG-2721,COMP-0005,WF-01,01_Tally_Company_Sync,Scheduled,2024-05-25 02:13:00,2024-05-25 02:13:15,Success,3,,15,2024-05-25 02:13:00
LOG-2722,COMP-0005,WF-02,02_Tally_Ledger_Sync,Scheduled,2024-05-25 02:31:00,2024-05-25 02:31:45,Success,25,,45,2024-05-25 02:31:00
LOG-2723,COMP-0005,WF-03,03_Tally_Party_Sync,Scheduled,2024-05-25 02:44:00,2024-05-25 02:45:00,Success,15,,60,2024-05-25 02:44:00
LOG-2724,COMP-0005,WF-05,05_Tally_Sales_Voucher_Sync,Scheduled,2024-05-25 02:49:00,2024-05-25 02:51:30,Success,30,,150,2024-05-25 02:49:00
LOG-2725,COMP-0005,WF-09,09_Tally_Inventory_Sync,Scheduled,2024-05-25 02:13:00,2024-05-25 02:15:00,Success,50,,120,2024-05-25 02:13:00
LOG-2726,COMP-0006,WF-01,01_Tally_Company_Sync,Scheduled,2024-05-25 02:06:00,2024-05-25 02:06:15,Success,3,,15,2024-05-25 02:06:00
LOG-2727,COMP-0006,WF-02,02_Tally_Ledger_Sync,Scheduled,2024-05-25 02:02:00,2024-05-25 02:02:45,Failed,0,Connection timeout,0,2024-05-25 02:02:00
LOG-2728,COMP-0006,WF-03,03_Tally_Party_Sync,Scheduled,2024-05-25 02:47:00,2024-05-25 02:48:00,Success,15,,60,2024-05-25 02:47:00
LOG-2729,COMP-0006,WF-05,05_Tally_Sales_Voucher_Sync,Scheduled,2024-05-25 02:39:00,2024-05-25 02:41:30,Success,30,,150,2024-05-25 02:39:00
LOG-2730,COMP-0006,WF-09,09_Tally_Inventory_Sync,Scheduled,2024-05-25 02:47:00,2024-05-25 02:49:00,Success,50,,120,2024-05-25 02:47:00
LOG-2731,COMP-0007,WF-01,01_Tally_Company_Sync,Scheduled,2024-05-25 02:02:00,2024-05-25 02:02:15,Success,3,,15,2024-05-25 02:02:00
LOG-2732,COMP-0007,WF-02,02_Tally_Ledger_Sync,Scheduled,2024-05-25 02:09:00,2024-05-25 02:09:45,Failed,0,Connection timeout,0,2024-05-25 02:09:00
LOG-2733,COMP-0007,WF-03,03_Tally_Party_Sync,Scheduled,2024-05-25 02:05:00,2024-05-25 02:06:00,Success,15,,60,2024-05-25 02:05:00
LOG-2734,COMP-0007,WF-05,05_Tally_Sales_Voucher_Sync,Scheduled,2024-05-25 02:22:00,2024-05-25 02:24:30,Success,30,,150,2024-05-25 02:22:00
LOG-2735,COMP-0007,WF-09,09_Tally_Inventory_Sync,Scheduled,2024-05-25 02:53:00,2024-05-25 02:55:00,Success,50,,120,2024-05-25 02:53:00
LOG-2736,COMP-0008,WF-01,01_Tally_Company_Sync,Scheduled,2024-05-25 02:53:00,2024-05-25 02:53:15,Success,3,,15,2024-05-25 02:53:00
LOG-2737,COMP-0008,WF-02,02_Tally_Ledger_Sync,Scheduled,2024-05-25 02:37:00,2024-05-25 02:37:45,Success,25,,45,2024-05-25 02:37:00
LOG-2738,COMP-0008,WF-03,03_Tally_Party_Sync,Scheduled,2024-05-25 02:26:00,2024-05-25 02:27:00,Success,15,,60,2024-05-25 02:26:00
LOG-2739,COMP-0008,WF-05,05_Tally_Sales_Voucher_Sync,Scheduled,2024-05-25 02:38:00,2024-05-25 02:40:30,Success,30,,150,2024-05-25 02:38:00
LOG-2740,COMP-0008,WF-09,09_Tally_Inventory_Sync,Scheduled,2024-05-25 02:54:00,2024-05-25 02:56:00,Failed,0,Connection timeout,0,2024-05-25 02:54:00
LOG-2741,COMP-0009,WF-01,01_Tally_Company_Sync,Scheduled,2024-05-25 02:01:00,2024-05-25 02:01:15,Success,3,,15,2024-05-25 02:01:00
LOG-2742,COMP-0009,WF-02,02_Tally_Ledger_Sync,Scheduled,2024-05-25 02:22:00,2024-05-25 02:22:45,Success,25,,45,2024-05-25 02:22:00
LOG-2743,COMP-0009,WF-03,03_Tally_Party_Sync,Scheduled,2024-05-25 02:27:00,2024-05-25 02:28:00,Success,15,,60,2024-05-25 02:27:00
LOG-2744,COMP-0009,WF-05,05_Tally_Sales_Voucher_Sync,Scheduled,2024-05-25 02:07:00,2024-05-25 02:09:30,Failed,0,Connection timeout,0,2024-05-25 02:07:00
LOG-2745,COMP-0009,WF-09,09_Tally_Inventory_Sync,Scheduled,2024-05-25 02:13:00,2024-05-25 02:15:00,Success,50,,120,2024-05-25 02:13:00
LOG-2746,COMP-0010,WF-01,01_Tally_Company_Sync,Scheduled,2024-05-25 02:32:00,2024-05-25 02:32:15,Success,3,,15,2024-05-25 02:32:00
LOG-2747,COMP-0010,WF-02,02_Tally_Ledger_Sync,Scheduled,2024-05-25 02:02:00,2024-05-25 02:02:45,Success,25,,45,2024-05-25 02:02:00
LOG-2748,COMP-0010,WF-03,03_Tally_Party_Sync,Scheduled,2024-05-25 02:55:00,2024-05-25 02:56:00,Success,15,,60,2024-05-25 02:55:00
LOG-2749,COMP-0010,WF-05,05_Tally_Sales_Voucher_Sync,Scheduled,2024-05-25 02:30:00,2024-05-25 02:32:30,Failed,0,Connection timeout,0,2024-05-25 02:30:00
LOG-2750,COMP-0010,WF-09,09_Tally_Inventory_Sync,Scheduled,2024-05-25 02:57:00,2024-05-25 02:59:00,Success,50,,120,2024-05-25 02:57:00
LOG-2751,COMP-0001,WF-01,01_Tally_Company_Sync,Scheduled,2024-05-26 02:23:00,2024-05-26 02:23:15,Success,3,,15,2024-05-26 02:23:00
LOG-2752,COMP-0001,WF-02,02_Tally_Ledger_Sync,Scheduled,2024-05-26 02:02:00,2024-05-26 02:02:45,Success,25,,45,2024-05-26 02:02:00
LOG-2753,COMP-0001,WF-03,03_Tally_Party_Sync,Scheduled,2024-05-26 02:00:00,2024-05-26 02:01:00,Success,15,,60,2024-05-26 02:00:00
LOG-2754,COMP-0001,WF-05,05_Tally_Sales_Voucher_Sync,Scheduled,2024-05-26 02:09:00,2024-05-26 02:11:30,Success,30,,150,2024-05-26 02:09:00
LOG-2755,COMP-0001,WF-09,09_Tally_Inventory_Sync,Scheduled,2024-05-26 02:08:00,2024-05-26 02:10:00,Success,50,,120,2024-05-26 02:08:00
LOG-2756,COMP-0002,WF-01,01_Tally_Company_Sync,Scheduled,2024-05-26 02:35:00,2024-05-26 02:35:15,Success,3,,15,2024-05-26 02:35:00
LOG-2757,COMP-0002,WF-02,02_Tally_Ledger_Sync,Scheduled,2024-05-26 02:18:00,2024-05-26 02:18:45,Success,25,,45,2024-05-26 02:18:00
LOG-2758,COMP-0002,WF-03,03_Tally_Party_Sync,Scheduled,2024-05-26 02:59:00,2024-05-26 03:00:00,Success,15,,60,2024-05-26 02:59:00
LOG-2759,COMP-0002,WF-05,05_Tally_Sales_Voucher_Sync,Scheduled,2024-05-26 02:29:00,2024-05-26 02:31:30,Success,30,,150,2024-05-26 02:29:00
LOG-2760,COMP-0002,WF-09,09_Tally_Inventory_Sync,Scheduled,2024-05-26 02:28:00,2024-05-26 02:30:00,Success,50,,120,2024-05-26 02:28:00
LOG-2761,COMP-0003,WF-01,01_Tally_Company_Sync,Scheduled,2024-05-26 02:53:00,2024-05-26 02:53:15,Success,3,,15,2024-05-26 02:53:00
LOG-2762,COMP-0003,WF-02,02_Tally_Ledger_Sync,Scheduled,2024-05-26 02:18:00,2024-05-26 02:18:45,Success,25,,45,2024-05-26 02:18:00
LOG-2763,COMP-0003,WF-03,03_Tally_Party_Sync,Scheduled,2024-05-26 02:39:00,2024-05-26 02:40:00,Success,15,,60,2024-05-26 02:39:00
LOG-2764,COMP-0003,WF-05,05_Tally_Sales_Voucher_Sync,Scheduled,2024-05-26 02:18:00,2024-05-26 02:20:30,Success,30,,150,2024-05-26 02:18:00
LOG-2765,COMP-0003,WF-09,09_Tally_Inventory_Sync,Scheduled,2024-05-26 02:05:00,2024-05-26 02:07:00,Success,50,,120,2024-05-26 02:05:00
LOG-2766,COMP-0004,WF-01,01_Tally_Company_Sync,Scheduled,2024-05-26 02:27:00,2024-05-26 02:27:15,Success,3,,15,2024-05-26 02:27:00
LOG-2767,COMP-0004,WF-02,02_Tally_Ledger_Sync,Scheduled,2024-05-26 02:25:00,2024-05-26 02:25:45,Success,25,,45,2024-05-26 02:25:00
LOG-2768,COMP-0004,WF-03,03_Tally_Party_Sync,Scheduled,2024-05-26 02:11:00,2024-05-26 02:12:00,Success,15,,60,2024-05-26 02:11:00
LOG-2769,COMP-0004,WF-05,05_Tally_Sales_Voucher_Sync,Scheduled,2024-05-26 02:25:00,2024-05-26 02:27:30,Success,30,,150,2024-05-26 02:25:00
LOG-2770,COMP-0004,WF-09,09_Tally_Inventory_Sync,Scheduled,2024-05-26 02:26:00,2024-05-26 02:28:00,Failed,0,Connection timeout,0,2024-05-26 02:26:00
LOG-2771,COMP-0005,WF-01,01_Tally_Company_Sync,Scheduled,2024-05-26 02:21:00,2024-05-26 02:21:15,Success,3,,15,2024-05-26 02:21:00
LOG-2772,COMP-0005,WF-02,02_Tally_Ledger_Sync,Scheduled,2024-05-26 02:26:00,2024-05-26 02:26:45,Success,25,,45,2024-05-26 02:26:00
LOG-2773,COMP-0005,WF-03,03_Tally_Party_Sync,Scheduled,2024-05-26 02:16:00,2024-05-26 02:17:00,Success,15,,60,2024-05-26 02:16:00
LOG-2774,COMP-0005,WF-05,05_Tally_Sales_Voucher_Sync,Scheduled,2024-05-26 02:21:00,2024-05-26 02:23:30,Success,30,,150,2024-05-26 02:21:00
LOG-2775,COMP-0005,WF-09,09_Tally_Inventory_Sync,Scheduled,2024-05-26 02:26:00,2024-05-26 02:28:00,Success,50,,120,2024-05-26 02:26:00
LOG-2776,COMP-0006,WF-01,01_Tally_Company_Sync,Scheduled,2024-05-26 02:08:00,2024-05-26 02:08:15,Success,3,,15,2024-05-26 02:08:00
LOG-2777,COMP-0006,WF-02,02_Tally_Ledger_Sync,Scheduled,2024-05-26 02:43:00,2024-05-26 02:43:45,Success,25,,45,2024-05-26 02:43:00
LOG-2778,COMP-0006,WF-03,03_Tally_Party_Sync,Scheduled,2024-05-26 02:40:00,2024-05-26 02:41:00,Success,15,,60,2024-05-26 02:40:00
LOG-2779,COMP-0006,WF-05,05_Tally_Sales_Voucher_Sync,Scheduled,2024-05-26 02:47:00,2024-05-26 02:49:30,Success,30,,150,2024-05-26 02:47:00
LOG-2780,COMP-0006,WF-09,09_Tally_Inventory_Sync,Scheduled,2024-05-26 02:29:00,2024-05-26 02:31:00,Failed,0,Connection timeout,0,2024-05-26 02:29:00
LOG-2781,COMP-0007,WF-01,01_Tally_Company_Sync,Scheduled,2024-05-26 02:07:00,2024-05-26 02:07:15,Success,3,,15,2024-05-26 02:07:00
LOG-2782,COMP-0007,WF-02,02_Tally_Ledger_Sync,Scheduled,2024-05-26 02:56:00,2024-05-26 02:56:45,Failed,0,Connection timeout,0,2024-05-26 02:56:00
LOG-2783,COMP-0007,WF-03,03_Tally_Party_Sync,Scheduled,2024-05-26 02:57:00,2024-05-26 02:58:00,Success,15,,60,2024-05-26 02:57:00
LOG-2784,COMP-0007,WF-05,05_Tally_Sales_Voucher_Sync,Scheduled,2024-05-26 02:53:00,2024-05-26 02:55:30,Success,30,,150,2024-05-26 02:53:00
LOG-2785,COMP-0007,WF-09,09_Tally_Inventory_Sync,Scheduled,2024-05-26 02:59:00,2024-05-26 03:01:00,Success,50,,120,2024-05-26 02:59:00
LOG-2786,COMP-0008,WF-01,01_Tally_Company_Sync,Scheduled,2024-05-26 02:31:00,2024-05-26 02:31:15,Success,3,,15,2024-05-26 02:31:00
LOG-2787,COMP-0008,WF-02,02_Tally_Ledger_Sync,Scheduled,2024-05-26 02:37:00,2024-05-26 02:37:45,Failed,0,Connection timeout,0,2024-05-26 02:37:00
LOG-2788,COMP-0008,WF-03,03_Tally_Party_Sync,Scheduled,2024-05-26 02:29:00,2024-05-26 02:30:00,Failed,0,Connection timeout,0,2024-05-26 02:29:00
LOG-2789,COMP-0008,WF-05,05_Tally_Sales_Voucher_Sync,Scheduled,2024-05-26 02:49:00,2024-05-26 02:51:30,Success,30,,150,2024-05-26 02:49:00
LOG-2790,COMP-0008,WF-09,09_Tally_Inventory_Sync,Scheduled,2024-05-26 02:11:00,2024-05-26 02:13:00,Failed,0,Connection timeout,0,2024-05-26 02:11:00
LOG-2791,COMP-0009,WF-01,01_Tally_Company_Sync,Scheduled,2024-05-26 02:33:00,2024-05-26 02:33:15,Failed,0,Connection timeout,0,2024-05-26 02:33:00
LOG-2792,COMP-0009,WF-02,02_Tally_Ledger_Sync,Scheduled,2024-05-26 02:24:00,2024-05-26 02:24:45,Failed,0,Connection timeout,0,2024-05-26 02:24:00
LOG-2793,COMP-0009,WF-03,03_Tally_Party_Sync,Scheduled,2024-05-26 02:44:00,2024-05-26 02:45:00,Success,15,,60,2024-05-26 02:44:00
LOG-2794,COMP-0009,WF-05,05_Tally_Sales_Voucher_Sync,Scheduled,2024-05-26 02:51:00,2024-05-26 02:53:30,Success,30,,150,2024-05-26 02:51:00
LOG-2795,COMP-0009,WF-09,09_Tally_Inventory_Sync,Scheduled,2024-05-26 02:15:00,2024-05-26 02:17:00,Success,50,,120,2024-05-26 02:15:00
LOG-2796,COMP-0010,WF-01,01_Tally_Company_Sync,Scheduled,2024-05-26 02:50:00,2024-05-26 02:50:15,Success,3,,15,2024-05-26 02:50:00
LOG-2797,COMP-0010,WF-02,02_Tally_Ledger_Sync,Scheduled,2024-05-26 02:51:00,2024-05-26 02:51:45,Success,25,,45,2024-05-26 02:51:00
LOG-2798,COMP-0010,WF-03,03_Tally_Party_Sync,Scheduled,2024-05-26 02:44:00,2024-05-26 02:45:00,Success,15,,60,2024-05-26 02:44:00
LOG-2799,COMP-0010,WF-05,05_Tally_Sales_Voucher_Sync,Scheduled,2024-05-26 02:01:00,2024-05-26 02:03:30,Success,30,,150,2024-05-26 02:01:00
LOG-2800,COMP-0010,WF-09,09_Tally_Inventory_Sync,Scheduled,2024-05-26 02:23:00,2024-05-26 02:25:00,Success,50,,120,2024-05-26 02:23:00
LOG-2801,COMP-0001,WF-01,01_Tally_Company_Sync,Scheduled,2024-05-27 02:18:00,2024-05-27 02:18:15,Success,3,,15,2024-05-27 02:18:00
LOG-2802,COMP-0001,WF-02,02_Tally_Ledger_Sync,Scheduled,2024-05-27 02:44:00,2024-05-27 02:44:45,Success,25,,45,2024-05-27 02:44:00
LOG-2803,COMP-0001,WF-03,03_Tally_Party_Sync,Scheduled,2024-05-27 02:05:00,2024-05-27 02:06:00,Success,15,,60,2024-05-27 02:05:00
LOG-2804,COMP-0001,WF-05,05_Tally_Sales_Voucher_Sync,Scheduled,2024-05-27 02:26:00,2024-05-27 02:28:30,Success,30,,150,2024-05-27 02:26:00
LOG-2805,COMP-0001,WF-09,09_Tally_Inventory_Sync,Scheduled,2024-05-27 02:52:00,2024-05-27 02:54:00,Success,50,,120,2024-05-27 02:52:00
LOG-2806,COMP-0002,WF-01,01_Tally_Company_Sync,Scheduled,2024-05-27 02:28:00,2024-05-27 02:28:15,Failed,0,Connection timeout,0,2024-05-27 02:28:00
LOG-2807,COMP-0002,WF-02,02_Tally_Ledger_Sync,Scheduled,2024-05-27 02:12:00,2024-05-27 02:12:45,Success,25,,45,2024-05-27 02:12:00
LOG-2808,COMP-0002,WF-03,03_Tally_Party_Sync,Scheduled,2024-05-27 02:06:00,2024-05-27 02:07:00,Success,15,,60,2024-05-27 02:06:00
LOG-2809,COMP-0002,WF-05,05_Tally_Sales_Voucher_Sync,Scheduled,2024-05-27 02:14:00,2024-05-27 02:16:30,Success,30,,150,2024-05-27 02:14:00
LOG-2810,COMP-0002,WF-09,09_Tally_Inventory_Sync,Scheduled,2024-05-27 02:17:00,2024-05-27 02:19:00,Failed,0,Connection timeout,0,2024-05-27 02:17:00
LOG-2811,COMP-0003,WF-01,01_Tally_Company_Sync,Scheduled,2024-05-27 02:43:00,2024-05-27 02:43:15,Success,3,,15,2024-05-27 02:43:00
LOG-2812,COMP-0003,WF-02,02_Tally_Ledger_Sync,Scheduled,2024-05-27 02:47:00,2024-05-27 02:47:45,Success,25,,45,2024-05-27 02:47:00
LOG-2813,COMP-0003,WF-03,03_Tally_Party_Sync,Scheduled,2024-05-27 02:21:00,2024-05-27 02:22:00,Success,15,,60,2024-05-27 02:21:00
LOG-2814,COMP-0003,WF-05,05_Tally_Sales_Voucher_Sync,Scheduled,2024-05-27 02:43:00,2024-05-27 02:45:30,Success,30,,150,2024-05-27 02:43:00
LOG-2815,COMP-0003,WF-09,09_Tally_Inventory_Sync,Scheduled,2024-05-27 02:07:00,2024-05-27 02:09:00,Success,50,,120,2024-05-27 02:07:00
LOG-2816,COMP-0004,WF-01,01_Tally_Company_Sync,Scheduled,2024-05-27 02:09:00,2024-05-27 02:09:15,Success,3,,15,2024-05-27 02:09:00
LOG-2817,COMP-0004,WF-02,02_Tally_Ledger_Sync,Scheduled,2024-05-27 02:19:00,2024-05-27 02:19:45,Success,25,,45,2024-05-27 02:19:00
LOG-2818,COMP-0004,WF-03,03_Tally_Party_Sync,Scheduled,2024-05-27 02:49:00,2024-05-27 02:50:00,Failed,0,Connection timeout,0,2024-05-27 02:49:00
LOG-2819,COMP-0004,WF-05,05_Tally_Sales_Voucher_Sync,Scheduled,2024-05-27 02:04:00,2024-05-27 02:06:30,Success,30,,150,2024-05-27 02:04:00
LOG-2820,COMP-0004,WF-09,09_Tally_Inventory_Sync,Scheduled,2024-05-27 02:19:00,2024-05-27 02:21:00,Success,50,,120,2024-05-27 02:19:00
LOG-2821,COMP-0005,WF-01,01_Tally_Company_Sync,Scheduled,2024-05-27 02:02:00,2024-05-27 02:02:15,Success,3,,15,2024-05-27 02:02:00
LOG-2822,COMP-0005,WF-02,02_Tally_Ledger_Sync,Scheduled,2024-05-27 02:06:00,2024-05-27 02:06:45,Success,25,,45,2024-05-27 02:06:00
LOG-2823,COMP-0005,WF-03,03_Tally_Party_Sync,Scheduled,2024-05-27 02:14:00,2024-05-27 02:15:00,Failed,0,Connection timeout,0,2024-05-27 02:14:00
LOG-2824,COMP-0005,WF-05,05_Tally_Sales_Voucher_Sync,Scheduled,2024-05-27 02:25:00,2024-05-27 02:27:30,Success,30,,150,2024-05-27 02:25:00
LOG-2825,COMP-0005,WF-09,09_Tally_Inventory_Sync,Scheduled,2024-05-27 02:46:00,2024-05-27 02:48:00,Success,50,,120,2024-05-27 02:46:00
LOG-2826,COMP-0006,WF-01,01_Tally_Company_Sync,Scheduled,2024-05-27 02:26:00,2024-05-27 02:26:15,Success,3,,15,2024-05-27 02:26:00
LOG-2827,COMP-0006,WF-02,02_Tally_Ledger_Sync,Scheduled,2024-05-27 02:15:00,2024-05-27 02:15:45,Success,25,,45,2024-05-27 02:15:00
LOG-2828,COMP-0006,WF-03,03_Tally_Party_Sync,Scheduled,2024-05-27 02:30:00,2024-05-27 02:31:00,Failed,0,Connection timeout,0,2024-05-27 02:30:00
LOG-2829,COMP-0006,WF-05,05_Tally_Sales_Voucher_Sync,Scheduled,2024-05-27 02:23:00,2024-05-27 02:25:30,Success,30,,150,2024-05-27 02:23:00
LOG-2830,COMP-0006,WF-09,09_Tally_Inventory_Sync,Scheduled,2024-05-27 02:12:00,2024-05-27 02:14:00,Success,50,,120,2024-05-27 02:12:00
LOG-2831,COMP-0007,WF-01,01_Tally_Company_Sync,Scheduled,2024-05-27 02:55:00,2024-05-27 02:55:15,Success,3,,15,2024-05-27 02:55:00
LOG-2832,COMP-0007,WF-02,02_Tally_Ledger_Sync,Scheduled,2024-05-27 02:36:00,2024-05-27 02:36:45,Failed,0,Connection timeout,0,2024-05-27 02:36:00
LOG-2833,COMP-0007,WF-03,03_Tally_Party_Sync,Scheduled,2024-05-27 02:57:00,2024-05-27 02:58:00,Success,15,,60,2024-05-27 02:57:00
LOG-2834,COMP-0007,WF-05,05_Tally_Sales_Voucher_Sync,Scheduled,2024-05-27 02:25:00,2024-05-27 02:27:30,Success,30,,150,2024-05-27 02:25:00
LOG-2835,COMP-0007,WF-09,09_Tally_Inventory_Sync,Scheduled,2024-05-27 02:16:00,2024-05-27 02:18:00,Success,50,,120,2024-05-27 02:16:00
LOG-2836,COMP-0008,WF-01,01_Tally_Company_Sync,Scheduled,2024-05-27 02:59:00,2024-05-27 02:59:15,Success,3,,15,2024-05-27 02:59:00
LOG-2837,COMP-0008,WF-02,02_Tally_Ledger_Sync,Scheduled,2024-05-27 02:40:00,2024-05-27 02:40:45,Success,25,,45,2024-05-27 02:40:00
LOG-2838,COMP-0008,WF-03,03_Tally_Party_Sync,Scheduled,2024-05-27 02:06:00,2024-05-27 02:07:00,Success,15,,60,2024-05-27 02:06:00
LOG-2839,COMP-0008,WF-05,05_Tally_Sales_Voucher_Sync,Scheduled,2024-05-27 02:00:00,2024-05-27 02:02:30,Success,30,,150,2024-05-27 02:00:00
LOG-2840,COMP-0008,WF-09,09_Tally_Inventory_Sync,Scheduled,2024-05-27 02:47:00,2024-05-27 02:49:00,Success,50,,120,2024-05-27 02:47:00
LOG-2841,COMP-0009,WF-01,01_Tally_Company_Sync,Scheduled,2024-05-27 02:03:00,2024-05-27 02:03:15,Success,3,,15,2024-05-27 02:03:00
LOG-2842,COMP-0009,WF-02,02_Tally_Ledger_Sync,Scheduled,2024-05-27 02:11:00,2024-05-27 02:11:45,Success,25,,45,2024-05-27 02:11:00
LOG-2843,COMP-0009,WF-03,03_Tally_Party_Sync,Scheduled,2024-05-27 02:44:00,2024-05-27 02:45:00,Success,15,,60,2024-05-27 02:44:00
LOG-2844,COMP-0009,WF-05,05_Tally_Sales_Voucher_Sync,Scheduled,2024-05-27 02:10:00,2024-05-27 02:12:30,Success,30,,150,2024-05-27 02:10:00
LOG-2845,COMP-0009,WF-09,09_Tally_Inventory_Sync,Scheduled,2024-05-27 02:43:00,2024-05-27 02:45:00,Success,50,,120,2024-05-27 02:43:00
LOG-2846,COMP-0010,WF-01,01_Tally_Company_Sync,Scheduled,2024-05-27 02:14:00,2024-05-27 02:14:15,Success,3,,15,2024-05-27 02:14:00
LOG-2847,COMP-0010,WF-02,02_Tally_Ledger_Sync,Scheduled,2024-05-27 02:58:00,2024-05-27 02:58:45,Success,25,,45,2024-05-27 02:58:00
LOG-2848,COMP-0010,WF-03,03_Tally_Party_Sync,Scheduled,2024-05-27 02:52:00,2024-05-27 02:53:00,Success,15,,60,2024-05-27 02:52:00
LOG-2849,COMP-0010,WF-05,05_Tally_Sales_Voucher_Sync,Scheduled,2024-05-27 02:30:00,2024-05-27 02:32:30,Success,30,,150,2024-05-27 02:30:00
LOG-2850,COMP-0010,WF-09,09_Tally_Inventory_Sync,Scheduled,2024-05-27 02:41:00,2024-05-27 02:43:00,Failed,0,Connection timeout,0,2024-05-27 02:41:00
LOG-2851,COMP-0001,WF-01,01_Tally_Company_Sync,Scheduled,2024-05-28 02:34:00,2024-05-28 02:34:15,Success,3,,15,2024-05-28 02:34:00
LOG-2852,COMP-0001,WF-02,02_Tally_Ledger_Sync,Scheduled,2024-05-28 02:33:00,2024-05-28 02:33:45,Success,25,,45,2024-05-28 02:33:00
LOG-2853,COMP-0001,WF-03,03_Tally_Party_Sync,Scheduled,2024-05-28 02:24:00,2024-05-28 02:25:00,Success,15,,60,2024-05-28 02:24:00
LOG-2854,COMP-0001,WF-05,05_Tally_Sales_Voucher_Sync,Scheduled,2024-05-28 02:23:00,2024-05-28 02:25:30,Success,30,,150,2024-05-28 02:23:00
LOG-2855,COMP-0001,WF-09,09_Tally_Inventory_Sync,Scheduled,2024-05-28 02:38:00,2024-05-28 02:40:00,Failed,0,Connection timeout,0,2024-05-28 02:38:00
LOG-2856,COMP-0002,WF-01,01_Tally_Company_Sync,Scheduled,2024-05-28 02:47:00,2024-05-28 02:47:15,Failed,0,Connection timeout,0,2024-05-28 02:47:00
LOG-2857,COMP-0002,WF-02,02_Tally_Ledger_Sync,Scheduled,2024-05-28 02:44:00,2024-05-28 02:44:45,Success,25,,45,2024-05-28 02:44:00
LOG-2858,COMP-0002,WF-03,03_Tally_Party_Sync,Scheduled,2024-05-28 02:15:00,2024-05-28 02:16:00,Success,15,,60,2024-05-28 02:15:00
LOG-2859,COMP-0002,WF-05,05_Tally_Sales_Voucher_Sync,Scheduled,2024-05-28 02:44:00,2024-05-28 02:46:30,Failed,0,Connection timeout,0,2024-05-28 02:44:00
LOG-2860,COMP-0002,WF-09,09_Tally_Inventory_Sync,Scheduled,2024-05-28 02:03:00,2024-05-28 02:05:00,Failed,0,Connection timeout,0,2024-05-28 02:03:00
LOG-2861,COMP-0003,WF-01,01_Tally_Company_Sync,Scheduled,2024-05-28 02:46:00,2024-05-28 02:46:15,Success,3,,15,2024-05-28 02:46:00
LOG-2862,COMP-0003,WF-02,02_Tally_Ledger_Sync,Scheduled,2024-05-28 02:52:00,2024-05-28 02:52:45,Success,25,,45,2024-05-28 02:52:00
LOG-2863,COMP-0003,WF-03,03_Tally_Party_Sync,Scheduled,2024-05-28 02:49:00,2024-05-28 02:50:00,Success,15,,60,2024-05-28 02:49:00
LOG-2864,COMP-0003,WF-05,05_Tally_Sales_Voucher_Sync,Scheduled,2024-05-28 02:49:00,2024-05-28 02:51:30,Success,30,,150,2024-05-28 02:49:00
LOG-2865,COMP-0003,WF-09,09_Tally_Inventory_Sync,Scheduled,2024-05-28 02:15:00,2024-05-28 02:17:00,Success,50,,120,2024-05-28 02:15:00
LOG-2866,COMP-0004,WF-01,01_Tally_Company_Sync,Scheduled,2024-05-28 02:04:00,2024-05-28 02:04:15,Success,3,,15,2024-05-28 02:04:00
LOG-2867,COMP-0004,WF-02,02_Tally_Ledger_Sync,Scheduled,2024-05-28 02:13:00,2024-05-28 02:13:45,Success,25,,45,2024-05-28 02:13:00
LOG-2868,COMP-0004,WF-03,03_Tally_Party_Sync,Scheduled,2024-05-28 02:24:00,2024-05-28 02:25:00,Success,15,,60,2024-05-28 02:24:00
LOG-2869,COMP-0004,WF-05,05_Tally_Sales_Voucher_Sync,Scheduled,2024-05-28 02:31:00,2024-05-28 02:33:30,Success,30,,150,2024-05-28 02:31:00
LOG-2870,COMP-0004,WF-09,09_Tally_Inventory_Sync,Scheduled,2024-05-28 02:38:00,2024-05-28 02:40:00,Failed,0,Connection timeout,0,2024-05-28 02:38:00
LOG-2871,COMP-0005,WF-01,01_Tally_Company_Sync,Scheduled,2024-05-28 02:16:00,2024-05-28 02:16:15,Success,3,,15,2024-05-28 02:16:00
LOG-2872,COMP-0005,WF-02,02_Tally_Ledger_Sync,Scheduled,2024-05-28 02:02:00,2024-05-28 02:02:45,Success,25,,45,2024-05-28 02:02:00
LOG-2873,COMP-0005,WF-03,03_Tally_Party_Sync,Scheduled,2024-05-28 02:45:00,2024-05-28 02:46:00,Success,15,,60,2024-05-28 02:45:00
LOG-2874,COMP-0005,WF-05,05_Tally_Sales_Voucher_Sync,Scheduled,2024-05-28 02:40:00,2024-05-28 02:42:30,Success,30,,150,2024-05-28 02:40:00
LOG-2875,COMP-0005,WF-09,09_Tally_Inventory_Sync,Scheduled,2024-05-28 02:55:00,2024-05-28 02:57:00,Success,50,,120,2024-05-28 02:55:00
LOG-2876,COMP-0006,WF-01,01_Tally_Company_Sync,Scheduled,2024-05-28 02:09:00,2024-05-28 02:09:15,Success,3,,15,2024-05-28 02:09:00
LOG-2877,COMP-0006,WF-02,02_Tally_Ledger_Sync,Scheduled,2024-05-28 02:21:00,2024-05-28 02:21:45,Success,25,,45,2024-05-28 02:21:00
LOG-2878,COMP-0006,WF-03,03_Tally_Party_Sync,Scheduled,2024-05-28 02:59:00,2024-05-28 03:00:00,Success,15,,60,2024-05-28 02:59:00
LOG-2879,COMP-0006,WF-05,05_Tally_Sales_Voucher_Sync,Scheduled,2024-05-28 02:29:00,2024-05-28 02:31:30,Success,30,,150,2024-05-28 02:29:00
LOG-2880,COMP-0006,WF-09,09_Tally_Inventory_Sync,Scheduled,2024-05-28 02:31:00,2024-05-28 02:33:00,Failed,0,Connection timeout,0,2024-05-28 02:31:00
LOG-2881,COMP-0007,WF-01,01_Tally_Company_Sync,Scheduled,2024-05-28 02:24:00,2024-05-28 02:24:15,Success,3,,15,2024-05-28 02:24:00
LOG-2882,COMP-0007,WF-02,02_Tally_Ledger_Sync,Scheduled,2024-05-28 02:00:00,2024-05-28 02:00:45,Success,25,,45,2024-05-28 02:00:00
LOG-2883,COMP-0007,WF-03,03_Tally_Party_Sync,Scheduled,2024-05-28 02:25:00,2024-05-28 02:26:00,Success,15,,60,2024-05-28 02:25:00
LOG-2884,COMP-0007,WF-05,05_Tally_Sales_Voucher_Sync,Scheduled,2024-05-28 02:00:00,2024-05-28 02:02:30,Success,30,,150,2024-05-28 02:00:00
LOG-2885,COMP-0007,WF-09,09_Tally_Inventory_Sync,Scheduled,2024-05-28 02:56:00,2024-05-28 02:58:00,Success,50,,120,2024-05-28 02:56:00
LOG-2886,COMP-0008,WF-01,01_Tally_Company_Sync,Scheduled,2024-05-28 02:27:00,2024-05-28 02:27:15,Success,3,,15,2024-05-28 02:27:00
LOG-2887,COMP-0008,WF-02,02_Tally_Ledger_Sync,Scheduled,2024-05-28 02:46:00,2024-05-28 02:46:45,Success,25,,45,2024-05-28 02:46:00
LOG-2888,COMP-0008,WF-03,03_Tally_Party_Sync,Scheduled,2024-05-28 02:07:00,2024-05-28 02:08:00,Success,15,,60,2024-05-28 02:07:00
LOG-2889,COMP-0008,WF-05,05_Tally_Sales_Voucher_Sync,Scheduled,2024-05-28 02:52:00,2024-05-28 02:54:30,Success,30,,150,2024-05-28 02:52:00
LOG-2890,COMP-0008,WF-09,09_Tally_Inventory_Sync,Scheduled,2024-05-28 02:01:00,2024-05-28 02:03:00,Success,50,,120,2024-05-28 02:01:00
LOG-2891,COMP-0009,WF-01,01_Tally_Company_Sync,Scheduled,2024-05-28 02:59:00,2024-05-28 02:59:15,Success,3,,15,2024-05-28 02:59:00
LOG-2892,COMP-0009,WF-02,02_Tally_Ledger_Sync,Scheduled,2024-05-28 02:42:00,2024-05-28 02:42:45,Success,25,,45,2024-05-28 02:42:00
LOG-2893,COMP-0009,WF-03,03_Tally_Party_Sync,Scheduled,2024-05-28 02:47:00,2024-05-28 02:48:00,Success,15,,60,2024-05-28 02:47:00
LOG-2894,COMP-0009,WF-05,05_Tally_Sales_Voucher_Sync,Scheduled,2024-05-28 02:04:00,2024-05-28 02:06:30,Success,30,,150,2024-05-28 02:04:00
LOG-2895,COMP-0009,WF-09,09_Tally_Inventory_Sync,Scheduled,2024-05-28 02:27:00,2024-05-28 02:29:00,Success,50,,120,2024-05-28 02:27:00
LOG-2896,COMP-0010,WF-01,01_Tally_Company_Sync,Scheduled,2024-05-28 02:55:00,2024-05-28 02:55:15,Success,3,,15,2024-05-28 02:55:00
LOG-2897,COMP-0010,WF-02,02_Tally_Ledger_Sync,Scheduled,2024-05-28 02:07:00,2024-05-28 02:07:45,Failed,0,Connection timeout,0,2024-05-28 02:07:00
LOG-2898,COMP-0010,WF-03,03_Tally_Party_Sync,Scheduled,2024-05-28 02:38:00,2024-05-28 02:39:00,Failed,0,Connection timeout,0,2024-05-28 02:38:00
LOG-2899,COMP-0010,WF-05,05_Tally_Sales_Voucher_Sync,Scheduled,2024-05-28 02:50:00,2024-05-28 02:52:30,Success,30,,150,2024-05-28 02:50:00
LOG-2900,COMP-0010,WF-09,09_Tally_Inventory_Sync,Scheduled,2024-05-28 02:53:00,2024-05-28 02:55:00,Success,50,,120,2024-05-28 02:53:00
LOG-2901,COMP-0001,WF-01,01_Tally_Company_Sync,Scheduled,2024-05-29 02:41:00,2024-05-29 02:41:15,Failed,0,Connection timeout,0,2024-05-29 02:41:00
LOG-2902,COMP-0001,WF-02,02_Tally_Ledger_Sync,Scheduled,2024-05-29 02:17:00,2024-05-29 02:17:45,Failed,0,Connection timeout,0,2024-05-29 02:17:00
LOG-2903,COMP-0001,WF-03,03_Tally_Party_Sync,Scheduled,2024-05-29 02:00:00,2024-05-29 02:01:00,Success,15,,60,2024-05-29 02:00:00
LOG-2904,COMP-0001,WF-05,05_Tally_Sales_Voucher_Sync,Scheduled,2024-05-29 02:04:00,2024-05-29 02:06:30,Success,30,,150,2024-05-29 02:04:00
LOG-2905,COMP-0001,WF-09,09_Tally_Inventory_Sync,Scheduled,2024-05-29 02:03:00,2024-05-29 02:05:00,Success,50,,120,2024-05-29 02:03:00
LOG-2906,COMP-0002,WF-01,01_Tally_Company_Sync,Scheduled,2024-05-29 02:12:00,2024-05-29 02:12:15,Failed,0,Connection timeout,0,2024-05-29 02:12:00
LOG-2907,COMP-0002,WF-02,02_Tally_Ledger_Sync,Scheduled,2024-05-29 02:31:00,2024-05-29 02:31:45,Success,25,,45,2024-05-29 02:31:00
LOG-2908,COMP-0002,WF-03,03_Tally_Party_Sync,Scheduled,2024-05-29 02:42:00,2024-05-29 02:43:00,Success,15,,60,2024-05-29 02:42:00
LOG-2909,COMP-0002,WF-05,05_Tally_Sales_Voucher_Sync,Scheduled,2024-05-29 02:01:00,2024-05-29 02:03:30,Success,30,,150,2024-05-29 02:01:00
LOG-2910,COMP-0002,WF-09,09_Tally_Inventory_Sync,Scheduled,2024-05-29 02:54:00,2024-05-29 02:56:00,Success,50,,120,2024-05-29 02:54:00
LOG-2911,COMP-0003,WF-01,01_Tally_Company_Sync,Scheduled,2024-05-29 02:42:00,2024-05-29 02:42:15,Success,3,,15,2024-05-29 02:42:00
LOG-2912,COMP-0003,WF-02,02_Tally_Ledger_Sync,Scheduled,2024-05-29 02:29:00,2024-05-29 02:29:45,Success,25,,45,2024-05-29 02:29:00
LOG-2913,COMP-0003,WF-03,03_Tally_Party_Sync,Scheduled,2024-05-29 02:31:00,2024-05-29 02:32:00,Success,15,,60,2024-05-29 02:31:00
LOG-2914,COMP-0003,WF-05,05_Tally_Sales_Voucher_Sync,Scheduled,2024-05-29 02:50:00,2024-05-29 02:52:30,Success,30,,150,2024-05-29 02:50:00
LOG-2915,COMP-0003,WF-09,09_Tally_Inventory_Sync,Scheduled,2024-05-29 02:17:00,2024-05-29 02:19:00,Failed,0,Connection timeout,0,2024-05-29 02:17:00
LOG-2916,COMP-0004,WF-01,01_Tally_Company_Sync,Scheduled,2024-05-29 02:29:00,2024-05-29 02:29:15,Success,3,,15,2024-05-29 02:29:00
LOG-2917,COMP-0004,WF-02,02_Tally_Ledger_Sync,Scheduled,2024-05-29 02:24:00,2024-05-29 02:24:45,Success,25,,45,2024-05-29 02:24:00
LOG-2918,COMP-0004,WF-03,03_Tally_Party_Sync,Scheduled,2024-05-29 02:56:00,2024-05-29 02:57:00,Success,15,,60,2024-05-29 02:56:00
LOG-2919,COMP-0004,WF-05,05_Tally_Sales_Voucher_Sync,Scheduled,2024-05-29 02:06:00,2024-05-29 02:08:30,Success,30,,150,2024-05-29 02:06:00
LOG-2920,COMP-0004,WF-09,09_Tally_Inventory_Sync,Scheduled,2024-05-29 02:27:00,2024-05-29 02:29:00,Success,50,,120,2024-05-29 02:27:00
LOG-2921,COMP-0005,WF-01,01_Tally_Company_Sync,Scheduled,2024-05-29 02:49:00,2024-05-29 02:49:15,Success,3,,15,2024-05-29 02:49:00
LOG-2922,COMP-0005,WF-02,02_Tally_Ledger_Sync,Scheduled,2024-05-29 02:58:00,2024-05-29 02:58:45,Success,25,,45,2024-05-29 02:58:00
LOG-2923,COMP-0005,WF-03,03_Tally_Party_Sync,Scheduled,2024-05-29 02:27:00,2024-05-29 02:28:00,Success,15,,60,2024-05-29 02:27:00
LOG-2924,COMP-0005,WF-05,05_Tally_Sales_Voucher_Sync,Scheduled,2024-05-29 02:31:00,2024-05-29 02:33:30,Failed,0,Connection timeout,0,2024-05-29 02:31:00
LOG-2925,COMP-0005,WF-09,09_Tally_Inventory_Sync,Scheduled,2024-05-29 02:40:00,2024-05-29 02:42:00,Success,50,,120,2024-05-29 02:40:00
LOG-2926,COMP-0006,WF-01,01_Tally_Company_Sync,Scheduled,2024-05-29 02:38:00,2024-05-29 02:38:15,Success,3,,15,2024-05-29 02:38:00
LOG-2927,COMP-0006,WF-02,02_Tally_Ledger_Sync,Scheduled,2024-05-29 02:44:00,2024-05-29 02:44:45,Success,25,,45,2024-05-29 02:44:00
LOG-2928,COMP-0006,WF-03,03_Tally_Party_Sync,Scheduled,2024-05-29 02:43:00,2024-05-29 02:44:00,Success,15,,60,2024-05-29 02:43:00
LOG-2929,COMP-0006,WF-05,05_Tally_Sales_Voucher_Sync,Scheduled,2024-05-29 02:37:00,2024-05-29 02:39:30,Success,30,,150,2024-05-29 02:37:00
LOG-2930,COMP-0006,WF-09,09_Tally_Inventory_Sync,Scheduled,2024-05-29 02:09:00,2024-05-29 02:11:00,Success,50,,120,2024-05-29 02:09:00
LOG-2931,COMP-0007,WF-01,01_Tally_Company_Sync,Scheduled,2024-05-29 02:55:00,2024-05-29 02:55:15,Failed,0,Connection timeout,0,2024-05-29 02:55:00
LOG-2932,COMP-0007,WF-02,02_Tally_Ledger_Sync,Scheduled,2024-05-29 02:54:00,2024-05-29 02:54:45,Success,25,,45,2024-05-29 02:54:00
LOG-2933,COMP-0007,WF-03,03_Tally_Party_Sync,Scheduled,2024-05-29 02:13:00,2024-05-29 02:14:00,Success,15,,60,2024-05-29 02:13:00
LOG-2934,COMP-0007,WF-05,05_Tally_Sales_Voucher_Sync,Scheduled,2024-05-29 02:15:00,2024-05-29 02:17:30,Success,30,,150,2024-05-29 02:15:00
LOG-2935,COMP-0007,WF-09,09_Tally_Inventory_Sync,Scheduled,2024-05-29 02:46:00,2024-05-29 02:48:00,Success,50,,120,2024-05-29 02:46:00
LOG-2936,COMP-0008,WF-01,01_Tally_Company_Sync,Scheduled,2024-05-29 02:59:00,2024-05-29 02:59:15,Success,3,,15,2024-05-29 02:59:00
LOG-2937,COMP-0008,WF-02,02_Tally_Ledger_Sync,Scheduled,2024-05-29 02:29:00,2024-05-29 02:29:45,Success,25,,45,2024-05-29 02:29:00
LOG-2938,COMP-0008,WF-03,03_Tally_Party_Sync,Scheduled,2024-05-29 02:46:00,2024-05-29 02:47:00,Success,15,,60,2024-05-29 02:46:00
LOG-2939,COMP-0008,WF-05,05_Tally_Sales_Voucher_Sync,Scheduled,2024-05-29 02:42:00,2024-05-29 02:44:30,Success,30,,150,2024-05-29 02:42:00
LOG-2940,COMP-0008,WF-09,09_Tally_Inventory_Sync,Scheduled,2024-05-29 02:22:00,2024-05-29 02:24:00,Success,50,,120,2024-05-29 02:22:00
LOG-2941,COMP-0009,WF-01,01_Tally_Company_Sync,Scheduled,2024-05-29 02:31:00,2024-05-29 02:31:15,Failed,0,Connection timeout,0,2024-05-29 02:31:00
LOG-2942,COMP-0009,WF-02,02_Tally_Ledger_Sync,Scheduled,2024-05-29 02:27:00,2024-05-29 02:27:45,Success,25,,45,2024-05-29 02:27:00
LOG-2943,COMP-0009,WF-03,03_Tally_Party_Sync,Scheduled,2024-05-29 02:17:00,2024-05-29 02:18:00,Success,15,,60,2024-05-29 02:17:00
LOG-2944,COMP-0009,WF-05,05_Tally_Sales_Voucher_Sync,Scheduled,2024-05-29 02:46:00,2024-05-29 02:48:30,Success,30,,150,2024-05-29 02:46:00
LOG-2945,COMP-0009,WF-09,09_Tally_Inventory_Sync,Scheduled,2024-05-29 02:40:00,2024-05-29 02:42:00,Success,50,,120,2024-05-29 02:40:00
LOG-2946,COMP-0010,WF-01,01_Tally_Company_Sync,Scheduled,2024-05-29 02:23:00,2024-05-29 02:23:15,Success,3,,15,2024-05-29 02:23:00
LOG-2947,COMP-0010,WF-02,02_Tally_Ledger_Sync,Scheduled,2024-05-29 02:35:00,2024-05-29 02:35:45,Success,25,,45,2024-05-29 02:35:00
LOG-2948,COMP-0010,WF-03,03_Tally_Party_Sync,Scheduled,2024-05-29 02:07:00,2024-05-29 02:08:00,Success,15,,60,2024-05-29 02:07:00
LOG-2949,COMP-0010,WF-05,05_Tally_Sales_Voucher_Sync,Scheduled,2024-05-29 02:31:00,2024-05-29 02:33:30,Success,30,,150,2024-05-29 02:31:00
LOG-2950,COMP-0010,WF-09,09_Tally_Inventory_Sync,Scheduled,2024-05-29 02:28:00,2024-05-29 02:30:00,Success,50,,120,2024-05-29 02:28:00
LOG-2951,COMP-0001,WF-01,01_Tally_Company_Sync,Scheduled,2024-05-30 02:18:00,2024-05-30 02:18:15,Success,3,,15,2024-05-30 02:18:00
LOG-2952,COMP-0001,WF-02,02_Tally_Ledger_Sync,Scheduled,2024-05-30 02:38:00,2024-05-30 02:38:45,Success,25,,45,2024-05-30 02:38:00
LOG-2953,COMP-0001,WF-03,03_Tally_Party_Sync,Scheduled,2024-05-30 02:55:00,2024-05-30 02:56:00,Success,15,,60,2024-05-30 02:55:00
LOG-2954,COMP-0001,WF-05,05_Tally_Sales_Voucher_Sync,Scheduled,2024-05-30 02:59:00,2024-05-30 03:01:30,Success,30,,150,2024-05-30 02:59:00
LOG-2955,COMP-0001,WF-09,09_Tally_Inventory_Sync,Scheduled,2024-05-30 02:43:00,2024-05-30 02:45:00,Success,50,,120,2024-05-30 02:43:00
LOG-2956,COMP-0002,WF-01,01_Tally_Company_Sync,Scheduled,2024-05-30 02:41:00,2024-05-30 02:41:15,Success,3,,15,2024-05-30 02:41:00
LOG-2957,COMP-0002,WF-02,02_Tally_Ledger_Sync,Scheduled,2024-05-30 02:13:00,2024-05-30 02:13:45,Success,25,,45,2024-05-30 02:13:00
LOG-2958,COMP-0002,WF-03,03_Tally_Party_Sync,Scheduled,2024-05-30 02:23:00,2024-05-30 02:24:00,Success,15,,60,2024-05-30 02:23:00
LOG-2959,COMP-0002,WF-05,05_Tally_Sales_Voucher_Sync,Scheduled,2024-05-30 02:37:00,2024-05-30 02:39:30,Success,30,,150,2024-05-30 02:37:00
LOG-2960,COMP-0002,WF-09,09_Tally_Inventory_Sync,Scheduled,2024-05-30 02:48:00,2024-05-30 02:50:00,Success,50,,120,2024-05-30 02:48:00
LOG-2961,COMP-0003,WF-01,01_Tally_Company_Sync,Scheduled,2024-05-30 02:22:00,2024-05-30 02:22:15,Success,3,,15,2024-05-30 02:22:00
LOG-2962,COMP-0003,WF-02,02_Tally_Ledger_Sync,Scheduled,2024-05-30 02:02:00,2024-05-30 02:02:45,Success,25,,45,2024-05-30 02:02:00
LOG-2963,COMP-0003,WF-03,03_Tally_Party_Sync,Scheduled,2024-05-30 02:39:00,2024-05-30 02:40:00,Success,15,,60,2024-05-30 02:39:00
LOG-2964,COMP-0003,WF-05,05_Tally_Sales_Voucher_Sync,Scheduled,2024-05-30 02:44:00,2024-05-30 02:46:30,Success,30,,150,2024-05-30 02:44:00
LOG-2965,COMP-0003,WF-09,09_Tally_Inventory_Sync,Scheduled,2024-05-30 02:16:00,2024-05-30 02:18:00,Success,50,,120,2024-05-30 02:16:00
LOG-2966,COMP-0004,WF-01,01_Tally_Company_Sync,Scheduled,2024-05-30 02:36:00,2024-05-30 02:36:15,Success,3,,15,2024-05-30 02:36:00
LOG-2967,COMP-0004,WF-02,02_Tally_Ledger_Sync,Scheduled,2024-05-30 02:24:00,2024-05-30 02:24:45,Success,25,,45,2024-05-30 02:24:00
LOG-2968,COMP-0004,WF-03,03_Tally_Party_Sync,Scheduled,2024-05-30 02:07:00,2024-05-30 02:08:00,Success,15,,60,2024-05-30 02:07:00
LOG-2969,COMP-0004,WF-05,05_Tally_Sales_Voucher_Sync,Scheduled,2024-05-30 02:36:00,2024-05-30 02:38:30,Success,30,,150,2024-05-30 02:36:00
LOG-2970,COMP-0004,WF-09,09_Tally_Inventory_Sync,Scheduled,2024-05-30 02:37:00,2024-05-30 02:39:00,Success,50,,120,2024-05-30 02:37:00
LOG-2971,COMP-0005,WF-01,01_Tally_Company_Sync,Scheduled,2024-05-30 02:13:00,2024-05-30 02:13:15,Success,3,,15,2024-05-30 02:13:00
LOG-2972,COMP-0005,WF-02,02_Tally_Ledger_Sync,Scheduled,2024-05-30 02:43:00,2024-05-30 02:43:45,Success,25,,45,2024-05-30 02:43:00
LOG-2973,COMP-0005,WF-03,03_Tally_Party_Sync,Scheduled,2024-05-30 02:40:00,2024-05-30 02:41:00,Failed,0,Connection timeout,0,2024-05-30 02:40:00
LOG-2974,COMP-0005,WF-05,05_Tally_Sales_Voucher_Sync,Scheduled,2024-05-30 02:48:00,2024-05-30 02:50:30,Failed,0,Connection timeout,0,2024-05-30 02:48:00
LOG-2975,COMP-0005,WF-09,09_Tally_Inventory_Sync,Scheduled,2024-05-30 02:35:00,2024-05-30 02:37:00,Success,50,,120,2024-05-30 02:35:00
LOG-2976,COMP-0006,WF-01,01_Tally_Company_Sync,Scheduled,2024-05-30 02:20:00,2024-05-30 02:20:15,Success,3,,15,2024-05-30 02:20:00
LOG-2977,COMP-0006,WF-02,02_Tally_Ledger_Sync,Scheduled,2024-05-30 02:33:00,2024-05-30 02:33:45,Success,25,,45,2024-05-30 02:33:00
LOG-2978,COMP-0006,WF-03,03_Tally_Party_Sync,Scheduled,2024-05-30 02:51:00,2024-05-30 02:52:00,Success,15,,60,2024-05-30 02:51:00
LOG-2979,COMP-0006,WF-05,05_Tally_Sales_Voucher_Sync,Scheduled,2024-05-30 02:50:00,2024-05-30 02:52:30,Success,30,,150,2024-05-30 02:50:00
LOG-2980,COMP-0006,WF-09,09_Tally_Inventory_Sync,Scheduled,2024-05-30 02:14:00,2024-05-30 02:16:00,Success,50,,120,2024-05-30 02:14:00
LOG-2981,COMP-0007,WF-01,01_Tally_Company_Sync,Scheduled,2024-05-30 02:53:00,2024-05-30 02:53:15,Success,3,,15,2024-05-30 02:53:00
LOG-2982,COMP-0007,WF-02,02_Tally_Ledger_Sync,Scheduled,2024-05-30 02:27:00,2024-05-30 02:27:45,Success,25,,45,2024-05-30 02:27:00
LOG-2983,COMP-0007,WF-03,03_Tally_Party_Sync,Scheduled,2024-05-30 02:03:00,2024-05-30 02:04:00,Success,15,,60,2024-05-30 02:03:00
LOG-2984,COMP-0007,WF-05,05_Tally_Sales_Voucher_Sync,Scheduled,2024-05-30 02:43:00,2024-05-30 02:45:30,Success,30,,150,2024-05-30 02:43:00
LOG-2985,COMP-0007,WF-09,09_Tally_Inventory_Sync,Scheduled,2024-05-30 02:35:00,2024-05-30 02:37:00,Success,50,,120,2024-05-30 02:35:00
LOG-2986,COMP-0008,WF-01,01_Tally_Company_Sync,Scheduled,2024-05-30 02:16:00,2024-05-30 02:16:15,Success,3,,15,2024-05-30 02:16:00
LOG-2987,COMP-0008,WF-02,02_Tally_Ledger_Sync,Scheduled,2024-05-30 02:07:00,2024-05-30 02:07:45,Success,25,,45,2024-05-30 02:07:00
LOG-2988,COMP-0008,WF-03,03_Tally_Party_Sync,Scheduled,2024-05-30 02:35:00,2024-05-30 02:36:00,Success,15,,60,2024-05-30 02:35:00
LOG-2989,COMP-0008,WF-05,05_Tally_Sales_Voucher_Sync,Scheduled,2024-05-30 02:37:00,2024-05-30 02:39:30,Success,30,,150,2024-05-30 02:37:00
LOG-2990,COMP-0008,WF-09,09_Tally_Inventory_Sync,Scheduled,2024-05-30 02:37:00,2024-05-30 02:39:00,Success,50,,120,2024-05-30 02:37:00
LOG-2991,COMP-0009,WF-01,01_Tally_Company_Sync,Scheduled,2024-05-30 02:47:00,2024-05-30 02:47:15,Success,3,,15,2024-05-30 02:47:00
LOG-2992,COMP-0009,WF-02,02_Tally_Ledger_Sync,Scheduled,2024-05-30 02:28:00,2024-05-30 02:28:45,Success,25,,45,2024-05-30 02:28:00
LOG-2993,COMP-0009,WF-03,03_Tally_Party_Sync,Scheduled,2024-05-30 02:10:00,2024-05-30 02:11:00,Success,15,,60,2024-05-30 02:10:00
LOG-2994,COMP-0009,WF-05,05_Tally_Sales_Voucher_Sync,Scheduled,2024-05-30 02:08:00,2024-05-30 02:10:30,Success,30,,150,2024-05-30 02:08:00
LOG-2995,COMP-0009,WF-09,09_Tally_Inventory_Sync,Scheduled,2024-05-30 02:05:00,2024-05-30 02:07:00,Success,50,,120,2024-05-30 02:05:00
LOG-2996,COMP-0010,WF-01,01_Tally_Company_Sync,Scheduled,2024-05-30 02:29:00,2024-05-30 02:29:15,Success,3,,15,2024-05-30 02:29:00
LOG-2997,COMP-0010,WF-02,02_Tally_Ledger_Sync,Scheduled,2024-05-30 02:21:00,2024-05-30 02:21:45,Success,25,,45,2024-05-30 02:21:00
LOG-2998,COMP-0010,WF-03,03_Tally_Party_Sync,Scheduled,2024-05-30 02:00:00,2024-05-30 02:01:00,Success,15,,60,2024-05-30 02:00:00
LOG-2999,COMP-0010,WF-05,05_Tally_Sales_Voucher_Sync,Scheduled,2024-05-30 02:36:00,2024-05-30 02:38:30,Success,30,,150,2024-05-30 02:36:00
LOG-3000,COMP-0010,WF-09,09_Tally_Inventory_Sync,Scheduled,2024-05-30 02:43:00,2024-05-30 02:45:00,Success,50,,120,2024-05-30 02:43:00
