VoucherID,CompanyID,VoucherNo,VoucherType,VoucherDate,PartyID,PartyName,SubTotal,TaxAmount,GrandTotal,Narration,Status,CreatedDate,LastModifiedDate
VCH-2723,COMP-0001,RCP-002723,Receipt,2024-04-05,PTY-0001,Neha Sharma Traders,25000,0,25000,Receipt from Neha Sharma Traders,Posted,2024-04-05,2024-05-01
VCH-0001,COMP-0001,JOU-000001,Journal,2024-04-14,,,12882,0,12882,Journal voucher,Posted,2024-04-14,2024-05-01
VCH-0002,COMP-0001,SAL-000002,Sales,2024-05-29,PTY-0001,Neha Sharma Traders,13500,2430,15930,Sales to Neha Sharma Traders,Posted,2024-05-29,2024-05-01
VCH-0003,COMP-0001,JOU-000003,Journal,2024-04-16,,,7754,0,7754,Journal voucher,Posted,2024-04-16,2024-05-01
VCH-0004,COMP-0001,SAL-000004,Sales,2024-05-26,PTY-0013,Neha Patel Suppliers,487500,87750,575250,Sales to Neha Patel Suppliers,Posted,2024-05-26,2024-05-01
VCH-0005,COMP-0001,SAL-000005,Sales,2024-04-13,PTY-0013,Neha Patel Suppliers,1006000,181080,1187080,Sales to Neha Patel Suppliers,Posted,2024-04-13,2024-05-01
VCH-0006,COMP-0001,SAL-000006,Sales,2024-06-16,PTY-0016,Priya Gupta Distributors,237000,42660,279660,Sales to Priya Gupta Distributors,Posted,2024-06-16,2024-05-01
VCH-0007,COMP-0001,SAL-000007,Sales,2024-04-29,PTY-0002,Amit Gupta Distributors,970000,174600,1144600,Sales to Amit Gupta Distributors,Posted,2024-04-29,2024-05-01
VCH-0008,COMP-0001,PUR-000008,Purchase,2024-06-19,PTY-0013,Neha Patel Suppliers,315000,56700,371700,Purchase to Neha Patel Suppliers,Posted,2024-06-19,2024-05-01
VCH-0009,COMP-0001,SAL-000009,Sales,2024-06-03,PTY-0007,Amit Gupta Suppliers,58000,10440,68440,Sales to Amit Gupta Suppliers,Posted,2024-06-03,2024-05-01
VCH-0010,COMP-0001,PUR-000010,Purchase,2024-04-24,PTY-0016,Priya Gupta Distributors,735000,132300,867300,Purchase to Priya Gupta Distributors,Posted,2024-04-24,2024-05-01
VCH-0011,COMP-0001,SAL-000011,Sales,2024-04-24,PTY-0015,Amit Gupta Suppliers,520000,93600,613600,Sales to Amit Gupta Suppliers,Posted,2024-04-24,2024-05-01
VCH-0012,COMP-0001,SAL-000012,Sales,2024-05-25,PTY-0006,Amit Singh Suppliers,307000,55260,362260,Sales to Amit Singh Suppliers,Posted,2024-05-25,2024-05-01
VCH-0013,COMP-0001,PUR-000013,Purchase,2024-05-31,PTY-0016,Priya Gupta Distributors,1800,324,2124,Purchase to Priya Gupta Distributors,Posted,2024-05-31,2024-05-01
VCH-0014,COMP-0001,JOU-000014,Journal,2024-04-06,,,23588,0,23588,Journal voucher,Posted,2024-04-06,2024-05-01
VCH-0015,COMP-0001,PUR-000015,Purchase,2024-04-30,PTY-0006,Amit Singh Suppliers,110000,19800,129800,Purchase to Amit Singh Suppliers,Posted,2024-04-30,2024-05-01
VCH-0016,COMP-0001,JOU-000016,Journal,2024-05-09,,,15999,0,15999,Journal voucher,Posted,2024-05-09,2024-05-01
VCH-0017,COMP-0001,JOU-000017,Journal,2024-06-02,,,22881,0,22881,Journal voucher,Posted,2024-06-02,2024-05-01
VCH-0018,COMP-0001,PUR-000018,Purchase,2024-06-24,PTY-0012,Rajesh Gupta Suppliers,346000,62280,408280,Purchase to Rajesh Gupta Suppliers,Posted,2024-06-24,2024-05-01
VCH-0019,COMP-0001,JOU-000019,Journal,2024-06-06,,,24521,0,24521,Journal voucher,Posted,2024-06-06,2024-05-01
VCH-0020,COMP-0001,SAL-000020,Sales,2024-04-15,PTY-0001,Neha Sharma Traders,40000,7200,47200,Sales to Neha Sharma Traders,Posted,2024-04-15,2024-05-01
VCH-0021,COMP-0001,JOU-000021,Journal,2024-06-24,,,16704,0,16704,Journal voucher,Posted,2024-06-24,2024-05-01
VCH-0022,COMP-0001,SAL-000022,Sales,2024-04-04,PTY-0014,Amit Gupta Suppliers,865000,155700,1020700,Sales to Amit Gupta Suppliers,Posted,2024-04-04,2024-05-01
VCH-0023,COMP-0001,SAL-000023,Sales,2024-06-21,PTY-0009,Priya Kumar Traders,339000,61020,400020,Sales to Priya Kumar Traders,Posted,2024-06-21,2024-05-01
VCH-0024,COMP-0001,SAL-000024,Sales,2024-05-13,PTY-0014,Amit Gupta Suppliers,775000,139500,914500,Sales to Amit Gupta Suppliers,Posted,2024-05-13,2024-05-01
VCH-0025,COMP-0001,SAL-000025,Sales,2024-06-18,PTY-0015,Amit Gupta Suppliers,638500,114930,753430,Sales to Amit Gupta Suppliers,Posted,2024-06-18,2024-05-01
VCH-0026,COMP-0001,PUR-000026,Purchase,2024-05-30,PTY-0010,Priya Gupta Traders,223800,40284,264084,Purchase to Priya Gupta Traders,Posted,2024-05-30,2024-05-01
VCH-0027,COMP-0001,SAL-000027,Sales,2024-05-08,PTY-0002,Amit Gupta Distributors,110000,19800,129800,Sales to Amit Gupta Distributors,Posted,2024-05-08,2024-05-01
VCH-0028,COMP-0001,PUR-000028,Purchase,2024-04-07,PTY-0001,Neha Sharma Traders,328500,59130,387630,Purchase to Neha Sharma Traders,Posted,2024-04-07,2024-05-01
VCH-0029,COMP-0001,SAL-000029,Sales,2024-04-18,PTY-0010,Priya Gupta Traders,393500,70830,464330,Sales to Priya Gupta Traders,Posted,2024-04-18,2024-05-01
VCH-0030,COMP-0001,PUR-000030,Purchase,2024-05-26,PTY-0003,Vikram Patel Traders,1350000,243000,1593000,Purchase to Vikram Patel Traders,Posted,2024-05-26,2024-05-01
VCH-0031,COMP-0001,JOU-000031,Journal,2024-05-02,,,17656,0,17656,Journal voucher,Posted,2024-05-02,2024-05-01
VCH-0032,COMP-0001,JOU-000032,Journal,2024-05-22,,,8215,0,8215,Journal voucher,Posted,2024-05-22,2024-05-01
VCH-0033,COMP-0001,PUR-000033,Purchase,2024-05-09,PTY-0006,Amit Singh Suppliers,51500,9270,60770,Purchase to Amit Singh Suppliers,Posted,2024-05-09,2024-05-01
VCH-0034,COMP-0001,PUR-000034,Purchase,2024-04-18,PTY-0007,Amit Gupta Suppliers,715000,128700,843700,Purchase to Amit Gupta Suppliers,Posted,2024-04-18,2024-05-01
VCH-0035,COMP-0001,SAL-000035,Sales,2024-06-09,PTY-0014,Amit Gupta Suppliers,336000,60480,396480,Sales to Amit Gupta Suppliers,Posted,2024-06-09,2024-05-01
VCH-0036,COMP-0001,SAL-000036,Sales,2024-06-28,PTY-0012,Rajesh Gupta Suppliers,98000,17640,115640,Sales to Rajesh Gupta Suppliers,Posted,2024-06-28,2024-05-01
VCH-0037,COMP-0001,PUR-000037,Purchase,2024-05-23,PTY-0001,Neha Sharma Traders,443000,79740,522740,Purchase to Neha Sharma Traders,Posted,2024-05-23,2024-05-01
VCH-0038,COMP-0001,PUR-000038,Purchase,2024-06-14,PTY-0005,Rajesh Sharma Traders,630500,113490,743990,Purchase to Rajesh Sharma Traders,Posted,2024-06-14,2024-05-01
VCH-0039,COMP-0001,SAL-000039,Sales,2024-06-25,PTY-0015,Amit Gupta Suppliers,55000,9900,64900,Sales to Amit Gupta Suppliers,Posted,2024-06-25,2024-05-01
VCH-0040,COMP-0001,JOU-000040,Journal,2024-05-05,,,8507,0,8507,Journal voucher,Posted,2024-05-05,2024-05-01
VCH-0041,COMP-0001,SAL-000041,Sales,2024-06-16,PTY-0010,Priya Gupta Traders,17900,3222,21122,Sales to Priya Gupta Traders,Posted,2024-06-16,2024-05-01
VCH-0042,COMP-0001,SAL-000042,Sales,2024-06-29,PTY-0005,Rajesh Sharma Traders,487700,87786,575486,Sales to Rajesh Sharma Traders,Posted,2024-06-29,2024-05-01
VCH-0043,COMP-0001,JOU-000043,Journal,2024-04-01,,,11576,0,11576,Journal voucher,Posted,2024-04-01,2024-05-01
VCH-0044,COMP-0001,SAL-000044,Sales,2024-04-09,PTY-0004,Priya Gupta Distributors,1071500,192870,1264370,Sales to Priya Gupta Distributors,Posted,2024-04-09,2024-05-01
VCH-0045,COMP-0001,PUR-000045,Purchase,2024-06-04,PTY-0002,Amit Gupta Distributors,385000,69300,454300,Purchase to Amit Gupta Distributors,Posted,2024-06-04,2024-05-01
VCH-0046,COMP-0001,JOU-000046,Journal,2024-06-01,,,12698,0,12698,Journal voucher,Posted,2024-06-01,2024-05-01
VCH-0047,COMP-0001,PUR-000047,Purchase,2024-06-18,PTY-0004,Priya Gupta Distributors,321000,57780,378780,Purchase to Priya Gupta Distributors,Posted,2024-06-18,2024-05-01
VCH-0048,COMP-0001,SAL-000048,Sales,2024-06-24,PTY-0007,Amit Gupta Suppliers,114500,20610,135110,Sales to Amit Gupta Suppliers,Posted,2024-06-24,2024-05-01
VCH-0049,COMP-0001,PUR-000049,Purchase,2024-06-15,PTY-0009,Priya Kumar Traders,465000,83700,548700,Purchase to Priya Kumar Traders,Posted,2024-06-15,2024-05-01
VCH-0050,COMP-0001,SAL-000050,Sales,2024-05-25,PTY-0010,Priya Gupta Traders,105000,18900,123900,Sales to Priya Gupta Traders,Posted,2024-05-25,2024-05-01
VCH-0051,COMP-0001,PUR-000051,Purchase,2024-04-05,PTY-0015,Amit Gupta Suppliers,10500,1890,12390,Purchase to Amit Gupta Suppliers,Posted,2024-04-05,2024-05-01
VCH-0052,COMP-0001,JOU-000052,Journal,2024-05-30,,,20019,0,20019,Journal voucher,Posted,2024-05-30,2024-05-01
VCH-0053,COMP-0001,JOU-000053,Journal,2024-04-02,,,16722,0,16722,Journal voucher,Posted,2024-04-02,2024-05-01
VCH-0054,COMP-0001,JOU-000054,Journal,2024-05-15,,,22205,0,22205,Journal voucher,Posted,2024-05-15,2024-05-01
VCH-0055,COMP-0002,SAL-000055,Sales,2024-04-09,PTY-0021,Neha Sharma Suppliers,15000,2700,17700,Sales to Neha Sharma Suppliers,Posted,2024-04-09,2024-05-01
VCH-0056,COMP-0002,SAL-000056,Sales,2024-06-24,PTY-0029,Neha Sharma Traders,6300,1134,7434,Sales to Neha Sharma Traders,Posted,2024-06-24,2024-05-01
VCH-0057,COMP-0002,PUR-000057,Purchase,2024-05-31,PTY-0022,Rajesh Kumar Suppliers,724000,130320,854320,Purchase to Rajesh Kumar Suppliers,Posted,2024-05-31,2024-05-01
VCH-0058,COMP-0002,SAL-000058,Sales,2024-04-09,PTY-0022,Rajesh Kumar Suppliers,110000,19800,129800,Sales to Rajesh Kumar Suppliers,Posted,2024-04-09,2024-05-01
VCH-0059,COMP-0002,JOU-000059,Journal,2024-06-03,,,20611,0,20611,Journal voucher,Posted,2024-06-03,2024-05-01
VCH-0060,COMP-0002,JOU-000060,Journal,2024-04-30,,,12753,0,12753,Journal voucher,Posted,2024-04-30,2024-05-01
VCH-0061,COMP-0002,JOU-000061,Journal,2024-04-23,,,17585,0,17585,Journal voucher,Posted,2024-04-23,2024-05-01
VCH-0062,COMP-0002,SAL-000062,Sales,2024-04-09,PTY-0025,Amit Kumar Distributors,130000,23400,153400,Sales to Amit Kumar Distributors,Posted,2024-04-09,2024-05-01
VCH-0063,COMP-0002,JOU-000063,Journal,2024-05-27,,,24874,0,24874,Journal voucher,Posted,2024-05-27,2024-05-01
VCH-0064,COMP-0002,SAL-000064,Sales,2024-04-23,PTY-0031,Priya Singh Suppliers,768000,138240,906240,Sales to Priya Singh Suppliers,Posted,2024-04-23,2024-05-01
VCH-0065,COMP-0002,PUR-000065,Purchase,2024-06-02,PTY-0026,Neha Gupta Distributors,360000,64800,424800,Purchase to Neha Gupta Distributors,Posted,2024-06-02,2024-05-01
VCH-0066,COMP-0002,JOU-000066,Journal,2024-05-26,,,11301,0,11301,Journal voucher,Posted,2024-05-26,2024-05-01
VCH-0067,COMP-0002,SAL-000067,Sales,2024-06-14,PTY-0020,Priya Patel Suppliers,195000,35100,230100,Sales to Priya Patel Suppliers,Posted,2024-06-14,2024-05-01
VCH-0068,COMP-0002,SAL-000068,Sales,2024-04-01,PTY-0030,Neha Patel Traders,612500,110250,722750,Sales to Neha Patel Traders,Posted,2024-04-01,2024-05-01
VCH-0069,COMP-0002,PUR-000069,Purchase,2024-04-27,PTY-0032,Vikram Patel Traders,453500,81630,535130,Purchase to Vikram Patel Traders,Posted,2024-04-27,2024-05-01
VCH-0070,COMP-0002,PUR-000070,Purchase,2024-05-25,PTY-0019,Priya Sharma Distributors,379000,68220,447220,Purchase to Priya Sharma Distributors,Posted,2024-05-25,2024-05-01
VCH-0071,COMP-0002,SAL-000071,Sales,2024-06-03,PTY-0027,Vikram Kumar Suppliers,600000,108000,708000,Sales to Vikram Kumar Suppliers,Posted,2024-06-03,2024-05-01
VCH-0072,COMP-0002,SAL-000072,Sales,2024-05-03,PTY-0028,Vikram Patel Suppliers,210000,37800,247800,Sales to Vikram Patel Suppliers,Posted,2024-05-03,2024-05-01
VCH-0073,COMP-0002,PUR-000073,Purchase,2024-04-10,PTY-0024,Priya Gupta Distributors,1071500,192870,1264370,Purchase to Priya Gupta Distributors,Posted,2024-04-10,2024-05-01
VCH-0074,COMP-0002,PUR-000074,Purchase,2024-05-04,PTY-0018,Neha Kumar Traders,370000,66600,436600,Purchase to Neha Kumar Traders,Posted,2024-05-04,2024-05-01
VCH-0075,COMP-0002,SAL-000075,Sales,2024-04-08,PTY-0027,Vikram Kumar Suppliers,255400,45972,301372,Sales to Vikram Kumar Suppliers,Posted,2024-04-08,2024-05-01
VCH-0076,COMP-0002,JOU-000076,Journal,2024-04-10,,,24600,0,24600,Journal voucher,Posted,2024-04-10,2024-05-01
VCH-0077,COMP-0002,PUR-000077,Purchase,2024-06-10,PTY-0021,Neha Sharma Suppliers,505000,90900,595900,Purchase to Neha Sharma Suppliers,Posted,2024-06-10,2024-05-01
VCH-0078,COMP-0002,SAL-000078,Sales,2024-06-04,PTY-0028,Vikram Patel Suppliers,58600,10548,69148,Sales to Vikram Patel Suppliers,Posted,2024-06-04,2024-05-01
VCH-0079,COMP-0002,SAL-000079,Sales,2024-04-08,PTY-0023,Amit Patel Distributors,530000,95400,625400,Sales to Amit Patel Distributors,Posted,2024-04-08,2024-05-01
VCH-0080,COMP-0002,PUR-000080,Purchase,2024-05-19,PTY-0030,Neha Patel Traders,554000,99720,653720,Purchase to Neha Patel Traders,Posted,2024-05-19,2024-05-01
VCH-0081,COMP-0002,SAL-000081,Sales,2024-05-16,PTY-0030,Neha Patel Traders,480000,86400,566400,Sales to Neha Patel Traders,Posted,2024-05-16,2024-05-01
VCH-0082,COMP-0002,PUR-000082,Purchase,2024-04-12,PTY-0024,Priya Gupta Distributors,261500,47070,308570,Purchase to Priya Gupta Distributors,Posted,2024-04-12,2024-05-01
VCH-0083,COMP-0002,SAL-000083,Sales,2024-04-08,PTY-0021,Neha Sharma Suppliers,372000,66960,438960,Sales to Neha Sharma Suppliers,Posted,2024-04-08,2024-05-01
VCH-0084,COMP-0002,PUR-000084,Purchase,2024-05-15,PTY-0024,Priya Gupta Distributors,356000,64080,420080,Purchase to Priya Gupta Distributors,Posted,2024-05-15,2024-05-01
VCH-0085,COMP-0002,SAL-000085,Sales,2024-06-24,PTY-0025,Amit Kumar Distributors,751600,135288,886888,Sales to Amit Kumar Distributors,Posted,2024-06-24,2024-05-01
VCH-0086,COMP-0002,JOU-000086,Journal,2024-05-09,,,23068,0,23068,Journal voucher,Posted,2024-05-09,2024-05-01
VCH-0087,COMP-0002,SAL-000087,Sales,2024-06-23,PTY-0025,Amit Kumar Distributors,331500,59670,391170,Sales to Amit Kumar Distributors,Posted,2024-06-23,2024-05-01
VCH-0088,COMP-0002,JOU-000088,Journal,2024-05-23,,,20932,0,20932,Journal voucher,Posted,2024-05-23,2024-05-01
VCH-0089,COMP-0002,SAL-000089,Sales,2024-04-11,PTY-0021,Neha Sharma Suppliers,611000,109980,720980,Sales to Neha Sharma Suppliers,Posted,2024-04-11,2024-05-01
VCH-0090,COMP-0002,SAL-000090,Sales,2024-04-19,PTY-0024,Priya Gupta Distributors,77900,14022,91922,Sales to Priya Gupta Distributors,Posted,2024-04-19,2024-05-01
VCH-0091,COMP-0002,SAL-000091,Sales,2024-05-05,PTY-0029,Neha Sharma Traders,730000,131400,861400,Sales to Neha Sharma Traders,Posted,2024-05-05,2024-05-01
VCH-0092,COMP-0002,SAL-000092,Sales,2024-06-03,PTY-0029,Neha Sharma Traders,263600,47448,311048,Sales to Neha Sharma Traders,Posted,2024-06-03,2024-05-01
VCH-0093,COMP-0002,SAL-000093,Sales,2024-05-19,PTY-0030,Neha Patel Traders,454000,81720,535720,Sales to Neha Patel Traders,Posted,2024-05-19,2024-05-01
VCH-0094,COMP-0002,JOU-000094,Journal,2024-05-04,,,24364,0,24364,Journal voucher,Posted,2024-05-04,2024-05-01
VCH-0095,COMP-0002,SAL-000095,Sales,2024-04-04,PTY-0030,Neha Patel Traders,730000,131400,861400,Sales to Neha Patel Traders,Posted,2024-04-04,2024-05-01
VCH-0096,COMP-0002,PUR-000096,Purchase,2024-06-08,PTY-0025,Amit Kumar Distributors,80000,14400,94400,Purchase to Amit Kumar Distributors,Posted,2024-06-08,2024-05-01
VCH-0097,COMP-0002,SAL-000097,Sales,2024-05-01,PTY-0017,Rajesh Singh Suppliers,495000,89100,584100,Sales to Rajesh Singh Suppliers,Posted,2024-05-01,2024-05-01
VCH-0098,COMP-0002,PUR-000098,Purchase,2024-05-14,PTY-0018,Neha Kumar Traders,362500,65250,427750,Purchase to Neha Kumar Traders,Posted,2024-05-14,2024-05-01
VCH-0099,COMP-0002,PUR-000099,Purchase,2024-05-10,PTY-0027,Vikram Kumar Suppliers,336900,60642,397542,Purchase to Vikram Kumar Suppliers,Posted,2024-05-10,2024-05-01
VCH-0100,COMP-0002,SAL-000100,Sales,2024-05-27,PTY-0018,Neha Kumar Traders,126300,22734,149034,Sales to Neha Kumar Traders,Posted,2024-05-27,2024-05-01
VCH-0101,COMP-0002,JOU-000101,Journal,2024-06-14,,,14058,0,14058,Journal voucher,Posted,2024-06-14,2024-05-01
VCH-0102,COMP-0002,PUR-000102,Purchase,2024-04-09,PTY-0025,Amit Kumar Distributors,168600,30348,198948,Purchase to Amit Kumar Distributors,Posted,2024-04-09,2024-05-01
VCH-0103,COMP-0002,SAL-000103,Sales,2024-06-20,PTY-0018,Neha Kumar Traders,55000,9900,64900,Sales to Neha Kumar Traders,Posted,2024-06-20,2024-05-01
VCH-0104,COMP-0002,PUR-000104,Purchase,2024-04-24,PTY-0031,Priya Singh Suppliers,354000,63720,417720,Purchase to Priya Singh Suppliers,Posted,2024-04-24,2024-05-01
VCH-0105,COMP-0002,SAL-000105,Sales,2024-05-03,PTY-0028,Vikram Patel Suppliers,706000,127080,833080,Sales to Vikram Patel Suppliers,Posted,2024-05-03,2024-05-01
VCH-0106,COMP-0002,PUR-000106,Purchase,2024-04-15,PTY-0024,Priya Gupta Distributors,21000,3780,24780,Purchase to Priya Gupta Distributors,Posted,2024-04-15,2024-05-01
VCH-0107,COMP-0002,PUR-000107,Purchase,2024-06-27,PTY-0030,Neha Patel Traders,642000,115560,757560,Purchase to Neha Patel Traders,Posted,2024-06-27,2024-05-01
VCH-0108,COMP-0002,JOU-000108,Journal,2024-05-13,,,17278,0,17278,Journal voucher,Posted,2024-05-13,2024-05-01
VCH-0109,COMP-0002,PUR-000109,Purchase,2024-05-08,PTY-0022,Rajesh Kumar Suppliers,250000,45000,295000,Purchase to Rajesh Kumar Suppliers,Posted,2024-05-08,2024-05-01
VCH-0110,COMP-0002,PUR-000110,Purchase,2024-04-14,PTY-0027,Vikram Kumar Suppliers,179000,32220,211220,Purchase to Vikram Kumar Suppliers,Posted,2024-04-14,2024-05-01
VCH-0111,COMP-0003,SAL-000111,Sales,2024-06-23,PTY-0035,Neha Kumar Traders,10500,1890,12390,Sales to Neha Kumar Traders,Posted,2024-06-23,2024-05-01
VCH-0112,COMP-0003,JOU-000112,Journal,2024-06-08,,,22293,0,22293,Journal voucher,Posted,2024-06-08,2024-05-01
VCH-0113,COMP-0003,PUR-000113,Purchase,2024-06-17,PTY-0049,Vikram Gupta Traders,189100,34038,223138,Purchase to Vikram Gupta Traders,Posted,2024-06-17,2024-05-01
VCH-0114,COMP-0003,SAL-000114,Sales,2024-05-13,PTY-0044,Priya Kumar Distributors,5400,972,6372,Sales to Priya Kumar Distributors,Posted,2024-05-13,2024-05-01
VCH-0115,COMP-0003,PUR-000115,Purchase,2024-04-15,PTY-0047,Vikram Gupta Suppliers,457000,82260,539260,Purchase to Vikram Gupta Suppliers,Posted,2024-04-15,2024-05-01
VCH-0116,COMP-0003,PUR-000116,Purchase,2024-06-23,PTY-0040,Neha Singh Suppliers,510000,91800,601800,Purchase to Neha Singh Suppliers,Posted,2024-06-23,2024-05-01
VCH-0117,COMP-0003,PUR-000117,Purchase,2024-05-23,PTY-0037,Vikram Sharma Distributors,417000,75060,492060,Purchase to Vikram Sharma Distributors,Posted,2024-05-23,2024-05-01
VCH-0118,COMP-0003,PUR-000118,Purchase,2024-05-23,PTY-0037,Vikram Sharma Distributors,292200,52596,344796,Purchase to Vikram Sharma Distributors,Posted,2024-05-23,2024-05-01
VCH-0119,COMP-0003,PUR-000119,Purchase,2024-04-16,PTY-0048,Neha Sharma Suppliers,359000,64620,423620,Purchase to Neha Sharma Suppliers,Posted,2024-04-16,2024-05-01
VCH-0120,COMP-0003,SAL-000120,Sales,2024-06-28,PTY-0035,Neha Kumar Traders,10500,1890,12390,Sales to Neha Kumar Traders,Posted,2024-06-28,2024-05-01
VCH-0121,COMP-0003,SAL-000121,Sales,2024-05-25,PTY-0045,Neha Kumar Traders,268500,48330,316830,Sales to Neha Kumar Traders,Posted,2024-05-25,2024-05-01
VCH-0122,COMP-0003,PUR-000122,Purchase,2024-05-14,PTY-0036,Rajesh Gupta Suppliers,854500,153810,1008310,Purchase to Rajesh Gupta Suppliers,Posted,2024-05-14,2024-05-01
VCH-0123,COMP-0003,PUR-000123,Purchase,2024-06-20,PTY-0046,Neha Singh Suppliers,86700,15606,102306,Purchase to Neha Singh Suppliers,Posted,2024-06-20,2024-05-01
VCH-0124,COMP-0003,JOU-000124,Journal,2024-04-20,,,24449,0,24449,Journal voucher,Posted,2024-04-20,2024-05-01
VCH-0125,COMP-0003,PUR-000125,Purchase,2024-06-26,PTY-0045,Neha Kumar Traders,88500,15930,104430,Purchase to Neha Kumar Traders,Posted,2024-06-26,2024-05-01
VCH-0126,COMP-0003,SAL-000126,Sales,2024-04-30,PTY-0043,Amit Kumar Suppliers,10500,1890,12390,Sales to Amit Kumar Suppliers,Posted,2024-04-30,2024-05-01
VCH-0127,COMP-0003,SAL-000127,Sales,2024-05-07,PTY-0043,Amit Kumar Suppliers,42000,7560,49560,Sales to Amit Kumar Suppliers,Posted,2024-05-07,2024-05-01
VCH-0128,COMP-0003,PUR-000128,Purchase,2024-04-27,PTY-0041,Priya Kumar Suppliers,266500,47970,314470,Purchase to Priya Kumar Suppliers,Posted,2024-04-27,2024-05-01
VCH-0129,COMP-0003,SAL-000129,Sales,2024-05-07,PTY-0047,Vikram Gupta Suppliers,210000,37800,247800,Sales to Vikram Gupta Suppliers,Posted,2024-05-07,2024-05-01
VCH-0130,COMP-0003,JOU-000130,Journal,2024-05-04,,,8477,0,8477,Journal voucher,Posted,2024-05-04,2024-05-01
VCH-0131,COMP-0003,SAL-000131,Sales,2024-06-25,PTY-0036,Rajesh Gupta Suppliers,4500,810,5310,Sales to Rajesh Gupta Suppliers,Posted,2024-06-25,2024-05-01
VCH-0132,COMP-0003,PUR-000132,Purchase,2024-04-04,PTY-0034,Vikram Singh Distributors,522000,93960,615960,Purchase to Vikram Singh Distributors,Posted,2024-04-04,2024-05-01
VCH-0133,COMP-0003,SAL-000133,Sales,2024-04-27,PTY-0046,Neha Singh Suppliers,237200,42696,279896,Sales to Neha Singh Suppliers,Posted,2024-04-27,2024-05-01
VCH-0134,COMP-0003,JOU-000134,Journal,2024-06-30,,,8930,0,8930,Journal voucher,Posted,2024-06-30,2024-05-01
VCH-0135,COMP-0003,PUR-000135,Purchase,2024-05-26,PTY-0035,Neha Kumar Traders,110000,19800,129800,Purchase to Neha Kumar Traders,Posted,2024-05-26,2024-05-01
VCH-0136,COMP-0003,JOU-000136,Journal,2024-05-16,,,12288,0,12288,Journal voucher,Posted,2024-05-16,2024-05-01
VCH-0137,COMP-0003,SAL-000137,Sales,2024-05-12,PTY-0043,Amit Kumar Suppliers,60400,10872,71272,Sales to Amit Kumar Suppliers,Posted,2024-05-12,2024-05-01
VCH-0138,COMP-0003,SAL-000138,Sales,2024-05-26,PTY-0049,Vikram Gupta Traders,380000,68400,448400,Sales to Vikram Gupta Traders,Posted,2024-05-26,2024-05-01
VCH-0139,COMP-0003,PUR-000139,Purchase,2024-04-18,PTY-0040,Neha Singh Suppliers,804500,144810,949310,Purchase to Neha Singh Suppliers,Posted,2024-04-18,2024-05-01
VCH-0140,COMP-0003,SAL-000140,Sales,2024-06-03,PTY-0039,Vikram Kumar Suppliers,1145000,206100,1351100,Sales to Vikram Kumar Suppliers,Posted,2024-06-03,2024-05-01
VCH-0141,COMP-0003,PUR-000141,Purchase,2024-06-11,PTY-0038,Rajesh Singh Traders,50000,9000,59000,Purchase to Rajesh Singh Traders,Posted,2024-06-11,2024-05-01
VCH-0142,COMP-0003,SAL-000142,Sales,2024-06-18,PTY-0040,Neha Singh Suppliers,235000,42300,277300,Sales to Neha Singh Suppliers,Posted,2024-06-18,2024-05-01
VCH-0143,COMP-0003,PUR-000143,Purchase,2024-05-08,PTY-0048,Neha Sharma Suppliers,207500,37350,244850,Purchase to Neha Sharma Suppliers,Posted,2024-05-08,2024-05-01
VCH-0144,COMP-0003,SAL-000144,Sales,2024-04-29,PTY-0042,Neha Gupta Distributors,28100,5058,33158,Sales to Neha Gupta Distributors,Posted,2024-04-29,2024-05-01
VCH-0145,COMP-0003,SAL-000145,Sales,2024-04-15,PTY-0043,Amit Kumar Suppliers,402700,72486,475186,Sales to Amit Kumar Suppliers,Posted,2024-04-15,2024-05-01
VCH-0146,COMP-0003,PUR-000146,Purchase,2024-06-02,PTY-0040,Neha Singh Suppliers,275000,49500,324500,Purchase to Neha Singh Suppliers,Posted,2024-06-02,2024-05-01
VCH-0147,COMP-0003,SAL-000147,Sales,2024-06-04,PTY-0046,Neha Singh Suppliers,9000,1620,10620,Sales to Neha Singh Suppliers,Posted,2024-06-04,2024-05-01
VCH-0148,COMP-0003,PUR-000148,Purchase,2024-05-04,PTY-0046,Neha Singh Suppliers,56300,10134,66434,Purchase to Neha Singh Suppliers,Posted,2024-05-04,2024-05-01
VCH-0149,COMP-0003,SAL-000149,Sales,2024-04-07,PTY-0040,Neha Singh Suppliers,905000,162900,1067900,Sales to Neha Singh Suppliers,Posted,2024-04-07,2024-05-01
VCH-0150,COMP-0003,PUR-000150,Purchase,2024-04-29,PTY-0038,Rajesh Singh Traders,940000,169200,1109200,Purchase to Rajesh Singh Traders,Posted,2024-04-29,2024-05-01
VCH-0151,COMP-0003,JOU-000151,Journal,2024-04-03,,,7957,0,7957,Journal voucher,Posted,2024-04-03,2024-05-01
VCH-0152,COMP-0003,JOU-000152,Journal,2024-05-16,,,23117,0,23117,Journal voucher,Posted,2024-05-16,2024-05-01
VCH-0153,COMP-0003,SAL-000153,Sales,2024-06-23,PTY-0039,Vikram Kumar Suppliers,844500,152010,996510,Sales to Vikram Kumar Suppliers,Posted,2024-06-23,2024-05-01
VCH-0154,COMP-0003,SAL-000154,Sales,2024-04-30,PTY-0038,Rajesh Singh Traders,54000,9720,63720,Sales to Rajesh Singh Traders,Posted,2024-04-30,2024-05-01
VCH-0155,COMP-0003,SAL-000155,Sales,2024-04-02,PTY-0033,Vikram Kumar Distributors,452700,81486,534186,Sales to Vikram Kumar Distributors,Posted,2024-04-02,2024-05-01
VCH-0156,COMP-0003,SAL-000156,Sales,2024-05-07,PTY-0040,Neha Singh Suppliers,989000,178020,1167020,Sales to Neha Singh Suppliers,Posted,2024-05-07,2024-05-01
VCH-0157,COMP-0003,JOU-000157,Journal,2024-04-17,,,13847,0,13847,Journal voucher,Posted,2024-04-17,2024-05-01
VCH-0158,COMP-0003,SAL-000158,Sales,2024-04-10,PTY-0046,Neha Singh Suppliers,195000,35100,230100,Sales to Neha Singh Suppliers,Posted,2024-04-10,2024-05-01
VCH-0159,COMP-0003,JOU-000159,Journal,2024-04-13,,,17816,0,17816,Journal voucher,Posted,2024-04-13,2024-05-01
VCH-0160,COMP-0003,JOU-000160,Journal,2024-06-17,,,15607,0,15607,Journal voucher,Posted,2024-06-17,2024-05-01
VCH-0161,COMP-0003,JOU-000161,Journal,2024-06-05,,,14900,0,14900,Journal voucher,Posted,2024-06-05,2024-05-01
VCH-0162,COMP-0003,SAL-000162,Sales,2024-05-29,PTY-0041,Priya Kumar Suppliers,194300,34974,229274,Sales to Priya Kumar Suppliers,Posted,2024-05-29,2024-05-01
VCH-0163,COMP-0004,PUR-000163,Purchase,2024-05-23,PTY-0065,Vikram Patel Traders,130500,23490,153990,Purchase to Vikram Patel Traders,Posted,2024-05-23,2024-05-01
VCH-0164,COMP-0004,JOU-000164,Journal,2024-06-03,,,17213,0,17213,Journal voucher,Posted,2024-06-03,2024-05-01
VCH-0165,COMP-0004,SAL-000165,Sales,2024-05-28,PTY-0050,Rajesh Kumar Distributors,727200,130896,858096,Sales to Rajesh Kumar Distributors,Posted,2024-05-28,2024-05-01
VCH-0166,COMP-0004,SAL-000166,Sales,2024-06-12,PTY-0059,Amit Kumar Traders,249000,44820,293820,Sales to Amit Kumar Traders,Posted,2024-06-12,2024-05-01
VCH-0167,COMP-0004,JOU-000167,Journal,2024-04-27,,,21050,0,21050,Journal voucher,Posted,2024-04-27,2024-05-01
VCH-0168,COMP-0004,SAL-000168,Sales,2024-04-11,PTY-0069,Priya Kumar Suppliers,961500,173070,1134570,Sales to Priya Kumar Suppliers,Posted,2024-04-11,2024-05-01
VCH-0169,COMP-0004,PUR-000169,Purchase,2024-05-03,PTY-0060,Vikram Singh Traders,390000,70200,460200,Purchase to Vikram Singh Traders,Posted,2024-05-03,2024-05-01
VCH-0170,COMP-0004,PUR-000170,Purchase,2024-06-28,PTY-0063,Priya Singh Traders,220000,39600,259600,Purchase to Priya Singh Traders,Posted,2024-06-28,2024-05-01
VCH-0171,COMP-0004,JOU-000171,Journal,2024-06-11,,,22877,0,22877,Journal voucher,Posted,2024-06-11,2024-05-01
VCH-0172,COMP-0004,JOU-000172,Journal,2024-05-11,,,12724,0,12724,Journal voucher,Posted,2024-05-11,2024-05-01
VCH-0173,COMP-0004,JOU-000173,Journal,2024-05-30,,,21856,0,21856,Journal voucher,Posted,2024-05-30,2024-05-01
VCH-0174,COMP-0004,PUR-000174,Purchase,2024-04-14,PTY-0052,Rajesh Gupta Distributors,256000,46080,302080,Purchase to Rajesh Gupta Distributors,Posted,2024-04-14,2024-05-01
VCH-0175,COMP-0004,SAL-000175,Sales,2024-04-22,PTY-0053,Rajesh Gupta Suppliers,80000,14400,94400,Sales to Rajesh Gupta Suppliers,Posted,2024-04-22,2024-05-01
VCH-0176,COMP-0004,PUR-000176,Purchase,2024-04-22,PTY-0066,Vikram Patel Distributors,304000,54720,358720,Purchase to Vikram Patel Distributors,Posted,2024-04-22,2024-05-01
VCH-0177,COMP-0004,SAL-000177,Sales,2024-05-08,PTY-0059,Amit Kumar Traders,345000,62100,407100,Sales to Amit Kumar Traders,Posted,2024-05-08,2024-05-01
VCH-0178,COMP-0004,PUR-000178,Purchase,2024-05-08,PTY-0056,Neha Sharma Suppliers,968000,174240,1142240,Purchase to Neha Sharma Suppliers,Posted,2024-05-08,2024-05-01
VCH-0179,COMP-0004,SAL-000179,Sales,2024-04-18,PTY-0072,Vikram Gupta Distributors,465500,83790,549290,Sales to Vikram Gupta Distributors,Posted,2024-04-18,2024-05-01
VCH-0180,COMP-0004,PUR-000180,Purchase,2024-04-20,PTY-0050,Rajesh Kumar Distributors,252000,45360,297360,Purchase to Rajesh Kumar Distributors,Posted,2024-04-20,2024-05-01
VCH-0181,COMP-0004,SAL-000181,Sales,2024-05-13,PTY-0069,Priya Kumar Suppliers,472000,84960,556960,Sales to Priya Kumar Suppliers,Posted,2024-05-13,2024-05-01
VCH-0182,COMP-0004,PUR-000182,Purchase,2024-05-15,PTY-0056,Neha Sharma Suppliers,335000,60300,395300,Purchase to Neha Sharma Suppliers,Posted,2024-05-15,2024-05-01
VCH-0183,COMP-0004,JOU-000183,Journal,2024-06-19,,,13347,0,13347,Journal voucher,Posted,2024-06-19,2024-05-01
VCH-0184,COMP-0004,PUR-000184,Purchase,2024-04-10,PTY-0053,Rajesh Gupta Suppliers,875000,157500,1032500,Purchase to Rajesh Gupta Suppliers,Posted,2024-04-10,2024-05-01
VCH-0185,COMP-0004,PUR-000185,Purchase,2024-06-06,PTY-0062,Priya Patel Distributors,222700,40086,262786,Purchase to Priya Patel Distributors,Posted,2024-06-06,2024-05-01
VCH-0186,COMP-0004,JOU-000186,Journal,2024-04-01,,,12092,0,12092,Journal voucher,Posted,2024-04-01,2024-05-01
VCH-0187,COMP-0004,SAL-000187,Sales,2024-06-18,PTY-0055,Priya Patel Distributors,133500,24030,157530,Sales to Priya Patel Distributors,Posted,2024-06-18,2024-05-01
VCH-0188,COMP-0004,PUR-000188,Purchase,2024-04-18,PTY-0064,Amit Patel Distributors,11500,2070,13570,Purchase to Amit Patel Distributors,Posted,2024-04-18,2024-05-01
VCH-0189,COMP-0004,PUR-000189,Purchase,2024-05-01,PTY-0062,Priya Patel Distributors,25500,4590,30090,Purchase to Priya Patel Distributors,Posted,2024-05-01,2024-05-01
VCH-0190,COMP-0004,SAL-000190,Sales,2024-06-07,PTY-0069,Priya Kumar Suppliers,210000,37800,247800,Sales to Priya Kumar Suppliers,Posted,2024-06-07,2024-05-01
VCH-0191,COMP-0004,JOU-000191,Journal,2024-04-19,,,23366,0,23366,Journal voucher,Posted,2024-04-19,2024-05-01
VCH-0192,COMP-0004,PUR-000192,Purchase,2024-06-02,PTY-0058,Neha Kumar Distributors,363500,65430,428930,Purchase to Neha Kumar Distributors,Posted,2024-06-02,2024-05-01
VCH-0193,COMP-0004,JOU-000193,Journal,2024-05-17,,,16337,0,16337,Journal voucher,Posted,2024-05-17,2024-05-01
VCH-0194,COMP-0004,PUR-000194,Purchase,2024-04-28,PTY-0056,Neha Sharma Suppliers,171500,30870,202370,Purchase to Neha Sharma Suppliers,Posted,2024-04-28,2024-05-01
VCH-0195,COMP-0004,SAL-000195,Sales,2024-05-27,PTY-0056,Neha Sharma Suppliers,330000,59400,389400,Sales to Neha Sharma Suppliers,Posted,2024-05-27,2024-05-01
VCH-0196,COMP-0004,JOU-000196,Journal,2024-04-13,,,13315,0,13315,Journal voucher,Posted,2024-04-13,2024-05-01
VCH-0197,COMP-0004,SAL-000197,Sales,2024-06-17,PTY-0070,Amit Patel Traders,50900,9162,60062,Sales to Amit Patel Traders,Posted,2024-06-17,2024-05-01
VCH-0198,COMP-0004,PUR-000198,Purchase,2024-05-06,PTY-0068,Neha Singh Distributors,7200,1296,8496,Purchase to Neha Singh Distributors,Posted,2024-05-06,2024-05-01
VCH-0199,COMP-0004,SAL-000199,Sales,2024-06-02,PTY-0070,Amit Patel Traders,376000,67680,443680,Sales to Amit Patel Traders,Posted,2024-06-02,2024-05-01
VCH-0200,COMP-0004,SAL-000200,Sales,2024-04-17,PTY-0053,Rajesh Gupta Suppliers,900,162,1062,Sales to Rajesh Gupta Suppliers,Posted,2024-04-17,2024-05-01
VCH-0201,COMP-0004,SAL-000201,Sales,2024-05-11,PTY-0067,Vikram Kumar Suppliers,1110000,199800,1309800,Sales to Vikram Kumar Suppliers,Posted,2024-05-11,2024-05-01
VCH-0202,COMP-0004,SAL-000202,Sales,2024-06-30,PTY-0068,Neha Singh Distributors,481000,86580,567580,Sales to Neha Singh Distributors,Posted,2024-06-30,2024-05-01
VCH-0203,COMP-0004,SAL-000203,Sales,2024-04-09,PTY-0066,Vikram Patel Distributors,110000,19800,129800,Sales to Vikram Patel Distributors,Posted,2024-04-09,2024-05-01
VCH-0204,COMP-0004,PUR-000204,Purchase,2024-04-23,PTY-0058,Neha Kumar Distributors,445000,80100,525100,Purchase to Neha Kumar Distributors,Posted,2024-04-23,2024-05-01
VCH-0205,COMP-0004,SAL-000205,Sales,2024-06-11,PTY-0060,Vikram Singh Traders,111800,20124,131924,Sales to Vikram Singh Traders,Posted,2024-06-11,2024-05-01
VCH-0206,COMP-0004,SAL-000206,Sales,2024-04-12,PTY-0052,Rajesh Gupta Distributors,3500,630,4130,Sales to Rajesh Gupta Distributors,Posted,2024-04-12,2024-05-01
VCH-0207,COMP-0004,JOU-000207,Journal,2024-04-22,,,12127,0,12127,Journal voucher,Posted,2024-04-22,2024-05-01
VCH-0208,COMP-0004,SAL-000208,Sales,2024-05-29,PTY-0057,Rajesh Kumar Traders,642000,115560,757560,Sales to Rajesh Kumar Traders,Posted,2024-05-29,2024-05-01
VCH-0209,COMP-0004,JOU-000209,Journal,2024-05-19,,,10832,0,10832,Journal voucher,Posted,2024-05-19,2024-05-01
VCH-0210,COMP-0004,PUR-000210,Purchase,2024-04-18,PTY-0063,Priya Singh Traders,600000,108000,708000,Purchase to Priya Singh Traders,Posted,2024-04-18,2024-05-01
VCH-0211,COMP-0004,SAL-000211,Sales,2024-04-26,PTY-0059,Amit Kumar Traders,441800,79524,521324,Sales to Amit Kumar Traders,Posted,2024-04-26,2024-05-01
VCH-0212,COMP-0004,PUR-000212,Purchase,2024-05-16,PTY-0061,Priya Gupta Distributors,75400,13572,88972,Purchase to Priya Gupta Distributors,Posted,2024-05-16,2024-05-01
VCH-0213,COMP-0004,PUR-000213,Purchase,2024-04-20,PTY-0056,Neha Sharma Suppliers,69400,12492,81892,Purchase to Neha Sharma Suppliers,Posted,2024-04-20,2024-05-01
VCH-0214,COMP-0004,JOU-000214,Journal,2024-06-29,,,23075,0,23075,Journal voucher,Posted,2024-06-29,2024-05-01
VCH-0215,COMP-0004,PUR-000215,Purchase,2024-04-12,PTY-0056,Neha Sharma Suppliers,600900,108162,709062,Purchase to Neha Sharma Suppliers,Posted,2024-04-12,2024-05-01
VCH-0216,COMP-0004,PUR-000216,Purchase,2024-04-15,PTY-0070,Amit Patel Traders,2700,486,3186,Purchase to Amit Patel Traders,Posted,2024-04-15,2024-05-01
VCH-0217,COMP-0004,PUR-000217,Purchase,2024-05-30,PTY-0061,Priya Gupta Distributors,452000,81360,533360,Purchase to Priya Gupta Distributors,Posted,2024-05-30,2024-05-01
VCH-0218,COMP-0004,PUR-000218,Purchase,2024-04-21,PTY-0060,Vikram Singh Traders,540000,97200,637200,Purchase to Vikram Singh Traders,Posted,2024-04-21,2024-05-01
VCH-0219,COMP-0004,PUR-000219,Purchase,2024-04-21,PTY-0055,Priya Patel Distributors,7200,1296,8496,Purchase to Priya Patel Distributors,Posted,2024-04-21,2024-05-01
VCH-0220,COMP-0004,PUR-000220,Purchase,2024-06-15,PTY-0063,Priya Singh Traders,53500,9630,63130,Purchase to Priya Singh Traders,Posted,2024-06-15,2024-05-01
VCH-0221,COMP-0004,SAL-000221,Sales,2024-06-16,PTY-0071,Neha Kumar Suppliers,350000,63000,413000,Sales to Neha Kumar Suppliers,Posted,2024-06-16,2024-05-01
VCH-0222,COMP-0004,PUR-000222,Purchase,2024-05-24,PTY-0058,Neha Kumar Distributors,575000,103500,678500,Purchase to Neha Kumar Distributors,Posted,2024-05-24,2024-05-01
VCH-0223,COMP-0004,JOU-000223,Journal,2024-06-12,,,9256,0,9256,Journal voucher,Posted,2024-06-12,2024-05-01
VCH-0224,COMP-0004,JOU-000224,Journal,2024-04-07,,,15134,0,15134,Journal voucher,Posted,2024-04-07,2024-05-01
VCH-0225,COMP-0004,PUR-000225,Purchase,2024-05-15,PTY-0055,Priya Patel Distributors,386000,69480,455480,Purchase to Priya Patel Distributors,Posted,2024-05-15,2024-05-01
VCH-0226,COMP-0004,SAL-000226,Sales,2024-05-09,PTY-0055,Priya Patel Distributors,840000,151200,991200,Sales to Priya Patel Distributors,Posted,2024-05-09,2024-05-01
VCH-0227,COMP-0004,JOU-000227,Journal,2024-04-12,,,10050,0,10050,Journal voucher,Posted,2024-04-12,2024-05-01
VCH-0228,COMP-0004,PUR-000228,Purchase,2024-04-01,PTY-0061,Priya Gupta Distributors,6300,1134,7434,Purchase to Priya Gupta Distributors,Posted,2024-04-01,2024-05-01
VCH-0229,COMP-0004,SAL-000229,Sales,2024-06-29,PTY-0065,Vikram Patel Traders,66300,11934,78234,Sales to Vikram Patel Traders,Posted,2024-06-29,2024-05-01
VCH-0230,COMP-0004,SAL-000230,Sales,2024-04-17,PTY-0054,Vikram Patel Suppliers,409500,73710,483210,Sales to Vikram Patel Suppliers,Posted,2024-04-17,2024-05-01
VCH-0231,COMP-0004,SAL-000231,Sales,2024-06-08,PTY-0065,Vikram Patel Traders,1005000,180900,1185900,Sales to Vikram Patel Traders,Posted,2024-06-08,2024-05-01
VCH-0232,COMP-0004,SAL-000232,Sales,2024-05-17,PTY-0050,Rajesh Kumar Distributors,233000,41940,274940,Sales to Rajesh Kumar Distributors,Posted,2024-05-17,2024-05-01
VCH-0233,COMP-0005,SAL-000233,Sales,2024-04-06,PTY-0086,Rajesh Singh Distributors,24500,4410,28910,Sales to Rajesh Singh Distributors,Posted,2024-04-06,2024-05-01
VCH-0234,COMP-0005,SAL-000234,Sales,2024-06-23,PTY-0077,Amit Gupta Suppliers,450000,81000,531000,Sales to Amit Gupta Suppliers,Posted,2024-06-23,2024-05-01
VCH-0235,COMP-0005,JOU-000235,Journal,2024-05-04,,,18819,0,18819,Journal voucher,Posted,2024-05-04,2024-05-01
VCH-0236,COMP-0005,SAL-000236,Sales,2024-04-21,PTY-0089,Priya Gupta Traders,1800,324,2124,Sales to Priya Gupta Traders,Posted,2024-04-21,2024-05-01
VCH-0237,COMP-0005,PUR-000237,Purchase,2024-05-15,PTY-0076,Vikram Singh Distributors,640000,115200,755200,Purchase to Vikram Singh Distributors,Posted,2024-05-15,2024-05-01
VCH-0238,COMP-0005,PUR-000238,Purchase,2024-06-27,PTY-0088,Amit Singh Traders,23800,4284,28084,Purchase to Amit Singh Traders,Posted,2024-06-27,2024-05-01
VCH-0239,COMP-0005,JOU-000239,Journal,2024-05-04,,,8799,0,8799,Journal voucher,Posted,2024-05-04,2024-05-01
VCH-0240,COMP-0005,SAL-000240,Sales,2024-06-04,PTY-0088,Amit Singh Traders,476000,85680,561680,Sales to Amit Singh Traders,Posted,2024-06-04,2024-05-01
VCH-0241,COMP-0005,SAL-000241,Sales,2024-06-26,PTY-0073,Rajesh Sharma Suppliers,1280000,230400,1510400,Sales to Rajesh Sharma Suppliers,Posted,2024-06-26,2024-05-01
VCH-0242,COMP-0005,PUR-000242,Purchase,2024-04-07,PTY-0074,Priya Singh Suppliers,7200,1296,8496,Purchase to Priya Singh Suppliers,Posted,2024-04-07,2024-05-01
VCH-0243,COMP-0005,SAL-000243,Sales,2024-05-17,PTY-0084,Amit Kumar Distributors,53500,9630,63130,Sales to Amit Kumar Distributors,Posted,2024-05-17,2024-05-01
VCH-0244,COMP-0005,SAL-000244,Sales,2024-06-09,PTY-0082,Neha Kumar Suppliers,470000,84600,554600,Sales to Neha Kumar Suppliers,Posted,2024-06-09,2024-05-01
VCH-0245,COMP-0005,PUR-000245,Purchase,2024-05-09,PTY-0076,Vikram Singh Distributors,290000,52200,342200,Purchase to Vikram Singh Distributors,Posted,2024-05-09,2024-05-01
VCH-0246,COMP-0005,PUR-000246,Purchase,2024-04-11,PTY-0077,Amit Gupta Suppliers,1175400,211572,1386972,Purchase to Amit Gupta Suppliers,Posted,2024-04-11,2024-05-01
VCH-0247,COMP-0005,PUR-000247,Purchase,2024-06-28,PTY-0089,Priya Gupta Traders,396900,71442,468342,Purchase to Priya Gupta Traders,Posted,2024-06-28,2024-05-01
VCH-0248,COMP-0005,PUR-000248,Purchase,2024-04-19,PTY-0076,Vikram Singh Distributors,284000,51120,335120,Purchase to Vikram Singh Distributors,Posted,2024-04-19,2024-05-01
VCH-0249,COMP-0005,PUR-000249,Purchase,2024-05-25,PTY-0078,Priya Kumar Distributors,535000,96300,631300,Purchase to Priya Kumar Distributors,Posted,2024-05-25,2024-05-01
VCH-0250,COMP-0005,SAL-000250,Sales,2024-06-13,PTY-0082,Neha Kumar Suppliers,749500,134910,884410,Sales to Neha Kumar Suppliers,Posted,2024-06-13,2024-05-01
VCH-0251,COMP-0005,JOU-000251,Journal,2024-04-28,,,19317,0,19317,Journal voucher,Posted,2024-04-28,2024-05-01
VCH-0252,COMP-0005,JOU-000252,Journal,2024-06-28,,,14071,0,14071,Journal voucher,Posted,2024-06-28,2024-05-01
VCH-0253,COMP-0005,SAL-000253,Sales,2024-06-17,PTY-0078,Priya Kumar Distributors,456000,82080,538080,Sales to Priya Kumar Distributors,Posted,2024-06-17,2024-05-01
VCH-0254,COMP-0005,PUR-000254,Purchase,2024-05-24,PTY-0081,Amit Sharma Distributors,15800,2844,18644,Purchase to Amit Sharma Distributors,Posted,2024-05-24,2024-05-01
VCH-0255,COMP-0005,SAL-000255,Sales,2024-04-29,PTY-0083,Amit Patel Suppliers,275000,49500,324500,Sales to Amit Patel Suppliers,Posted,2024-04-29,2024-05-01
VCH-0256,COMP-0005,JOU-000256,Journal,2024-06-17,,,24264,0,24264,Journal voucher,Posted,2024-06-17,2024-05-01
VCH-0257,COMP-0005,PUR-000257,Purchase,2024-06-21,PTY-0090,Neha Patel Suppliers,395400,71172,466572,Purchase to Neha Patel Suppliers,Posted,2024-06-21,2024-05-01
VCH-0258,COMP-0005,SAL-000258,Sales,2024-05-11,PTY-0087,Rajesh Patel Traders,7200,1296,8496,Sales to Rajesh Patel Traders,Posted,2024-05-11,2024-05-01
VCH-0259,COMP-0005,PUR-000259,Purchase,2024-04-27,PTY-0078,Priya Kumar Distributors,1080000,194400,1274400,Purchase to Priya Kumar Distributors,Posted,2024-04-27,2024-05-01
VCH-0260,COMP-0005,JOU-000260,Journal,2024-06-11,,,7722,0,7722,Journal voucher,Posted,2024-06-11,2024-05-01
VCH-0261,COMP-0005,SAL-000261,Sales,2024-06-07,PTY-0082,Neha Kumar Suppliers,5400,972,6372,Sales to Neha Kumar Suppliers,Posted,2024-06-07,2024-05-01
VCH-0262,COMP-0005,PUR-000262,Purchase,2024-06-19,PTY-0084,Amit Kumar Distributors,24700,4446,29146,Purchase to Amit Kumar Distributors,Posted,2024-06-19,2024-05-01
VCH-0263,COMP-0005,SAL-000263,Sales,2024-05-01,PTY-0090,Neha Patel Suppliers,20000,3600,23600,Sales to Neha Patel Suppliers,Posted,2024-05-01,2024-05-01
VCH-0264,COMP-0005,SAL-000264,Sales,2024-04-13,PTY-0079,Neha Kumar Suppliers,165000,29700,194700,Sales to Neha Kumar Suppliers,Posted,2024-04-13,2024-05-01
VCH-0265,COMP-0005,JOU-000265,Journal,2024-04-21,,,18143,0,18143,Journal voucher,Posted,2024-04-21,2024-05-01
VCH-0266,COMP-0005,JOU-000266,Journal,2024-05-16,,,18702,0,18702,Journal voucher,Posted,2024-05-16,2024-05-01
VCH-0267,COMP-0005,JOU-000267,Journal,2024-05-11,,,8461,0,8461,Journal voucher,Posted,2024-05-11,2024-05-01
VCH-0268,COMP-0005,PUR-000268,Purchase,2024-06-04,PTY-0085,Rajesh Patel Suppliers,80000,14400,94400,Purchase to Rajesh Patel Suppliers,Posted,2024-06-04,2024-05-01
VCH-0269,COMP-0005,SAL-000269,Sales,2024-05-30,PTY-0087,Rajesh Patel Traders,294000,52920,346920,Sales to Rajesh Patel Traders,Posted,2024-05-30,2024-05-01
VCH-0270,COMP-0005,SAL-000270,Sales,2024-05-07,PTY-0083,Amit Patel Suppliers,679000,122220,801220,Sales to Amit Patel Suppliers,Posted,2024-05-07,2024-05-01
VCH-0271,COMP-0005,PUR-000271,Purchase,2024-05-24,PTY-0073,Rajesh Sharma Suppliers,589000,106020,695020,Purchase to Rajesh Sharma Suppliers,Posted,2024-05-24,2024-05-01
VCH-0272,COMP-0005,PUR-000272,Purchase,2024-05-12,PTY-0078,Priya Kumar Distributors,553900,99702,653602,Purchase to Priya Kumar Distributors,Posted,2024-05-12,2024-05-01
VCH-0273,COMP-0005,PUR-000273,Purchase,2024-04-21,PTY-0080,Neha Singh Traders,3600,648,4248,Purchase to Neha Singh Traders,Posted,2024-04-21,2024-05-01
VCH-0274,COMP-0005,SAL-000274,Sales,2024-05-12,PTY-0075,Rajesh Patel Suppliers,960000,172800,1132800,Sales to Rajesh Patel Suppliers,Posted,2024-05-12,2024-05-01
VCH-0275,COMP-0005,SAL-000275,Sales,2024-05-29,PTY-0087,Rajesh Patel Traders,336000,60480,396480,Sales to Rajesh Patel Traders,Posted,2024-05-29,2024-05-01
VCH-0276,COMP-0005,PUR-000276,Purchase,2024-06-04,PTY-0083,Amit Patel Suppliers,960000,172800,1132800,Purchase to Amit Patel Suppliers,Posted,2024-06-04,2024-05-01
VCH-0277,COMP-0005,SAL-000277,Sales,2024-04-09,PTY-0074,Priya Singh Suppliers,82300,14814,97114,Sales to Priya Singh Suppliers,Posted,2024-04-09,2024-05-01
VCH-0278,COMP-0005,JOU-000278,Journal,2024-05-04,,,22607,0,22607,Journal voucher,Posted,2024-05-04,2024-05-01
VCH-0279,COMP-0006,PUR-000279,Purchase,2024-06-17,PTY-0109,Vikram Kumar Distributors,909500,163710,1073210,Purchase to Vikram Kumar Distributors,Posted,2024-06-17,2024-05-01
VCH-0280,COMP-0006,SAL-000280,Sales,2024-04-06,PTY-0108,Priya Sharma Traders,26300,4734,31034,Sales to Priya Sharma Traders,Posted,2024-04-06,2024-05-01
VCH-0281,COMP-0006,JOU-000281,Journal,2024-05-04,,,23999,0,23999,Journal voucher,Posted,2024-05-04,2024-05-01
VCH-0282,COMP-0006,SAL-000282,Sales,2024-04-22,PTY-0102,Amit Sharma Traders,960000,172800,1132800,Sales to Amit Sharma Traders,Posted,2024-04-22,2024-05-01
VCH-0283,COMP-0006,SAL-000283,Sales,2024-04-27,PTY-0102,Amit Sharma Traders,461100,82998,544098,Sales to Amit Sharma Traders,Posted,2024-04-27,2024-05-01
VCH-0284,COMP-0006,SAL-000284,Sales,2024-05-14,PTY-0106,Rajesh Kumar Distributors,59500,10710,70210,Sales to Rajesh Kumar Distributors,Posted,2024-05-14,2024-05-01
VCH-0285,COMP-0006,SAL-000285,Sales,2024-04-18,PTY-0101,Priya Kumar Distributors,720000,129600,849600,Sales to Priya Kumar Distributors,Posted,2024-04-18,2024-05-01
VCH-0286,COMP-0006,SAL-000286,Sales,2024-06-12,PTY-0101,Priya Kumar Distributors,776000,139680,915680,Sales to Priya Kumar Distributors,Posted,2024-06-12,2024-05-01
VCH-0287,COMP-0006,SAL-000287,Sales,2024-06-26,PTY-0096,Rajesh Kumar Traders,385000,69300,454300,Sales to Rajesh Kumar Traders,Posted,2024-06-26,2024-05-01
VCH-0288,COMP-0006,PUR-000288,Purchase,2024-05-03,PTY-0092,Amit Patel Distributors,165000,29700,194700,Purchase to Amit Patel Distributors,Posted,2024-05-03,2024-05-01
VCH-0289,COMP-0006,SAL-000289,Sales,2024-06-14,PTY-0103,Amit Gupta Traders,424500,76410,500910,Sales to Amit Gupta Traders,Posted,2024-06-14,2024-05-01
VCH-0290,COMP-0006,JOU-000290,Journal,2024-06-15,,,15298,0,15298,Journal voucher,Posted,2024-06-15,2024-05-01
VCH-0291,COMP-0006,JOU-000291,Journal,2024-05-19,,,20900,0,20900,Journal voucher,Posted,2024-05-19,2024-05-01
VCH-0292,COMP-0006,PUR-000292,Purchase,2024-06-07,PTY-0107,Neha Singh Suppliers,610000,109800,719800,Purchase to Neha Singh Suppliers,Posted,2024-06-07,2024-05-01
VCH-0293,COMP-0006,SAL-000293,Sales,2024-05-10,PTY-0096,Rajesh Kumar Traders,1290000,232200,1522200,Sales to Rajesh Kumar Traders,Posted,2024-05-10,2024-05-01
VCH-0294,COMP-0006,PUR-000294,Purchase,2024-05-29,PTY-0092,Amit Patel Distributors,729500,131310,860810,Purchase to Amit Patel Distributors,Posted,2024-05-29,2024-05-01
VCH-0295,COMP-0006,PUR-000295,Purchase,2024-05-22,PTY-0102,Amit Sharma Traders,172200,30996,203196,Purchase to Amit Sharma Traders,Posted,2024-05-22,2024-05-01
VCH-0296,COMP-0006,PUR-000296,Purchase,2024-06-12,PTY-0099,Amit Gupta Suppliers,1128000,203040,1331040,Purchase to Amit Gupta Suppliers,Posted,2024-06-12,2024-05-01
VCH-0297,COMP-0006,SAL-000297,Sales,2024-04-23,PTY-0111,Priya Singh Distributors,223000,40140,263140,Sales to Priya Singh Distributors,Posted,2024-04-23,2024-05-01
VCH-0298,COMP-0006,JOU-000298,Journal,2024-04-09,,,9343,0,9343,Journal voucher,Posted,2024-04-09,2024-05-01
VCH-0299,COMP-0006,SAL-000299,Sales,2024-04-08,PTY-0099,Amit Gupta Suppliers,139900,25182,165082,Sales to Amit Gupta Suppliers,Posted,2024-04-08,2024-05-01
VCH-0300,COMP-0006,PUR-000300,Purchase,2024-04-26,PTY-0106,Rajesh Kumar Distributors,3600,648,4248,Purchase to Rajesh Kumar Distributors,Posted,2024-04-26,2024-05-01
VCH-0301,COMP-0006,PUR-000301,Purchase,2024-04-13,PTY-0098,Rajesh Kumar Traders,388900,70002,458902,Purchase to Rajesh Kumar Traders,Posted,2024-04-13,2024-05-01
VCH-0302,COMP-0006,JOU-000302,Journal,2024-05-27,,,11383,0,11383,Journal voucher,Posted,2024-05-27,2024-05-01
VCH-0303,COMP-0006,SAL-000303,Sales,2024-04-01,PTY-0105,Vikram Patel Traders,198400,35712,234112,Sales to Vikram Patel Traders,Posted,2024-04-01,2024-05-01
VCH-0304,COMP-0006,SAL-000304,Sales,2024-06-05,PTY-0101,Priya Kumar Distributors,609000,109620,718620,Sales to Priya Kumar Distributors,Posted,2024-06-05,2024-05-01
VCH-0305,COMP-0006,PUR-000305,Purchase,2024-06-26,PTY-0101,Priya Kumar Distributors,452700,81486,534186,Purchase to Priya Kumar Distributors,Posted,2024-06-26,2024-05-01
VCH-0306,COMP-0006,JOU-000306,Journal,2024-05-11,,,21696,0,21696,Journal voucher,Posted,2024-05-11,2024-05-01
VCH-0307,COMP-0006,SAL-000307,Sales,2024-06-03,PTY-0094,Amit Patel Distributors,770000,138600,908600,Sales to Amit Patel Distributors,Posted,2024-06-03,2024-05-01
VCH-0308,COMP-0006,PUR-000308,Purchase,2024-06-21,PTY-0097,Vikram Sharma Distributors,220000,39600,259600,Purchase to Vikram Sharma Distributors,Posted,2024-06-21,2024-05-01
VCH-0309,COMP-0006,SAL-000309,Sales,2024-04-28,PTY-0101,Priya Kumar Distributors,7500,1350,8850,Sales to Priya Kumar Distributors,Posted,2024-04-28,2024-05-01
VCH-0310,COMP-0006,SAL-000310,Sales,2024-06-18,PTY-0096,Rajesh Kumar Traders,654000,117720,771720,Sales to Rajesh Kumar Traders,Posted,2024-06-18,2024-05-01
VCH-0311,COMP-0006,PUR-000311,Purchase,2024-04-21,PTY-0097,Vikram Sharma Distributors,15000,2700,17700,Purchase to Vikram Sharma Distributors,Posted,2024-04-21,2024-05-01
VCH-0312,COMP-0006,JOU-000312,Journal,2024-04-30,,,20465,0,20465,Journal voucher,Posted,2024-04-30,2024-05-01
VCH-0313,COMP-0006,SAL-000313,Sales,2024-05-18,PTY-0102,Amit Sharma Traders,868000,156240,1024240,Sales to Amit Sharma Traders,Posted,2024-05-18,2024-05-01
VCH-0314,COMP-0006,SAL-000314,Sales,2024-05-24,PTY-0104,Rajesh Singh Suppliers,60000,10800,70800,Sales to Rajesh Singh Suppliers,Posted,2024-05-24,2024-05-01
VCH-0315,COMP-0006,JOU-000315,Journal,2024-06-22,,,19971,0,19971,Journal voucher,Posted,2024-06-22,2024-05-01
VCH-0316,COMP-0006,JOU-000316,Journal,2024-04-03,,,11626,0,11626,Journal voucher,Posted,2024-04-03,2024-05-01
VCH-0317,COMP-0006,JOU-000317,Journal,2024-06-24,,,14659,0,14659,Journal voucher,Posted,2024-06-24,2024-05-01
VCH-0318,COMP-0006,SAL-000318,Sales,2024-04-04,PTY-0104,Rajesh Singh Suppliers,966000,173880,1139880,Sales to Rajesh Singh Suppliers,Posted,2024-04-04,2024-05-01
VCH-0319,COMP-0006,SAL-000319,Sales,2024-05-06,PTY-0099,Amit Gupta Suppliers,28000,5040,33040,Sales to Amit Gupta Suppliers,Posted,2024-05-06,2024-05-01
VCH-0320,COMP-0006,PUR-000320,Purchase,2024-06-15,PTY-0093,Rajesh Singh Suppliers,111300,20034,131334,Purchase to Rajesh Singh Suppliers,Posted,2024-06-15,2024-05-01
VCH-0321,COMP-0006,SAL-000321,Sales,2024-04-13,PTY-0102,Amit Sharma Traders,29500,5310,34810,Sales to Amit Sharma Traders,Posted,2024-04-13,2024-05-01
VCH-0322,COMP-0006,PUR-000322,Purchase,2024-04-15,PTY-0094,Amit Patel Distributors,240000,43200,283200,Purchase to Amit Patel Distributors,Posted,2024-04-15,2024-05-01
VCH-0323,COMP-0006,SAL-000323,Sales,2024-06-13,PTY-0094,Amit Patel Distributors,617500,111150,728650,Sales to Amit Patel Distributors,Posted,2024-06-13,2024-05-01
VCH-0324,COMP-0006,SAL-000324,Sales,2024-06-28,PTY-0094,Amit Patel Distributors,64000,11520,75520,Sales to Amit Patel Distributors,Posted,2024-06-28,2024-05-01
VCH-0325,COMP-0006,PUR-000325,Purchase,2024-05-12,PTY-0106,Rajesh Kumar Distributors,617500,111150,728650,Purchase to Rajesh Kumar Distributors,Posted,2024-05-12,2024-05-01
VCH-0326,COMP-0006,JOU-000326,Journal,2024-06-17,,,5758,0,5758,Journal voucher,Posted,2024-06-17,2024-05-01
VCH-0327,COMP-0006,PUR-000327,Purchase,2024-04-16,PTY-0105,Vikram Patel Traders,390900,70362,461262,Purchase to Vikram Patel Traders,Posted,2024-04-16,2024-05-01
VCH-0328,COMP-0006,PUR-000328,Purchase,2024-04-03,PTY-0093,Rajesh Singh Suppliers,106800,19224,126024,Purchase to Rajesh Singh Suppliers,Posted,2024-04-03,2024-05-01
VCH-0329,COMP-0006,SAL-000329,Sales,2024-06-12,PTY-0109,Vikram Kumar Distributors,4500,810,5310,Sales to Vikram Kumar Distributors,Posted,2024-06-12,2024-05-01
VCH-0330,COMP-0006,JOU-000330,Journal,2024-06-05,,,7874,0,7874,Journal voucher,Posted,2024-06-05,2024-05-01
VCH-0331,COMP-0006,PUR-000331,Purchase,2024-06-18,PTY-0098,Rajesh Kumar Traders,50000,9000,59000,Purchase to Rajesh Kumar Traders,Posted,2024-06-18,2024-05-01
VCH-0332,COMP-0006,PUR-000332,Purchase,2024-05-30,PTY-0096,Rajesh Kumar Traders,467300,84114,551414,Purchase to Rajesh Kumar Traders,Posted,2024-05-30,2024-05-01
VCH-0333,COMP-0006,PUR-000333,Purchase,2024-04-03,PTY-0101,Priya Kumar Distributors,10000,1800,11800,Purchase to Priya Kumar Distributors,Posted,2024-04-03,2024-05-01
VCH-0334,COMP-0006,SAL-000334,Sales,2024-04-02,PTY-0105,Vikram Patel Traders,220000,39600,259600,Sales to Vikram Patel Traders,Posted,2024-04-02,2024-05-01
VCH-0335,COMP-0006,PUR-000335,Purchase,2024-06-14,PTY-0102,Amit Sharma Traders,405400,72972,478372,Purchase to Amit Sharma Traders,Posted,2024-06-14,2024-05-01
VCH-0336,COMP-0006,SAL-000336,Sales,2024-04-19,PTY-0097,Vikram Sharma Distributors,65000,11700,76700,Sales to Vikram Sharma Distributors,Posted,2024-04-19,2024-05-01
VCH-0337,COMP-0006,PUR-000337,Purchase,2024-04-17,PTY-0094,Amit Patel Distributors,494000,88920,582920,Purchase to Amit Patel Distributors,Posted,2024-04-17,2024-05-01
VCH-0338,COMP-0006,SAL-000338,Sales,2024-05-09,PTY-0100,Amit Kumar Suppliers,720000,129600,849600,Sales to Amit Kumar Suppliers,Posted,2024-05-09,2024-05-01
VCH-0339,COMP-0006,SAL-000339,Sales,2024-04-04,PTY-0106,Rajesh Kumar Distributors,10000,1800,11800,Sales to Rajesh Kumar Distributors,Posted,2024-04-04,2024-05-01
VCH-0340,COMP-0006,JOU-000340,Journal,2024-05-27,,,11834,0,11834,Journal voucher,Posted,2024-05-27,2024-05-01
VCH-0341,COMP-0007,PUR-000341,Purchase,2024-05-28,PTY-0118,Vikram Gupta Traders,20000,3600,23600,Purchase to Vikram Gupta Traders,Posted,2024-05-28,2024-05-01
VCH-0342,COMP-0007,JOU-000342,Journal,2024-04-12,,,21603,0,21603,Journal voucher,Posted,2024-04-12,2024-05-01
VCH-0343,COMP-0007,JOU-000343,Journal,2024-04-21,,,8943,0,8943,Journal voucher,Posted,2024-04-21,2024-05-01
VCH-0344,COMP-0007,SAL-000344,Sales,2024-06-17,PTY-0122,Neha Kumar Traders,249000,44820,293820,Sales to Neha Kumar Traders,Posted,2024-06-17,2024-05-01
VCH-0345,COMP-0007,SAL-000345,Sales,2024-06-01,PTY-0115,Rajesh Sharma Suppliers,465500,83790,549290,Sales to Rajesh Sharma Suppliers,Posted,2024-06-01,2024-05-01
VCH-0346,COMP-0007,JOU-000346,Journal,2024-05-22,,,8278,0,8278,Journal voucher,Posted,2024-05-22,2024-05-01
VCH-0347,COMP-0007,JOU-000347,Journal,2024-05-17,,,7139,0,7139,Journal voucher,Posted,2024-05-17,2024-05-01
VCH-0348,COMP-0007,SAL-000348,Sales,2024-06-23,PTY-0114,Vikram Singh Traders,120400,21672,142072,Sales to Vikram Singh Traders,Posted,2024-06-23,2024-05-01
VCH-0349,COMP-0007,JOU-000349,Journal,2024-04-19,,,10811,0,10811,Journal voucher,Posted,2024-04-19,2024-05-01
VCH-0350,COMP-0007,PUR-000350,Purchase,2024-04-17,PTY-0116,Neha Gupta Traders,337600,60768,398368,Purchase to Neha Gupta Traders,Posted,2024-04-17,2024-05-01
VCH-0351,COMP-0007,PUR-000351,Purchase,2024-06-19,PTY-0117,Priya Kumar Suppliers,130500,23490,153990,Purchase to Priya Kumar Suppliers,Posted,2024-06-19,2024-05-01
VCH-0352,COMP-0007,JOU-000352,Journal,2024-05-17,,,8584,0,8584,Journal voucher,Posted,2024-05-17,2024-05-01
VCH-0353,COMP-0007,PUR-000353,Purchase,2024-04-04,PTY-0121,Vikram Gupta Distributors,76000,13680,89680,Purchase to Vikram Gupta Distributors,Posted,2024-04-04,2024-05-01
VCH-0354,COMP-0007,SAL-000354,Sales,2024-04-04,PTY-0127,Vikram Kumar Suppliers,294000,52920,346920,Sales to Vikram Kumar Suppliers,Posted,2024-04-04,2024-05-01
VCH-0355,COMP-0007,PUR-000355,Purchase,2024-04-06,PTY-0128,Neha Kumar Distributors,84000,15120,99120,Purchase to Neha Kumar Distributors,Posted,2024-04-06,2024-05-01
VCH-0356,COMP-0007,SAL-000356,Sales,2024-04-02,PTY-0119,Amit Singh Traders,20000,3600,23600,Sales to Amit Singh Traders,Posted,2024-04-02,2024-05-01
VCH-0357,COMP-0007,JOU-000357,Journal,2024-04-15,,,20218,0,20218,Journal voucher,Posted,2024-04-15,2024-05-01
VCH-0358,COMP-0007,PUR-000358,Purchase,2024-06-08,PTY-0112,Priya Patel Suppliers,9000,1620,10620,Purchase to Priya Patel Suppliers,Posted,2024-06-08,2024-05-01
VCH-0359,COMP-0007,PUR-000359,Purchase,2024-05-12,PTY-0123,Vikram Singh Traders,702700,126486,829186,Purchase to Vikram Singh Traders,Posted,2024-05-12,2024-05-01
VCH-0360,COMP-0007,SAL-000360,Sales,2024-06-05,PTY-0116,Neha Gupta Traders,110000,19800,129800,Sales to Neha Gupta Traders,Posted,2024-06-05,2024-05-01
VCH-0361,COMP-0007,SAL-000361,Sales,2024-05-22,PTY-0115,Rajesh Sharma Suppliers,600000,108000,708000,Sales to Rajesh Sharma Suppliers,Posted,2024-05-22,2024-05-01
VCH-0362,COMP-0007,JOU-000362,Journal,2024-04-24,,,14866,0,14866,Journal voucher,Posted,2024-04-24,2024-05-01
VCH-0363,COMP-0007,JOU-000363,Journal,2024-06-30,,,24358,0,24358,Journal voucher,Posted,2024-06-30,2024-05-01
VCH-0364,COMP-0007,SAL-000364,Sales,2024-04-17,PTY-0123,Vikram Singh Traders,373000,67140,440140,Sales to Vikram Singh Traders,Posted,2024-04-17,2024-05-01
VCH-0365,COMP-0007,SAL-000365,Sales,2024-04-24,PTY-0113,Neha Gupta Distributors,294000,52920,346920,Sales to Neha Gupta Distributors,Posted,2024-04-24,2024-05-01
VCH-0366,COMP-0007,SAL-000366,Sales,2024-05-12,PTY-0127,Vikram Kumar Suppliers,984500,177210,1161710,Sales to Vikram Kumar Suppliers,Posted,2024-05-12,2024-05-01
VCH-0367,COMP-0007,PUR-000367,Purchase,2024-04-28,PTY-0120,Amit Gupta Suppliers,355500,63990,419490,Purchase to Amit Gupta Suppliers,Posted,2024-04-28,2024-05-01
VCH-0368,COMP-0007,SAL-000368,Sales,2024-04-24,PTY-0127,Vikram Kumar Suppliers,287400,51732,339132,Sales to Vikram Kumar Suppliers,Posted,2024-04-24,2024-05-01
VCH-0369,COMP-0007,PUR-000369,Purchase,2024-05-17,PTY-0112,Priya Patel Suppliers,447800,80604,528404,Purchase to Priya Patel Suppliers,Posted,2024-05-17,2024-05-01
VCH-0370,COMP-0007,JOU-000370,Journal,2024-06-10,,,9138,0,9138,Journal voucher,Posted,2024-06-10,2024-05-01
VCH-0371,COMP-0007,PUR-000371,Purchase,2024-05-10,PTY-0114,Vikram Singh Traders,201600,36288,237888,Purchase to Vikram Singh Traders,Posted,2024-05-10,2024-05-01
VCH-0372,COMP-0007,SAL-000372,Sales,2024-04-03,PTY-0123,Vikram Singh Traders,542000,97560,639560,Sales to Vikram Singh Traders,Posted,2024-04-03,2024-05-01
VCH-0373,COMP-0007,SAL-000373,Sales,2024-05-18,PTY-0117,Priya Kumar Suppliers,1283000,230940,1513940,Sales to Priya Kumar Suppliers,Posted,2024-05-18,2024-05-01
VCH-0374,COMP-0007,JOU-000374,Journal,2024-04-07,,,18135,0,18135,Journal voucher,Posted,2024-04-07,2024-05-01
VCH-0375,COMP-0007,JOU-000375,Journal,2024-05-20,,,18803,0,18803,Journal voucher,Posted,2024-05-20,2024-05-01
VCH-0376,COMP-0007,SAL-000376,Sales,2024-05-30,PTY-0121,Vikram Gupta Distributors,275000,49500,324500,Sales to Vikram Gupta Distributors,Posted,2024-05-30,2024-05-01
VCH-0377,COMP-0007,PUR-000377,Purchase,2024-06-30,PTY-0121,Vikram Gupta Distributors,55000,9900,64900,Purchase to Vikram Gupta Distributors,Posted,2024-06-30,2024-05-01
VCH-0378,COMP-0007,SAL-000378,Sales,2024-05-23,PTY-0127,Vikram Kumar Suppliers,840000,151200,991200,Sales to Vikram Kumar Suppliers,Posted,2024-05-23,2024-05-01
VCH-0379,COMP-0007,PUR-000379,Purchase,2024-04-21,PTY-0124,Vikram Patel Suppliers,763000,137340,900340,Purchase to Vikram Patel Suppliers,Posted,2024-04-21,2024-05-01
VCH-0380,COMP-0007,SAL-000380,Sales,2024-05-06,PTY-0124,Vikram Patel Suppliers,168000,30240,198240,Sales to Vikram Patel Suppliers,Posted,2024-05-06,2024-05-01
VCH-0381,COMP-0007,SAL-000381,Sales,2024-05-27,PTY-0120,Amit Gupta Suppliers,435000,78300,513300,Sales to Amit Gupta Suppliers,Posted,2024-05-27,2024-05-01
VCH-0382,COMP-0008,PUR-000382,Purchase,2024-06-20,PTY-0132,Priya Gupta Suppliers,471800,84924,556724,Purchase to Priya Gupta Suppliers,Posted,2024-06-20,2024-05-01
VCH-0383,COMP-0008,JOU-000383,Journal,2024-04-10,,,16186,0,16186,Journal voucher,Posted,2024-04-10,2024-05-01
VCH-0384,COMP-0008,SAL-000384,Sales,2024-04-06,PTY-0143,Rajesh Sharma Distributors,387700,69786,457486,Sales to Rajesh Sharma Distributors,Posted,2024-04-06,2024-05-01
VCH-0385,COMP-0008,PUR-000385,Purchase,2024-06-30,PTY-0141,Priya Kumar Traders,350000,63000,413000,Purchase to Priya Kumar Traders,Posted,2024-06-30,2024-05-01
VCH-0386,COMP-0008,JOU-000386,Journal,2024-06-17,,,16880,0,16880,Journal voucher,Posted,2024-06-17,2024-05-01
VCH-0387,COMP-0008,PUR-000387,Purchase,2024-06-25,PTY-0140,Vikram Sharma Traders,345000,62100,407100,Purchase to Vikram Sharma Traders,Posted,2024-06-25,2024-05-01
VCH-0388,COMP-0008,JOU-000388,Journal,2024-05-06,,,21640,0,21640,Journal voucher,Posted,2024-05-06,2024-05-01
VCH-0389,COMP-0008,PUR-000389,Purchase,2024-05-24,PTY-0133,Amit Patel Distributors,630000,113400,743400,Purchase to Amit Patel Distributors,Posted,2024-05-24,2024-05-01
VCH-0390,COMP-0008,PUR-000390,Purchase,2024-05-02,PTY-0132,Priya Gupta Suppliers,920000,165600,1085600,Purchase to Priya Gupta Suppliers,Posted,2024-05-02,2024-05-01
VCH-0391,COMP-0008,PUR-000391,Purchase,2024-04-06,PTY-0138,Rajesh Singh Suppliers,684000,123120,807120,Purchase to Rajesh Singh Suppliers,Posted,2024-04-06,2024-05-01
VCH-0392,COMP-0008,JOU-000392,Journal,2024-05-21,,,6306,0,6306,Journal voucher,Posted,2024-05-21,2024-05-01
VCH-0393,COMP-0008,JOU-000393,Journal,2024-06-22,,,20097,0,20097,Journal voucher,Posted,2024-06-22,2024-05-01
VCH-0394,COMP-0008,JOU-000394,Journal,2024-05-22,,,19149,0,19149,Journal voucher,Posted,2024-05-22,2024-05-01
VCH-0395,COMP-0008,PUR-000395,Purchase,2024-04-28,PTY-0129,Vikram Sharma Distributors,415500,74790,490290,Purchase to Vikram Sharma Distributors,Posted,2024-04-28,2024-05-01
VCH-0396,COMP-0008,SAL-000396,Sales,2024-05-03,PTY-0139,Vikram Sharma Distributors,977500,175950,1153450,Sales to Vikram Sharma Distributors,Posted,2024-05-03,2024-05-01
VCH-0397,COMP-0008,SAL-000397,Sales,2024-04-07,PTY-0140,Vikram Sharma Traders,954000,171720,1125720,Sales to Vikram Sharma Traders,Posted,2024-04-07,2024-05-01
VCH-0398,COMP-0008,JOU-000398,Journal,2024-04-23,,,7912,0,7912,Journal voucher,Posted,2024-04-23,2024-05-01
VCH-0399,COMP-0008,PUR-000399,Purchase,2024-05-16,PTY-0140,Vikram Sharma Traders,17500,3150,20650,Purchase to Vikram Sharma Traders,Posted,2024-05-16,2024-05-01
VCH-0400,COMP-0008,JOU-000400,Journal,2024-04-13,,,7963,0,7963,Journal voucher,Posted,2024-04-13,2024-05-01
VCH-0401,COMP-0008,PUR-000401,Purchase,2024-05-11,PTY-0139,Vikram Sharma Distributors,40000,7200,47200,Purchase to Vikram Sharma Distributors,Posted,2024-05-11,2024-05-01
VCH-0402,COMP-0008,JOU-000402,Journal,2024-05-04,,,20906,0,20906,Journal voucher,Posted,2024-05-04,2024-05-01
VCH-0403,COMP-0008,JOU-000403,Journal,2024-05-14,,,16844,0,16844,Journal voucher,Posted,2024-05-14,2024-05-01
VCH-0404,COMP-0008,SAL-000404,Sales,2024-04-22,PTY-0130,Rajesh Gupta Distributors,275000,49500,324500,Sales to Rajesh Gupta Distributors,Posted,2024-04-22,2024-05-01
VCH-0405,COMP-0008,PUR-000405,Purchase,2024-06-11,PTY-0135,Rajesh Kumar Distributors,1275000,229500,1504500,Purchase to Rajesh Kumar Distributors,Posted,2024-06-11,2024-05-01
VCH-0406,COMP-0008,JOU-000406,Journal,2024-04-19,,,22459,0,22459,Journal voucher,Posted,2024-04-19,2024-05-01
VCH-0407,COMP-0008,SAL-000407,Sales,2024-05-21,PTY-0135,Rajesh Kumar Distributors,110000,19800,129800,Sales to Rajesh Kumar Distributors,Posted,2024-05-21,2024-05-01
VCH-0408,COMP-0008,JOU-000408,Journal,2024-05-12,,,19501,0,19501,Journal voucher,Posted,2024-05-12,2024-05-01
VCH-0409,COMP-0008,PUR-000409,Purchase,2024-05-02,PTY-0139,Vikram Sharma Distributors,263600,47448,311048,Purchase to Vikram Sharma Distributors,Posted,2024-05-02,2024-05-01
VCH-0410,COMP-0008,JOU-000410,Journal,2024-05-02,,,19429,0,19429,Journal voucher,Posted,2024-05-02,2024-05-01
VCH-0411,COMP-0008,SAL-000411,Sales,2024-04-19,PTY-0132,Priya Gupta Suppliers,7200,1296,8496,Sales to Priya Gupta Suppliers,Posted,2024-04-19,2024-05-01
VCH-0412,COMP-0008,PUR-000412,Purchase,2024-05-24,PTY-0138,Rajesh Singh Suppliers,30000,5400,35400,Purchase to Rajesh Singh Suppliers,Posted,2024-05-24,2024-05-01
VCH-0413,COMP-0008,PUR-000413,Purchase,2024-06-06,PTY-0139,Vikram Sharma Distributors,359500,64710,424210,Purchase to Vikram Sharma Distributors,Posted,2024-06-06,2024-05-01
VCH-0414,COMP-0008,SAL-000414,Sales,2024-05-18,PTY-0143,Rajesh Sharma Distributors,21000,3780,24780,Sales to Rajesh Sharma Distributors,Posted,2024-05-18,2024-05-01
VCH-0415,COMP-0008,JOU-000415,Journal,2024-04-10,,,9407,0,9407,Journal voucher,Posted,2024-04-10,2024-05-01
VCH-0416,COMP-0008,SAL-000416,Sales,2024-06-29,PTY-0137,Priya Patel Traders,686000,123480,809480,Sales to Priya Patel Traders,Posted,2024-06-29,2024-05-01
VCH-0417,COMP-0008,SAL-000417,Sales,2024-06-17,PTY-0134,Neha Patel Traders,134700,24246,158946,Sales to Neha Patel Traders,Posted,2024-06-17,2024-05-01
VCH-0418,COMP-0008,PUR-000418,Purchase,2024-06-19,PTY-0138,Rajesh Singh Suppliers,391000,70380,461380,Purchase to Rajesh Singh Suppliers,Posted,2024-06-19,2024-05-01
VCH-0419,COMP-0008,PUR-000419,Purchase,2024-06-11,PTY-0143,Rajesh Sharma Distributors,253800,45684,299484,Purchase to Rajesh Sharma Distributors,Posted,2024-06-11,2024-05-01
VCH-0420,COMP-0008,JOU-000420,Journal,2024-04-09,,,14046,0,14046,Journal voucher,Posted,2024-04-09,2024-05-01
VCH-0421,COMP-0008,JOU-000421,Journal,2024-04-04,,,21082,0,21082,Journal voucher,Posted,2024-04-04,2024-05-01
VCH-0422,COMP-0008,JOU-000422,Journal,2024-06-30,,,9369,0,9369,Journal voucher,Posted,2024-06-30,2024-05-01
VCH-0423,COMP-0008,PUR-000423,Purchase,2024-04-28,PTY-0133,Amit Patel Distributors,725500,130590,856090,Purchase to Amit Patel Distributors,Posted,2024-04-28,2024-05-01
VCH-0424,COMP-0008,JOU-000424,Journal,2024-04-01,,,6735,0,6735,Journal voucher,Posted,2024-04-01,2024-05-01
VCH-0425,COMP-0008,SAL-000425,Sales,2024-06-15,PTY-0130,Rajesh Gupta Distributors,219000,39420,258420,Sales to Rajesh Gupta Distributors,Posted,2024-06-15,2024-05-01
VCH-0426,COMP-0008,JOU-000426,Journal,2024-06-16,,,10876,0,10876,Journal voucher,Posted,2024-06-16,2024-05-01
VCH-0427,COMP-0008,PUR-000427,Purchase,2024-04-04,PTY-0136,Vikram Kumar Distributors,589500,106110,695610,Purchase to Vikram Kumar Distributors,Posted,2024-04-04,2024-05-01
VCH-0428,COMP-0008,SAL-000428,Sales,2024-05-23,PTY-0136,Vikram Kumar Distributors,10500,1890,12390,Sales to Vikram Kumar Distributors,Posted,2024-05-23,2024-05-01
VCH-0429,COMP-0008,SAL-000429,Sales,2024-04-13,PTY-0131,Vikram Gupta Distributors,785000,141300,926300,Sales to Vikram Gupta Distributors,Posted,2024-04-13,2024-05-01
VCH-0430,COMP-0008,SAL-000430,Sales,2024-05-22,PTY-0134,Neha Patel Traders,247500,44550,292050,Sales to Neha Patel Traders,Posted,2024-05-22,2024-05-01
VCH-0431,COMP-0008,SAL-000431,Sales,2024-06-17,PTY-0137,Priya Patel Traders,7000,1260,8260,Sales to Priya Patel Traders,Posted,2024-06-17,2024-05-01
VCH-0432,COMP-0008,SAL-000432,Sales,2024-04-22,PTY-0137,Priya Patel Traders,390000,70200,460200,Sales to Priya Patel Traders,Posted,2024-04-22,2024-05-01
VCH-0433,COMP-0008,SAL-000433,Sales,2024-05-20,PTY-0141,Priya Kumar Traders,456700,82206,538906,Sales to Priya Kumar Traders,Posted,2024-05-20,2024-05-01
VCH-0434,COMP-0008,SAL-000434,Sales,2024-06-08,PTY-0134,Neha Patel Traders,252000,45360,297360,Sales to Neha Patel Traders,Posted,2024-06-08,2024-05-01
VCH-0435,COMP-0008,SAL-000435,Sales,2024-06-13,PTY-0136,Vikram Kumar Distributors,347500,62550,410050,Sales to Vikram Kumar Distributors,Posted,2024-06-13,2024-05-01
VCH-0436,COMP-0008,JOU-000436,Journal,2024-06-08,,,8941,0,8941,Journal voucher,Posted,2024-06-08,2024-05-01
VCH-0437,COMP-0008,SAL-000437,Sales,2024-05-08,PTY-0139,Vikram Sharma Distributors,4500,810,5310,Sales to Vikram Sharma Distributors,Posted,2024-05-08,2024-05-01
VCH-0438,COMP-0008,PUR-000438,Purchase,2024-04-13,PTY-0138,Rajesh Singh Suppliers,28000,5040,33040,Purchase to Rajesh Singh Suppliers,Posted,2024-04-13,2024-05-01
VCH-0439,COMP-0008,PUR-000439,Purchase,2024-06-24,PTY-0135,Rajesh Kumar Distributors,336000,60480,396480,Purchase to Rajesh Kumar Distributors,Posted,2024-06-24,2024-05-01
VCH-0440,COMP-0008,SAL-000440,Sales,2024-05-17,PTY-0142,Neha Kumar Suppliers,180000,32400,212400,Sales to Neha Kumar Suppliers,Posted,2024-05-17,2024-05-01
VCH-0441,COMP-0008,JOU-000441,Journal,2024-04-08,,,20742,0,20742,Journal voucher,Posted,2024-04-08,2024-05-01
VCH-0442,COMP-0008,SAL-000442,Sales,2024-06-06,PTY-0139,Vikram Sharma Distributors,56000,10080,66080,Sales to Vikram Sharma Distributors,Posted,2024-06-06,2024-05-01
VCH-0443,COMP-0008,SAL-000443,Sales,2024-05-12,PTY-0141,Priya Kumar Traders,385000,69300,454300,Sales to Priya Kumar Traders,Posted,2024-05-12,2024-05-01
VCH-0444,COMP-0008,PUR-000444,Purchase,2024-05-22,PTY-0130,Rajesh Gupta Distributors,135400,24372,159772,Purchase to Rajesh Gupta Distributors,Posted,2024-05-22,2024-05-01
VCH-0445,COMP-0008,PUR-000445,Purchase,2024-06-11,PTY-0135,Rajesh Kumar Distributors,55900,10062,65962,Purchase to Rajesh Kumar Distributors,Posted,2024-06-11,2024-05-01
VCH-0446,COMP-0009,SAL-000446,Sales,2024-04-12,PTY-0153,Amit Singh Traders,54500,9810,64310,Sales to Amit Singh Traders,Posted,2024-04-12,2024-05-01
VCH-0447,COMP-0009,JOU-000447,Journal,2024-04-07,,,17612,0,17612,Journal voucher,Posted,2024-04-07,2024-05-01
VCH-0448,COMP-0009,JOU-000448,Journal,2024-05-16,,,6718,0,6718,Journal voucher,Posted,2024-05-16,2024-05-01
VCH-0449,COMP-0009,PUR-000449,Purchase,2024-06-05,PTY-0146,Amit Patel Traders,692000,124560,816560,Purchase to Amit Patel Traders,Posted,2024-06-05,2024-05-01
VCH-0450,COMP-0009,JOU-000450,Journal,2024-04-29,,,7390,0,7390,Journal voucher,Posted,2024-04-29,2024-05-01
VCH-0451,COMP-0009,SAL-000451,Sales,2024-06-03,PTY-0154,Rajesh Gupta Suppliers,863000,155340,1018340,Sales to Rajesh Gupta Suppliers,Posted,2024-06-03,2024-05-01
VCH-0452,COMP-0009,JOU-000452,Journal,2024-04-01,,,15838,0,15838,Journal voucher,Posted,2024-04-01,2024-05-01
VCH-0453,COMP-0009,JOU-000453,Journal,2024-05-20,,,17182,0,17182,Journal voucher,Posted,2024-05-20,2024-05-01
VCH-0454,COMP-0009,SAL-000454,Sales,2024-04-06,PTY-0153,Amit Singh Traders,385000,69300,454300,Sales to Amit Singh Traders,Posted,2024-04-06,2024-05-01
VCH-0455,COMP-0009,PUR-000455,Purchase,2024-06-27,PTY-0157,Vikram Sharma Traders,1118500,201330,1319830,Purchase to Vikram Sharma Traders,Posted,2024-06-27,2024-05-01
VCH-0456,COMP-0009,JOU-000456,Journal,2024-05-24,,,17357,0,17357,Journal voucher,Posted,2024-05-24,2024-05-01
VCH-0457,COMP-0009,JOU-000457,Journal,2024-04-25,,,20997,0,20997,Journal voucher,Posted,2024-04-25,2024-05-01
VCH-0458,COMP-0009,SAL-000458,Sales,2024-06-16,PTY-0155,Priya Gupta Suppliers,198600,35748,234348,Sales to Priya Gupta Suppliers,Posted,2024-06-16,2024-05-01
VCH-0459,COMP-0009,PUR-000459,Purchase,2024-04-10,PTY-0145,Rajesh Singh Traders,1800,324,2124,Purchase to Rajesh Singh Traders,Posted,2024-04-10,2024-05-01
VCH-0460,COMP-0009,PUR-000460,Purchase,2024-04-24,PTY-0146,Amit Patel Traders,535000,96300,631300,Purchase to Amit Patel Traders,Posted,2024-04-24,2024-05-01
VCH-0461,COMP-0009,JOU-000461,Journal,2024-04-14,,,17940,0,17940,Journal voucher,Posted,2024-04-14,2024-05-01
VCH-0462,COMP-0009,PUR-000462,Purchase,2024-04-12,PTY-0151,Vikram Kumar Distributors,42000,7560,49560,Purchase to Vikram Kumar Distributors,Posted,2024-04-12,2024-05-01
VCH-0463,COMP-0009,PUR-000463,Purchase,2024-05-31,PTY-0145,Rajesh Singh Traders,455000,81900,536900,Purchase to Rajesh Singh Traders,Posted,2024-05-31,2024-05-01
VCH-0464,COMP-0009,SAL-000464,Sales,2024-04-24,PTY-0155,Priya Gupta Suppliers,840000,151200,991200,Sales to Priya Gupta Suppliers,Posted,2024-04-24,2024-05-01
VCH-0465,COMP-0009,SAL-000465,Sales,2024-06-18,PTY-0155,Priya Gupta Suppliers,900,162,1062,Sales to Priya Gupta Suppliers,Posted,2024-06-18,2024-05-01
VCH-0466,COMP-0009,JOU-000466,Journal,2024-06-24,,,11192,0,11192,Journal voucher,Posted,2024-06-24,2024-05-01
VCH-0467,COMP-0009,SAL-000467,Sales,2024-05-11,PTY-0144,Vikram Sharma Distributors,17500,3150,20650,Sales to Vikram Sharma Distributors,Posted,2024-05-11,2024-05-01
VCH-0468,COMP-0009,SAL-000468,Sales,2024-04-23,PTY-0147,Neha Kumar Traders,485000,87300,572300,Sales to Neha Kumar Traders,Posted,2024-04-23,2024-05-01
VCH-0469,COMP-0009,SAL-000469,Sales,2024-04-29,PTY-0147,Neha Kumar Traders,137200,24696,161896,Sales to Neha Kumar Traders,Posted,2024-04-29,2024-05-01
VCH-0470,COMP-0009,PUR-000470,Purchase,2024-05-02,PTY-0148,Vikram Singh Suppliers,363500,65430,428930,Purchase to Vikram Singh Suppliers,Posted,2024-05-02,2024-05-01
VCH-0471,COMP-0009,SAL-000471,Sales,2024-06-27,PTY-0152,Priya Singh Traders,645500,116190,761690,Sales to Priya Singh Traders,Posted,2024-06-27,2024-05-01
VCH-0472,COMP-0009,JOU-000472,Journal,2024-04-19,,,12656,0,12656,Journal voucher,Posted,2024-04-19,2024-05-01
VCH-0473,COMP-0009,SAL-000473,Sales,2024-05-19,PTY-0144,Vikram Sharma Distributors,295000,53100,348100,Sales to Vikram Sharma Distributors,Posted,2024-05-19,2024-05-01
VCH-0474,COMP-0009,PUR-000474,Purchase,2024-04-03,PTY-0158,Amit Sharma Suppliers,510000,91800,601800,Purchase to Amit Sharma Suppliers,Posted,2024-04-03,2024-05-01
VCH-0475,COMP-0009,PUR-000475,Purchase,2024-05-01,PTY-0153,Amit Singh Traders,30700,5526,36226,Purchase to Amit Singh Traders,Posted,2024-05-01,2024-05-01
VCH-0476,COMP-0009,PUR-000476,Purchase,2024-05-29,PTY-0149,Priya Singh Distributors,210000,37800,247800,Purchase to Priya Singh Distributors,Posted,2024-05-29,2024-05-01
VCH-0477,COMP-0009,JOU-000477,Journal,2024-06-21,,,17728,0,17728,Journal voucher,Posted,2024-06-21,2024-05-01
VCH-0478,COMP-0009,SAL-000478,Sales,2024-04-21,PTY-0144,Vikram Sharma Distributors,391000,70380,461380,Sales to Vikram Sharma Distributors,Posted,2024-04-21,2024-05-01
VCH-0479,COMP-0009,JOU-000479,Journal,2024-05-23,,,22743,0,22743,Journal voucher,Posted,2024-05-23,2024-05-01
VCH-0480,COMP-0009,SAL-000480,Sales,2024-05-22,PTY-0154,Rajesh Gupta Suppliers,910000,163800,1073800,Sales to Rajesh Gupta Suppliers,Posted,2024-05-22,2024-05-01
VCH-0481,COMP-0009,JOU-000481,Journal,2024-05-29,,,19545,0,19545,Journal voucher,Posted,2024-05-29,2024-05-01
VCH-0482,COMP-0009,SAL-000482,Sales,2024-05-30,PTY-0149,Priya Singh Distributors,222000,39960,261960,Sales to Priya Singh Distributors,Posted,2024-05-30,2024-05-01
VCH-0483,COMP-0009,PUR-000483,Purchase,2024-04-25,PTY-0157,Vikram Sharma Traders,304900,54882,359782,Purchase to Vikram Sharma Traders,Posted,2024-04-25,2024-05-01
VCH-0484,COMP-0009,SAL-000484,Sales,2024-04-28,PTY-0151,Vikram Kumar Distributors,12000,2160,14160,Sales to Vikram Kumar Distributors,Posted,2024-04-28,2024-05-01
VCH-0485,COMP-0009,JOU-000485,Journal,2024-05-09,,,18504,0,18504,Journal voucher,Posted,2024-05-09,2024-05-01
VCH-0486,COMP-0009,SAL-000486,Sales,2024-04-26,PTY-0152,Priya Singh Traders,70000,12600,82600,Sales to Priya Singh Traders,Posted,2024-04-26,2024-05-01
VCH-0487,COMP-0009,JOU-000487,Journal,2024-04-24,,,5781,0,5781,Journal voucher,Posted,2024-04-24,2024-05-01
VCH-0488,COMP-0009,PUR-000488,Purchase,2024-05-20,PTY-0146,Amit Patel Traders,198000,35640,233640,Purchase to Amit Patel Traders,Posted,2024-05-20,2024-05-01
VCH-0489,COMP-0009,SAL-000489,Sales,2024-05-23,PTY-0147,Neha Kumar Traders,46800,8424,55224,Sales to Neha Kumar Traders,Posted,2024-05-23,2024-05-01
VCH-0490,COMP-0009,SAL-000490,Sales,2024-04-11,PTY-0158,Amit Sharma Suppliers,7000,1260,8260,Sales to Amit Sharma Suppliers,Posted,2024-04-11,2024-05-01
VCH-0491,COMP-0009,JOU-000491,Journal,2024-05-11,,,16688,0,16688,Journal voucher,Posted,2024-05-11,2024-05-01
VCH-0492,COMP-0010,JOU-000492,Journal,2024-04-20,,,15078,0,15078,Journal voucher,Posted,2024-04-20,2024-05-01
VCH-0493,COMP-0010,PUR-000493,Purchase,2024-05-17,PTY-0169,Neha Sharma Suppliers,220200,39636,259836,Purchase to Neha Sharma Suppliers,Posted,2024-05-17,2024-05-01
VCH-0494,COMP-0010,JOU-000494,Journal,2024-04-13,,,10236,0,10236,Journal voucher,Posted,2024-04-13,2024-05-01
VCH-0495,COMP-0010,PUR-000495,Purchase,2024-04-21,PTY-0172,Neha Gupta Traders,12000,2160,14160,Purchase to Neha Gupta Traders,Posted,2024-04-21,2024-05-01
VCH-0496,COMP-0010,JOU-000496,Journal,2024-06-29,,,13172,0,13172,Journal voucher,Posted,2024-06-29,2024-05-01
VCH-0497,COMP-0010,JOU-000497,Journal,2024-06-24,,,19578,0,19578,Journal voucher,Posted,2024-06-24,2024-05-01
VCH-0498,COMP-0010,SAL-000498,Sales,2024-04-06,PTY-0171,Neha Gupta Suppliers,30900,5562,36462,Sales to Neha Gupta Suppliers,Posted,2024-04-06,2024-05-01
VCH-0499,COMP-0010,PUR-000499,Purchase,2024-06-15,PTY-0170,Rajesh Gupta Distributors,49200,8856,58056,Purchase to Rajesh Gupta Distributors,Posted,2024-06-15,2024-05-01
VCH-0500,COMP-0010,PUR-000500,Purchase,2024-06-25,PTY-0169,Neha Sharma Suppliers,7000,1260,8260,Purchase to Neha Sharma Suppliers,Posted,2024-06-25,2024-05-01
VCH-0501,COMP-0010,SAL-000501,Sales,2024-04-23,PTY-0168,Neha Singh Suppliers,617000,111060,728060,Sales to Neha Singh Suppliers,Posted,2024-04-23,2024-05-01
VCH-0502,COMP-0010,SAL-000502,Sales,2024-04-11,PTY-0174,Neha Gupta Traders,30000,5400,35400,Sales to Neha Gupta Traders,Posted,2024-04-11,2024-05-01
VCH-0503,COMP-0010,JOU-000503,Journal,2024-05-17,,,11292,0,11292,Journal voucher,Posted,2024-05-17,2024-05-01
VCH-0504,COMP-0010,JOU-000504,Journal,2024-06-06,,,5768,0,5768,Journal voucher,Posted,2024-06-06,2024-05-01
VCH-0505,COMP-0010,JOU-000505,Journal,2024-05-11,,,6704,0,6704,Journal voucher,Posted,2024-05-11,2024-05-01
VCH-0506,COMP-0010,SAL-000506,Sales,2024-06-29,PTY-0173,Neha Gupta Suppliers,537500,96750,634250,Sales to Neha Gupta Suppliers,Posted,2024-06-29,2024-05-01
VCH-0507,COMP-0010,SAL-000507,Sales,2024-06-24,PTY-0160,Neha Singh Distributors,65000,11700,76700,Sales to Neha Singh Distributors,Posted,2024-06-24,2024-05-01
VCH-0508,COMP-0010,SAL-000508,Sales,2024-05-09,PTY-0174,Neha Gupta Traders,505000,90900,595900,Sales to Neha Gupta Traders,Posted,2024-05-09,2024-05-01
VCH-0509,COMP-0010,SAL-000509,Sales,2024-05-13,PTY-0175,Rajesh Gupta Distributors,51000,9180,60180,Sales to Rajesh Gupta Distributors,Posted,2024-05-13,2024-05-01
VCH-0510,COMP-0010,PUR-000510,Purchase,2024-05-04,PTY-0174,Neha Gupta Traders,550000,99000,649000,Purchase to Neha Gupta Traders,Posted,2024-05-04,2024-05-01
VCH-0511,COMP-0010,JOU-000511,Journal,2024-06-25,,,21672,0,21672,Journal voucher,Posted,2024-06-25,2024-05-01
VCH-0512,COMP-0010,JOU-000512,Journal,2024-04-03,,,8507,0,8507,Journal voucher,Posted,2024-04-03,2024-05-01
VCH-0513,COMP-0010,SAL-000513,Sales,2024-04-10,PTY-0161,Rajesh Gupta Distributors,240000,43200,283200,Sales to Rajesh Gupta Distributors,Posted,2024-04-10,2024-05-01
VCH-0514,COMP-0010,SAL-000514,Sales,2024-04-10,PTY-0159,Priya Gupta Traders,359800,64764,424564,Sales to Priya Gupta Traders,Posted,2024-04-10,2024-05-01
VCH-0515,COMP-0010,SAL-000515,Sales,2024-06-18,PTY-0163,Neha Singh Distributors,165000,29700,194700,Sales to Neha Singh Distributors,Posted,2024-06-18,2024-05-01
VCH-0516,COMP-0010,JOU-000516,Journal,2024-04-12,,,8001,0,8001,Journal voucher,Posted,2024-04-12,2024-05-01
VCH-0517,COMP-0010,JOU-000517,Journal,2024-05-26,,,12637,0,12637,Journal voucher,Posted,2024-05-26,2024-05-01
VCH-0518,COMP-0010,JOU-000518,Journal,2024-04-07,,,17677,0,17677,Journal voucher,Posted,2024-04-07,2024-05-01
VCH-0519,COMP-0010,PUR-000519,Purchase,2024-06-20,PTY-0174,Neha Gupta Traders,2700,486,3186,Purchase to Neha Gupta Traders,Posted,2024-06-20,2024-05-01
VCH-0520,COMP-0010,SAL-000520,Sales,2024-05-31,PTY-0160,Neha Singh Distributors,279000,50220,329220,Sales to Neha Singh Distributors,Posted,2024-05-31,2024-05-01
VCH-0521,COMP-0010,SAL-000521,Sales,2024-04-26,PTY-0165,Amit Singh Traders,177600,31968,209568,Sales to Amit Singh Traders,Posted,2024-04-26,2024-05-01
VCH-0522,COMP-0010,SAL-000522,Sales,2024-04-21,PTY-0168,Neha Singh Suppliers,675000,121500,796500,Sales to Neha Singh Suppliers,Posted,2024-04-21,2024-05-01
VCH-0523,COMP-0010,PUR-000523,Purchase,2024-05-01,PTY-0167,Neha Kumar Traders,152000,27360,179360,Purchase to Neha Kumar Traders,Posted,2024-05-01,2024-05-01
VCH-0524,COMP-0010,SAL-000524,Sales,2024-06-03,PTY-0160,Neha Singh Distributors,142000,25560,167560,Sales to Neha Singh Distributors,Posted,2024-06-03,2024-05-01
VCH-0525,COMP-0010,PUR-000525,Purchase,2024-05-11,PTY-0170,Rajesh Gupta Distributors,791000,142380,933380,Purchase to Rajesh Gupta Distributors,Posted,2024-05-11,2024-05-01
VCH-0526,COMP-0010,SAL-000526,Sales,2024-06-01,PTY-0168,Neha Singh Suppliers,374000,67320,441320,Sales to Neha Singh Suppliers,Posted,2024-06-01,2024-05-01
VCH-0527,COMP-0010,PUR-000527,Purchase,2024-04-06,PTY-0172,Neha Gupta Traders,34300,6174,40474,Purchase to Neha Gupta Traders,Posted,2024-04-06,2024-05-01
VCH-0528,COMP-0010,PUR-000528,Purchase,2024-05-30,PTY-0163,Neha Singh Distributors,494000,88920,582920,Purchase to Neha Singh Distributors,Posted,2024-05-30,2024-05-01
VCH-0529,COMP-0010,SAL-000529,Sales,2024-06-20,PTY-0170,Rajesh Gupta Distributors,30000,5400,35400,Sales to Rajesh Gupta Distributors,Posted,2024-06-20,2024-05-01
VCH-0530,COMP-0010,PUR-000530,Purchase,2024-04-20,PTY-0164,Priya Kumar Suppliers,55000,9900,64900,Purchase to Priya Kumar Suppliers,Posted,2024-04-20,2024-05-01
VCH-0531,COMP-0010,PUR-000531,Purchase,2024-05-21,PTY-0167,Neha Kumar Traders,1415000,254700,1669700,Purchase to Neha Kumar Traders,Posted,2024-05-21,2024-05-01
VCH-0532,COMP-0010,SAL-000532,Sales,2024-04-21,PTY-0167,Neha Kumar Traders,960000,172800,1132800,Sales to Neha Kumar Traders,Posted,2024-04-21,2024-05-01
VCH-0533,COMP-0010,JOU-000533,Journal,2024-06-17,,,19183,0,19183,Journal voucher,Posted,2024-06-17,2024-05-01
VCH-0534,COMP-0010,PUR-000534,Purchase,2024-04-21,PTY-0160,Neha Singh Distributors,342000,61560,403560,Purchase to Neha Singh Distributors,Posted,2024-04-21,2024-05-01
VCH-0535,COMP-0010,SAL-000535,Sales,2024-06-17,PTY-0166,Rajesh Singh Traders,134700,24246,158946,Sales to Rajesh Singh Traders,Posted,2024-06-17,2024-05-01
VCH-0536,COMP-0010,SAL-000536,Sales,2024-06-20,PTY-0168,Neha Singh Suppliers,635000,114300,749300,Sales to Neha Singh Suppliers,Posted,2024-06-20,2024-05-01
VCH-0537,COMP-0010,JOU-000537,Journal,2024-05-18,,,9198,0,9198,Journal voucher,Posted,2024-05-18,2024-05-01
VCH-0538,COMP-0010,JOU-000538,Journal,2024-06-12,,,7068,0,7068,Journal voucher,Posted,2024-06-12,2024-05-01
VCH-0539,COMP-0010,SAL-000539,Sales,2024-05-28,PTY-0166,Rajesh Singh Traders,14000,2520,16520,Sales to Rajesh Singh Traders,Posted,2024-05-28,2024-05-01
VCH-0540,COMP-0010,PUR-000540,Purchase,2024-05-11,PTY-0174,Neha Gupta Traders,23000,4140,27140,Purchase to Neha Gupta Traders,Posted,2024-05-11,2024-05-01
VCH-0541,COMP-0010,JOU-000541,Journal,2024-04-17,,,23752,0,23752,Journal voucher,Posted,2024-04-17,2024-05-01
VCH-0542,COMP-0010,PUR-000542,Purchase,2024-06-30,PTY-0166,Rajesh Singh Traders,7200,1296,8496,Purchase to Rajesh Singh Traders,Posted,2024-06-30,2024-05-01
VCH-0543,COMP-0010,SAL-000543,Sales,2024-04-03,PTY-0162,Rajesh Sharma Traders,112000,20160,132160,Sales to Rajesh Sharma Traders,Posted,2024-04-03,2024-05-01
VCH-0544,COMP-0010,PUR-000544,Purchase,2024-05-30,PTY-0167,Neha Kumar Traders,6300,1134,7434,Purchase to Neha Kumar Traders,Posted,2024-05-30,2024-05-01
VCH-0545,COMP-0010,JOU-000545,Journal,2024-04-25,,,14050,0,14050,Journal voucher,Posted,2024-04-25,2024-05-01
VCH-0546,COMP-0010,JOU-000546,Journal,2024-05-17,,,6934,0,6934,Journal voucher,Posted,2024-05-17,2024-05-01
VCH-0547,COMP-0010,SAL-000547,Sales,2024-05-02,PTY-0159,Priya Gupta Traders,15000,2700,17700,Sales to Priya Gupta Traders,Posted,2024-05-02,2024-05-01
VCH-0548,COMP-0010,PUR-000548,Purchase,2024-05-11,PTY-0169,Neha Sharma Suppliers,296000,53280,349280,Purchase to Neha Sharma Suppliers,Posted,2024-05-11,2024-05-01
VCH-0549,COMP-0010,JOU-000549,Journal,2024-04-08,,,11387,0,11387,Journal voucher,Posted,2024-04-08,2024-05-01
VCH-0550,COMP-0010,JOU-000550,Journal,2024-05-02,,,18860,0,18860,Journal voucher,Posted,2024-05-02,2024-05-01
VCH-0551,COMP-0010,SAL-000551,Sales,2024-05-09,PTY-0163,Neha Singh Distributors,458000,82440,540440,Sales to Neha Singh Distributors,Posted,2024-05-09,2024-05-01
VCH-0552,COMP-0010,PUR-000552,Purchase,2024-05-18,PTY-0163,Neha Singh Distributors,332000,59760,391760,Purchase to Neha Singh Distributors,Posted,2024-05-18,2024-05-01
VCH-0553,COMP-0010,JOU-000553,Journal,2024-04-14,,,19940,0,19940,Journal voucher,Posted,2024-04-14,2024-05-01
VCH-0554,COMP-0010,JOU-000554,Journal,2024-04-26,,,19854,0,19854,Journal voucher,Posted,2024-04-26,2024-05-01
VCH-0555,COMP-0011,SAL-000555,Sales,2024-06-15,PTY-0176,Amit Gupta Suppliers,390000,70200,460200,Sales to Amit Gupta Suppliers,Posted,2024-06-15,2024-05-01
VCH-0556,COMP-0011,PUR-000556,Purchase,2024-06-10,PTY-0178,Amit Kumar Distributors,460000,82800,542800,Purchase to Amit Kumar Distributors,Posted,2024-06-10,2024-05-01
VCH-0557,COMP-0011,SAL-000557,Sales,2024-05-21,PTY-0185,Vikram Singh Distributors,330000,59400,389400,Sales to Vikram Singh Distributors,Posted,2024-05-21,2024-05-01
VCH-0558,COMP-0011,JOU-000558,Journal,2024-06-12,,,6290,0,6290,Journal voucher,Posted,2024-06-12,2024-05-01
VCH-0559,COMP-0011,PUR-000559,Purchase,2024-04-17,PTY-0190,Rajesh Singh Traders,126000,22680,148680,Purchase to Rajesh Singh Traders,Posted,2024-04-17,2024-05-01
VCH-0560,COMP-0011,PUR-000560,Purchase,2024-04-14,PTY-0187,Priya Kumar Suppliers,330000,59400,389400,Purchase to Priya Kumar Suppliers,Posted,2024-04-14,2024-05-01
VCH-0561,COMP-0011,SAL-000561,Sales,2024-05-16,PTY-0182,Priya Sharma Traders,385900,69462,455362,Sales to Priya Sharma Traders,Posted,2024-05-16,2024-05-01
VCH-0562,COMP-0011,PUR-000562,Purchase,2024-06-07,PTY-0188,Rajesh Singh Suppliers,608000,109440,717440,Purchase to Rajesh Singh Suppliers,Posted,2024-06-07,2024-05-01
VCH-0563,COMP-0011,SAL-000563,Sales,2024-04-21,PTY-0190,Rajesh Singh Traders,121500,21870,143370,Sales to Rajesh Singh Traders,Posted,2024-04-21,2024-05-01
VCH-0564,COMP-0011,PUR-000564,Purchase,2024-04-07,PTY-0187,Priya Kumar Suppliers,900,162,1062,Purchase to Priya Kumar Suppliers,Posted,2024-04-07,2024-05-01
VCH-0565,COMP-0011,SAL-000565,Sales,2024-04-06,PTY-0179,Neha Kumar Suppliers,252000,45360,297360,Sales to Neha Kumar Suppliers,Posted,2024-04-06,2024-05-01
VCH-0566,COMP-0011,SAL-000566,Sales,2024-05-12,PTY-0186,Priya Singh Suppliers,625000,112500,737500,Sales to Priya Singh Suppliers,Posted,2024-05-12,2024-05-01
VCH-0567,COMP-0011,JOU-000567,Journal,2024-06-25,,,18596,0,18596,Journal voucher,Posted,2024-06-25,2024-05-01
VCH-0568,COMP-0011,SAL-000568,Sales,2024-04-06,PTY-0176,Amit Gupta Suppliers,960000,172800,1132800,Sales to Amit Gupta Suppliers,Posted,2024-04-06,2024-05-01
VCH-0569,COMP-0011,SAL-000569,Sales,2024-04-01,PTY-0177,Neha Singh Traders,260000,46800,306800,Sales to Neha Singh Traders,Posted,2024-04-01,2024-05-01
VCH-0570,COMP-0011,JOU-000570,Journal,2024-06-20,,,14221,0,14221,Journal voucher,Posted,2024-06-20,2024-05-01
VCH-0571,COMP-0011,SAL-000571,Sales,2024-06-11,PTY-0182,Priya Sharma Traders,600000,108000,708000,Sales to Priya Sharma Traders,Posted,2024-06-11,2024-05-01
VCH-0572,COMP-0011,SAL-000572,Sales,2024-05-13,PTY-0190,Rajesh Singh Traders,490000,88200,578200,Sales to Rajesh Singh Traders,Posted,2024-05-13,2024-05-01
VCH-0573,COMP-0011,PUR-000573,Purchase,2024-04-04,PTY-0186,Priya Singh Suppliers,79500,14310,93810,Purchase to Priya Singh Suppliers,Posted,2024-04-04,2024-05-01
VCH-0574,COMP-0011,JOU-000574,Journal,2024-05-20,,,11736,0,11736,Journal voucher,Posted,2024-05-20,2024-05-01
VCH-0575,COMP-0011,JOU-000575,Journal,2024-06-12,,,14784,0,14784,Journal voucher,Posted,2024-06-12,2024-05-01
VCH-0576,COMP-0011,JOU-000576,Journal,2024-06-15,,,16827,0,16827,Journal voucher,Posted,2024-06-15,2024-05-01
VCH-0577,COMP-0011,PUR-000577,Purchase,2024-04-07,PTY-0179,Neha Kumar Suppliers,656500,118170,774670,Purchase to Neha Kumar Suppliers,Posted,2024-04-07,2024-05-01
VCH-0578,COMP-0011,JOU-000578,Journal,2024-04-28,,,15942,0,15942,Journal voucher,Posted,2024-04-28,2024-05-01
VCH-0579,COMP-0011,JOU-000579,Journal,2024-06-03,,,17732,0,17732,Journal voucher,Posted,2024-06-03,2024-05-01
VCH-0580,COMP-0011,JOU-000580,Journal,2024-05-29,,,24720,0,24720,Journal voucher,Posted,2024-05-29,2024-05-01
VCH-0581,COMP-0011,PUR-000581,Purchase,2024-06-02,PTY-0185,Vikram Singh Distributors,295000,53100,348100,Purchase to Vikram Singh Distributors,Posted,2024-06-02,2024-05-01
VCH-0582,COMP-0011,PUR-000582,Purchase,2024-04-04,PTY-0189,Vikram Patel Suppliers,55000,9900,64900,Purchase to Vikram Patel Suppliers,Posted,2024-04-04,2024-05-01
VCH-0583,COMP-0011,PUR-000583,Purchase,2024-05-09,PTY-0187,Priya Kumar Suppliers,732000,131760,863760,Purchase to Priya Kumar Suppliers,Posted,2024-05-09,2024-05-01
VCH-0584,COMP-0011,JOU-000584,Journal,2024-05-25,,,17216,0,17216,Journal voucher,Posted,2024-05-25,2024-05-01
VCH-0585,COMP-0011,PUR-000585,Purchase,2024-05-06,PTY-0176,Amit Gupta Suppliers,490000,88200,578200,Purchase to Amit Gupta Suppliers,Posted,2024-05-06,2024-05-01
VCH-0586,COMP-0011,PUR-000586,Purchase,2024-05-04,PTY-0190,Rajesh Singh Traders,55000,9900,64900,Purchase to Rajesh Singh Traders,Posted,2024-05-04,2024-05-01
VCH-0587,COMP-0011,SAL-000587,Sales,2024-05-31,PTY-0177,Neha Singh Traders,960000,172800,1132800,Sales to Neha Singh Traders,Posted,2024-05-31,2024-05-01
VCH-0588,COMP-0011,PUR-000588,Purchase,2024-06-14,PTY-0180,Vikram Kumar Suppliers,132700,23886,156586,Purchase to Vikram Kumar Suppliers,Posted,2024-06-14,2024-05-01
VCH-0589,COMP-0011,SAL-000589,Sales,2024-04-28,PTY-0186,Priya Singh Suppliers,530500,95490,625990,Sales to Priya Singh Suppliers,Posted,2024-04-28,2024-05-01
VCH-0590,COMP-0011,PUR-000590,Purchase,2024-05-30,PTY-0176,Amit Gupta Suppliers,680000,122400,802400,Purchase to Amit Gupta Suppliers,Posted,2024-05-30,2024-05-01
VCH-0591,COMP-0011,JOU-000591,Journal,2024-04-26,,,5799,0,5799,Journal voucher,Posted,2024-04-26,2024-05-01
VCH-0592,COMP-0011,SAL-000592,Sales,2024-04-25,PTY-0183,Vikram Singh Distributors,455000,81900,536900,Sales to Vikram Singh Distributors,Posted,2024-04-25,2024-05-01
VCH-0593,COMP-0011,JOU-000593,Journal,2024-06-11,,,21008,0,21008,Journal voucher,Posted,2024-06-11,2024-05-01
VCH-0594,COMP-0011,SAL-000594,Sales,2024-04-07,PTY-0177,Neha Singh Traders,90700,16326,107026,Sales to Neha Singh Traders,Posted,2024-04-07,2024-05-01
VCH-0595,COMP-0011,JOU-000595,Journal,2024-06-24,,,23055,0,23055,Journal voucher,Posted,2024-06-24,2024-05-01
VCH-0596,COMP-0011,JOU-000596,Journal,2024-05-12,,,16363,0,16363,Journal voucher,Posted,2024-05-12,2024-05-01
VCH-0597,COMP-0011,PUR-000597,Purchase,2024-04-23,PTY-0181,Neha Patel Distributors,450500,81090,531590,Purchase to Neha Patel Distributors,Posted,2024-04-23,2024-05-01
VCH-0598,COMP-0011,PUR-000598,Purchase,2024-06-26,PTY-0181,Neha Patel Distributors,495000,89100,584100,Purchase to Neha Patel Distributors,Posted,2024-06-26,2024-05-01
VCH-0599,COMP-0011,PUR-000599,Purchase,2024-05-16,PTY-0183,Vikram Singh Distributors,520500,93690,614190,Purchase to Vikram Singh Distributors,Posted,2024-05-16,2024-05-01
VCH-0600,COMP-0012,SAL-000600,Sales,2024-06-13,PTY-0197,Priya Singh Distributors,181500,32670,214170,Sales to Priya Singh Distributors,Posted,2024-06-13,2024-05-01
VCH-0601,COMP-0012,SAL-000601,Sales,2024-06-06,PTY-0191,Neha Kumar Distributors,258000,46440,304440,Sales to Neha Kumar Distributors,Posted,2024-06-06,2024-05-01
VCH-0602,COMP-0012,SAL-000602,Sales,2024-06-02,PTY-0202,Priya Kumar Traders,180500,32490,212990,Sales to Priya Kumar Traders,Posted,2024-06-02,2024-05-01
VCH-0603,COMP-0012,PUR-000603,Purchase,2024-04-29,PTY-0205,Neha Gupta Distributors,120000,21600,141600,Purchase to Neha Gupta Distributors,Posted,2024-04-29,2024-05-01
VCH-0604,COMP-0012,JOU-000604,Journal,2024-06-04,,,21226,0,21226,Journal voucher,Posted,2024-06-04,2024-05-01
VCH-0605,COMP-0012,PUR-000605,Purchase,2024-04-10,PTY-0200,Vikram Patel Distributors,50000,9000,59000,Purchase to Vikram Patel Distributors,Posted,2024-04-10,2024-05-01
VCH-0606,COMP-0012,PUR-000606,Purchase,2024-04-27,PTY-0194,Rajesh Singh Distributors,65000,11700,76700,Purchase to Rajesh Singh Distributors,Posted,2024-04-27,2024-05-01
VCH-0607,COMP-0012,SAL-000607,Sales,2024-04-04,PTY-0197,Priya Singh Distributors,110000,19800,129800,Sales to Priya Singh Distributors,Posted,2024-04-04,2024-05-01
VCH-0608,COMP-0012,PUR-000608,Purchase,2024-05-03,PTY-0194,Rajesh Singh Distributors,53500,9630,63130,Purchase to Rajesh Singh Distributors,Posted,2024-05-03,2024-05-01
VCH-0609,COMP-0012,SAL-000609,Sales,2024-05-14,PTY-0197,Priya Singh Distributors,17200,3096,20296,Sales to Priya Singh Distributors,Posted,2024-05-14,2024-05-01
VCH-0610,COMP-0012,PUR-000610,Purchase,2024-04-05,PTY-0202,Priya Kumar Traders,440000,79200,519200,Purchase to Priya Kumar Traders,Posted,2024-04-05,2024-05-01
VCH-0611,COMP-0012,JOU-000611,Journal,2024-05-20,,,8211,0,8211,Journal voucher,Posted,2024-05-20,2024-05-01
VCH-0612,COMP-0012,PUR-000612,Purchase,2024-06-28,PTY-0202,Priya Kumar Traders,760900,136962,897862,Purchase to Priya Kumar Traders,Posted,2024-06-28,2024-05-01
VCH-0613,COMP-0012,SAL-000613,Sales,2024-05-31,PTY-0193,Vikram Sharma Suppliers,240000,43200,283200,Sales to Vikram Sharma Suppliers,Posted,2024-05-31,2024-05-01
VCH-0614,COMP-0012,SAL-000614,Sales,2024-05-29,PTY-0201,Amit Kumar Suppliers,900,162,1062,Sales to Amit Kumar Suppliers,Posted,2024-05-29,2024-05-01
VCH-0615,COMP-0012,SAL-000615,Sales,2024-05-12,PTY-0205,Neha Gupta Distributors,20000,3600,23600,Sales to Neha Gupta Distributors,Posted,2024-05-12,2024-05-01
VCH-0616,COMP-0012,PUR-000616,Purchase,2024-04-02,PTY-0209,Rajesh Gupta Suppliers,209700,37746,247446,Purchase to Rajesh Gupta Suppliers,Posted,2024-04-02,2024-05-01
VCH-0617,COMP-0012,PUR-000617,Purchase,2024-06-29,PTY-0208,Neha Kumar Suppliers,572700,103086,675786,Purchase to Neha Kumar Suppliers,Posted,2024-06-29,2024-05-01
VCH-0618,COMP-0012,SAL-000618,Sales,2024-05-28,PTY-0196,Amit Sharma Distributors,330000,59400,389400,Sales to Amit Sharma Distributors,Posted,2024-05-28,2024-05-01
VCH-0619,COMP-0012,SAL-000619,Sales,2024-05-25,PTY-0195,Priya Sharma Suppliers,960000,172800,1132800,Sales to Priya Sharma Suppliers,Posted,2024-05-25,2024-05-01
VCH-0620,COMP-0012,SAL-000620,Sales,2024-06-02,PTY-0203,Amit Kumar Suppliers,500000,90000,590000,Sales to Amit Kumar Suppliers,Posted,2024-06-02,2024-05-01
VCH-0621,COMP-0012,JOU-000621,Journal,2024-05-14,,,24122,0,24122,Journal voucher,Posted,2024-05-14,2024-05-01
VCH-0622,COMP-0012,JOU-000622,Journal,2024-04-30,,,8804,0,8804,Journal voucher,Posted,2024-04-30,2024-05-01
VCH-0623,COMP-0012,SAL-000623,Sales,2024-04-22,PTY-0210,Amit Patel Distributors,516300,92934,609234,Sales to Amit Patel Distributors,Posted,2024-04-22,2024-05-01
VCH-0624,COMP-0012,PUR-000624,Purchase,2024-06-30,PTY-0202,Priya Kumar Traders,667000,120060,787060,Purchase to Priya Kumar Traders,Posted,2024-06-30,2024-05-01
VCH-0625,COMP-0012,PUR-000625,Purchase,2024-05-26,PTY-0204,Vikram Sharma Distributors,110000,19800,129800,Purchase to Vikram Sharma Distributors,Posted,2024-05-26,2024-05-01
VCH-0626,COMP-0012,JOU-000626,Journal,2024-05-04,,,16719,0,16719,Journal voucher,Posted,2024-05-04,2024-05-01
VCH-0627,COMP-0012,PUR-000627,Purchase,2024-05-22,PTY-0198,Amit Patel Traders,55000,9900,64900,Purchase to Amit Patel Traders,Posted,2024-05-22,2024-05-01
VCH-0628,COMP-0012,SAL-000628,Sales,2024-04-21,PTY-0196,Amit Sharma Distributors,752500,135450,887950,Sales to Amit Sharma Distributors,Posted,2024-04-21,2024-05-01
VCH-0629,COMP-0012,JOU-000629,Journal,2024-04-09,,,11078,0,11078,Journal voucher,Posted,2024-04-09,2024-05-01
VCH-0630,COMP-0012,PUR-000630,Purchase,2024-04-15,PTY-0198,Amit Patel Traders,210000,37800,247800,Purchase to Amit Patel Traders,Posted,2024-04-15,2024-05-01
VCH-0631,COMP-0012,JOU-000631,Journal,2024-04-18,,,17802,0,17802,Journal voucher,Posted,2024-04-18,2024-05-01
VCH-0632,COMP-0012,SAL-000632,Sales,2024-05-18,PTY-0191,Neha Kumar Distributors,7500,1350,8850,Sales to Neha Kumar Distributors,Posted,2024-05-18,2024-05-01
VCH-0633,COMP-0012,PUR-000633,Purchase,2024-06-14,PTY-0200,Vikram Patel Distributors,14000,2520,16520,Purchase to Vikram Patel Distributors,Posted,2024-06-14,2024-05-01
VCH-0634,COMP-0012,JOU-000634,Journal,2024-06-01,,,11182,0,11182,Journal voucher,Posted,2024-06-01,2024-05-01
VCH-0635,COMP-0012,PUR-000635,Purchase,2024-06-01,PTY-0194,Rajesh Singh Distributors,20000,3600,23600,Purchase to Rajesh Singh Distributors,Posted,2024-06-01,2024-05-01
VCH-0636,COMP-0012,PUR-000636,Purchase,2024-04-19,PTY-0207,Amit Kumar Suppliers,440000,79200,519200,Purchase to Amit Kumar Suppliers,Posted,2024-04-19,2024-05-01
VCH-0637,COMP-0012,JOU-000637,Journal,2024-06-05,,,7378,0,7378,Journal voucher,Posted,2024-06-05,2024-05-01
VCH-0638,COMP-0012,PUR-000638,Purchase,2024-05-02,PTY-0204,Vikram Sharma Distributors,867500,156150,1023650,Purchase to Vikram Sharma Distributors,Posted,2024-05-02,2024-05-01
VCH-0639,COMP-0012,SAL-000639,Sales,2024-05-26,PTY-0201,Amit Kumar Suppliers,1230000,221400,1451400,Sales to Amit Kumar Suppliers,Posted,2024-05-26,2024-05-01
VCH-0640,COMP-0012,PUR-000640,Purchase,2024-05-28,PTY-0198,Amit Patel Traders,516700,93006,609706,Purchase to Amit Patel Traders,Posted,2024-05-28,2024-05-01
VCH-0641,COMP-0012,PUR-000641,Purchase,2024-06-16,PTY-0206,Vikram Sharma Traders,10000,1800,11800,Purchase to Vikram Sharma Traders,Posted,2024-06-16,2024-05-01
VCH-0642,COMP-0012,SAL-000642,Sales,2024-05-24,PTY-0193,Vikram Sharma Suppliers,672500,121050,793550,Sales to Vikram Sharma Suppliers,Posted,2024-05-24,2024-05-01
VCH-0643,COMP-0012,PUR-000643,Purchase,2024-05-30,PTY-0201,Amit Kumar Suppliers,35500,6390,41890,Purchase to Amit Kumar Suppliers,Posted,2024-05-30,2024-05-01
VCH-0644,COMP-0012,PUR-000644,Purchase,2024-06-05,PTY-0209,Rajesh Gupta Suppliers,1053000,189540,1242540,Purchase to Rajesh Gupta Suppliers,Posted,2024-06-05,2024-05-01
VCH-0645,COMP-0012,PUR-000645,Purchase,2024-05-14,PTY-0210,Amit Patel Distributors,567500,102150,669650,Purchase to Amit Patel Distributors,Posted,2024-05-14,2024-05-01
VCH-0646,COMP-0012,PUR-000646,Purchase,2024-06-16,PTY-0201,Amit Kumar Suppliers,727500,130950,858450,Purchase to Amit Kumar Suppliers,Posted,2024-06-16,2024-05-01
VCH-0647,COMP-0012,JOU-000647,Journal,2024-04-25,,,21963,0,21963,Journal voucher,Posted,2024-04-25,2024-05-01
VCH-0648,COMP-0012,SAL-000648,Sales,2024-05-06,PTY-0204,Vikram Sharma Distributors,828000,149040,977040,Sales to Vikram Sharma Distributors,Posted,2024-05-06,2024-05-01
VCH-0649,COMP-0012,PUR-000649,Purchase,2024-06-09,PTY-0197,Priya Singh Distributors,213000,38340,251340,Purchase to Priya Singh Distributors,Posted,2024-06-09,2024-05-01
VCH-0650,COMP-0012,SAL-000650,Sales,2024-06-21,PTY-0210,Amit Patel Distributors,286000,51480,337480,Sales to Amit Patel Distributors,Posted,2024-06-21,2024-05-01
VCH-0651,COMP-0012,PUR-000651,Purchase,2024-05-21,PTY-0199,Priya Kumar Traders,286500,51570,338070,Purchase to Priya Kumar Traders,Posted,2024-05-21,2024-05-01
VCH-0652,COMP-0012,JOU-000652,Journal,2024-04-16,,,23044,0,23044,Journal voucher,Posted,2024-04-16,2024-05-01
VCH-0653,COMP-0012,SAL-000653,Sales,2024-04-01,PTY-0199,Priya Kumar Traders,226300,40734,267034,Sales to Priya Kumar Traders,Posted,2024-04-01,2024-05-01
VCH-0654,COMP-0012,SAL-000654,Sales,2024-05-05,PTY-0204,Vikram Sharma Distributors,1111300,200034,1311334,Sales to Vikram Sharma Distributors,Posted,2024-05-05,2024-05-01
VCH-0655,COMP-0012,SAL-000655,Sales,2024-04-16,PTY-0194,Rajesh Singh Distributors,137500,24750,162250,Sales to Rajesh Singh Distributors,Posted,2024-04-16,2024-05-01
VCH-0656,COMP-0012,PUR-000656,Purchase,2024-04-14,PTY-0199,Priya Kumar Traders,385000,69300,454300,Purchase to Priya Kumar Traders,Posted,2024-04-14,2024-05-01
VCH-0657,COMP-0012,SAL-000657,Sales,2024-04-27,PTY-0209,Rajesh Gupta Suppliers,130000,23400,153400,Sales to Rajesh Gupta Suppliers,Posted,2024-04-27,2024-05-01
VCH-0658,COMP-0012,JOU-000658,Journal,2024-05-14,,,14082,0,14082,Journal voucher,Posted,2024-05-14,2024-05-01
VCH-0659,COMP-0012,SAL-000659,Sales,2024-05-26,PTY-0198,Amit Patel Traders,240500,43290,283790,Sales to Amit Patel Traders,Posted,2024-05-26,2024-05-01
VCH-0660,COMP-0012,PUR-000660,Purchase,2024-06-10,PTY-0198,Amit Patel Traders,40000,7200,47200,Purchase to Amit Patel Traders,Posted,2024-06-10,2024-05-01
VCH-0661,COMP-0012,PUR-000661,Purchase,2024-06-09,PTY-0196,Amit Sharma Distributors,440000,79200,519200,Purchase to Amit Sharma Distributors,Posted,2024-06-09,2024-05-01
VCH-0662,COMP-0012,SAL-000662,Sales,2024-04-16,PTY-0204,Vikram Sharma Distributors,960000,172800,1132800,Sales to Vikram Sharma Distributors,Posted,2024-04-16,2024-05-01
VCH-0663,COMP-0012,SAL-000663,Sales,2024-06-18,PTY-0196,Amit Sharma Distributors,110000,19800,129800,Sales to Amit Sharma Distributors,Posted,2024-06-18,2024-05-01
VCH-0664,COMP-0012,SAL-000664,Sales,2024-04-01,PTY-0200,Vikram Patel Distributors,43600,7848,51448,Sales to Vikram Patel Distributors,Posted,2024-04-01,2024-05-01
VCH-0665,COMP-0012,JOU-000665,Journal,2024-04-13,,,18386,0,18386,Journal voucher,Posted,2024-04-13,2024-05-01
VCH-0666,COMP-0012,SAL-000666,Sales,2024-05-27,PTY-0203,Amit Kumar Suppliers,750000,135000,885000,Sales to Amit Kumar Suppliers,Posted,2024-05-27,2024-05-01
VCH-0667,COMP-0013,SAL-000667,Sales,2024-06-07,PTY-0211,Amit Sharma Distributors,52000,9360,61360,Sales to Amit Sharma Distributors,Posted,2024-06-07,2024-05-01
VCH-0668,COMP-0013,SAL-000668,Sales,2024-05-18,PTY-0213,Vikram Sharma Traders,244000,43920,287920,Sales to Vikram Sharma Traders,Posted,2024-05-18,2024-05-01
VCH-0669,COMP-0013,SAL-000669,Sales,2024-05-11,PTY-0219,Neha Patel Distributors,220000,39600,259600,Sales to Neha Patel Distributors,Posted,2024-05-11,2024-05-01
VCH-0670,COMP-0013,PUR-000670,Purchase,2024-05-19,PTY-0226,Neha Gupta Traders,240000,43200,283200,Purchase to Neha Gupta Traders,Posted,2024-05-19,2024-05-01
VCH-0671,COMP-0013,JOU-000671,Journal,2024-05-28,,,5716,0,5716,Journal voucher,Posted,2024-05-28,2024-05-01
VCH-0672,COMP-0013,SAL-000672,Sales,2024-06-13,PTY-0223,Amit Kumar Traders,6300,1134,7434,Sales to Amit Kumar Traders,Posted,2024-06-13,2024-05-01
VCH-0673,COMP-0013,JOU-000673,Journal,2024-05-28,,,7931,0,7931,Journal voucher,Posted,2024-05-28,2024-05-01
VCH-0674,COMP-0013,SAL-000674,Sales,2024-05-03,PTY-0219,Neha Patel Distributors,167700,30186,197886,Sales to Neha Patel Distributors,Posted,2024-05-03,2024-05-01
VCH-0675,COMP-0013,JOU-000675,Journal,2024-04-29,,,21946,0,21946,Journal voucher,Posted,2024-04-29,2024-05-01
VCH-0676,COMP-0013,JOU-000676,Journal,2024-04-05,,,16946,0,16946,Journal voucher,Posted,2024-04-05,2024-05-01
VCH-0677,COMP-0013,SAL-000677,Sales,2024-04-30,PTY-0216,Rajesh Patel Distributors,1500,270,1770,Sales to Rajesh Patel Distributors,Posted,2024-04-30,2024-05-01
VCH-0678,COMP-0013,SAL-000678,Sales,2024-05-03,PTY-0219,Neha Patel Distributors,511000,91980,602980,Sales to Neha Patel Distributors,Posted,2024-05-03,2024-05-01
VCH-0679,COMP-0013,JOU-000679,Journal,2024-05-06,,,11095,0,11095,Journal voucher,Posted,2024-05-06,2024-05-01
VCH-0680,COMP-0013,SAL-000680,Sales,2024-05-23,PTY-0227,Priya Singh Traders,240000,43200,283200,Sales to Priya Singh Traders,Posted,2024-05-23,2024-05-01
VCH-0681,COMP-0013,SAL-000681,Sales,2024-06-19,PTY-0216,Rajesh Patel Distributors,13200,2376,15576,Sales to Rajesh Patel Distributors,Posted,2024-06-19,2024-05-01
VCH-0682,COMP-0013,SAL-000682,Sales,2024-05-01,PTY-0217,Amit Gupta Traders,147500,26550,174050,Sales to Amit Gupta Traders,Posted,2024-05-01,2024-05-01
VCH-0683,COMP-0013,SAL-000683,Sales,2024-06-08,PTY-0225,Neha Sharma Traders,233500,42030,275530,Sales to Neha Sharma Traders,Posted,2024-06-08,2024-05-01
VCH-0684,COMP-0013,JOU-000684,Journal,2024-05-12,,,13923,0,13923,Journal voucher,Posted,2024-05-12,2024-05-01
VCH-0685,COMP-0013,PUR-000685,Purchase,2024-06-04,PTY-0212,Priya Kumar Distributors,54000,9720,63720,Purchase to Priya Kumar Distributors,Posted,2024-06-04,2024-05-01
VCH-0686,COMP-0013,JOU-000686,Journal,2024-04-20,,,12927,0,12927,Journal voucher,Posted,2024-04-20,2024-05-01
VCH-0687,COMP-0013,JOU-000687,Journal,2024-06-13,,,20152,0,20152,Journal voucher,Posted,2024-06-13,2024-05-01
VCH-0688,COMP-0013,SAL-000688,Sales,2024-05-29,PTY-0214,Neha Singh Traders,228500,41130,269630,Sales to Neha Singh Traders,Posted,2024-05-29,2024-05-01
VCH-0689,COMP-0013,SAL-000689,Sales,2024-04-18,PTY-0225,Neha Sharma Traders,416300,74934,491234,Sales to Neha Sharma Traders,Posted,2024-04-18,2024-05-01
VCH-0690,COMP-0013,PUR-000690,Purchase,2024-06-17,PTY-0223,Amit Kumar Traders,84500,15210,99710,Purchase to Amit Kumar Traders,Posted,2024-06-17,2024-05-01
VCH-0691,COMP-0013,JOU-000691,Journal,2024-04-17,,,11779,0,11779,Journal voucher,Posted,2024-04-17,2024-05-01
VCH-0692,COMP-0013,JOU-000692,Journal,2024-06-16,,,14779,0,14779,Journal voucher,Posted,2024-06-16,2024-05-01
VCH-0693,COMP-0013,JOU-000693,Journal,2024-06-17,,,17536,0,17536,Journal voucher,Posted,2024-06-17,2024-05-01
VCH-0694,COMP-0013,SAL-000694,Sales,2024-05-09,PTY-0221,Vikram Sharma Traders,935000,168300,1103300,Sales to Vikram Sharma Traders,Posted,2024-05-09,2024-05-01
VCH-0695,COMP-0013,JOU-000695,Journal,2024-06-21,,,19743,0,19743,Journal voucher,Posted,2024-06-21,2024-05-01
VCH-0696,COMP-0013,JOU-000696,Journal,2024-06-23,,,17987,0,17987,Journal voucher,Posted,2024-06-23,2024-05-01
VCH-0697,COMP-0013,SAL-000697,Sales,2024-04-19,PTY-0218,Amit Singh Traders,392200,70596,462796,Sales to Amit Singh Traders,Posted,2024-04-19,2024-05-01
VCH-0698,COMP-0013,SAL-000698,Sales,2024-05-30,PTY-0217,Amit Gupta Traders,82000,14760,96760,Sales to Amit Gupta Traders,Posted,2024-05-30,2024-05-01
VCH-0699,COMP-0013,JOU-000699,Journal,2024-04-19,,,8318,0,8318,Journal voucher,Posted,2024-04-19,2024-05-01
VCH-0700,COMP-0013,SAL-000700,Sales,2024-05-18,PTY-0225,Neha Sharma Traders,380000,68400,448400,Sales to Neha Sharma Traders,Posted,2024-05-18,2024-05-01
VCH-0701,COMP-0013,PUR-000701,Purchase,2024-06-05,PTY-0212,Priya Kumar Distributors,344000,61920,405920,Purchase to Priya Kumar Distributors,Posted,2024-06-05,2024-05-01
VCH-0702,COMP-0013,JOU-000702,Journal,2024-05-10,,,10437,0,10437,Journal voucher,Posted,2024-05-10,2024-05-01
VCH-0703,COMP-0013,SAL-000703,Sales,2024-04-13,PTY-0219,Neha Patel Distributors,260000,46800,306800,Sales to Neha Patel Distributors,Posted,2024-04-13,2024-05-01
VCH-0704,COMP-0013,PUR-000704,Purchase,2024-06-20,PTY-0211,Amit Sharma Distributors,101000,18180,119180,Purchase to Amit Sharma Distributors,Posted,2024-06-20,2024-05-01
VCH-0705,COMP-0013,SAL-000705,Sales,2024-06-19,PTY-0222,Priya Sharma Distributors,3000,540,3540,Sales to Priya Sharma Distributors,Posted,2024-06-19,2024-05-01
VCH-0706,COMP-0013,JOU-000706,Journal,2024-05-27,,,19201,0,19201,Journal voucher,Posted,2024-05-27,2024-05-01
VCH-0707,COMP-0013,JOU-000707,Journal,2024-06-25,,,23558,0,23558,Journal voucher,Posted,2024-06-25,2024-05-01
VCH-0708,COMP-0013,JOU-000708,Journal,2024-04-20,,,17383,0,17383,Journal voucher,Posted,2024-04-20,2024-05-01
VCH-0709,COMP-0013,JOU-000709,Journal,2024-06-24,,,13752,0,13752,Journal voucher,Posted,2024-06-24,2024-05-01
VCH-0710,COMP-0013,JOU-000710,Journal,2024-04-19,,,11433,0,11433,Journal voucher,Posted,2024-04-19,2024-05-01
VCH-0711,COMP-0013,SAL-000711,Sales,2024-06-18,PTY-0223,Amit Kumar Traders,65000,11700,76700,Sales to Amit Kumar Traders,Posted,2024-06-18,2024-05-01
VCH-0712,COMP-0013,SAL-000712,Sales,2024-05-09,PTY-0215,Amit Singh Traders,40000,7200,47200,Sales to Amit Singh Traders,Posted,2024-05-09,2024-05-01
VCH-0713,COMP-0013,JOU-000713,Journal,2024-05-24,,,9969,0,9969,Journal voucher,Posted,2024-05-24,2024-05-01
VCH-0714,COMP-0013,PUR-000714,Purchase,2024-06-10,PTY-0217,Amit Gupta Traders,165000,29700,194700,Purchase to Amit Gupta Traders,Posted,2024-06-10,2024-05-01
VCH-0715,COMP-0013,SAL-000715,Sales,2024-04-05,PTY-0226,Neha Gupta Traders,960000,172800,1132800,Sales to Neha Gupta Traders,Posted,2024-04-05,2024-05-01
VCH-0716,COMP-0013,JOU-000716,Journal,2024-04-22,,,21170,0,21170,Journal voucher,Posted,2024-04-22,2024-05-01
VCH-0717,COMP-0013,PUR-000717,Purchase,2024-04-11,PTY-0221,Vikram Sharma Traders,152400,27432,179832,Purchase to Vikram Sharma Traders,Posted,2024-04-11,2024-05-01
VCH-0718,COMP-0013,PUR-000718,Purchase,2024-06-25,PTY-0227,Priya Singh Traders,1335000,240300,1575300,Purchase to Priya Singh Traders,Posted,2024-06-25,2024-05-01
VCH-0719,COMP-0013,SAL-000719,Sales,2024-05-05,PTY-0227,Priya Singh Traders,50900,9162,60062,Sales to Priya Singh Traders,Posted,2024-05-05,2024-05-01
VCH-0720,COMP-0014,SAL-000720,Sales,2024-05-03,PTY-0232,Neha Gupta Distributors,1074500,193410,1267910,Sales to Neha Gupta Distributors,Posted,2024-05-03,2024-05-01
VCH-0721,COMP-0014,PUR-000721,Purchase,2024-06-29,PTY-0239,Priya Kumar Traders,67500,12150,79650,Purchase to Priya Kumar Traders,Posted,2024-06-29,2024-05-01
VCH-0722,COMP-0014,SAL-000722,Sales,2024-04-11,PTY-0247,Neha Singh Distributors,79500,14310,93810,Sales to Neha Singh Distributors,Posted,2024-04-11,2024-05-01
VCH-0723,COMP-0014,JOU-000723,Journal,2024-05-22,,,10047,0,10047,Journal voucher,Posted,2024-05-22,2024-05-01
VCH-0724,COMP-0014,JOU-000724,Journal,2024-05-31,,,15937,0,15937,Journal voucher,Posted,2024-05-31,2024-05-01
VCH-0725,COMP-0014,SAL-000725,Sales,2024-04-16,PTY-0243,Amit Gupta Traders,910000,163800,1073800,Sales to Amit Gupta Traders,Posted,2024-04-16,2024-05-01
VCH-0726,COMP-0014,SAL-000726,Sales,2024-05-01,PTY-0247,Neha Singh Distributors,10500,1890,12390,Sales to Neha Singh Distributors,Posted,2024-05-01,2024-05-01
VCH-0727,COMP-0014,SAL-000727,Sales,2024-06-16,PTY-0240,Amit Singh Distributors,110000,19800,129800,Sales to Amit Singh Distributors,Posted,2024-06-16,2024-05-01
VCH-0728,COMP-0014,JOU-000728,Journal,2024-04-11,,,5278,0,5278,Journal voucher,Posted,2024-04-11,2024-05-01
VCH-0729,COMP-0014,PUR-000729,Purchase,2024-06-09,PTY-0230,Vikram Sharma Distributors,531900,95742,627642,Purchase to Vikram Sharma Distributors,Posted,2024-06-09,2024-05-01
VCH-0730,COMP-0014,SAL-000730,Sales,2024-04-18,PTY-0239,Priya Kumar Traders,675500,121590,797090,Sales to Priya Kumar Traders,Posted,2024-04-18,2024-05-01
VCH-0731,COMP-0014,SAL-000731,Sales,2024-04-13,PTY-0246,Priya Kumar Traders,65000,11700,76700,Sales to Priya Kumar Traders,Posted,2024-04-13,2024-05-01
VCH-0732,COMP-0014,JOU-000732,Journal,2024-04-25,,,17807,0,17807,Journal voucher,Posted,2024-04-25,2024-05-01
VCH-0733,COMP-0014,SAL-000733,Sales,2024-04-14,PTY-0237,Vikram Sharma Distributors,192500,34650,227150,Sales to Vikram Sharma Distributors,Posted,2024-04-14,2024-05-01
VCH-0734,COMP-0014,PUR-000734,Purchase,2024-05-30,PTY-0236,Priya Patel Suppliers,3000,540,3540,Purchase to Priya Patel Suppliers,Posted,2024-05-30,2024-05-01
VCH-0735,COMP-0014,PUR-000735,Purchase,2024-06-03,PTY-0237,Vikram Sharma Distributors,60000,10800,70800,Purchase to Vikram Sharma Distributors,Posted,2024-06-03,2024-05-01
VCH-0736,COMP-0014,SAL-000736,Sales,2024-06-25,PTY-0243,Amit Gupta Traders,402500,72450,474950,Sales to Amit Gupta Traders,Posted,2024-06-25,2024-05-01
VCH-0737,COMP-0014,JOU-000737,Journal,2024-05-24,,,12704,0,12704,Journal voucher,Posted,2024-05-24,2024-05-01
VCH-0738,COMP-0014,SAL-000738,Sales,2024-06-25,PTY-0235,Rajesh Kumar Traders,45000,8100,53100,Sales to Rajesh Kumar Traders,Posted,2024-06-25,2024-05-01
VCH-0739,COMP-0014,PUR-000739,Purchase,2024-04-08,PTY-0231,Priya Sharma Suppliers,440000,79200,519200,Purchase to Priya Sharma Suppliers,Posted,2024-04-08,2024-05-01
VCH-0740,COMP-0014,SAL-000740,Sales,2024-04-17,PTY-0230,Vikram Sharma Distributors,26000,4680,30680,Sales to Vikram Sharma Distributors,Posted,2024-04-17,2024-05-01
VCH-0741,COMP-0014,PUR-000741,Purchase,2024-05-26,PTY-0248,Rajesh Singh Traders,449500,80910,530410,Purchase to Rajesh Singh Traders,Posted,2024-05-26,2024-05-01
VCH-0742,COMP-0014,SAL-000742,Sales,2024-05-17,PTY-0234,Neha Patel Suppliers,380000,68400,448400,Sales to Neha Patel Suppliers,Posted,2024-05-17,2024-05-01
VCH-0743,COMP-0014,SAL-000743,Sales,2024-05-20,PTY-0243,Amit Gupta Traders,90500,16290,106790,Sales to Amit Gupta Traders,Posted,2024-05-20,2024-05-01
VCH-0744,COMP-0014,JOU-000744,Journal,2024-05-12,,,18839,0,18839,Journal voucher,Posted,2024-05-12,2024-05-01
VCH-0745,COMP-0014,JOU-000745,Journal,2024-06-12,,,11028,0,11028,Journal voucher,Posted,2024-06-12,2024-05-01
VCH-0746,COMP-0014,JOU-000746,Journal,2024-04-22,,,18624,0,18624,Journal voucher,Posted,2024-04-22,2024-05-01
VCH-0747,COMP-0014,JOU-000747,Journal,2024-06-02,,,15962,0,15962,Journal voucher,Posted,2024-06-02,2024-05-01
VCH-0748,COMP-0014,JOU-000748,Journal,2024-04-06,,,12865,0,12865,Journal voucher,Posted,2024-04-06,2024-05-01
VCH-0749,COMP-0014,JOU-000749,Journal,2024-05-06,,,10915,0,10915,Journal voucher,Posted,2024-05-06,2024-05-01
VCH-0750,COMP-0014,JOU-000750,Journal,2024-04-05,,,16820,0,16820,Journal voucher,Posted,2024-04-05,2024-05-01
VCH-0751,COMP-0014,SAL-000751,Sales,2024-06-18,PTY-0228,Vikram Singh Suppliers,3600,648,4248,Sales to Vikram Singh Suppliers,Posted,2024-06-18,2024-05-01
VCH-0752,COMP-0014,SAL-000752,Sales,2024-04-28,PTY-0244,Amit Gupta Traders,76000,13680,89680,Sales to Amit Gupta Traders,Posted,2024-04-28,2024-05-01
VCH-0753,COMP-0014,PUR-000753,Purchase,2024-04-06,PTY-0246,Priya Kumar Traders,345400,62172,407572,Purchase to Priya Kumar Traders,Posted,2024-04-06,2024-05-01
VCH-0754,COMP-0014,PUR-000754,Purchase,2024-05-23,PTY-0230,Vikram Sharma Distributors,45400,8172,53572,Purchase to Vikram Sharma Distributors,Posted,2024-05-23,2024-05-01
VCH-0755,COMP-0014,SAL-000755,Sales,2024-06-15,PTY-0236,Priya Patel Suppliers,1165000,209700,1374700,Sales to Priya Patel Suppliers,Posted,2024-06-15,2024-05-01
VCH-0756,COMP-0014,SAL-000756,Sales,2024-05-04,PTY-0235,Rajesh Kumar Traders,960000,172800,1132800,Sales to Rajesh Kumar Traders,Posted,2024-05-04,2024-05-01
VCH-0757,COMP-0014,SAL-000757,Sales,2024-05-01,PTY-0241,Priya Gupta Suppliers,275000,49500,324500,Sales to Priya Gupta Suppliers,Posted,2024-05-01,2024-05-01
VCH-0758,COMP-0014,JOU-000758,Journal,2024-06-08,,,22909,0,22909,Journal voucher,Posted,2024-06-08,2024-05-01
VCH-0759,COMP-0014,PUR-000759,Purchase,2024-04-03,PTY-0248,Rajesh Singh Traders,264500,47610,312110,Purchase to Rajesh Singh Traders,Posted,2024-04-03,2024-05-01
VCH-0760,COMP-0014,JOU-000760,Journal,2024-04-15,,,17747,0,17747,Journal voucher,Posted,2024-04-15,2024-05-01
VCH-0761,COMP-0014,PUR-000761,Purchase,2024-04-23,PTY-0234,Neha Patel Suppliers,20000,3600,23600,Purchase to Neha Patel Suppliers,Posted,2024-04-23,2024-05-01
VCH-0762,COMP-0014,PUR-000762,Purchase,2024-05-13,PTY-0243,Amit Gupta Traders,165000,29700,194700,Purchase to Amit Gupta Traders,Posted,2024-05-13,2024-05-01
VCH-0763,COMP-0014,SAL-000763,Sales,2024-05-04,PTY-0237,Vikram Sharma Distributors,590000,106200,696200,Sales to Vikram Sharma Distributors,Posted,2024-05-04,2024-05-01
VCH-0764,COMP-0014,SAL-000764,Sales,2024-05-17,PTY-0237,Vikram Sharma Distributors,168000,30240,198240,Sales to Vikram Sharma Distributors,Posted,2024-05-17,2024-05-01
VCH-0765,COMP-0014,JOU-000765,Journal,2024-04-16,,,5109,0,5109,Journal voucher,Posted,2024-04-16,2024-05-01
VCH-0766,COMP-0014,JOU-000766,Journal,2024-04-09,,,13849,0,13849,Journal voucher,Posted,2024-04-09,2024-05-01
VCH-0767,COMP-0014,JOU-000767,Journal,2024-04-15,,,16060,0,16060,Journal voucher,Posted,2024-04-15,2024-05-01
VCH-0768,COMP-0014,JOU-000768,Journal,2024-06-04,,,22517,0,22517,Journal voucher,Posted,2024-06-04,2024-05-01
VCH-0769,COMP-0014,SAL-000769,Sales,2024-06-05,PTY-0247,Neha Singh Distributors,131000,23580,154580,Sales to Neha Singh Distributors,Posted,2024-06-05,2024-05-01
VCH-0770,COMP-0014,SAL-000770,Sales,2024-04-23,PTY-0234,Neha Patel Suppliers,244500,44010,288510,Sales to Neha Patel Suppliers,Posted,2024-04-23,2024-05-01
VCH-0771,COMP-0014,SAL-000771,Sales,2024-04-19,PTY-0244,Amit Gupta Traders,134400,24192,158592,Sales to Amit Gupta Traders,Posted,2024-04-19,2024-05-01
VCH-0772,COMP-0014,JOU-000772,Journal,2024-05-20,,,19168,0,19168,Journal voucher,Posted,2024-05-20,2024-05-01
VCH-0773,COMP-0014,JOU-000773,Journal,2024-06-05,,,18187,0,18187,Journal voucher,Posted,2024-06-05,2024-05-01
VCH-0774,COMP-0014,SAL-000774,Sales,2024-04-22,PTY-0248,Rajesh Singh Traders,1400000,252000,1652000,Sales to Rajesh Singh Traders,Posted,2024-04-22,2024-05-01
VCH-0775,COMP-0014,SAL-000775,Sales,2024-05-20,PTY-0239,Priya Kumar Traders,65000,11700,76700,Sales to Priya Kumar Traders,Posted,2024-05-20,2024-05-01
VCH-0776,COMP-0014,SAL-000776,Sales,2024-05-28,PTY-0246,Priya Kumar Traders,414500,74610,489110,Sales to Priya Kumar Traders,Posted,2024-05-28,2024-05-01
VCH-0777,COMP-0014,JOU-000777,Journal,2024-04-01,,,20187,0,20187,Journal voucher,Posted,2024-04-01,2024-05-01
VCH-0778,COMP-0014,JOU-000778,Journal,2024-04-18,,,24485,0,24485,Journal voucher,Posted,2024-04-18,2024-05-01
VCH-0779,COMP-0014,SAL-000779,Sales,2024-06-15,PTY-0243,Amit Gupta Traders,282500,50850,333350,Sales to Amit Gupta Traders,Posted,2024-06-15,2024-05-01
VCH-0780,COMP-0014,PUR-000780,Purchase,2024-05-10,PTY-0241,Priya Gupta Suppliers,340000,61200,401200,Purchase to Priya Gupta Suppliers,Posted,2024-05-10,2024-05-01
VCH-0781,COMP-0014,JOU-000781,Journal,2024-06-25,,,9486,0,9486,Journal voucher,Posted,2024-06-25,2024-05-01
VCH-0782,COMP-0014,JOU-000782,Journal,2024-05-19,,,14196,0,14196,Journal voucher,Posted,2024-05-19,2024-05-01
VCH-0783,COMP-0014,JOU-000783,Journal,2024-05-23,,,22398,0,22398,Journal voucher,Posted,2024-05-23,2024-05-01
VCH-0784,COMP-0014,PUR-000784,Purchase,2024-04-10,PTY-0237,Vikram Sharma Distributors,334000,60120,394120,Purchase to Vikram Sharma Distributors,Posted,2024-04-10,2024-05-01
VCH-0785,COMP-0015,JOU-000785,Journal,2024-04-12,,,22201,0,22201,Journal voucher,Posted,2024-04-12,2024-05-01
VCH-0786,COMP-0015,SAL-000786,Sales,2024-05-17,PTY-0257,Priya Singh Traders,230500,41490,271990,Sales to Priya Singh Traders,Posted,2024-05-17,2024-05-01
VCH-0787,COMP-0015,JOU-000787,Journal,2024-06-14,,,12586,0,12586,Journal voucher,Posted,2024-06-14,2024-05-01
VCH-0788,COMP-0015,SAL-000788,Sales,2024-05-06,PTY-0266,Rajesh Sharma Traders,391300,70434,461734,Sales to Rajesh Sharma Traders,Posted,2024-05-06,2024-05-01
VCH-0789,COMP-0015,SAL-000789,Sales,2024-04-06,PTY-0262,Vikram Kumar Suppliers,17500,3150,20650,Sales to Vikram Kumar Suppliers,Posted,2024-04-06,2024-05-01
VCH-0790,COMP-0015,SAL-000790,Sales,2024-04-07,PTY-0252,Rajesh Kumar Suppliers,1225000,220500,1445500,Sales to Rajesh Kumar Suppliers,Posted,2024-04-07,2024-05-01
VCH-0791,COMP-0015,PUR-000791,Purchase,2024-05-22,PTY-0257,Priya Singh Traders,6000,1080,7080,Purchase to Priya Singh Traders,Posted,2024-05-22,2024-05-01
VCH-0792,COMP-0015,SAL-000792,Sales,2024-04-11,PTY-0254,Vikram Singh Suppliers,775000,139500,914500,Sales to Vikram Singh Suppliers,Posted,2024-04-11,2024-05-01
VCH-0793,COMP-0015,PUR-000793,Purchase,2024-06-27,PTY-0262,Vikram Kumar Suppliers,7500,1350,8850,Purchase to Vikram Kumar Suppliers,Posted,2024-06-27,2024-05-01
VCH-0794,COMP-0015,JOU-000794,Journal,2024-06-13,,,11145,0,11145,Journal voucher,Posted,2024-06-13,2024-05-01
VCH-0795,COMP-0015,SAL-000795,Sales,2024-06-10,PTY-0262,Vikram Kumar Suppliers,40000,7200,47200,Sales to Vikram Kumar Suppliers,Posted,2024-06-10,2024-05-01
VCH-0796,COMP-0015,SAL-000796,Sales,2024-06-07,PTY-0253,Rajesh Kumar Suppliers,270000,48600,318600,Sales to Rajesh Kumar Suppliers,Posted,2024-06-07,2024-05-01
VCH-0797,COMP-0015,JOU-000797,Journal,2024-06-18,,,9084,0,9084,Journal voucher,Posted,2024-06-18,2024-05-01
VCH-0798,COMP-0015,PUR-000798,Purchase,2024-05-03,PTY-0264,Rajesh Patel Traders,385000,69300,454300,Purchase to Rajesh Patel Traders,Posted,2024-05-03,2024-05-01
VCH-0799,COMP-0015,SAL-000799,Sales,2024-06-15,PTY-0257,Priya Singh Traders,120000,21600,141600,Sales to Priya Singh Traders,Posted,2024-06-15,2024-05-01
VCH-0800,COMP-0015,SAL-000800,Sales,2024-04-06,PTY-0256,Vikram Patel Suppliers,634000,114120,748120,Sales to Vikram Patel Suppliers,Posted,2024-04-06,2024-05-01
VCH-0801,COMP-0015,JOU-000801,Journal,2024-05-06,,,23827,0,23827,Journal voucher,Posted,2024-05-06,2024-05-01
VCH-0802,COMP-0015,SAL-000802,Sales,2024-06-23,PTY-0252,Rajesh Kumar Suppliers,442000,79560,521560,Sales to Rajesh Kumar Suppliers,Posted,2024-06-23,2024-05-01
VCH-0803,COMP-0015,SAL-000803,Sales,2024-04-19,PTY-0269,Vikram Kumar Traders,21000,3780,24780,Sales to Vikram Kumar Traders,Posted,2024-04-19,2024-05-01
VCH-0804,COMP-0015,SAL-000804,Sales,2024-05-23,PTY-0265,Vikram Patel Distributors,236700,42606,279306,Sales to Vikram Patel Distributors,Posted,2024-05-23,2024-05-01
VCH-0805,COMP-0015,SAL-000805,Sales,2024-05-20,PTY-0270,Vikram Patel Traders,607800,109404,717204,Sales to Vikram Patel Traders,Posted,2024-05-20,2024-05-01
VCH-0806,COMP-0015,SAL-000806,Sales,2024-05-03,PTY-0263,Neha Singh Traders,65000,11700,76700,Sales to Neha Singh Traders,Posted,2024-05-03,2024-05-01
VCH-0807,COMP-0015,PUR-000807,Purchase,2024-05-29,PTY-0255,Priya Sharma Suppliers,440000,79200,519200,Purchase to Priya Sharma Suppliers,Posted,2024-05-29,2024-05-01
VCH-0808,COMP-0015,SAL-000808,Sales,2024-05-06,PTY-0249,Vikram Gupta Distributors,342000,61560,403560,Sales to Vikram Gupta Distributors,Posted,2024-05-06,2024-05-01
VCH-0809,COMP-0015,PUR-000809,Purchase,2024-05-09,PTY-0263,Neha Singh Traders,440000,79200,519200,Purchase to Neha Singh Traders,Posted,2024-05-09,2024-05-01
VCH-0810,COMP-0015,SAL-000810,Sales,2024-05-20,PTY-0264,Rajesh Patel Traders,2700,486,3186,Sales to Rajesh Patel Traders,Posted,2024-05-20,2024-05-01
VCH-0811,COMP-0015,JOU-000811,Journal,2024-04-03,,,20922,0,20922,Journal voucher,Posted,2024-04-03,2024-05-01
VCH-0812,COMP-0015,JOU-000812,Journal,2024-04-29,,,23079,0,23079,Journal voucher,Posted,2024-04-29,2024-05-01
VCH-0813,COMP-0015,SAL-000813,Sales,2024-04-15,PTY-0260,Priya Patel Distributors,702000,126360,828360,Sales to Priya Patel Distributors,Posted,2024-04-15,2024-05-01
VCH-0814,COMP-0015,PUR-000814,Purchase,2024-04-09,PTY-0252,Rajesh Kumar Suppliers,275000,49500,324500,Purchase to Rajesh Kumar Suppliers,Posted,2024-04-09,2024-05-01
VCH-0815,COMP-0015,JOU-000815,Journal,2024-05-02,,,23217,0,23217,Journal voucher,Posted,2024-05-02,2024-05-01
VCH-0816,COMP-0015,PUR-000816,Purchase,2024-06-20,PTY-0265,Vikram Patel Distributors,42000,7560,49560,Purchase to Vikram Patel Distributors,Posted,2024-06-20,2024-05-01
VCH-0817,COMP-0015,JOU-000817,Journal,2024-05-12,,,23149,0,23149,Journal voucher,Posted,2024-05-12,2024-05-01
VCH-0818,COMP-0015,SAL-000818,Sales,2024-06-12,PTY-0264,Rajesh Patel Traders,84000,15120,99120,Sales to Rajesh Patel Traders,Posted,2024-06-12,2024-05-01
VCH-0819,COMP-0015,JOU-000819,Journal,2024-05-10,,,18921,0,18921,Journal voucher,Posted,2024-05-10,2024-05-01
VCH-0820,COMP-0015,JOU-000820,Journal,2024-06-29,,,24208,0,24208,Journal voucher,Posted,2024-06-29,2024-05-01
VCH-0821,COMP-0015,PUR-000821,Purchase,2024-06-20,PTY-0268,Rajesh Gupta Suppliers,728000,131040,859040,Purchase to Rajesh Gupta Suppliers,Posted,2024-06-20,2024-05-01
VCH-0822,COMP-0015,SAL-000822,Sales,2024-05-12,PTY-0259,Priya Sharma Distributors,965400,173772,1139172,Sales to Priya Sharma Distributors,Posted,2024-05-12,2024-05-01
VCH-0823,COMP-0015,PUR-000823,Purchase,2024-04-30,PTY-0266,Rajesh Sharma Traders,110000,19800,129800,Purchase to Rajesh Sharma Traders,Posted,2024-04-30,2024-05-01
VCH-0824,COMP-0015,JOU-000824,Journal,2024-06-12,,,12579,0,12579,Journal voucher,Posted,2024-06-12,2024-05-01
VCH-0825,COMP-0015,SAL-000825,Sales,2024-04-06,PTY-0262,Vikram Kumar Suppliers,458500,82530,541030,Sales to Vikram Kumar Suppliers,Posted,2024-04-06,2024-05-01
VCH-0826,COMP-0015,SAL-000826,Sales,2024-04-28,PTY-0252,Rajesh Kumar Suppliers,55000,9900,64900,Sales to Rajesh Kumar Suppliers,Posted,2024-04-28,2024-05-01
VCH-0827,COMP-0015,PUR-000827,Purchase,2024-06-15,PTY-0257,Priya Singh Traders,615400,110772,726172,Purchase to Priya Singh Traders,Posted,2024-06-15,2024-05-01
VCH-0828,COMP-0015,JOU-000828,Journal,2024-04-12,,,24605,0,24605,Journal voucher,Posted,2024-04-12,2024-05-01
VCH-0829,COMP-0015,PUR-000829,Purchase,2024-04-06,PTY-0257,Priya Singh Traders,666000,119880,785880,Purchase to Priya Singh Traders,Posted,2024-04-06,2024-05-01
VCH-0830,COMP-0016,SAL-000830,Sales,2024-05-13,PTY-0289,Amit Singh Suppliers,1560000,280800,1840800,Sales to Amit Singh Suppliers,Posted,2024-05-13,2024-05-01
VCH-0831,COMP-0016,PUR-000831,Purchase,2024-05-28,PTY-0278,Priya Sharma Traders,55000,9900,64900,Purchase to Priya Sharma Traders,Posted,2024-05-28,2024-05-01
VCH-0832,COMP-0016,SAL-000832,Sales,2024-06-25,PTY-0278,Priya Sharma Traders,120000,21600,141600,Sales to Priya Sharma Traders,Posted,2024-06-25,2024-05-01
VCH-0833,COMP-0016,SAL-000833,Sales,2024-04-23,PTY-0279,Priya Sharma Traders,210000,37800,247800,Sales to Priya Sharma Traders,Posted,2024-04-23,2024-05-01
VCH-0834,COMP-0016,SAL-000834,Sales,2024-05-29,PTY-0287,Rajesh Sharma Distributors,42000,7560,49560,Sales to Rajesh Sharma Distributors,Posted,2024-05-29,2024-05-01
VCH-0835,COMP-0016,JOU-000835,Journal,2024-04-16,,,11690,0,11690,Journal voucher,Posted,2024-04-16,2024-05-01
VCH-0836,COMP-0016,JOU-000836,Journal,2024-06-20,,,14817,0,14817,Journal voucher,Posted,2024-06-20,2024-05-01
VCH-0837,COMP-0016,PUR-000837,Purchase,2024-04-20,PTY-0278,Priya Sharma Traders,420000,75600,495600,Purchase to Priya Sharma Traders,Posted,2024-04-20,2024-05-01
VCH-0838,COMP-0016,PUR-000838,Purchase,2024-04-05,PTY-0286,Rajesh Gupta Traders,165000,29700,194700,Purchase to Rajesh Gupta Traders,Posted,2024-04-05,2024-05-01
VCH-0839,COMP-0016,SAL-000839,Sales,2024-04-28,PTY-0286,Rajesh Gupta Traders,40000,7200,47200,Sales to Rajesh Gupta Traders,Posted,2024-04-28,2024-05-01
VCH-0840,COMP-0016,JOU-000840,Journal,2024-06-29,,,13720,0,13720,Journal voucher,Posted,2024-06-29,2024-05-01
VCH-0841,COMP-0016,SAL-000841,Sales,2024-05-28,PTY-0290,Neha Patel Distributors,374700,67446,442146,Sales to Neha Patel Distributors,Posted,2024-05-28,2024-05-01
VCH-0842,COMP-0016,SAL-000842,Sales,2024-05-11,PTY-0279,Priya Sharma Traders,1172200,210996,1383196,Sales to Priya Sharma Traders,Posted,2024-05-11,2024-05-01
VCH-0843,COMP-0016,JOU-000843,Journal,2024-04-12,,,8779,0,8779,Journal voucher,Posted,2024-04-12,2024-05-01
VCH-0844,COMP-0016,SAL-000844,Sales,2024-04-07,PTY-0290,Neha Patel Distributors,12000,2160,14160,Sales to Neha Patel Distributors,Posted,2024-04-07,2024-05-01
VCH-0845,COMP-0016,JOU-000845,Journal,2024-05-21,,,24027,0,24027,Journal voucher,Posted,2024-05-21,2024-05-01
VCH-0846,COMP-0016,PUR-000846,Purchase,2024-04-07,PTY-0290,Neha Patel Distributors,168000,30240,198240,Purchase to Neha Patel Distributors,Posted,2024-04-07,2024-05-01
VCH-0847,COMP-0016,PUR-000847,Purchase,2024-04-07,PTY-0290,Neha Patel Distributors,240000,43200,283200,Purchase to Neha Patel Distributors,Posted,2024-04-07,2024-05-01
VCH-0848,COMP-0016,PUR-000848,Purchase,2024-05-14,PTY-0275,Priya Sharma Distributors,175500,31590,207090,Purchase to Priya Sharma Distributors,Posted,2024-05-14,2024-05-01
VCH-0849,COMP-0016,PUR-000849,Purchase,2024-04-06,PTY-0279,Priya Sharma Traders,240000,43200,283200,Purchase to Priya Sharma Traders,Posted,2024-04-06,2024-05-01
VCH-0850,COMP-0016,SAL-000850,Sales,2024-06-06,PTY-0287,Rajesh Sharma Distributors,20000,3600,23600,Sales to Rajesh Sharma Distributors,Posted,2024-06-06,2024-05-01
VCH-0851,COMP-0016,PUR-000851,Purchase,2024-05-12,PTY-0281,Amit Sharma Traders,66500,11970,78470,Purchase to Amit Sharma Traders,Posted,2024-05-12,2024-05-01
VCH-0852,COMP-0016,PUR-000852,Purchase,2024-06-25,PTY-0273,Vikram Patel Traders,10500,1890,12390,Purchase to Vikram Patel Traders,Posted,2024-06-25,2024-05-01
VCH-0853,COMP-0016,PUR-000853,Purchase,2024-06-21,PTY-0275,Priya Sharma Distributors,307200,55296,362496,Purchase to Priya Sharma Distributors,Posted,2024-06-21,2024-05-01
VCH-0854,COMP-0016,JOU-000854,Journal,2024-04-08,,,24820,0,24820,Journal voucher,Posted,2024-04-08,2024-05-01
VCH-0855,COMP-0016,JOU-000855,Journal,2024-04-20,,,15251,0,15251,Journal voucher,Posted,2024-04-20,2024-05-01
VCH-0856,COMP-0016,SAL-000856,Sales,2024-06-26,PTY-0289,Amit Singh Suppliers,294000,52920,346920,Sales to Amit Singh Suppliers,Posted,2024-06-26,2024-05-01
VCH-0857,COMP-0016,PUR-000857,Purchase,2024-06-16,PTY-0290,Neha Patel Distributors,112700,20286,132986,Purchase to Neha Patel Distributors,Posted,2024-06-16,2024-05-01
VCH-0858,COMP-0016,JOU-000858,Journal,2024-04-23,,,14469,0,14469,Journal voucher,Posted,2024-04-23,2024-05-01
VCH-0859,COMP-0016,SAL-000859,Sales,2024-05-11,PTY-0274,Amit Gupta Suppliers,75900,13662,89562,Sales to Amit Gupta Suppliers,Posted,2024-05-11,2024-05-01
VCH-0860,COMP-0016,SAL-000860,Sales,2024-06-24,PTY-0280,Priya Patel Suppliers,16000,2880,18880,Sales to Priya Patel Suppliers,Posted,2024-06-24,2024-05-01
VCH-0861,COMP-0016,SAL-000861,Sales,2024-06-06,PTY-0277,Rajesh Singh Distributors,425000,76500,501500,Sales to Rajesh Singh Distributors,Posted,2024-06-06,2024-05-01
VCH-0862,COMP-0016,JOU-000862,Journal,2024-04-20,,,21766,0,21766,Journal voucher,Posted,2024-04-20,2024-05-01
VCH-0863,COMP-0016,SAL-000863,Sales,2024-05-12,PTY-0274,Amit Gupta Suppliers,427000,76860,503860,Sales to Amit Gupta Suppliers,Posted,2024-05-12,2024-05-01
VCH-0864,COMP-0016,JOU-000864,Journal,2024-06-10,,,20393,0,20393,Journal voucher,Posted,2024-06-10,2024-05-01
VCH-0865,COMP-0016,SAL-000865,Sales,2024-05-23,PTY-0286,Rajesh Gupta Traders,174900,31482,206382,Sales to Rajesh Gupta Traders,Posted,2024-05-23,2024-05-01
VCH-0866,COMP-0016,SAL-000866,Sales,2024-04-17,PTY-0281,Amit Sharma Traders,385000,69300,454300,Sales to Amit Sharma Traders,Posted,2024-04-17,2024-05-01
VCH-0867,COMP-0016,JOU-000867,Journal,2024-05-03,,,9071,0,9071,Journal voucher,Posted,2024-05-03,2024-05-01
VCH-0868,COMP-0016,PUR-000868,Purchase,2024-05-04,PTY-0281,Amit Sharma Traders,1011600,182088,1193688,Purchase to Amit Sharma Traders,Posted,2024-05-04,2024-05-01
VCH-0869,COMP-0016,PUR-000869,Purchase,2024-04-25,PTY-0275,Priya Sharma Distributors,405000,72900,477900,Purchase to Priya Sharma Distributors,Posted,2024-04-25,2024-05-01
VCH-0870,COMP-0016,PUR-000870,Purchase,2024-04-19,PTY-0282,Rajesh Gupta Suppliers,495000,89100,584100,Purchase to Rajesh Gupta Suppliers,Posted,2024-04-19,2024-05-01
VCH-0871,COMP-0016,JOU-000871,Journal,2024-05-02,,,9276,0,9276,Journal voucher,Posted,2024-05-02,2024-05-01
VCH-0872,COMP-0016,PUR-000872,Purchase,2024-06-07,PTY-0276,Neha Kumar Traders,495000,89100,584100,Purchase to Neha Kumar Traders,Posted,2024-06-07,2024-05-01
VCH-0873,COMP-0016,SAL-000873,Sales,2024-05-20,PTY-0285,Amit Sharma Traders,21000,3780,24780,Sales to Amit Sharma Traders,Posted,2024-05-20,2024-05-01
VCH-0874,COMP-0016,JOU-000874,Journal,2024-05-08,,,6386,0,6386,Journal voucher,Posted,2024-05-08,2024-05-01
VCH-0875,COMP-0016,JOU-000875,Journal,2024-05-22,,,17092,0,17092,Journal voucher,Posted,2024-05-22,2024-05-01
VCH-0876,COMP-0016,PUR-000876,Purchase,2024-06-09,PTY-0282,Rajesh Gupta Suppliers,130000,23400,153400,Purchase to Rajesh Gupta Suppliers,Posted,2024-06-09,2024-05-01
VCH-0877,COMP-0016,SAL-000877,Sales,2024-05-31,PTY-0286,Rajesh Gupta Traders,350000,63000,413000,Sales to Rajesh Gupta Traders,Posted,2024-05-31,2024-05-01
VCH-0878,COMP-0016,SAL-000878,Sales,2024-05-18,PTY-0289,Amit Singh Suppliers,567500,102150,669650,Sales to Amit Singh Suppliers,Posted,2024-05-18,2024-05-01
VCH-0879,COMP-0016,PUR-000879,Purchase,2024-06-26,PTY-0274,Amit Gupta Suppliers,480000,86400,566400,Purchase to Amit Gupta Suppliers,Posted,2024-06-26,2024-05-01
VCH-0880,COMP-0016,SAL-000880,Sales,2024-04-28,PTY-0284,Vikram Singh Suppliers,7500,1350,8850,Sales to Vikram Singh Suppliers,Posted,2024-04-28,2024-05-01
VCH-0881,COMP-0016,SAL-000881,Sales,2024-06-15,PTY-0276,Neha Kumar Traders,324000,58320,382320,Sales to Neha Kumar Traders,Posted,2024-06-15,2024-05-01
VCH-0882,COMP-0016,JOU-000882,Journal,2024-04-13,,,19901,0,19901,Journal voucher,Posted,2024-04-13,2024-05-01
VCH-0883,COMP-0016,PUR-000883,Purchase,2024-04-16,PTY-0279,Priya Sharma Traders,220000,39600,259600,Purchase to Priya Sharma Traders,Posted,2024-04-16,2024-05-01
VCH-0884,COMP-0016,SAL-000884,Sales,2024-06-03,PTY-0285,Amit Sharma Traders,274500,49410,323910,Sales to Amit Sharma Traders,Posted,2024-06-03,2024-05-01
VCH-0885,COMP-0016,JOU-000885,Journal,2024-04-11,,,21544,0,21544,Journal voucher,Posted,2024-04-11,2024-05-01
VCH-0886,COMP-0016,JOU-000886,Journal,2024-05-12,,,8123,0,8123,Journal voucher,Posted,2024-05-12,2024-05-01
VCH-0887,COMP-0016,JOU-000887,Journal,2024-06-04,,,23105,0,23105,Journal voucher,Posted,2024-06-04,2024-05-01
VCH-0888,COMP-0016,JOU-000888,Journal,2024-04-02,,,11838,0,11838,Journal voucher,Posted,2024-04-02,2024-05-01
VCH-0889,COMP-0016,PUR-000889,Purchase,2024-04-04,PTY-0283,Vikram Gupta Traders,223000,40140,263140,Purchase to Vikram Gupta Traders,Posted,2024-04-04,2024-05-01
VCH-0890,COMP-0016,SAL-000890,Sales,2024-06-28,PTY-0288,Priya Patel Suppliers,139000,25020,164020,Sales to Priya Patel Suppliers,Posted,2024-06-28,2024-05-01
VCH-0891,COMP-0016,JOU-000891,Journal,2024-04-01,,,12002,0,12002,Journal voucher,Posted,2024-04-01,2024-05-01
VCH-0892,COMP-0016,PUR-000892,Purchase,2024-05-18,PTY-0284,Vikram Singh Suppliers,130000,23400,153400,Purchase to Vikram Singh Suppliers,Posted,2024-05-18,2024-05-01
VCH-0893,COMP-0016,PUR-000893,Purchase,2024-05-10,PTY-0276,Neha Kumar Traders,501000,90180,591180,Purchase to Neha Kumar Traders,Posted,2024-05-10,2024-05-01
VCH-0894,COMP-0016,PUR-000894,Purchase,2024-05-21,PTY-0283,Vikram Gupta Traders,294000,52920,346920,Purchase to Vikram Gupta Traders,Posted,2024-05-21,2024-05-01
VCH-0895,COMP-0016,SAL-000895,Sales,2024-04-25,PTY-0278,Priya Sharma Traders,4500,810,5310,Sales to Priya Sharma Traders,Posted,2024-04-25,2024-05-01
VCH-0896,COMP-0016,SAL-000896,Sales,2024-04-10,PTY-0281,Amit Sharma Traders,27000,4860,31860,Sales to Amit Sharma Traders,Posted,2024-04-10,2024-05-01
VCH-0897,COMP-0016,JOU-000897,Journal,2024-05-03,,,14632,0,14632,Journal voucher,Posted,2024-05-03,2024-05-01
VCH-0898,COMP-0017,PUR-000898,Purchase,2024-06-08,PTY-0314,Rajesh Kumar Distributors,3500,630,4130,Purchase to Rajesh Kumar Distributors,Posted,2024-06-08,2024-05-01
VCH-0899,COMP-0017,SAL-000899,Sales,2024-05-14,PTY-0303,Neha Kumar Traders,150000,27000,177000,Sales to Neha Kumar Traders,Posted,2024-05-14,2024-05-01
VCH-0900,COMP-0017,PUR-000900,Purchase,2024-04-17,PTY-0291,Priya Singh Distributors,120000,21600,141600,Purchase to Priya Singh Distributors,Posted,2024-04-17,2024-05-01
VCH-0901,COMP-0017,JOU-000901,Journal,2024-06-06,,,16839,0,16839,Journal voucher,Posted,2024-06-06,2024-05-01
VCH-0902,COMP-0017,JOU-000902,Journal,2024-05-21,,,7896,0,7896,Journal voucher,Posted,2024-05-21,2024-05-01
VCH-0903,COMP-0017,SAL-000903,Sales,2024-05-20,PTY-0305,Priya Patel Suppliers,14000,2520,16520,Sales to Priya Patel Suppliers,Posted,2024-05-20,2024-05-01
VCH-0904,COMP-0017,JOU-000904,Journal,2024-04-13,,,12163,0,12163,Journal voucher,Posted,2024-04-13,2024-05-01
VCH-0905,COMP-0017,SAL-000905,Sales,2024-05-14,PTY-0304,Amit Patel Suppliers,1299000,233820,1532820,Sales to Amit Patel Suppliers,Posted,2024-05-14,2024-05-01
VCH-0906,COMP-0017,JOU-000906,Journal,2024-05-25,,,9672,0,9672,Journal voucher,Posted,2024-05-25,2024-05-01
VCH-0907,COMP-0017,JOU-000907,Journal,2024-06-07,,,14515,0,14515,Journal voucher,Posted,2024-06-07,2024-05-01
VCH-0908,COMP-0017,SAL-000908,Sales,2024-04-15,PTY-0308,Vikram Kumar Suppliers,12000,2160,14160,Sales to Vikram Kumar Suppliers,Posted,2024-04-15,2024-05-01
VCH-0909,COMP-0017,SAL-000909,Sales,2024-04-25,PTY-0298,Vikram Gupta Traders,52500,9450,61950,Sales to Vikram Gupta Traders,Posted,2024-04-25,2024-05-01
VCH-0910,COMP-0017,SAL-000910,Sales,2024-04-28,PTY-0302,Vikram Sharma Suppliers,850900,153162,1004062,Sales to Vikram Sharma Suppliers,Posted,2024-04-28,2024-05-01
VCH-0911,COMP-0017,JOU-000911,Journal,2024-06-17,,,21626,0,21626,Journal voucher,Posted,2024-06-17,2024-05-01
VCH-0912,COMP-0017,PUR-000912,Purchase,2024-06-12,PTY-0293,Rajesh Sharma Traders,391000,70380,461380,Purchase to Rajesh Sharma Traders,Posted,2024-06-12,2024-05-01
VCH-0913,COMP-0017,PUR-000913,Purchase,2024-05-03,PTY-0296,Vikram Patel Distributors,62000,11160,73160,Purchase to Vikram Patel Distributors,Posted,2024-05-03,2024-05-01
VCH-0914,COMP-0017,JOU-000914,Journal,2024-04-12,,,14684,0,14684,Journal voucher,Posted,2024-04-12,2024-05-01
VCH-0915,COMP-0017,JOU-000915,Journal,2024-06-08,,,23981,0,23981,Journal voucher,Posted,2024-06-08,2024-05-01
VCH-0916,COMP-0017,JOU-000916,Journal,2024-06-21,,,13133,0,13133,Journal voucher,Posted,2024-06-21,2024-05-01
VCH-0917,COMP-0017,PUR-000917,Purchase,2024-05-13,PTY-0300,Rajesh Sharma Suppliers,7500,1350,8850,Purchase to Rajesh Sharma Suppliers,Posted,2024-05-13,2024-05-01
VCH-0918,COMP-0017,PUR-000918,Purchase,2024-06-12,PTY-0297,Vikram Patel Distributors,240000,43200,283200,Purchase to Vikram Patel Distributors,Posted,2024-06-12,2024-05-01
VCH-0919,COMP-0017,JOU-000919,Journal,2024-04-24,,,12308,0,12308,Journal voucher,Posted,2024-04-24,2024-05-01
VCH-0920,COMP-0017,JOU-000920,Journal,2024-04-19,,,19086,0,19086,Journal voucher,Posted,2024-04-19,2024-05-01
VCH-0921,COMP-0017,PUR-000921,Purchase,2024-06-12,PTY-0292,Vikram Gupta Traders,201300,36234,237534,Purchase to Vikram Gupta Traders,Posted,2024-06-12,2024-05-01
VCH-0922,COMP-0017,SAL-000922,Sales,2024-06-21,PTY-0304,Amit Patel Suppliers,2700,486,3186,Sales to Amit Patel Suppliers,Posted,2024-06-21,2024-05-01
VCH-0923,COMP-0017,SAL-000923,Sales,2024-04-28,PTY-0314,Rajesh Kumar Distributors,6000,1080,7080,Sales to Rajesh Kumar Distributors,Posted,2024-04-28,2024-05-01
VCH-0924,COMP-0017,PUR-000924,Purchase,2024-05-12,PTY-0310,Priya Gupta Traders,330000,59400,389400,Purchase to Priya Gupta Traders,Posted,2024-05-12,2024-05-01
VCH-0925,COMP-0017,JOU-000925,Journal,2024-04-01,,,18352,0,18352,Journal voucher,Posted,2024-04-01,2024-05-01
VCH-0926,COMP-0017,JOU-000926,Journal,2024-04-19,,,23555,0,23555,Journal voucher,Posted,2024-04-19,2024-05-01
VCH-0927,COMP-0017,SAL-000927,Sales,2024-05-14,PTY-0295,Rajesh Singh Suppliers,234500,42210,276710,Sales to Rajesh Singh Suppliers,Posted,2024-05-14,2024-05-01
VCH-0928,COMP-0017,JOU-000928,Journal,2024-04-12,,,17531,0,17531,Journal voucher,Posted,2024-04-12,2024-05-01
VCH-0929,COMP-0017,PUR-000929,Purchase,2024-05-15,PTY-0293,Rajesh Sharma Traders,520000,93600,613600,Purchase to Rajesh Sharma Traders,Posted,2024-05-15,2024-05-01
VCH-0930,COMP-0017,SAL-000930,Sales,2024-05-25,PTY-0312,Rajesh Kumar Suppliers,720000,129600,849600,Sales to Rajesh Kumar Suppliers,Posted,2024-05-25,2024-05-01
VCH-0931,COMP-0017,SAL-000931,Sales,2024-06-13,PTY-0294,Amit Singh Traders,1005000,180900,1185900,Sales to Amit Singh Traders,Posted,2024-06-13,2024-05-01
VCH-0932,COMP-0017,PUR-000932,Purchase,2024-05-01,PTY-0300,Rajesh Sharma Suppliers,330000,59400,389400,Purchase to Rajesh Sharma Suppliers,Posted,2024-05-01,2024-05-01
VCH-0933,COMP-0017,SAL-000933,Sales,2024-04-29,PTY-0312,Rajesh Kumar Suppliers,261500,47070,308570,Sales to Rajesh Kumar Suppliers,Posted,2024-04-29,2024-05-01
VCH-0934,COMP-0017,PUR-000934,Purchase,2024-05-20,PTY-0293,Rajesh Sharma Traders,720000,129600,849600,Purchase to Rajesh Sharma Traders,Posted,2024-05-20,2024-05-01
VCH-0935,COMP-0017,SAL-000935,Sales,2024-04-04,PTY-0293,Rajesh Sharma Traders,137500,24750,162250,Sales to Rajesh Sharma Traders,Posted,2024-04-04,2024-05-01
VCH-0936,COMP-0017,PUR-000936,Purchase,2024-05-08,PTY-0293,Rajesh Sharma Traders,699500,125910,825410,Purchase to Rajesh Sharma Traders,Posted,2024-05-08,2024-05-01
VCH-0937,COMP-0017,JOU-000937,Journal,2024-06-14,,,18472,0,18472,Journal voucher,Posted,2024-06-14,2024-05-01
VCH-0938,COMP-0017,JOU-000938,Journal,2024-04-07,,,12225,0,12225,Journal voucher,Posted,2024-04-07,2024-05-01
VCH-0939,COMP-0017,SAL-000939,Sales,2024-05-05,PTY-0306,Amit Sharma Distributors,171300,30834,202134,Sales to Amit Sharma Distributors,Posted,2024-05-05,2024-05-01
VCH-0940,COMP-0017,JOU-000940,Journal,2024-04-08,,,19713,0,19713,Journal voucher,Posted,2024-04-08,2024-05-01
VCH-0941,COMP-0017,JOU-000941,Journal,2024-05-22,,,18488,0,18488,Journal voucher,Posted,2024-05-22,2024-05-01
VCH-0942,COMP-0017,SAL-000942,Sales,2024-06-16,PTY-0291,Priya Singh Distributors,449800,80964,530764,Sales to Priya Singh Distributors,Posted,2024-06-16,2024-05-01
VCH-0943,COMP-0017,PUR-000943,Purchase,2024-04-21,PTY-0310,Priya Gupta Traders,55000,9900,64900,Purchase to Priya Gupta Traders,Posted,2024-04-21,2024-05-01
VCH-0944,COMP-0017,JOU-000944,Journal,2024-05-21,,,22482,0,22482,Journal voucher,Posted,2024-05-21,2024-05-01
VCH-0945,COMP-0017,JOU-000945,Journal,2024-04-09,,,11502,0,11502,Journal voucher,Posted,2024-04-09,2024-05-01
VCH-0946,COMP-0017,SAL-000946,Sales,2024-05-29,PTY-0295,Rajesh Singh Suppliers,266000,47880,313880,Sales to Rajesh Singh Suppliers,Posted,2024-05-29,2024-05-01
VCH-0947,COMP-0017,SAL-000947,Sales,2024-05-22,PTY-0308,Vikram Kumar Suppliers,900,162,1062,Sales to Vikram Kumar Suppliers,Posted,2024-05-22,2024-05-01
VCH-0948,COMP-0017,JOU-000948,Journal,2024-04-27,,,10382,0,10382,Journal voucher,Posted,2024-04-27,2024-05-01
VCH-0949,COMP-0017,PUR-000949,Purchase,2024-04-11,PTY-0291,Priya Singh Distributors,865000,155700,1020700,Purchase to Priya Singh Distributors,Posted,2024-04-11,2024-05-01
VCH-0950,COMP-0017,JOU-000950,Journal,2024-06-05,,,15412,0,15412,Journal voucher,Posted,2024-06-05,2024-05-01
VCH-0951,COMP-0017,PUR-000951,Purchase,2024-05-30,PTY-0309,Vikram Gupta Traders,260000,46800,306800,Purchase to Vikram Gupta Traders,Posted,2024-05-30,2024-05-01
VCH-0952,COMP-0017,SAL-000952,Sales,2024-05-28,PTY-0312,Rajesh Kumar Suppliers,311500,56070,367570,Sales to Rajesh Kumar Suppliers,Posted,2024-05-28,2024-05-01
VCH-0953,COMP-0017,SAL-000953,Sales,2024-04-07,PTY-0303,Neha Kumar Traders,458000,82440,540440,Sales to Neha Kumar Traders,Posted,2024-04-07,2024-05-01
VCH-0954,COMP-0018,JOU-000954,Journal,2024-05-07,,,12749,0,12749,Journal voucher,Posted,2024-05-07,2024-05-01
VCH-0955,COMP-0018,PUR-000955,Purchase,2024-04-27,PTY-0318,Amit Gupta Traders,442700,79686,522386,Purchase to Amit Gupta Traders,Posted,2024-04-27,2024-05-01
VCH-0956,COMP-0018,PUR-000956,Purchase,2024-06-03,PTY-0320,Vikram Kumar Suppliers,55000,9900,64900,Purchase to Vikram Kumar Suppliers,Posted,2024-06-03,2024-05-01
VCH-0957,COMP-0018,PUR-000957,Purchase,2024-04-21,PTY-0330,Amit Singh Suppliers,671000,120780,791780,Purchase to Amit Singh Suppliers,Posted,2024-04-21,2024-05-01
VCH-0958,COMP-0018,PUR-000958,Purchase,2024-04-22,PTY-0325,Neha Singh Traders,232300,41814,274114,Purchase to Neha Singh Traders,Posted,2024-04-22,2024-05-01
VCH-0959,COMP-0018,JOU-000959,Journal,2024-04-15,,,10807,0,10807,Journal voucher,Posted,2024-04-15,2024-05-01
VCH-0960,COMP-0018,SAL-000960,Sales,2024-05-23,PTY-0322,Amit Singh Traders,701300,126234,827534,Sales to Amit Singh Traders,Posted,2024-05-23,2024-05-01
VCH-0961,COMP-0018,PUR-000961,Purchase,2024-05-29,PTY-0316,Amit Singh Distributors,366300,65934,432234,Purchase to Amit Singh Distributors,Posted,2024-05-29,2024-05-01
VCH-0962,COMP-0018,SAL-000962,Sales,2024-04-02,PTY-0315,Vikram Singh Suppliers,129000,23220,152220,Sales to Vikram Singh Suppliers,Posted,2024-04-02,2024-05-01
VCH-0963,COMP-0018,SAL-000963,Sales,2024-04-24,PTY-0326,Vikram Patel Distributors,624000,112320,736320,Sales to Vikram Patel Distributors,Posted,2024-04-24,2024-05-01
VCH-0964,COMP-0018,JOU-000964,Journal,2024-04-02,,,22664,0,22664,Journal voucher,Posted,2024-04-02,2024-05-01
VCH-0965,COMP-0018,PUR-000965,Purchase,2024-04-14,PTY-0327,Priya Singh Suppliers,401000,72180,473180,Purchase to Priya Singh Suppliers,Posted,2024-04-14,2024-05-01
VCH-0966,COMP-0018,PUR-000966,Purchase,2024-05-12,PTY-0329,Rajesh Kumar Distributors,785000,141300,926300,Purchase to Rajesh Kumar Distributors,Posted,2024-05-12,2024-05-01
VCH-0967,COMP-0018,SAL-000967,Sales,2024-04-21,PTY-0316,Amit Singh Distributors,1055000,189900,1244900,Sales to Amit Singh Distributors,Posted,2024-04-21,2024-05-01
VCH-0968,COMP-0018,JOU-000968,Journal,2024-06-04,,,9259,0,9259,Journal voucher,Posted,2024-06-04,2024-05-01
VCH-0969,COMP-0018,SAL-000969,Sales,2024-06-17,PTY-0334,Amit Kumar Suppliers,299000,53820,352820,Sales to Amit Kumar Suppliers,Posted,2024-06-17,2024-05-01
VCH-0970,COMP-0018,PUR-000970,Purchase,2024-05-28,PTY-0331,Rajesh Gupta Traders,135400,24372,159772,Purchase to Rajesh Gupta Traders,Posted,2024-05-28,2024-05-01
VCH-0971,COMP-0018,SAL-000971,Sales,2024-04-23,PTY-0332,Rajesh Patel Suppliers,47200,8496,55696,Sales to Rajesh Patel Suppliers,Posted,2024-04-23,2024-05-01
VCH-0972,COMP-0018,JOU-000972,Journal,2024-06-09,,,11119,0,11119,Journal voucher,Posted,2024-06-09,2024-05-01
VCH-0973,COMP-0018,PUR-000973,Purchase,2024-06-18,PTY-0327,Priya Singh Suppliers,440000,79200,519200,Purchase to Priya Singh Suppliers,Posted,2024-06-18,2024-05-01
VCH-0974,COMP-0018,PUR-000974,Purchase,2024-06-03,PTY-0330,Amit Singh Suppliers,346500,62370,408870,Purchase to Amit Singh Suppliers,Posted,2024-06-03,2024-05-01
VCH-0975,COMP-0018,JOU-000975,Journal,2024-04-20,,,9243,0,9243,Journal voucher,Posted,2024-04-20,2024-05-01
VCH-0976,COMP-0018,PUR-000976,Purchase,2024-06-06,PTY-0330,Amit Singh Suppliers,92200,16596,108796,Purchase to Amit Singh Suppliers,Posted,2024-06-06,2024-05-01
VCH-0977,COMP-0018,PUR-000977,Purchase,2024-06-27,PTY-0322,Amit Singh Traders,395000,71100,466100,Purchase to Amit Singh Traders,Posted,2024-06-27,2024-05-01
VCH-0978,COMP-0018,SAL-000978,Sales,2024-05-20,PTY-0334,Amit Kumar Suppliers,130900,23562,154462,Sales to Amit Kumar Suppliers,Posted,2024-05-20,2024-05-01
VCH-0979,COMP-0018,SAL-000979,Sales,2024-04-22,PTY-0332,Rajesh Patel Suppliers,21000,3780,24780,Sales to Rajesh Patel Suppliers,Posted,2024-04-22,2024-05-01
VCH-0980,COMP-0018,SAL-000980,Sales,2024-05-05,PTY-0331,Rajesh Gupta Traders,33600,6048,39648,Sales to Rajesh Gupta Traders,Posted,2024-05-05,2024-05-01
VCH-0981,COMP-0018,JOU-000981,Journal,2024-05-16,,,14639,0,14639,Journal voucher,Posted,2024-05-16,2024-05-01
VCH-0982,COMP-0018,SAL-000982,Sales,2024-06-21,PTY-0319,Rajesh Singh Suppliers,270500,48690,319190,Sales to Rajesh Singh Suppliers,Posted,2024-06-21,2024-05-01
VCH-0983,COMP-0018,JOU-000983,Journal,2024-06-09,,,23762,0,23762,Journal voucher,Posted,2024-06-09,2024-05-01
VCH-0984,COMP-0018,PUR-000984,Purchase,2024-05-14,PTY-0323,Amit Singh Distributors,10500,1890,12390,Purchase to Amit Singh Distributors,Posted,2024-05-14,2024-05-01
VCH-0985,COMP-0018,JOU-000985,Journal,2024-06-08,,,20836,0,20836,Journal voucher,Posted,2024-06-08,2024-05-01
VCH-0986,COMP-0018,SAL-000986,Sales,2024-05-14,PTY-0333,Rajesh Kumar Distributors,40000,7200,47200,Sales to Rajesh Kumar Distributors,Posted,2024-05-14,2024-05-01
VCH-0987,COMP-0018,SAL-000987,Sales,2024-06-28,PTY-0331,Rajesh Gupta Traders,397400,71532,468932,Sales to Rajesh Gupta Traders,Posted,2024-06-28,2024-05-01
VCH-0988,COMP-0018,SAL-000988,Sales,2024-05-17,PTY-0335,Rajesh Gupta Suppliers,340500,61290,401790,Sales to Rajesh Gupta Suppliers,Posted,2024-05-17,2024-05-01
VCH-0989,COMP-0018,PUR-000989,Purchase,2024-04-03,PTY-0330,Amit Singh Suppliers,336000,60480,396480,Purchase to Amit Singh Suppliers,Posted,2024-04-03,2024-05-01
VCH-0990,COMP-0018,PUR-000990,Purchase,2024-06-20,PTY-0336,Amit Patel Traders,564500,101610,666110,Purchase to Amit Patel Traders,Posted,2024-06-20,2024-05-01
VCH-0991,COMP-0018,PUR-000991,Purchase,2024-04-26,PTY-0325,Neha Singh Traders,290000,52200,342200,Purchase to Neha Singh Traders,Posted,2024-04-26,2024-05-01
VCH-0992,COMP-0018,SAL-000992,Sales,2024-04-27,PTY-0317,Priya Kumar Distributors,115400,20772,136172,Sales to Priya Kumar Distributors,Posted,2024-04-27,2024-05-01
VCH-0993,COMP-0018,SAL-000993,Sales,2024-05-12,PTY-0321,Rajesh Singh Traders,632500,113850,746350,Sales to Rajesh Singh Traders,Posted,2024-05-12,2024-05-01
VCH-0994,COMP-0018,SAL-000994,Sales,2024-06-07,PTY-0328,Amit Gupta Suppliers,328500,59130,387630,Sales to Amit Gupta Suppliers,Posted,2024-06-07,2024-05-01
VCH-0995,COMP-0018,PUR-000995,Purchase,2024-04-20,PTY-0335,Rajesh Gupta Suppliers,110000,19800,129800,Purchase to Rajesh Gupta Suppliers,Posted,2024-04-20,2024-05-01
VCH-0996,COMP-0018,JOU-000996,Journal,2024-04-05,,,10810,0,10810,Journal voucher,Posted,2024-04-05,2024-05-01
VCH-0997,COMP-0018,PUR-000997,Purchase,2024-05-20,PTY-0318,Amit Gupta Traders,444200,79956,524156,Purchase to Amit Gupta Traders,Posted,2024-05-20,2024-05-01
VCH-0998,COMP-0018,SAL-000998,Sales,2024-04-01,PTY-0319,Rajesh Singh Suppliers,9000,1620,10620,Sales to Rajesh Singh Suppliers,Posted,2024-04-01,2024-05-01
VCH-0999,COMP-0018,SAL-000999,Sales,2024-05-22,PTY-0319,Rajesh Singh Suppliers,20500,3690,24190,Sales to Rajesh Singh Suppliers,Posted,2024-05-22,2024-05-01
VCH-1000,COMP-0018,JOU-001000,Journal,2024-05-12,,,24122,0,24122,Journal voucher,Posted,2024-05-12,2024-05-01
VCH-1001,COMP-0018,PUR-001001,Purchase,2024-05-28,PTY-0323,Amit Singh Distributors,345000,62100,407100,Purchase to Amit Singh Distributors,Posted,2024-05-28,2024-05-01
VCH-1002,COMP-0019,JOU-001002,Journal,2024-05-14,,,14162,0,14162,Journal voucher,Posted,2024-05-14,2024-05-01
VCH-1003,COMP-0019,PUR-001003,Purchase,2024-06-15,PTY-0348,Priya Gupta Suppliers,375000,67500,442500,Purchase to Priya Gupta Suppliers,Posted,2024-06-15,2024-05-01
VCH-1004,COMP-0019,JOU-001004,Journal,2024-06-18,,,7719,0,7719,Journal voucher,Posted,2024-06-18,2024-05-01
VCH-1005,COMP-0019,SAL-001005,Sales,2024-05-13,PTY-0337,Neha Patel Distributors,195000,35100,230100,Sales to Neha Patel Distributors,Posted,2024-05-13,2024-05-01
VCH-1006,COMP-0019,SAL-001006,Sales,2024-05-10,PTY-0344,Rajesh Singh Suppliers,475400,85572,560972,Sales to Rajesh Singh Suppliers,Posted,2024-05-10,2024-05-01
VCH-1007,COMP-0019,SAL-001007,Sales,2024-05-11,PTY-0337,Neha Patel Distributors,7100,1278,8378,Sales to Neha Patel Distributors,Posted,2024-05-11,2024-05-01
VCH-1008,COMP-0019,PUR-001008,Purchase,2024-06-21,PTY-0354,Rajesh Kumar Suppliers,495500,89190,584690,Purchase to Rajesh Kumar Suppliers,Posted,2024-06-21,2024-05-01
VCH-1009,COMP-0019,PUR-001009,Purchase,2024-05-20,PTY-0359,Vikram Sharma Distributors,174300,31374,205674,Purchase to Vikram Sharma Distributors,Posted,2024-05-20,2024-05-01
VCH-1010,COMP-0019,JOU-001010,Journal,2024-05-28,,,19452,0,19452,Journal voucher,Posted,2024-05-28,2024-05-01
VCH-1011,COMP-0019,PUR-001011,Purchase,2024-06-22,PTY-0360,Neha Patel Distributors,252000,45360,297360,Purchase to Neha Patel Distributors,Posted,2024-06-22,2024-05-01
VCH-1012,COMP-0019,JOU-001012,Journal,2024-06-05,,,10495,0,10495,Journal voucher,Posted,2024-06-05,2024-05-01
VCH-1013,COMP-0019,SAL-001013,Sales,2024-05-07,PTY-0339,Priya Sharma Distributors,380000,68400,448400,Sales to Priya Sharma Distributors,Posted,2024-05-07,2024-05-01
VCH-1014,COMP-0019,SAL-001014,Sales,2024-04-09,PTY-0356,Vikram Gupta Distributors,325000,58500,383500,Sales to Vikram Gupta Distributors,Posted,2024-04-09,2024-05-01
VCH-1015,COMP-0019,SAL-001015,Sales,2024-06-19,PTY-0349,Priya Kumar Traders,920000,165600,1085600,Sales to Priya Kumar Traders,Posted,2024-06-19,2024-05-01
VCH-1016,COMP-0019,SAL-001016,Sales,2024-06-02,PTY-0359,Vikram Sharma Distributors,485700,87426,573126,Sales to Vikram Sharma Distributors,Posted,2024-06-02,2024-05-01
VCH-1017,COMP-0019,JOU-001017,Journal,2024-06-06,,,19943,0,19943,Journal voucher,Posted,2024-06-06,2024-05-01
VCH-1018,COMP-0019,JOU-001018,Journal,2024-04-24,,,20731,0,20731,Journal voucher,Posted,2024-04-24,2024-05-01
VCH-1019,COMP-0019,SAL-001019,Sales,2024-05-12,PTY-0348,Priya Gupta Suppliers,442700,79686,522386,Sales to Priya Gupta Suppliers,Posted,2024-05-12,2024-05-01
VCH-1020,COMP-0019,SAL-001020,Sales,2024-05-12,PTY-0339,Priya Sharma Distributors,48100,8658,56758,Sales to Priya Sharma Distributors,Posted,2024-05-12,2024-05-01
VCH-1021,COMP-0019,PUR-001021,Purchase,2024-04-07,PTY-0342,Priya Singh Suppliers,179200,32256,211456,Purchase to Priya Singh Suppliers,Posted,2024-04-07,2024-05-01
VCH-1022,COMP-0019,PUR-001022,Purchase,2024-05-29,PTY-0343,Rajesh Sharma Suppliers,372000,66960,438960,Purchase to Rajesh Sharma Suppliers,Posted,2024-05-29,2024-05-01
VCH-1023,COMP-0019,SAL-001023,Sales,2024-04-24,PTY-0355,Vikram Gupta Distributors,640000,115200,755200,Sales to Vikram Gupta Distributors,Posted,2024-04-24,2024-05-01
VCH-1024,COMP-0019,JOU-001024,Journal,2024-06-24,,,7469,0,7469,Journal voucher,Posted,2024-06-24,2024-05-01
VCH-1025,COMP-0019,PUR-001025,Purchase,2024-05-01,PTY-0341,Rajesh Singh Traders,252000,45360,297360,Purchase to Rajesh Singh Traders,Posted,2024-05-01,2024-05-01
VCH-1026,COMP-0019,SAL-001026,Sales,2024-06-23,PTY-0344,Rajesh Singh Suppliers,901500,162270,1063770,Sales to Rajesh Singh Suppliers,Posted,2024-06-23,2024-05-01
VCH-1027,COMP-0019,PUR-001027,Purchase,2024-04-16,PTY-0357,Rajesh Singh Distributors,842700,151686,994386,Purchase to Rajesh Singh Distributors,Posted,2024-04-16,2024-05-01
VCH-1028,COMP-0019,SAL-001028,Sales,2024-05-08,PTY-0337,Neha Patel Distributors,477500,85950,563450,Sales to Neha Patel Distributors,Posted,2024-05-08,2024-05-01
VCH-1029,COMP-0019,JOU-001029,Journal,2024-04-24,,,24779,0,24779,Journal voucher,Posted,2024-04-24,2024-05-01
VCH-1030,COMP-0019,SAL-001030,Sales,2024-04-01,PTY-0342,Priya Singh Suppliers,307000,55260,362260,Sales to Priya Singh Suppliers,Posted,2024-04-01,2024-05-01
VCH-1031,COMP-0019,PUR-001031,Purchase,2024-05-02,PTY-0356,Vikram Gupta Distributors,6600,1188,7788,Purchase to Vikram Gupta Distributors,Posted,2024-05-02,2024-05-01
VCH-1032,COMP-0019,JOU-001032,Journal,2024-06-02,,,15711,0,15711,Journal voucher,Posted,2024-06-02,2024-05-01
VCH-1033,COMP-0019,JOU-001033,Journal,2024-06-14,,,22004,0,22004,Journal voucher,Posted,2024-06-14,2024-05-01
VCH-1034,COMP-0019,SAL-001034,Sales,2024-04-17,PTY-0358,Priya Sharma Traders,252000,45360,297360,Sales to Priya Sharma Traders,Posted,2024-04-17,2024-05-01
VCH-1035,COMP-0019,JOU-001035,Journal,2024-05-21,,,6778,0,6778,Journal voucher,Posted,2024-05-21,2024-05-01
VCH-1036,COMP-0019,SAL-001036,Sales,2024-04-23,PTY-0338,Rajesh Gupta Distributors,19200,3456,22656,Sales to Rajesh Gupta Distributors,Posted,2024-04-23,2024-05-01
VCH-1037,COMP-0019,PUR-001037,Purchase,2024-05-15,PTY-0359,Vikram Sharma Distributors,79500,14310,93810,Purchase to Vikram Sharma Distributors,Posted,2024-05-15,2024-05-01
VCH-1038,COMP-0019,SAL-001038,Sales,2024-04-06,PTY-0345,Vikram Kumar Traders,300000,54000,354000,Sales to Vikram Kumar Traders,Posted,2024-04-06,2024-05-01
VCH-1039,COMP-0019,PUR-001039,Purchase,2024-04-15,PTY-0348,Priya Gupta Suppliers,240000,43200,283200,Purchase to Priya Gupta Suppliers,Posted,2024-04-15,2024-05-01
VCH-1040,COMP-0019,JOU-001040,Journal,2024-04-03,,,23913,0,23913,Journal voucher,Posted,2024-04-03,2024-05-01
VCH-1041,COMP-0019,JOU-001041,Journal,2024-06-15,,,5787,0,5787,Journal voucher,Posted,2024-06-15,2024-05-01
VCH-1042,COMP-0019,SAL-001042,Sales,2024-05-09,PTY-0345,Vikram Kumar Traders,581000,104580,685580,Sales to Vikram Kumar Traders,Posted,2024-05-09,2024-05-01
VCH-1043,COMP-0019,SAL-001043,Sales,2024-05-31,PTY-0358,Priya Sharma Traders,551800,99324,651124,Sales to Priya Sharma Traders,Posted,2024-05-31,2024-05-01
VCH-1044,COMP-0019,PUR-001044,Purchase,2024-04-07,PTY-0360,Neha Patel Distributors,220000,39600,259600,Purchase to Neha Patel Distributors,Posted,2024-04-07,2024-05-01
VCH-1045,COMP-0019,SAL-001045,Sales,2024-04-21,PTY-0358,Priya Sharma Traders,252700,45486,298186,Sales to Priya Sharma Traders,Posted,2024-04-21,2024-05-01
VCH-1046,COMP-0019,JOU-001046,Journal,2024-06-17,,,7924,0,7924,Journal voucher,Posted,2024-06-17,2024-05-01
VCH-1047,COMP-0019,SAL-001047,Sales,2024-04-15,PTY-0340,Priya Sharma Distributors,42000,7560,49560,Sales to Priya Sharma Distributors,Posted,2024-04-15,2024-05-01
VCH-1048,COMP-0019,PUR-001048,Purchase,2024-04-16,PTY-0338,Rajesh Gupta Distributors,350000,63000,413000,Purchase to Rajesh Gupta Distributors,Posted,2024-04-16,2024-05-01
VCH-1049,COMP-0019,JOU-001049,Journal,2024-04-26,,,12015,0,12015,Journal voucher,Posted,2024-04-26,2024-05-01
VCH-1050,COMP-0019,PUR-001050,Purchase,2024-05-08,PTY-0350,Neha Gupta Suppliers,363500,65430,428930,Purchase to Neha Gupta Suppliers,Posted,2024-05-08,2024-05-01
VCH-1051,COMP-0019,PUR-001051,Purchase,2024-05-29,PTY-0358,Priya Sharma Traders,279500,50310,329810,Purchase to Priya Sharma Traders,Posted,2024-05-29,2024-05-01
VCH-1052,COMP-0019,SAL-001052,Sales,2024-04-23,PTY-0346,Priya Gupta Suppliers,10500,1890,12390,Sales to Priya Gupta Suppliers,Posted,2024-04-23,2024-05-01
VCH-1053,COMP-0019,PUR-001053,Purchase,2024-06-20,PTY-0347,Priya Kumar Distributors,10500,1890,12390,Purchase to Priya Kumar Distributors,Posted,2024-06-20,2024-05-01
VCH-1054,COMP-0019,PUR-001054,Purchase,2024-04-20,PTY-0349,Priya Kumar Traders,260000,46800,306800,Purchase to Priya Kumar Traders,Posted,2024-04-20,2024-05-01
VCH-1055,COMP-0019,JOU-001055,Journal,2024-06-29,,,16467,0,16467,Journal voucher,Posted,2024-06-29,2024-05-01
VCH-1056,COMP-0019,JOU-001056,Journal,2024-04-09,,,5040,0,5040,Journal voucher,Posted,2024-04-09,2024-05-01
VCH-1057,COMP-0019,PUR-001057,Purchase,2024-06-25,PTY-0348,Priya Gupta Suppliers,900,162,1062,Purchase to Priya Gupta Suppliers,Posted,2024-06-25,2024-05-01
VCH-1058,COMP-0020,SAL-001058,Sales,2024-04-13,PTY-0375,Vikram Sharma Distributors,210000,37800,247800,Sales to Vikram Sharma Distributors,Posted,2024-04-13,2024-05-01
VCH-1059,COMP-0020,PUR-001059,Purchase,2024-04-25,PTY-0372,Amit Kumar Suppliers,502000,90360,592360,Purchase to Amit Kumar Suppliers,Posted,2024-04-25,2024-05-01
VCH-1060,COMP-0020,SAL-001060,Sales,2024-04-04,PTY-0363,Neha Gupta Traders,786000,141480,927480,Sales to Neha Gupta Traders,Posted,2024-04-04,2024-05-01
VCH-1061,COMP-0020,SAL-001061,Sales,2024-04-16,PTY-0366,Neha Kumar Distributors,600900,108162,709062,Sales to Neha Kumar Distributors,Posted,2024-04-16,2024-05-01
VCH-1062,COMP-0020,PUR-001062,Purchase,2024-04-22,PTY-0362,Vikram Singh Distributors,395000,71100,466100,Purchase to Vikram Singh Distributors,Posted,2024-04-22,2024-05-01
VCH-1063,COMP-0020,SAL-001063,Sales,2024-05-23,PTY-0365,Neha Sharma Distributors,339000,61020,400020,Sales to Neha Sharma Distributors,Posted,2024-05-23,2024-05-01
VCH-1064,COMP-0020,JOU-001064,Journal,2024-05-04,,,10196,0,10196,Journal voucher,Posted,2024-05-04,2024-05-01
VCH-1065,COMP-0020,JOU-001065,Journal,2024-04-29,,,14353,0,14353,Journal voucher,Posted,2024-04-29,2024-05-01
VCH-1066,COMP-0020,SAL-001066,Sales,2024-05-02,PTY-0361,Neha Singh Distributors,928000,167040,1095040,Sales to Neha Singh Distributors,Posted,2024-05-02,2024-05-01
VCH-1067,COMP-0020,PUR-001067,Purchase,2024-05-10,PTY-0372,Amit Kumar Suppliers,28000,5040,33040,Purchase to Amit Kumar Suppliers,Posted,2024-05-10,2024-05-01
VCH-1068,COMP-0020,JOU-001068,Journal,2024-04-23,,,13233,0,13233,Journal voucher,Posted,2024-04-23,2024-05-01
VCH-1069,COMP-0020,SAL-001069,Sales,2024-04-14,PTY-0369,Neha Sharma Suppliers,85000,15300,100300,Sales to Neha Sharma Suppliers,Posted,2024-04-14,2024-05-01
VCH-1070,COMP-0020,SAL-001070,Sales,2024-06-11,PTY-0364,Rajesh Patel Distributors,516000,92880,608880,Sales to Rajesh Patel Distributors,Posted,2024-06-11,2024-05-01
VCH-1071,COMP-0020,PUR-001071,Purchase,2024-04-13,PTY-0369,Neha Sharma Suppliers,2700,486,3186,Purchase to Neha Sharma Suppliers,Posted,2024-04-13,2024-05-01
VCH-1072,COMP-0020,PUR-001072,Purchase,2024-05-25,PTY-0378,Rajesh Sharma Suppliers,3000,540,3540,Purchase to Rajesh Sharma Suppliers,Posted,2024-05-25,2024-05-01
VCH-1073,COMP-0020,SAL-001073,Sales,2024-06-25,PTY-0364,Rajesh Patel Distributors,130000,23400,153400,Sales to Rajesh Patel Distributors,Posted,2024-06-25,2024-05-01
VCH-1074,COMP-0020,JOU-001074,Journal,2024-05-14,,,20186,0,20186,Journal voucher,Posted,2024-05-14,2024-05-01
VCH-1075,COMP-0020,PUR-001075,Purchase,2024-04-26,PTY-0374,Neha Gupta Suppliers,1015000,182700,1197700,Purchase to Neha Gupta Suppliers,Posted,2024-04-26,2024-05-01
VCH-1076,COMP-0020,SAL-001076,Sales,2024-04-30,PTY-0362,Vikram Singh Distributors,303000,54540,357540,Sales to Vikram Singh Distributors,Posted,2024-04-30,2024-05-01
VCH-1077,COMP-0020,JOU-001077,Journal,2024-04-26,,,10733,0,10733,Journal voucher,Posted,2024-04-26,2024-05-01
VCH-1078,COMP-0020,SAL-001078,Sales,2024-06-30,PTY-0361,Neha Singh Distributors,402300,72414,474714,Sales to Neha Singh Distributors,Posted,2024-06-30,2024-05-01
VCH-1079,COMP-0020,PUR-001079,Purchase,2024-06-30,PTY-0369,Neha Sharma Suppliers,250000,45000,295000,Purchase to Neha Sharma Suppliers,Posted,2024-06-30,2024-05-01
VCH-1080,COMP-0020,SAL-001080,Sales,2024-05-13,PTY-0382,Priya Gupta Distributors,30000,5400,35400,Sales to Priya Gupta Distributors,Posted,2024-05-13,2024-05-01
VCH-1081,COMP-0020,JOU-001081,Journal,2024-05-27,,,19335,0,19335,Journal voucher,Posted,2024-05-27,2024-05-01
VCH-1082,COMP-0020,JOU-001082,Journal,2024-05-26,,,7586,0,7586,Journal voucher,Posted,2024-05-26,2024-05-01
VCH-1083,COMP-0020,SAL-001083,Sales,2024-06-14,PTY-0368,Vikram Gupta Traders,900,162,1062,Sales to Vikram Gupta Traders,Posted,2024-06-14,2024-05-01
VCH-1084,COMP-0020,SAL-001084,Sales,2024-04-05,PTY-0369,Neha Sharma Suppliers,27500,4950,32450,Sales to Neha Sharma Suppliers,Posted,2024-04-05,2024-05-01
VCH-1085,COMP-0020,PUR-001085,Purchase,2024-05-13,PTY-0361,Neha Singh Distributors,55000,9900,64900,Purchase to Neha Singh Distributors,Posted,2024-05-13,2024-05-01
VCH-1086,COMP-0020,PUR-001086,Purchase,2024-05-28,PTY-0382,Priya Gupta Distributors,110000,19800,129800,Purchase to Priya Gupta Distributors,Posted,2024-05-28,2024-05-01
VCH-1087,COMP-0020,SAL-001087,Sales,2024-06-23,PTY-0368,Vikram Gupta Traders,122500,22050,144550,Sales to Vikram Gupta Traders,Posted,2024-06-23,2024-05-01
VCH-1088,COMP-0020,PUR-001088,Purchase,2024-05-02,PTY-0383,Neha Patel Distributors,10500,1890,12390,Purchase to Neha Patel Distributors,Posted,2024-05-02,2024-05-01
VCH-1089,COMP-0020,SAL-001089,Sales,2024-04-06,PTY-0380,Rajesh Gupta Suppliers,933000,167940,1100940,Sales to Rajesh Gupta Suppliers,Posted,2024-04-06,2024-05-01
VCH-1090,COMP-0020,SAL-001090,Sales,2024-06-21,PTY-0363,Neha Gupta Traders,7200,1296,8496,Sales to Neha Gupta Traders,Posted,2024-06-21,2024-05-01
VCH-1091,COMP-0020,SAL-001091,Sales,2024-06-27,PTY-0374,Neha Gupta Suppliers,388000,69840,457840,Sales to Neha Gupta Suppliers,Posted,2024-06-27,2024-05-01
VCH-1092,COMP-0020,JOU-001092,Journal,2024-05-19,,,9864,0,9864,Journal voucher,Posted,2024-05-19,2024-05-01
VCH-1093,COMP-0020,SAL-001093,Sales,2024-06-02,PTY-0362,Vikram Singh Distributors,223600,40248,263848,Sales to Vikram Singh Distributors,Posted,2024-06-02,2024-05-01
VCH-1094,COMP-0020,JOU-001094,Journal,2024-04-23,,,19316,0,19316,Journal voucher,Posted,2024-04-23,2024-05-01
VCH-1095,COMP-0020,JOU-001095,Journal,2024-04-27,,,21888,0,21888,Journal voucher,Posted,2024-04-27,2024-05-01
VCH-1096,COMP-0020,PUR-001096,Purchase,2024-06-14,PTY-0364,Rajesh Patel Distributors,210000,37800,247800,Purchase to Rajesh Patel Distributors,Posted,2024-06-14,2024-05-01
VCH-1097,COMP-0020,SAL-001097,Sales,2024-06-24,PTY-0367,Neha Sharma Traders,196800,35424,232224,Sales to Neha Sharma Traders,Posted,2024-06-24,2024-05-01
VCH-1098,COMP-0020,PUR-001098,Purchase,2024-04-12,PTY-0366,Neha Kumar Distributors,359000,64620,423620,Purchase to Neha Kumar Distributors,Posted,2024-04-12,2024-05-01
VCH-1099,COMP-0020,JOU-001099,Journal,2024-06-27,,,23728,0,23728,Journal voucher,Posted,2024-06-27,2024-05-01
VCH-1100,COMP-0020,JOU-001100,Journal,2024-04-19,,,7736,0,7736,Journal voucher,Posted,2024-04-19,2024-05-01
VCH-1101,COMP-0020,JOU-001101,Journal,2024-04-03,,,22612,0,22612,Journal voucher,Posted,2024-04-03,2024-05-01
VCH-1102,COMP-0020,PUR-001102,Purchase,2024-06-24,PTY-0363,Neha Gupta Traders,279000,50220,329220,Purchase to Neha Gupta Traders,Posted,2024-06-24,2024-05-01
VCH-1103,COMP-0020,JOU-001103,Journal,2024-05-28,,,16667,0,16667,Journal voucher,Posted,2024-05-28,2024-05-01
VCH-1104,COMP-0020,JOU-001104,Journal,2024-06-13,,,21608,0,21608,Journal voucher,Posted,2024-06-13,2024-05-01
VCH-1105,COMP-0020,JOU-001105,Journal,2024-05-27,,,22665,0,22665,Journal voucher,Posted,2024-05-27,2024-05-01
VCH-1106,COMP-0020,JOU-001106,Journal,2024-04-08,,,13503,0,13503,Journal voucher,Posted,2024-04-08,2024-05-01
VCH-1107,COMP-0020,PUR-001107,Purchase,2024-05-24,PTY-0376,Neha Sharma Distributors,534000,96120,630120,Purchase to Neha Sharma Distributors,Posted,2024-05-24,2024-05-01
VCH-1108,COMP-0020,PUR-001108,Purchase,2024-05-09,PTY-0363,Neha Gupta Traders,815000,146700,961700,Purchase to Neha Gupta Traders,Posted,2024-05-09,2024-05-01
VCH-1109,COMP-0020,PUR-001109,Purchase,2024-06-16,PTY-0378,Rajesh Sharma Suppliers,304700,54846,359546,Purchase to Rajesh Sharma Suppliers,Posted,2024-06-16,2024-05-01
VCH-1110,COMP-0020,SAL-001110,Sales,2024-05-05,PTY-0372,Amit Kumar Suppliers,275000,49500,324500,Sales to Amit Kumar Suppliers,Posted,2024-05-05,2024-05-01
VCH-1111,COMP-0020,JOU-001111,Journal,2024-04-12,,,18877,0,18877,Journal voucher,Posted,2024-04-12,2024-05-01
VCH-1112,COMP-0020,PUR-001112,Purchase,2024-05-16,PTY-0376,Neha Sharma Distributors,777000,139860,916860,Purchase to Neha Sharma Distributors,Posted,2024-05-16,2024-05-01
VCH-1113,COMP-0020,SAL-001113,Sales,2024-05-19,PTY-0375,Vikram Sharma Distributors,308500,55530,364030,Sales to Vikram Sharma Distributors,Posted,2024-05-19,2024-05-01
VCH-1114,COMP-0020,SAL-001114,Sales,2024-06-18,PTY-0378,Rajesh Sharma Suppliers,385000,69300,454300,Sales to Rajesh Sharma Suppliers,Posted,2024-06-18,2024-05-01
VCH-1115,COMP-0020,SAL-001115,Sales,2024-04-04,PTY-0377,Priya Sharma Traders,391000,70380,461380,Sales to Priya Sharma Traders,Posted,2024-04-04,2024-05-01
VCH-1116,COMP-0020,PUR-001116,Purchase,2024-04-20,PTY-0364,Rajesh Patel Distributors,258000,46440,304440,Purchase to Rajesh Patel Distributors,Posted,2024-04-20,2024-05-01
VCH-1117,COMP-0020,PUR-001117,Purchase,2024-06-20,PTY-0378,Rajesh Sharma Suppliers,878000,158040,1036040,Purchase to Rajesh Sharma Suppliers,Posted,2024-06-20,2024-05-01
VCH-1118,COMP-0020,PUR-001118,Purchase,2024-06-08,PTY-0368,Vikram Gupta Traders,835000,150300,985300,Purchase to Vikram Gupta Traders,Posted,2024-06-08,2024-05-01
VCH-1119,COMP-0020,JOU-001119,Journal,2024-04-20,,,22275,0,22275,Journal voucher,Posted,2024-04-20,2024-05-01
VCH-1120,COMP-0020,PUR-001120,Purchase,2024-06-17,PTY-0374,Neha Gupta Suppliers,110000,19800,129800,Purchase to Neha Gupta Suppliers,Posted,2024-06-17,2024-05-01
VCH-1121,COMP-0020,SAL-001121,Sales,2024-05-09,PTY-0364,Rajesh Patel Distributors,380300,68454,448754,Sales to Rajesh Patel Distributors,Posted,2024-05-09,2024-05-01
VCH-1122,COMP-0021,SAL-001122,Sales,2024-04-30,PTY-0398,Rajesh Patel Traders,10500,1890,12390,Sales to Rajesh Patel Traders,Posted,2024-04-30,2024-05-01
VCH-1123,COMP-0021,SAL-001123,Sales,2024-05-02,PTY-0393,Priya Patel Traders,340500,61290,401790,Sales to Priya Patel Traders,Posted,2024-05-02,2024-05-01
VCH-1124,COMP-0021,SAL-001124,Sales,2024-06-29,PTY-0390,Amit Singh Distributors,444500,80010,524510,Sales to Amit Singh Distributors,Posted,2024-06-29,2024-05-01
VCH-1125,COMP-0021,SAL-001125,Sales,2024-05-04,PTY-0388,Vikram Patel Distributors,339000,61020,400020,Sales to Vikram Patel Distributors,Posted,2024-05-04,2024-05-01
VCH-1126,COMP-0021,SAL-001126,Sales,2024-05-06,PTY-0403,Priya Kumar Traders,520000,93600,613600,Sales to Priya Kumar Traders,Posted,2024-05-06,2024-05-01
VCH-1127,COMP-0021,JOU-001127,Journal,2024-04-09,,,9154,0,9154,Journal voucher,Posted,2024-04-09,2024-05-01
VCH-1128,COMP-0021,PUR-001128,Purchase,2024-06-16,PTY-0402,Neha Patel Distributors,497000,89460,586460,Purchase to Neha Patel Distributors,Posted,2024-06-16,2024-05-01
VCH-1129,COMP-0021,SAL-001129,Sales,2024-04-13,PTY-0399,Priya Sharma Distributors,370000,66600,436600,Sales to Priya Sharma Distributors,Posted,2024-04-13,2024-05-01
VCH-1130,COMP-0021,SAL-001130,Sales,2024-06-19,PTY-0397,Priya Patel Distributors,296300,53334,349634,Sales to Priya Patel Distributors,Posted,2024-06-19,2024-05-01
VCH-1131,COMP-0021,PUR-001131,Purchase,2024-06-29,PTY-0399,Priya Sharma Distributors,27500,4950,32450,Purchase to Priya Sharma Distributors,Posted,2024-06-29,2024-05-01
VCH-1132,COMP-0021,SAL-001132,Sales,2024-05-12,PTY-0393,Priya Patel Traders,295000,53100,348100,Sales to Priya Patel Traders,Posted,2024-05-12,2024-05-01
VCH-1133,COMP-0021,PUR-001133,Purchase,2024-06-16,PTY-0386,Rajesh Singh Distributors,339800,61164,400964,Purchase to Rajesh Singh Distributors,Posted,2024-06-16,2024-05-01
VCH-1134,COMP-0021,SAL-001134,Sales,2024-04-15,PTY-0387,Vikram Kumar Suppliers,935000,168300,1103300,Sales to Vikram Kumar Suppliers,Posted,2024-04-15,2024-05-01
VCH-1135,COMP-0021,SAL-001135,Sales,2024-05-24,PTY-0398,Rajesh Patel Traders,870000,156600,1026600,Sales to Rajesh Patel Traders,Posted,2024-05-24,2024-05-01
VCH-1136,COMP-0021,SAL-001136,Sales,2024-06-16,PTY-0400,Amit Sharma Distributors,65000,11700,76700,Sales to Amit Sharma Distributors,Posted,2024-06-16,2024-05-01
VCH-1137,COMP-0021,PUR-001137,Purchase,2024-06-16,PTY-0403,Priya Kumar Traders,375000,67500,442500,Purchase to Priya Kumar Traders,Posted,2024-06-16,2024-05-01
VCH-1138,COMP-0021,SAL-001138,Sales,2024-04-07,PTY-0397,Priya Patel Distributors,465000,83700,548700,Sales to Priya Patel Distributors,Posted,2024-04-07,2024-05-01
VCH-1139,COMP-0021,SAL-001139,Sales,2024-05-23,PTY-0398,Rajesh Patel Traders,600000,108000,708000,Sales to Rajesh Patel Traders,Posted,2024-05-23,2024-05-01
VCH-1140,COMP-0021,JOU-001140,Journal,2024-05-25,,,21057,0,21057,Journal voucher,Posted,2024-05-25,2024-05-01
VCH-1141,COMP-0021,PUR-001141,Purchase,2024-05-14,PTY-0385,Priya Kumar Distributors,265400,47772,313172,Purchase to Priya Kumar Distributors,Posted,2024-05-14,2024-05-01
VCH-1142,COMP-0021,JOU-001142,Journal,2024-06-04,,,5946,0,5946,Journal voucher,Posted,2024-06-04,2024-05-01
VCH-1143,COMP-0021,SAL-001143,Sales,2024-04-17,PTY-0396,Priya Patel Suppliers,34500,6210,40710,Sales to Priya Patel Suppliers,Posted,2024-04-17,2024-05-01
VCH-1144,COMP-0021,SAL-001144,Sales,2024-05-24,PTY-0394,Priya Sharma Traders,385000,69300,454300,Sales to Priya Sharma Traders,Posted,2024-05-24,2024-05-01
VCH-1145,COMP-0021,SAL-001145,Sales,2024-06-20,PTY-0404,Rajesh Patel Distributors,575000,103500,678500,Sales to Rajesh Patel Distributors,Posted,2024-06-20,2024-05-01
VCH-1146,COMP-0021,JOU-001146,Journal,2024-04-21,,,8880,0,8880,Journal voucher,Posted,2024-04-21,2024-05-01
VCH-1147,COMP-0021,SAL-001147,Sales,2024-04-20,PTY-0399,Priya Sharma Distributors,15000,2700,17700,Sales to Priya Sharma Distributors,Posted,2024-04-20,2024-05-01
VCH-1148,COMP-0021,JOU-001148,Journal,2024-04-18,,,7206,0,7206,Journal voucher,Posted,2024-04-18,2024-05-01
VCH-1149,COMP-0021,SAL-001149,Sales,2024-04-04,PTY-0390,Amit Singh Distributors,337500,60750,398250,Sales to Amit Singh Distributors,Posted,2024-04-04,2024-05-01
VCH-1150,COMP-0021,JOU-001150,Journal,2024-06-08,,,17722,0,17722,Journal voucher,Posted,2024-06-08,2024-05-01
VCH-1151,COMP-0021,JOU-001151,Journal,2024-04-01,,,22591,0,22591,Journal voucher,Posted,2024-04-01,2024-05-01
VCH-1152,COMP-0021,PUR-001152,Purchase,2024-04-14,PTY-0401,Vikram Sharma Suppliers,8700,1566,10266,Purchase to Vikram Sharma Suppliers,Posted,2024-04-14,2024-05-01
VCH-1153,COMP-0021,SAL-001153,Sales,2024-04-11,PTY-0404,Rajesh Patel Distributors,524500,94410,618910,Sales to Rajesh Patel Distributors,Posted,2024-04-11,2024-05-01
VCH-1154,COMP-0021,JOU-001154,Journal,2024-04-18,,,18387,0,18387,Journal voucher,Posted,2024-04-18,2024-05-01
VCH-1155,COMP-0021,PUR-001155,Purchase,2024-04-22,PTY-0398,Rajesh Patel Traders,84000,15120,99120,Purchase to Rajesh Patel Traders,Posted,2024-04-22,2024-05-01
VCH-1156,COMP-0021,SAL-001156,Sales,2024-04-22,PTY-0401,Vikram Sharma Suppliers,723600,130248,853848,Sales to Vikram Sharma Suppliers,Posted,2024-04-22,2024-05-01
VCH-1157,COMP-0021,SAL-001157,Sales,2024-05-26,PTY-0403,Priya Kumar Traders,975000,175500,1150500,Sales to Priya Kumar Traders,Posted,2024-05-26,2024-05-01
VCH-1158,COMP-0021,JOU-001158,Journal,2024-05-04,,,10728,0,10728,Journal voucher,Posted,2024-05-04,2024-05-01
VCH-1159,COMP-0021,SAL-001159,Sales,2024-04-17,PTY-0402,Neha Patel Distributors,779500,140310,919810,Sales to Neha Patel Distributors,Posted,2024-04-17,2024-05-01
VCH-1160,COMP-0021,PUR-001160,Purchase,2024-04-05,PTY-0398,Rajesh Patel Traders,303000,54540,357540,Purchase to Rajesh Patel Traders,Posted,2024-04-05,2024-05-01
VCH-1161,COMP-0021,JOU-001161,Journal,2024-05-14,,,11449,0,11449,Journal voucher,Posted,2024-05-14,2024-05-01
VCH-1162,COMP-0021,SAL-001162,Sales,2024-04-15,PTY-0391,Priya Singh Traders,4500,810,5310,Sales to Priya Singh Traders,Posted,2024-04-15,2024-05-01
VCH-1163,COMP-0021,PUR-001163,Purchase,2024-06-08,PTY-0400,Amit Sharma Distributors,868600,156348,1024948,Purchase to Amit Sharma Distributors,Posted,2024-06-08,2024-05-01
VCH-1164,COMP-0021,SAL-001164,Sales,2024-06-25,PTY-0390,Amit Singh Distributors,623000,112140,735140,Sales to Amit Singh Distributors,Posted,2024-06-25,2024-05-01
VCH-1165,COMP-0022,JOU-001165,Journal,2024-04-22,,,20556,0,20556,Journal voucher,Posted,2024-04-22,2024-05-01
VCH-1166,COMP-0022,PUR-001166,Purchase,2024-04-02,PTY-0406,Neha Sharma Suppliers,40000,7200,47200,Purchase to Neha Sharma Suppliers,Posted,2024-04-02,2024-05-01
VCH-1167,COMP-0022,SAL-001167,Sales,2024-04-06,PTY-0411,Amit Singh Distributors,40000,7200,47200,Sales to Amit Singh Distributors,Posted,2024-04-06,2024-05-01
VCH-1168,COMP-0022,JOU-001168,Journal,2024-05-12,,,21483,0,21483,Journal voucher,Posted,2024-05-12,2024-05-01
VCH-1169,COMP-0022,PUR-001169,Purchase,2024-05-05,PTY-0412,Neha Sharma Traders,175000,31500,206500,Purchase to Neha Sharma Traders,Posted,2024-05-05,2024-05-01
VCH-1170,COMP-0022,JOU-001170,Journal,2024-06-29,,,8402,0,8402,Journal voucher,Posted,2024-06-29,2024-05-01
VCH-1171,COMP-0022,PUR-001171,Purchase,2024-05-21,PTY-0414,Rajesh Singh Suppliers,425000,76500,501500,Purchase to Rajesh Singh Suppliers,Posted,2024-05-21,2024-05-01
VCH-1172,COMP-0022,JOU-001172,Journal,2024-05-03,,,16778,0,16778,Journal voucher,Posted,2024-05-03,2024-05-01
VCH-1173,COMP-0022,PUR-001173,Purchase,2024-05-04,PTY-0411,Amit Singh Distributors,694000,124920,818920,Purchase to Amit Singh Distributors,Posted,2024-05-04,2024-05-01
VCH-1174,COMP-0022,PUR-001174,Purchase,2024-04-02,PTY-0415,Rajesh Sharma Distributors,165000,29700,194700,Purchase to Rajesh Sharma Distributors,Posted,2024-04-02,2024-05-01
VCH-1175,COMP-0022,PUR-001175,Purchase,2024-06-08,PTY-0413,Neha Gupta Traders,306500,55170,361670,Purchase to Neha Gupta Traders,Posted,2024-06-08,2024-05-01
VCH-1176,COMP-0022,PUR-001176,Purchase,2024-05-11,PTY-0409,Amit Sharma Traders,605000,108900,713900,Purchase to Amit Sharma Traders,Posted,2024-05-11,2024-05-01
VCH-1177,COMP-0022,SAL-001177,Sales,2024-05-03,PTY-0406,Neha Sharma Suppliers,10500,1890,12390,Sales to Neha Sharma Suppliers,Posted,2024-05-03,2024-05-01
VCH-1178,COMP-0022,SAL-001178,Sales,2024-06-30,PTY-0413,Neha Gupta Traders,480000,86400,566400,Sales to Neha Gupta Traders,Posted,2024-06-30,2024-05-01
VCH-1179,COMP-0022,PUR-001179,Purchase,2024-06-15,PTY-0412,Neha Sharma Traders,165000,29700,194700,Purchase to Neha Sharma Traders,Posted,2024-06-15,2024-05-01
VCH-1180,COMP-0022,JOU-001180,Journal,2024-04-15,,,23012,0,23012,Journal voucher,Posted,2024-04-15,2024-05-01
VCH-1181,COMP-0022,SAL-001181,Sales,2024-04-04,PTY-0410,Rajesh Patel Traders,453000,81540,534540,Sales to Rajesh Patel Traders,Posted,2024-04-04,2024-05-01
VCH-1182,COMP-0022,SAL-001182,Sales,2024-04-19,PTY-0408,Neha Kumar Distributors,168000,30240,198240,Sales to Neha Kumar Distributors,Posted,2024-04-19,2024-05-01
VCH-1183,COMP-0022,JOU-001183,Journal,2024-04-23,,,5533,0,5533,Journal voucher,Posted,2024-04-23,2024-05-01
VCH-1184,COMP-0022,PUR-001184,Purchase,2024-06-28,PTY-0419,Amit Singh Distributors,65000,11700,76700,Purchase to Amit Singh Distributors,Posted,2024-06-28,2024-05-01
VCH-1185,COMP-0022,JOU-001185,Journal,2024-06-05,,,24558,0,24558,Journal voucher,Posted,2024-06-05,2024-05-01
VCH-1186,COMP-0022,SAL-001186,Sales,2024-05-20,PTY-0407,Vikram Singh Suppliers,847000,152460,999460,Sales to Vikram Singh Suppliers,Posted,2024-05-20,2024-05-01
VCH-1187,COMP-0022,SAL-001187,Sales,2024-05-07,PTY-0412,Neha Sharma Traders,227900,41022,268922,Sales to Neha Sharma Traders,Posted,2024-05-07,2024-05-01
VCH-1188,COMP-0022,SAL-001188,Sales,2024-06-01,PTY-0409,Amit Sharma Traders,17500,3150,20650,Sales to Amit Sharma Traders,Posted,2024-06-01,2024-05-01
VCH-1189,COMP-0022,JOU-001189,Journal,2024-05-23,,,24290,0,24290,Journal voucher,Posted,2024-05-23,2024-05-01
VCH-1190,COMP-0022,JOU-001190,Journal,2024-06-26,,,6142,0,6142,Journal voucher,Posted,2024-06-26,2024-05-01
VCH-1191,COMP-0022,JOU-001191,Journal,2024-04-26,,,5553,0,5553,Journal voucher,Posted,2024-04-26,2024-05-01
VCH-1192,COMP-0022,JOU-001192,Journal,2024-05-22,,,5114,0,5114,Journal voucher,Posted,2024-05-22,2024-05-01
VCH-1193,COMP-0022,JOU-001193,Journal,2024-05-06,,,24278,0,24278,Journal voucher,Posted,2024-05-06,2024-05-01
VCH-1194,COMP-0022,JOU-001194,Journal,2024-05-27,,,15859,0,15859,Journal voucher,Posted,2024-05-27,2024-05-01
VCH-1195,COMP-0022,SAL-001195,Sales,2024-06-28,PTY-0418,Vikram Kumar Traders,65000,11700,76700,Sales to Vikram Kumar Traders,Posted,2024-06-28,2024-05-01
VCH-1196,COMP-0022,SAL-001196,Sales,2024-06-22,PTY-0416,Amit Kumar Traders,227500,40950,268450,Sales to Amit Kumar Traders,Posted,2024-06-22,2024-05-01
VCH-1197,COMP-0022,JOU-001197,Journal,2024-04-01,,,22748,0,22748,Journal voucher,Posted,2024-04-01,2024-05-01
VCH-1198,COMP-0022,SAL-001198,Sales,2024-04-13,PTY-0413,Neha Gupta Traders,610900,109962,720862,Sales to Neha Gupta Traders,Posted,2024-04-13,2024-05-01
VCH-1199,COMP-0022,PUR-001199,Purchase,2024-05-26,PTY-0411,Amit Singh Distributors,304500,54810,359310,Purchase to Amit Singh Distributors,Posted,2024-05-26,2024-05-01
VCH-1200,COMP-0022,SAL-001200,Sales,2024-04-21,PTY-0419,Amit Singh Distributors,6000,1080,7080,Sales to Amit Singh Distributors,Posted,2024-04-21,2024-05-01
VCH-1201,COMP-0022,PUR-001201,Purchase,2024-06-09,PTY-0408,Neha Kumar Distributors,8400,1512,9912,Purchase to Neha Kumar Distributors,Posted,2024-06-09,2024-05-01
VCH-1202,COMP-0022,SAL-001202,Sales,2024-04-04,PTY-0418,Vikram Kumar Traders,28000,5040,33040,Sales to Vikram Kumar Traders,Posted,2024-04-04,2024-05-01
VCH-1203,COMP-0022,PUR-001203,Purchase,2024-04-10,PTY-0417,Vikram Sharma Distributors,360000,64800,424800,Purchase to Vikram Sharma Distributors,Posted,2024-04-10,2024-05-01
VCH-1204,COMP-0022,JOU-001204,Journal,2024-04-03,,,9348,0,9348,Journal voucher,Posted,2024-04-03,2024-05-01
VCH-1205,COMP-0022,JOU-001205,Journal,2024-06-29,,,16747,0,16747,Journal voucher,Posted,2024-06-29,2024-05-01
VCH-1206,COMP-0022,PUR-001206,Purchase,2024-06-20,PTY-0410,Rajesh Patel Traders,185000,33300,218300,Purchase to Rajesh Patel Traders,Posted,2024-06-20,2024-05-01
VCH-1207,COMP-0022,SAL-001207,Sales,2024-06-13,PTY-0409,Amit Sharma Traders,5400,972,6372,Sales to Amit Sharma Traders,Posted,2024-06-13,2024-05-01
VCH-1208,COMP-0022,PUR-001208,Purchase,2024-05-13,PTY-0408,Neha Kumar Distributors,7500,1350,8850,Purchase to Neha Kumar Distributors,Posted,2024-05-13,2024-05-01
VCH-1209,COMP-0022,JOU-001209,Journal,2024-06-25,,,20999,0,20999,Journal voucher,Posted,2024-06-25,2024-05-01
VCH-1210,COMP-0022,PUR-001210,Purchase,2024-05-20,PTY-0407,Vikram Singh Suppliers,4500,810,5310,Purchase to Vikram Singh Suppliers,Posted,2024-05-20,2024-05-01
VCH-1211,COMP-0022,SAL-001211,Sales,2024-05-06,PTY-0417,Vikram Sharma Distributors,50000,9000,59000,Sales to Vikram Sharma Distributors,Posted,2024-05-06,2024-05-01
VCH-1212,COMP-0022,SAL-001212,Sales,2024-04-23,PTY-0420,Priya Singh Suppliers,67000,12060,79060,Sales to Priya Singh Suppliers,Posted,2024-04-23,2024-05-01
VCH-1213,COMP-0022,JOU-001213,Journal,2024-06-30,,,13661,0,13661,Journal voucher,Posted,2024-06-30,2024-05-01
VCH-1214,COMP-0022,JOU-001214,Journal,2024-05-05,,,8448,0,8448,Journal voucher,Posted,2024-05-05,2024-05-01
VCH-1215,COMP-0022,SAL-001215,Sales,2024-06-27,PTY-0420,Priya Singh Suppliers,24500,4410,28910,Sales to Priya Singh Suppliers,Posted,2024-06-27,2024-05-01
VCH-1216,COMP-0022,SAL-001216,Sales,2024-06-04,PTY-0409,Amit Sharma Traders,28000,5040,33040,Sales to Amit Sharma Traders,Posted,2024-06-04,2024-05-01
VCH-1217,COMP-0022,JOU-001217,Journal,2024-04-01,,,5591,0,5591,Journal voucher,Posted,2024-04-01,2024-05-01
VCH-1218,COMP-0022,PUR-001218,Purchase,2024-04-09,PTY-0412,Neha Sharma Traders,209500,37710,247210,Purchase to Neha Sharma Traders,Posted,2024-04-09,2024-05-01
VCH-1219,COMP-0022,JOU-001219,Journal,2024-04-28,,,14124,0,14124,Journal voucher,Posted,2024-04-28,2024-05-01
VCH-1220,COMP-0022,PUR-001220,Purchase,2024-04-23,PTY-0415,Rajesh Sharma Distributors,632700,113886,746586,Purchase to Rajesh Sharma Distributors,Posted,2024-04-23,2024-05-01
VCH-1221,COMP-0022,PUR-001221,Purchase,2024-04-21,PTY-0419,Amit Singh Distributors,165000,29700,194700,Purchase to Amit Singh Distributors,Posted,2024-04-21,2024-05-01
VCH-1222,COMP-0022,SAL-001222,Sales,2024-05-24,PTY-0416,Amit Kumar Traders,1800,324,2124,Sales to Amit Kumar Traders,Posted,2024-05-24,2024-05-01
VCH-1223,COMP-0022,JOU-001223,Journal,2024-04-08,,,23430,0,23430,Journal voucher,Posted,2024-04-08,2024-05-01
VCH-1224,COMP-0022,SAL-001224,Sales,2024-04-12,PTY-0416,Amit Kumar Traders,336000,60480,396480,Sales to Amit Kumar Traders,Posted,2024-04-12,2024-05-01
VCH-1225,COMP-0022,JOU-001225,Journal,2024-04-14,,,7823,0,7823,Journal voucher,Posted,2024-04-14,2024-05-01
VCH-1226,COMP-0023,SAL-001226,Sales,2024-05-25,PTY-0422,Amit Sharma Distributors,178000,32040,210040,Sales to Amit Sharma Distributors,Posted,2024-05-25,2024-05-01
VCH-1227,COMP-0023,SAL-001227,Sales,2024-04-26,PTY-0435,Rajesh Patel Traders,60000,10800,70800,Sales to Rajesh Patel Traders,Posted,2024-04-26,2024-05-01
VCH-1228,COMP-0023,SAL-001228,Sales,2024-06-27,PTY-0436,Neha Sharma Traders,605000,108900,713900,Sales to Neha Sharma Traders,Posted,2024-06-27,2024-05-01
VCH-1229,COMP-0023,JOU-001229,Journal,2024-04-30,,,9615,0,9615,Journal voucher,Posted,2024-04-30,2024-05-01
VCH-1230,COMP-0023,PUR-001230,Purchase,2024-05-23,PTY-0439,Neha Kumar Suppliers,60000,10800,70800,Purchase to Neha Kumar Suppliers,Posted,2024-05-23,2024-05-01
VCH-1231,COMP-0023,PUR-001231,Purchase,2024-04-17,PTY-0429,Vikram Kumar Suppliers,140000,25200,165200,Purchase to Vikram Kumar Suppliers,Posted,2024-04-17,2024-05-01
VCH-1232,COMP-0023,SAL-001232,Sales,2024-05-31,PTY-0430,Rajesh Kumar Distributors,280000,50400,330400,Sales to Rajesh Kumar Distributors,Posted,2024-05-31,2024-05-01
VCH-1233,COMP-0023,SAL-001233,Sales,2024-05-13,PTY-0432,Amit Patel Distributors,298000,53640,351640,Sales to Amit Patel Distributors,Posted,2024-05-13,2024-05-01
VCH-1234,COMP-0023,SAL-001234,Sales,2024-05-08,PTY-0444,Neha Singh Traders,333600,60048,393648,Sales to Neha Singh Traders,Posted,2024-05-08,2024-05-01
VCH-1235,COMP-0023,PUR-001235,Purchase,2024-04-20,PTY-0422,Amit Sharma Distributors,125000,22500,147500,Purchase to Amit Sharma Distributors,Posted,2024-04-20,2024-05-01
VCH-1236,COMP-0023,SAL-001236,Sales,2024-05-28,PTY-0438,Neha Singh Distributors,275000,49500,324500,Sales to Neha Singh Distributors,Posted,2024-05-28,2024-05-01
VCH-1237,COMP-0023,PUR-001237,Purchase,2024-06-09,PTY-0438,Neha Singh Distributors,192500,34650,227150,Purchase to Neha Singh Distributors,Posted,2024-06-09,2024-05-01
VCH-1238,COMP-0023,JOU-001238,Journal,2024-06-20,,,14762,0,14762,Journal voucher,Posted,2024-06-20,2024-05-01
VCH-1239,COMP-0023,PUR-001239,Purchase,2024-04-18,PTY-0431,Vikram Singh Suppliers,524500,94410,618910,Purchase to Vikram Singh Suppliers,Posted,2024-04-18,2024-05-01
VCH-1240,COMP-0023,SAL-001240,Sales,2024-06-30,PTY-0432,Amit Patel Distributors,16000,2880,18880,Sales to Amit Patel Distributors,Posted,2024-06-30,2024-05-01
VCH-1241,COMP-0023,SAL-001241,Sales,2024-05-21,PTY-0439,Neha Kumar Suppliers,65000,11700,76700,Sales to Neha Kumar Suppliers,Posted,2024-05-21,2024-05-01
VCH-1242,COMP-0023,JOU-001242,Journal,2024-06-09,,,15634,0,15634,Journal voucher,Posted,2024-06-09,2024-05-01
VCH-1243,COMP-0023,PUR-001243,Purchase,2024-04-06,PTY-0443,Vikram Sharma Distributors,370000,66600,436600,Purchase to Vikram Sharma Distributors,Posted,2024-04-06,2024-05-01
VCH-1244,COMP-0023,JOU-001244,Journal,2024-04-11,,,20161,0,20161,Journal voucher,Posted,2024-04-11,2024-05-01
VCH-1245,COMP-0023,PUR-001245,Purchase,2024-04-13,PTY-0442,Neha Singh Suppliers,252000,45360,297360,Purchase to Neha Singh Suppliers,Posted,2024-04-13,2024-05-01
VCH-1246,COMP-0023,JOU-001246,Journal,2024-05-08,,,19587,0,19587,Journal voucher,Posted,2024-05-08,2024-05-01
VCH-1247,COMP-0023,PUR-001247,Purchase,2024-04-07,PTY-0426,Amit Gupta Suppliers,455000,81900,536900,Purchase to Amit Gupta Suppliers,Posted,2024-04-07,2024-05-01
VCH-1248,COMP-0023,SAL-001248,Sales,2024-06-19,PTY-0428,Vikram Kumar Distributors,220000,39600,259600,Sales to Vikram Kumar Distributors,Posted,2024-06-19,2024-05-01
VCH-1249,COMP-0023,PUR-001249,Purchase,2024-04-11,PTY-0426,Amit Gupta Suppliers,5000,900,5900,Purchase to Amit Gupta Suppliers,Posted,2024-04-11,2024-05-01
VCH-1250,COMP-0023,JOU-001250,Journal,2024-04-21,,,6663,0,6663,Journal voucher,Posted,2024-04-21,2024-05-01
VCH-1251,COMP-0023,SAL-001251,Sales,2024-05-11,PTY-0427,Amit Kumar Suppliers,298000,53640,351640,Sales to Amit Kumar Suppliers,Posted,2024-05-11,2024-05-01
VCH-1252,COMP-0023,PUR-001252,Purchase,2024-04-05,PTY-0422,Amit Sharma Distributors,222700,40086,262786,Purchase to Amit Sharma Distributors,Posted,2024-04-05,2024-05-01
VCH-1253,COMP-0023,PUR-001253,Purchase,2024-05-30,PTY-0422,Amit Sharma Distributors,144000,25920,169920,Purchase to Amit Sharma Distributors,Posted,2024-05-30,2024-05-01
VCH-1254,COMP-0023,SAL-001254,Sales,2024-04-07,PTY-0433,Amit Singh Suppliers,340000,61200,401200,Sales to Amit Singh Suppliers,Posted,2024-04-07,2024-05-01
VCH-1255,COMP-0023,JOU-001255,Journal,2024-06-28,,,8883,0,8883,Journal voucher,Posted,2024-06-28,2024-05-01
VCH-1256,COMP-0023,SAL-001256,Sales,2024-05-06,PTY-0422,Amit Sharma Distributors,10000,1800,11800,Sales to Amit Sharma Distributors,Posted,2024-05-06,2024-05-01
VCH-1257,COMP-0023,PUR-001257,Purchase,2024-06-04,PTY-0430,Rajesh Kumar Distributors,275000,49500,324500,Purchase to Rajesh Kumar Distributors,Posted,2024-06-04,2024-05-01
VCH-1258,COMP-0023,PUR-001258,Purchase,2024-06-20,PTY-0424,Vikram Gupta Suppliers,10500,1890,12390,Purchase to Vikram Gupta Suppliers,Posted,2024-06-20,2024-05-01
VCH-1259,COMP-0023,SAL-001259,Sales,2024-06-09,PTY-0428,Vikram Kumar Distributors,255500,45990,301490,Sales to Vikram Kumar Distributors,Posted,2024-06-09,2024-05-01
VCH-1260,COMP-0023,SAL-001260,Sales,2024-05-20,PTY-0422,Amit Sharma Distributors,455900,82062,537962,Sales to Amit Sharma Distributors,Posted,2024-05-20,2024-05-01
VCH-1261,COMP-0023,PUR-001261,Purchase,2024-06-13,PTY-0438,Neha Singh Distributors,385000,69300,454300,Purchase to Neha Singh Distributors,Posted,2024-06-13,2024-05-01
VCH-1262,COMP-0023,PUR-001262,Purchase,2024-05-27,PTY-0422,Amit Sharma Distributors,822700,148086,970786,Purchase to Amit Sharma Distributors,Posted,2024-05-27,2024-05-01
VCH-1263,COMP-0023,SAL-001263,Sales,2024-06-24,PTY-0430,Rajesh Kumar Distributors,123500,22230,145730,Sales to Rajesh Kumar Distributors,Posted,2024-06-24,2024-05-01
VCH-1264,COMP-0023,PUR-001264,Purchase,2024-05-21,PTY-0433,Amit Singh Suppliers,21000,3780,24780,Purchase to Amit Singh Suppliers,Posted,2024-05-21,2024-05-01
VCH-1265,COMP-0023,SAL-001265,Sales,2024-04-02,PTY-0441,Neha Sharma Traders,740000,133200,873200,Sales to Neha Sharma Traders,Posted,2024-04-02,2024-05-01
VCH-1266,COMP-0023,SAL-001266,Sales,2024-05-19,PTY-0425,Priya Kumar Suppliers,524000,94320,618320,Sales to Priya Kumar Suppliers,Posted,2024-05-19,2024-05-01
VCH-1267,COMP-0023,SAL-001267,Sales,2024-06-08,PTY-0439,Neha Kumar Suppliers,126000,22680,148680,Sales to Neha Kumar Suppliers,Posted,2024-06-08,2024-05-01
VCH-1268,COMP-0023,JOU-001268,Journal,2024-04-29,,,15083,0,15083,Journal voucher,Posted,2024-04-29,2024-05-01
VCH-1269,COMP-0023,SAL-001269,Sales,2024-04-13,PTY-0444,Neha Singh Traders,455000,81900,536900,Sales to Neha Singh Traders,Posted,2024-04-13,2024-05-01
VCH-1270,COMP-0023,SAL-001270,Sales,2024-06-26,PTY-0428,Vikram Kumar Distributors,10500,1890,12390,Sales to Vikram Kumar Distributors,Posted,2024-06-26,2024-05-01
VCH-1271,COMP-0024,SAL-001271,Sales,2024-05-03,PTY-0449,Priya Singh Distributors,385000,69300,454300,Sales to Priya Singh Distributors,Posted,2024-05-03,2024-05-01
VCH-1272,COMP-0024,PUR-001272,Purchase,2024-05-21,PTY-0449,Priya Singh Distributors,851000,153180,1004180,Purchase to Priya Singh Distributors,Posted,2024-05-21,2024-05-01
VCH-1273,COMP-0024,PUR-001273,Purchase,2024-06-12,PTY-0462,Rajesh Sharma Traders,133000,23940,156940,Purchase to Rajesh Sharma Traders,Posted,2024-06-12,2024-05-01
VCH-1274,COMP-0024,JOU-001274,Journal,2024-06-15,,,18877,0,18877,Journal voucher,Posted,2024-06-15,2024-05-01
VCH-1275,COMP-0024,SAL-001275,Sales,2024-04-22,PTY-0452,Rajesh Singh Suppliers,30000,5400,35400,Sales to Rajesh Singh Suppliers,Posted,2024-04-22,2024-05-01
VCH-1276,COMP-0024,JOU-001276,Journal,2024-04-02,,,9635,0,9635,Journal voucher,Posted,2024-04-02,2024-05-01
VCH-1277,COMP-0024,SAL-001277,Sales,2024-05-18,PTY-0450,Rajesh Patel Traders,440000,79200,519200,Sales to Rajesh Patel Traders,Posted,2024-05-18,2024-05-01
VCH-1278,COMP-0024,JOU-001278,Journal,2024-05-30,,,24524,0,24524,Journal voucher,Posted,2024-05-30,2024-05-01
VCH-1279,COMP-0024,JOU-001279,Journal,2024-04-01,,,8753,0,8753,Journal voucher,Posted,2024-04-01,2024-05-01
VCH-1280,COMP-0024,JOU-001280,Journal,2024-05-15,,,12394,0,12394,Journal voucher,Posted,2024-05-15,2024-05-01
VCH-1281,COMP-0024,SAL-001281,Sales,2024-04-24,PTY-0450,Rajesh Patel Traders,84000,15120,99120,Sales to Rajesh Patel Traders,Posted,2024-04-24,2024-05-01
VCH-1282,COMP-0024,JOU-001282,Journal,2024-05-16,,,22184,0,22184,Journal voucher,Posted,2024-05-16,2024-05-01
VCH-1283,COMP-0024,PUR-001283,Purchase,2024-06-06,PTY-0460,Rajesh Sharma Suppliers,264500,47610,312110,Purchase to Rajesh Sharma Suppliers,Posted,2024-06-06,2024-05-01
VCH-1284,COMP-0024,PUR-001284,Purchase,2024-04-15,PTY-0451,Neha Patel Traders,456000,82080,538080,Purchase to Neha Patel Traders,Posted,2024-04-15,2024-05-01
VCH-1285,COMP-0024,JOU-001285,Journal,2024-06-28,,,10487,0,10487,Journal voucher,Posted,2024-06-28,2024-05-01
VCH-1286,COMP-0024,PUR-001286,Purchase,2024-05-19,PTY-0446,Priya Sharma Traders,644000,115920,759920,Purchase to Priya Sharma Traders,Posted,2024-05-19,2024-05-01
VCH-1287,COMP-0024,JOU-001287,Journal,2024-06-10,,,24944,0,24944,Journal voucher,Posted,2024-06-10,2024-05-01
VCH-1288,COMP-0024,JOU-001288,Journal,2024-06-05,,,20715,0,20715,Journal voucher,Posted,2024-06-05,2024-05-01
VCH-1289,COMP-0024,SAL-001289,Sales,2024-06-05,PTY-0454,Vikram Gupta Traders,165000,29700,194700,Sales to Vikram Gupta Traders,Posted,2024-06-05,2024-05-01
VCH-1290,COMP-0024,JOU-001290,Journal,2024-04-22,,,20622,0,20622,Journal voucher,Posted,2024-04-22,2024-05-01
VCH-1291,COMP-0024,SAL-001291,Sales,2024-04-01,PTY-0462,Rajesh Sharma Traders,165000,29700,194700,Sales to Rajesh Sharma Traders,Posted,2024-04-01,2024-05-01
VCH-1292,COMP-0024,JOU-001292,Journal,2024-06-20,,,12492,0,12492,Journal voucher,Posted,2024-06-20,2024-05-01
VCH-1293,COMP-0024,JOU-001293,Journal,2024-06-24,,,6938,0,6938,Journal voucher,Posted,2024-06-24,2024-05-01
VCH-1294,COMP-0024,SAL-001294,Sales,2024-04-12,PTY-0460,Rajesh Sharma Suppliers,324000,58320,382320,Sales to Rajesh Sharma Suppliers,Posted,2024-04-12,2024-05-01
VCH-1295,COMP-0024,JOU-001295,Journal,2024-05-24,,,16793,0,16793,Journal voucher,Posted,2024-05-24,2024-05-01
VCH-1296,COMP-0024,SAL-001296,Sales,2024-06-29,PTY-0449,Priya Singh Distributors,309500,55710,365210,Sales to Priya Singh Distributors,Posted,2024-06-29,2024-05-01
VCH-1297,COMP-0024,SAL-001297,Sales,2024-06-29,PTY-0449,Priya Singh Distributors,7200,1296,8496,Sales to Priya Singh Distributors,Posted,2024-06-29,2024-05-01
VCH-1298,COMP-0024,JOU-001298,Journal,2024-05-16,,,9167,0,9167,Journal voucher,Posted,2024-05-16,2024-05-01
VCH-1299,COMP-0024,SAL-001299,Sales,2024-05-02,PTY-0451,Neha Patel Traders,84000,15120,99120,Sales to Neha Patel Traders,Posted,2024-05-02,2024-05-01
VCH-1300,COMP-0024,SAL-001300,Sales,2024-05-24,PTY-0446,Priya Sharma Traders,230000,41400,271400,Sales to Priya Sharma Traders,Posted,2024-05-24,2024-05-01
VCH-1301,COMP-0024,JOU-001301,Journal,2024-06-27,,,6882,0,6882,Journal voucher,Posted,2024-06-27,2024-05-01
VCH-1302,COMP-0024,SAL-001302,Sales,2024-06-16,PTY-0459,Rajesh Gupta Distributors,13300,2394,15694,Sales to Rajesh Gupta Distributors,Posted,2024-06-16,2024-05-01
VCH-1303,COMP-0024,PUR-001303,Purchase,2024-06-18,PTY-0449,Priya Singh Distributors,195000,35100,230100,Purchase to Priya Singh Distributors,Posted,2024-06-18,2024-05-01
VCH-1304,COMP-0024,SAL-001304,Sales,2024-06-16,PTY-0447,Amit Kumar Traders,85000,15300,100300,Sales to Amit Kumar Traders,Posted,2024-06-16,2024-05-01
VCH-1305,COMP-0024,JOU-001305,Journal,2024-06-14,,,22396,0,22396,Journal voucher,Posted,2024-06-14,2024-05-01
VCH-1306,COMP-0024,JOU-001306,Journal,2024-04-16,,,5955,0,5955,Journal voucher,Posted,2024-04-16,2024-05-01
VCH-1307,COMP-0024,JOU-001307,Journal,2024-05-02,,,22734,0,22734,Journal voucher,Posted,2024-05-02,2024-05-01
VCH-1308,COMP-0024,PUR-001308,Purchase,2024-04-09,PTY-0457,Neha Kumar Traders,84000,15120,99120,Purchase to Neha Kumar Traders,Posted,2024-04-09,2024-05-01
VCH-1309,COMP-0024,JOU-001309,Journal,2024-04-26,,,18755,0,18755,Journal voucher,Posted,2024-04-26,2024-05-01
VCH-1310,COMP-0024,PUR-001310,Purchase,2024-04-02,PTY-0456,Neha Kumar Suppliers,35000,6300,41300,Purchase to Neha Kumar Suppliers,Posted,2024-04-02,2024-05-01
VCH-1311,COMP-0024,JOU-001311,Journal,2024-05-29,,,6329,0,6329,Journal voucher,Posted,2024-05-29,2024-05-01
VCH-1312,COMP-0024,JOU-001312,Journal,2024-04-30,,,10012,0,10012,Journal voucher,Posted,2024-04-30,2024-05-01
VCH-1313,COMP-0024,PUR-001313,Purchase,2024-06-13,PTY-0457,Neha Kumar Traders,342500,61650,404150,Purchase to Neha Kumar Traders,Posted,2024-06-13,2024-05-01
VCH-1314,COMP-0024,SAL-001314,Sales,2024-05-03,PTY-0446,Priya Sharma Traders,47500,8550,56050,Sales to Priya Sharma Traders,Posted,2024-05-03,2024-05-01
VCH-1315,COMP-0024,JOU-001315,Journal,2024-06-17,,,12363,0,12363,Journal voucher,Posted,2024-06-17,2024-05-01
VCH-1316,COMP-0024,SAL-001316,Sales,2024-05-15,PTY-0464,Amit Gupta Traders,170700,30726,201426,Sales to Amit Gupta Traders,Posted,2024-05-15,2024-05-01
VCH-1317,COMP-0024,SAL-001317,Sales,2024-04-22,PTY-0458,Rajesh Gupta Traders,275000,49500,324500,Sales to Rajesh Gupta Traders,Posted,2024-04-22,2024-05-01
VCH-1318,COMP-0024,SAL-001318,Sales,2024-04-19,PTY-0458,Rajesh Gupta Traders,272200,48996,321196,Sales to Rajesh Gupta Traders,Posted,2024-04-19,2024-05-01
VCH-1319,COMP-0024,PUR-001319,Purchase,2024-04-13,PTY-0461,Vikram Sharma Traders,301300,54234,355534,Purchase to Vikram Sharma Traders,Posted,2024-04-13,2024-05-01
VCH-1320,COMP-0024,SAL-001320,Sales,2024-06-21,PTY-0454,Vikram Gupta Traders,512000,92160,604160,Sales to Vikram Gupta Traders,Posted,2024-06-21,2024-05-01
VCH-1321,COMP-0024,JOU-001321,Journal,2024-05-01,,,14231,0,14231,Journal voucher,Posted,2024-05-01,2024-05-01
VCH-1322,COMP-0024,JOU-001322,Journal,2024-04-24,,,6887,0,6887,Journal voucher,Posted,2024-04-24,2024-05-01
VCH-1323,COMP-0024,SAL-001323,Sales,2024-06-08,PTY-0452,Rajesh Singh Suppliers,610000,109800,719800,Sales to Rajesh Singh Suppliers,Posted,2024-06-08,2024-05-01
VCH-1324,COMP-0024,JOU-001324,Journal,2024-04-11,,,16987,0,16987,Journal voucher,Posted,2024-04-11,2024-05-01
VCH-1325,COMP-0024,SAL-001325,Sales,2024-05-22,PTY-0453,Amit Sharma Traders,84500,15210,99710,Sales to Amit Sharma Traders,Posted,2024-05-22,2024-05-01
VCH-1326,COMP-0024,JOU-001326,Journal,2024-05-13,,,18152,0,18152,Journal voucher,Posted,2024-05-13,2024-05-01
VCH-1327,COMP-0025,SAL-001327,Sales,2024-06-21,PTY-0468,Neha Sharma Distributors,800000,144000,944000,Sales to Neha Sharma Distributors,Posted,2024-06-21,2024-05-01
VCH-1328,COMP-0025,SAL-001328,Sales,2024-05-05,PTY-0479,Amit Sharma Traders,76600,13788,90388,Sales to Amit Sharma Traders,Posted,2024-05-05,2024-05-01
VCH-1329,COMP-0025,SAL-001329,Sales,2024-05-06,PTY-0467,Vikram Sharma Traders,58500,10530,69030,Sales to Vikram Sharma Traders,Posted,2024-05-06,2024-05-01
VCH-1330,COMP-0025,SAL-001330,Sales,2024-06-13,PTY-0478,Rajesh Singh Distributors,565000,101700,666700,Sales to Rajesh Singh Distributors,Posted,2024-06-13,2024-05-01
VCH-1331,COMP-0025,SAL-001331,Sales,2024-06-16,PTY-0477,Rajesh Patel Traders,62000,11160,73160,Sales to Rajesh Patel Traders,Posted,2024-06-16,2024-05-01
VCH-1332,COMP-0025,SAL-001332,Sales,2024-04-24,PTY-0479,Amit Sharma Traders,520000,93600,613600,Sales to Amit Sharma Traders,Posted,2024-04-24,2024-05-01
VCH-1333,COMP-0025,SAL-001333,Sales,2024-05-06,PTY-0470,Vikram Gupta Distributors,502500,90450,592950,Sales to Vikram Gupta Distributors,Posted,2024-05-06,2024-05-01
VCH-1334,COMP-0025,JOU-001334,Journal,2024-04-07,,,13676,0,13676,Journal voucher,Posted,2024-04-07,2024-05-01
VCH-1335,COMP-0025,JOU-001335,Journal,2024-05-02,,,10158,0,10158,Journal voucher,Posted,2024-05-02,2024-05-01
VCH-1336,COMP-0025,SAL-001336,Sales,2024-04-15,PTY-0470,Vikram Gupta Distributors,1415000,254700,1669700,Sales to Vikram Gupta Distributors,Posted,2024-04-15,2024-05-01
VCH-1337,COMP-0025,PUR-001337,Purchase,2024-04-29,PTY-0472,Priya Gupta Suppliers,55000,9900,64900,Purchase to Priya Gupta Suppliers,Posted,2024-04-29,2024-05-01
VCH-1338,COMP-0025,PUR-001338,Purchase,2024-04-04,PTY-0475,Vikram Singh Distributors,497700,89586,587286,Purchase to Vikram Singh Distributors,Posted,2024-04-04,2024-05-01
VCH-1339,COMP-0025,SAL-001339,Sales,2024-04-16,PTY-0476,Priya Gupta Traders,499500,89910,589410,Sales to Priya Gupta Traders,Posted,2024-04-16,2024-05-01
VCH-1340,COMP-0025,SAL-001340,Sales,2024-04-27,PTY-0475,Vikram Singh Distributors,386000,69480,455480,Sales to Vikram Singh Distributors,Posted,2024-04-27,2024-05-01
VCH-1341,COMP-0025,JOU-001341,Journal,2024-05-05,,,21320,0,21320,Journal voucher,Posted,2024-05-05,2024-05-01
VCH-1342,COMP-0025,PUR-001342,Purchase,2024-04-15,PTY-0475,Vikram Singh Distributors,455000,81900,536900,Purchase to Vikram Singh Distributors,Posted,2024-04-15,2024-05-01
VCH-1343,COMP-0025,JOU-001343,Journal,2024-05-14,,,9836,0,9836,Journal voucher,Posted,2024-05-14,2024-05-01
VCH-1344,COMP-0025,PUR-001344,Purchase,2024-05-27,PTY-0467,Vikram Sharma Traders,84500,15210,99710,Purchase to Vikram Sharma Traders,Posted,2024-05-27,2024-05-01
VCH-1345,COMP-0025,PUR-001345,Purchase,2024-04-25,PTY-0466,Amit Sharma Traders,394500,71010,465510,Purchase to Amit Sharma Traders,Posted,2024-04-25,2024-05-01
VCH-1346,COMP-0025,JOU-001346,Journal,2024-05-27,,,7060,0,7060,Journal voucher,Posted,2024-05-27,2024-05-01
VCH-1347,COMP-0025,SAL-001347,Sales,2024-05-18,PTY-0473,Priya Gupta Distributors,209700,37746,247446,Sales to Priya Gupta Distributors,Posted,2024-05-18,2024-05-01
VCH-1348,COMP-0025,SAL-001348,Sales,2024-04-17,PTY-0467,Vikram Sharma Traders,841800,151524,993324,Sales to Vikram Sharma Traders,Posted,2024-04-17,2024-05-01
VCH-1349,COMP-0025,PUR-001349,Purchase,2024-04-04,PTY-0468,Neha Sharma Distributors,705000,126900,831900,Purchase to Neha Sharma Distributors,Posted,2024-04-04,2024-05-01
VCH-1350,COMP-0025,JOU-001350,Journal,2024-04-22,,,11503,0,11503,Journal voucher,Posted,2024-04-22,2024-05-01
VCH-1351,COMP-0025,SAL-001351,Sales,2024-04-26,PTY-0470,Vikram Gupta Distributors,136000,24480,160480,Sales to Vikram Gupta Distributors,Posted,2024-04-26,2024-05-01
VCH-1352,COMP-0025,PUR-001352,Purchase,2024-06-16,PTY-0474,Amit Sharma Distributors,974700,175446,1150146,Purchase to Amit Sharma Distributors,Posted,2024-06-16,2024-05-01
VCH-1353,COMP-0025,PUR-001353,Purchase,2024-06-24,PTY-0479,Amit Sharma Traders,126000,22680,148680,Purchase to Amit Sharma Traders,Posted,2024-06-24,2024-05-01
VCH-1354,COMP-0025,PUR-001354,Purchase,2024-04-20,PTY-0477,Rajesh Patel Traders,361500,65070,426570,Purchase to Rajesh Patel Traders,Posted,2024-04-20,2024-05-01
VCH-1355,COMP-0025,SAL-001355,Sales,2024-05-07,PTY-0472,Priya Gupta Suppliers,759000,136620,895620,Sales to Priya Gupta Suppliers,Posted,2024-05-07,2024-05-01
VCH-1356,COMP-0025,SAL-001356,Sales,2024-05-25,PTY-0470,Vikram Gupta Distributors,6300,1134,7434,Sales to Vikram Gupta Distributors,Posted,2024-05-25,2024-05-01
VCH-1357,COMP-0025,JOU-001357,Journal,2024-04-12,,,23062,0,23062,Journal voucher,Posted,2024-04-12,2024-05-01
VCH-1358,COMP-0025,PUR-001358,Purchase,2024-04-06,PTY-0471,Priya Kumar Suppliers,292700,52686,345386,Purchase to Priya Kumar Suppliers,Posted,2024-04-06,2024-05-01
VCH-1359,COMP-0025,SAL-001359,Sales,2024-04-05,PTY-0472,Priya Gupta Suppliers,294000,52920,346920,Sales to Priya Gupta Suppliers,Posted,2024-04-05,2024-05-01
VCH-1360,COMP-0025,SAL-001360,Sales,2024-04-13,PTY-0478,Rajesh Singh Distributors,600500,108090,708590,Sales to Rajesh Singh Distributors,Posted,2024-04-13,2024-05-01
VCH-1361,COMP-0025,JOU-001361,Journal,2024-06-30,,,22502,0,22502,Journal voucher,Posted,2024-06-30,2024-05-01
VCH-1362,COMP-0025,PUR-001362,Purchase,2024-05-22,PTY-0470,Vikram Gupta Distributors,333000,59940,392940,Purchase to Vikram Gupta Distributors,Posted,2024-05-22,2024-05-01
VCH-1363,COMP-0025,JOU-001363,Journal,2024-04-28,,,10005,0,10005,Journal voucher,Posted,2024-04-28,2024-05-01
VCH-1364,COMP-0025,JOU-001364,Journal,2024-04-21,,,21657,0,21657,Journal voucher,Posted,2024-04-21,2024-05-01
VCH-1365,COMP-0025,SAL-001365,Sales,2024-06-21,PTY-0474,Amit Sharma Distributors,456000,82080,538080,Sales to Amit Sharma Distributors,Posted,2024-06-21,2024-05-01
VCH-1366,COMP-0025,JOU-001366,Journal,2024-06-25,,,11033,0,11033,Journal voucher,Posted,2024-06-25,2024-05-01
VCH-1367,COMP-0025,PUR-001367,Purchase,2024-05-16,PTY-0471,Priya Kumar Suppliers,14000,2520,16520,Purchase to Priya Kumar Suppliers,Posted,2024-05-16,2024-05-01
VCH-1368,COMP-0025,PUR-001368,Purchase,2024-05-18,PTY-0479,Amit Sharma Traders,481800,86724,568524,Purchase to Amit Sharma Traders,Posted,2024-05-18,2024-05-01
VCH-1369,COMP-0025,SAL-001369,Sales,2024-06-22,PTY-0465,Vikram Patel Distributors,51800,9324,61124,Sales to Vikram Patel Distributors,Posted,2024-06-22,2024-05-01
VCH-1370,COMP-0025,SAL-001370,Sales,2024-05-01,PTY-0475,Vikram Singh Distributors,570000,102600,672600,Sales to Vikram Singh Distributors,Posted,2024-05-01,2024-05-01
VCH-1371,COMP-0025,SAL-001371,Sales,2024-04-20,PTY-0475,Vikram Singh Distributors,840000,151200,991200,Sales to Vikram Singh Distributors,Posted,2024-04-20,2024-05-01
VCH-1372,COMP-0025,PUR-001372,Purchase,2024-04-23,PTY-0465,Vikram Patel Distributors,885000,159300,1044300,Purchase to Vikram Patel Distributors,Posted,2024-04-23,2024-05-01
VCH-1373,COMP-0025,SAL-001373,Sales,2024-04-09,PTY-0469,Priya Kumar Distributors,407500,73350,480850,Sales to Priya Kumar Distributors,Posted,2024-04-09,2024-05-01
VCH-1374,COMP-0025,SAL-001374,Sales,2024-06-12,PTY-0467,Vikram Sharma Traders,532500,95850,628350,Sales to Vikram Sharma Traders,Posted,2024-06-12,2024-05-01
VCH-1375,COMP-0025,PUR-001375,Purchase,2024-04-10,PTY-0479,Amit Sharma Traders,259000,46620,305620,Purchase to Amit Sharma Traders,Posted,2024-04-10,2024-05-01
VCH-1376,COMP-0025,JOU-001376,Journal,2024-06-13,,,24412,0,24412,Journal voucher,Posted,2024-06-13,2024-05-01
VCH-1377,COMP-0025,SAL-001377,Sales,2024-06-15,PTY-0473,Priya Gupta Distributors,339500,61110,400610,Sales to Priya Gupta Distributors,Posted,2024-06-15,2024-05-01
VCH-1378,COMP-0025,JOU-001378,Journal,2024-04-01,,,5595,0,5595,Journal voucher,Posted,2024-04-01,2024-05-01
VCH-1379,COMP-0025,PUR-001379,Purchase,2024-04-22,PTY-0467,Vikram Sharma Traders,795000,143100,938100,Purchase to Vikram Sharma Traders,Posted,2024-04-22,2024-05-01
VCH-1380,COMP-0025,SAL-001380,Sales,2024-06-24,PTY-0469,Priya Kumar Distributors,480000,86400,566400,Sales to Priya Kumar Distributors,Posted,2024-06-24,2024-05-01
VCH-1381,COMP-0025,JOU-001381,Journal,2024-05-26,,,18222,0,18222,Journal voucher,Posted,2024-05-26,2024-05-01
VCH-1382,COMP-0025,PUR-001382,Purchase,2024-06-08,PTY-0472,Priya Gupta Suppliers,261800,47124,308924,Purchase to Priya Gupta Suppliers,Posted,2024-06-08,2024-05-01
VCH-1383,COMP-0025,PUR-001383,Purchase,2024-04-22,PTY-0479,Amit Sharma Traders,525000,94500,619500,Purchase to Amit Sharma Traders,Posted,2024-04-22,2024-05-01
VCH-1384,COMP-0025,PUR-001384,Purchase,2024-05-27,PTY-0475,Vikram Singh Distributors,5400,972,6372,Purchase to Vikram Singh Distributors,Posted,2024-05-27,2024-05-01
VCH-1385,COMP-0025,PUR-001385,Purchase,2024-06-29,PTY-0473,Priya Gupta Distributors,253600,45648,299248,Purchase to Priya Gupta Distributors,Posted,2024-06-29,2024-05-01
VCH-1386,COMP-0025,SAL-001386,Sales,2024-04-26,PTY-0466,Amit Sharma Traders,295500,53190,348690,Sales to Amit Sharma Traders,Posted,2024-04-26,2024-05-01
VCH-1387,COMP-0025,SAL-001387,Sales,2024-04-24,PTY-0467,Vikram Sharma Traders,84000,15120,99120,Sales to Vikram Sharma Traders,Posted,2024-04-24,2024-05-01
VCH-1388,COMP-0025,SAL-001388,Sales,2024-06-15,PTY-0478,Rajesh Singh Distributors,28000,5040,33040,Sales to Rajesh Singh Distributors,Posted,2024-06-15,2024-05-01
VCH-1389,COMP-0025,SAL-001389,Sales,2024-05-19,PTY-0469,Priya Kumar Distributors,175900,31662,207562,Sales to Priya Kumar Distributors,Posted,2024-05-19,2024-05-01
VCH-1390,COMP-0026,JOU-001390,Journal,2024-05-24,,,20213,0,20213,Journal voucher,Posted,2024-05-24,2024-05-01
VCH-1391,COMP-0026,SAL-001391,Sales,2024-05-10,PTY-0493,Priya Sharma Distributors,520000,93600,613600,Sales to Priya Sharma Distributors,Posted,2024-05-10,2024-05-01
VCH-1392,COMP-0026,JOU-001392,Journal,2024-05-10,,,7917,0,7917,Journal voucher,Posted,2024-05-10,2024-05-01
VCH-1393,COMP-0026,SAL-001393,Sales,2024-04-26,PTY-0491,Priya Singh Suppliers,445000,80100,525100,Sales to Priya Singh Suppliers,Posted,2024-04-26,2024-05-01
VCH-1394,COMP-0026,PUR-001394,Purchase,2024-04-03,PTY-0491,Priya Singh Suppliers,480900,86562,567462,Purchase to Priya Singh Suppliers,Posted,2024-04-03,2024-05-01
VCH-1395,COMP-0026,JOU-001395,Journal,2024-06-15,,,13925,0,13925,Journal voucher,Posted,2024-06-15,2024-05-01
VCH-1396,COMP-0026,SAL-001396,Sales,2024-06-18,PTY-0494,Priya Patel Traders,334500,60210,394710,Sales to Priya Patel Traders,Posted,2024-06-18,2024-05-01
VCH-1397,COMP-0026,PUR-001397,Purchase,2024-06-12,PTY-0487,Vikram Patel Traders,1240000,223200,1463200,Purchase to Vikram Patel Traders,Posted,2024-06-12,2024-05-01
VCH-1398,COMP-0026,SAL-001398,Sales,2024-04-02,PTY-0491,Priya Singh Suppliers,126000,22680,148680,Sales to Priya Singh Suppliers,Posted,2024-04-02,2024-05-01
VCH-1399,COMP-0026,PUR-001399,Purchase,2024-05-30,PTY-0486,Rajesh Patel Traders,830000,149400,979400,Purchase to Rajesh Patel Traders,Posted,2024-05-30,2024-05-01
VCH-1400,COMP-0026,SAL-001400,Sales,2024-06-18,PTY-0496,Amit Kumar Distributors,306500,55170,361670,Sales to Amit Kumar Distributors,Posted,2024-06-18,2024-05-01
VCH-1401,COMP-0026,PUR-001401,Purchase,2024-05-23,PTY-0487,Vikram Patel Traders,237500,42750,280250,Purchase to Vikram Patel Traders,Posted,2024-05-23,2024-05-01
VCH-1402,COMP-0026,JOU-001402,Journal,2024-05-10,,,7391,0,7391,Journal voucher,Posted,2024-05-10,2024-05-01
VCH-1403,COMP-0026,SAL-001403,Sales,2024-06-18,PTY-0487,Vikram Patel Traders,1403000,252540,1655540,Sales to Vikram Patel Traders,Posted,2024-06-18,2024-05-01
VCH-1404,COMP-0026,JOU-001404,Journal,2024-06-13,,,18432,0,18432,Journal voucher,Posted,2024-06-13,2024-05-01
VCH-1405,COMP-0026,PUR-001405,Purchase,2024-04-03,PTY-0497,Rajesh Sharma Distributors,168000,30240,198240,Purchase to Rajesh Sharma Distributors,Posted,2024-04-03,2024-05-01
VCH-1406,COMP-0026,PUR-001406,Purchase,2024-04-07,PTY-0496,Amit Kumar Distributors,172500,31050,203550,Purchase to Amit Kumar Distributors,Posted,2024-04-07,2024-05-01
VCH-1407,COMP-0026,SAL-001407,Sales,2024-04-13,PTY-0483,Priya Gupta Traders,2700,486,3186,Sales to Priya Gupta Traders,Posted,2024-04-13,2024-05-01
VCH-1408,COMP-0026,PUR-001408,Purchase,2024-04-08,PTY-0483,Priya Gupta Traders,394500,71010,465510,Purchase to Priya Gupta Traders,Posted,2024-04-08,2024-05-01
VCH-1409,COMP-0026,SAL-001409,Sales,2024-06-06,PTY-0489,Neha Kumar Suppliers,216500,38970,255470,Sales to Neha Kumar Suppliers,Posted,2024-06-06,2024-05-01
VCH-1410,COMP-0026,SAL-001410,Sales,2024-04-05,PTY-0481,Amit Sharma Distributors,345000,62100,407100,Sales to Amit Sharma Distributors,Posted,2024-04-05,2024-05-01
VCH-1411,COMP-0026,SAL-001411,Sales,2024-04-09,PTY-0487,Vikram Patel Traders,558000,100440,658440,Sales to Vikram Patel Traders,Posted,2024-04-09,2024-05-01
VCH-1412,COMP-0026,SAL-001412,Sales,2024-04-15,PTY-0494,Priya Patel Traders,84000,15120,99120,Sales to Priya Patel Traders,Posted,2024-04-15,2024-05-01
VCH-1413,COMP-0026,PUR-001413,Purchase,2024-05-13,PTY-0495,Neha Sharma Suppliers,10500,1890,12390,Purchase to Neha Sharma Suppliers,Posted,2024-05-13,2024-05-01
VCH-1414,COMP-0026,JOU-001414,Journal,2024-04-11,,,24971,0,24971,Journal voucher,Posted,2024-04-11,2024-05-01
VCH-1415,COMP-0026,SAL-001415,Sales,2024-04-09,PTY-0491,Priya Singh Suppliers,1464000,263520,1727520,Sales to Priya Singh Suppliers,Posted,2024-04-09,2024-05-01
VCH-1416,COMP-0026,SAL-001416,Sales,2024-04-29,PTY-0487,Vikram Patel Traders,218500,39330,257830,Sales to Vikram Patel Traders,Posted,2024-04-29,2024-05-01
VCH-1417,COMP-0026,JOU-001417,Journal,2024-04-25,,,10163,0,10163,Journal voucher,Posted,2024-04-25,2024-05-01
VCH-1418,COMP-0026,JOU-001418,Journal,2024-04-05,,,11386,0,11386,Journal voucher,Posted,2024-04-05,2024-05-01
VCH-1419,COMP-0026,SAL-001419,Sales,2024-05-29,PTY-0488,Neha Patel Distributors,395000,71100,466100,Sales to Neha Patel Distributors,Posted,2024-05-29,2024-05-01
VCH-1420,COMP-0026,PUR-001420,Purchase,2024-04-30,PTY-0493,Priya Sharma Distributors,259500,46710,306210,Purchase to Priya Sharma Distributors,Posted,2024-04-30,2024-05-01
VCH-1421,COMP-0026,JOU-001421,Journal,2024-05-19,,,6642,0,6642,Journal voucher,Posted,2024-05-19,2024-05-01
VCH-1422,COMP-0026,SAL-001422,Sales,2024-06-23,PTY-0495,Neha Sharma Suppliers,715000,128700,843700,Sales to Neha Sharma Suppliers,Posted,2024-06-23,2024-05-01
VCH-1423,COMP-0026,JOU-001423,Journal,2024-04-25,,,14899,0,14899,Journal voucher,Posted,2024-04-25,2024-05-01
VCH-1424,COMP-0026,SAL-001424,Sales,2024-05-11,PTY-0487,Vikram Patel Traders,720500,129690,850190,Sales to Vikram Patel Traders,Posted,2024-05-11,2024-05-01
VCH-1425,COMP-0026,SAL-001425,Sales,2024-05-21,PTY-0494,Priya Patel Traders,528000,95040,623040,Sales to Priya Patel Traders,Posted,2024-05-21,2024-05-01
VCH-1426,COMP-0026,JOU-001426,Journal,2024-06-06,,,12660,0,12660,Journal voucher,Posted,2024-06-06,2024-05-01
VCH-1427,COMP-0026,SAL-001427,Sales,2024-04-18,PTY-0490,Rajesh Singh Distributors,340000,61200,401200,Sales to Rajesh Singh Distributors,Posted,2024-04-18,2024-05-01
VCH-1428,COMP-0026,SAL-001428,Sales,2024-04-30,PTY-0486,Rajesh Patel Traders,81800,14724,96524,Sales to Rajesh Patel Traders,Posted,2024-04-30,2024-05-01
VCH-1429,COMP-0026,SAL-001429,Sales,2024-06-28,PTY-0493,Priya Sharma Distributors,483000,86940,569940,Sales to Priya Sharma Distributors,Posted,2024-06-28,2024-05-01
VCH-1430,COMP-0026,JOU-001430,Journal,2024-04-19,,,24977,0,24977,Journal voucher,Posted,2024-04-19,2024-05-01
VCH-1431,COMP-0026,SAL-001431,Sales,2024-05-11,PTY-0481,Amit Sharma Distributors,330000,59400,389400,Sales to Amit Sharma Distributors,Posted,2024-05-11,2024-05-01
VCH-1432,COMP-0026,SAL-001432,Sales,2024-04-27,PTY-0485,Neha Patel Distributors,7500,1350,8850,Sales to Neha Patel Distributors,Posted,2024-04-27,2024-05-01
VCH-1433,COMP-0026,SAL-001433,Sales,2024-06-02,PTY-0480,Neha Kumar Traders,165000,29700,194700,Sales to Neha Kumar Traders,Posted,2024-06-02,2024-05-01
VCH-1434,COMP-0027,PUR-001434,Purchase,2024-04-17,PTY-0505,Neha Singh Distributors,130000,23400,153400,Purchase to Neha Singh Distributors,Posted,2024-04-17,2024-05-01
VCH-1435,COMP-0027,JOU-001435,Journal,2024-05-29,,,10354,0,10354,Journal voucher,Posted,2024-05-29,2024-05-01
VCH-1436,COMP-0027,SAL-001436,Sales,2024-05-08,PTY-0503,Neha Sharma Traders,6300,1134,7434,Sales to Neha Sharma Traders,Posted,2024-05-08,2024-05-01
VCH-1437,COMP-0027,PUR-001437,Purchase,2024-05-04,PTY-0506,Neha Kumar Traders,445400,80172,525572,Purchase to Neha Kumar Traders,Posted,2024-05-04,2024-05-01
VCH-1438,COMP-0027,PUR-001438,Purchase,2024-05-04,PTY-0507,Rajesh Patel Traders,884000,159120,1043120,Purchase to Rajesh Patel Traders,Posted,2024-05-04,2024-05-01
VCH-1439,COMP-0027,JOU-001439,Journal,2024-06-08,,,19441,0,19441,Journal voucher,Posted,2024-06-08,2024-05-01
VCH-1440,COMP-0027,PUR-001440,Purchase,2024-06-26,PTY-0500,Amit Sharma Traders,169500,30510,200010,Purchase to Amit Sharma Traders,Posted,2024-06-26,2024-05-01
VCH-1441,COMP-0027,PUR-001441,Purchase,2024-05-11,PTY-0510,Amit Kumar Suppliers,427500,76950,504450,Purchase to Amit Kumar Suppliers,Posted,2024-05-11,2024-05-01
VCH-1442,COMP-0027,PUR-001442,Purchase,2024-05-02,PTY-0508,Amit Singh Suppliers,1800,324,2124,Purchase to Amit Singh Suppliers,Posted,2024-05-02,2024-05-01
VCH-1443,COMP-0027,SAL-001443,Sales,2024-04-24,PTY-0499,Priya Sharma Distributors,130000,23400,153400,Sales to Priya Sharma Distributors,Posted,2024-04-24,2024-05-01
VCH-1444,COMP-0027,PUR-001444,Purchase,2024-06-07,PTY-0506,Neha Kumar Traders,720000,129600,849600,Purchase to Neha Kumar Traders,Posted,2024-06-07,2024-05-01
VCH-1445,COMP-0027,PUR-001445,Purchase,2024-06-28,PTY-0510,Amit Kumar Suppliers,1105000,198900,1303900,Purchase to Amit Kumar Suppliers,Posted,2024-06-28,2024-05-01
VCH-1446,COMP-0027,SAL-001446,Sales,2024-06-28,PTY-0508,Amit Singh Suppliers,252000,45360,297360,Sales to Amit Singh Suppliers,Posted,2024-06-28,2024-05-01
VCH-1447,COMP-0027,PUR-001447,Purchase,2024-04-14,PTY-0507,Rajesh Patel Traders,777000,139860,916860,Purchase to Rajesh Patel Traders,Posted,2024-04-14,2024-05-01
VCH-1448,COMP-0027,SAL-001448,Sales,2024-04-14,PTY-0500,Amit Sharma Traders,260000,46800,306800,Sales to Amit Sharma Traders,Posted,2024-04-14,2024-05-01
VCH-1449,COMP-0027,PUR-001449,Purchase,2024-06-11,PTY-0500,Amit Sharma Traders,17500,3150,20650,Purchase to Amit Sharma Traders,Posted,2024-06-11,2024-05-01
VCH-1450,COMP-0027,SAL-001450,Sales,2024-04-20,PTY-0504,Amit Patel Distributors,60000,10800,70800,Sales to Amit Patel Distributors,Posted,2024-04-20,2024-05-01
VCH-1451,COMP-0027,JOU-001451,Journal,2024-06-27,,,24369,0,24369,Journal voucher,Posted,2024-06-27,2024-05-01
VCH-1452,COMP-0027,JOU-001452,Journal,2024-04-25,,,5049,0,5049,Journal voucher,Posted,2024-04-25,2024-05-01
VCH-1453,COMP-0027,JOU-001453,Journal,2024-04-26,,,14647,0,14647,Journal voucher,Posted,2024-04-26,2024-05-01
VCH-1454,COMP-0027,JOU-001454,Journal,2024-05-27,,,5606,0,5606,Journal voucher,Posted,2024-05-27,2024-05-01
VCH-1455,COMP-0027,JOU-001455,Journal,2024-06-04,,,21354,0,21354,Journal voucher,Posted,2024-06-04,2024-05-01
VCH-1456,COMP-0027,SAL-001456,Sales,2024-04-02,PTY-0498,Priya Kumar Suppliers,390000,70200,460200,Sales to Priya Kumar Suppliers,Posted,2024-04-02,2024-05-01
VCH-1457,COMP-0027,PUR-001457,Purchase,2024-06-18,PTY-0510,Amit Kumar Suppliers,681000,122580,803580,Purchase to Amit Kumar Suppliers,Posted,2024-06-18,2024-05-01
VCH-1458,COMP-0027,SAL-001458,Sales,2024-06-03,PTY-0509,Vikram Kumar Traders,70000,12600,82600,Sales to Vikram Kumar Traders,Posted,2024-06-03,2024-05-01
VCH-1459,COMP-0027,PUR-001459,Purchase,2024-06-21,PTY-0500,Amit Sharma Traders,487500,87750,575250,Purchase to Amit Sharma Traders,Posted,2024-06-21,2024-05-01
VCH-1460,COMP-0027,PUR-001460,Purchase,2024-06-03,PTY-0510,Amit Kumar Suppliers,252000,45360,297360,Purchase to Amit Kumar Suppliers,Posted,2024-06-03,2024-05-01
VCH-1461,COMP-0027,SAL-001461,Sales,2024-06-12,PTY-0504,Amit Patel Distributors,60000,10800,70800,Sales to Amit Patel Distributors,Posted,2024-06-12,2024-05-01
VCH-1462,COMP-0027,SAL-001462,Sales,2024-06-09,PTY-0510,Amit Kumar Suppliers,457500,82350,539850,Sales to Amit Kumar Suppliers,Posted,2024-06-09,2024-05-01
VCH-1463,COMP-0027,SAL-001463,Sales,2024-06-15,PTY-0499,Priya Sharma Distributors,370000,66600,436600,Sales to Priya Sharma Distributors,Posted,2024-06-15,2024-05-01
VCH-1464,COMP-0027,SAL-001464,Sales,2024-06-15,PTY-0510,Amit Kumar Suppliers,1002700,180486,1183186,Sales to Amit Kumar Suppliers,Posted,2024-06-15,2024-05-01
VCH-1465,COMP-0027,PUR-001465,Purchase,2024-06-22,PTY-0511,Vikram Gupta Distributors,809000,145620,954620,Purchase to Vikram Gupta Distributors,Posted,2024-06-22,2024-05-01
VCH-1466,COMP-0027,PUR-001466,Purchase,2024-05-13,PTY-0507,Rajesh Patel Traders,277000,49860,326860,Purchase to Rajesh Patel Traders,Posted,2024-05-13,2024-05-01
VCH-1467,COMP-0027,PUR-001467,Purchase,2024-04-29,PTY-0510,Amit Kumar Suppliers,325000,58500,383500,Purchase to Amit Kumar Suppliers,Posted,2024-04-29,2024-05-01
VCH-1468,COMP-0027,PUR-001468,Purchase,2024-06-13,PTY-0511,Vikram Gupta Distributors,84000,15120,99120,Purchase to Vikram Gupta Distributors,Posted,2024-06-13,2024-05-01
VCH-1469,COMP-0027,SAL-001469,Sales,2024-06-22,PTY-0511,Vikram Gupta Distributors,165000,29700,194700,Sales to Vikram Gupta Distributors,Posted,2024-06-22,2024-05-01
VCH-1470,COMP-0027,SAL-001470,Sales,2024-04-10,PTY-0502,Neha Patel Traders,574500,103410,677910,Sales to Neha Patel Traders,Posted,2024-04-10,2024-05-01
VCH-1471,COMP-0027,PUR-001471,Purchase,2024-06-08,PTY-0504,Amit Patel Distributors,460000,82800,542800,Purchase to Amit Patel Distributors,Posted,2024-06-08,2024-05-01
VCH-1472,COMP-0027,PUR-001472,Purchase,2024-05-04,PTY-0498,Priya Kumar Suppliers,166500,29970,196470,Purchase to Priya Kumar Suppliers,Posted,2024-05-04,2024-05-01
VCH-1473,COMP-0027,JOU-001473,Journal,2024-04-06,,,10821,0,10821,Journal voucher,Posted,2024-04-06,2024-05-01
VCH-1474,COMP-0027,PUR-001474,Purchase,2024-05-27,PTY-0505,Neha Singh Distributors,21000,3780,24780,Purchase to Neha Singh Distributors,Posted,2024-05-27,2024-05-01
VCH-1475,COMP-0028,PUR-001475,Purchase,2024-05-20,PTY-0522,Amit Gupta Traders,550000,99000,649000,Purchase to Amit Gupta Traders,Posted,2024-05-20,2024-05-01
VCH-1476,COMP-0028,SAL-001476,Sales,2024-04-28,PTY-0518,Neha Patel Distributors,294000,52920,346920,Sales to Neha Patel Distributors,Posted,2024-04-28,2024-05-01
VCH-1477,COMP-0028,SAL-001477,Sales,2024-04-19,PTY-0519,Priya Sharma Traders,325000,58500,383500,Sales to Priya Sharma Traders,Posted,2024-04-19,2024-05-01
VCH-1478,COMP-0028,SAL-001478,Sales,2024-06-28,PTY-0522,Amit Gupta Traders,220000,39600,259600,Sales to Amit Gupta Traders,Posted,2024-06-28,2024-05-01
VCH-1479,COMP-0028,SAL-001479,Sales,2024-04-15,PTY-0528,Rajesh Gupta Suppliers,1284500,231210,1515710,Sales to Rajesh Gupta Suppliers,Posted,2024-04-15,2024-05-01
VCH-1480,COMP-0028,PUR-001480,Purchase,2024-06-15,PTY-0521,Amit Sharma Suppliers,231500,41670,273170,Purchase to Amit Sharma Suppliers,Posted,2024-06-15,2024-05-01
VCH-1481,COMP-0028,SAL-001481,Sales,2024-06-10,PTY-0520,Priya Gupta Traders,14500,2610,17110,Sales to Priya Gupta Traders,Posted,2024-06-10,2024-05-01
VCH-1482,COMP-0028,SAL-001482,Sales,2024-06-30,PTY-0513,Vikram Kumar Traders,888000,159840,1047840,Sales to Vikram Kumar Traders,Posted,2024-06-30,2024-05-01
VCH-1483,COMP-0028,SAL-001483,Sales,2024-06-09,PTY-0516,Vikram Singh Distributors,3500,630,4130,Sales to Vikram Singh Distributors,Posted,2024-06-09,2024-05-01
VCH-1484,COMP-0028,JOU-001484,Journal,2024-05-12,,,13852,0,13852,Journal voucher,Posted,2024-05-12,2024-05-01
VCH-1485,COMP-0028,JOU-001485,Journal,2024-06-07,,,23016,0,23016,Journal voucher,Posted,2024-06-07,2024-05-01
VCH-1486,COMP-0028,PUR-001486,Purchase,2024-05-16,PTY-0518,Neha Patel Distributors,562000,101160,663160,Purchase to Neha Patel Distributors,Posted,2024-05-16,2024-05-01
VCH-1487,COMP-0028,PUR-001487,Purchase,2024-05-21,PTY-0526,Neha Kumar Distributors,6300,1134,7434,Purchase to Neha Kumar Distributors,Posted,2024-05-21,2024-05-01
VCH-1488,COMP-0028,JOU-001488,Journal,2024-05-02,,,10810,0,10810,Journal voucher,Posted,2024-05-02,2024-05-01
VCH-1489,COMP-0028,PUR-001489,Purchase,2024-06-04,PTY-0525,Priya Gupta Traders,990500,178290,1168790,Purchase to Priya Gupta Traders,Posted,2024-06-04,2024-05-01
VCH-1490,COMP-0028,SAL-001490,Sales,2024-06-04,PTY-0516,Vikram Singh Distributors,200500,36090,236590,Sales to Vikram Singh Distributors,Posted,2024-06-04,2024-05-01
VCH-1491,COMP-0028,PUR-001491,Purchase,2024-05-02,PTY-0522,Amit Gupta Traders,130000,23400,153400,Purchase to Amit Gupta Traders,Posted,2024-05-02,2024-05-01
VCH-1492,COMP-0028,SAL-001492,Sales,2024-04-25,PTY-0529,Amit Gupta Traders,480000,86400,566400,Sales to Amit Gupta Traders,Posted,2024-04-25,2024-05-01
VCH-1493,COMP-0028,SAL-001493,Sales,2024-06-17,PTY-0530,Amit Patel Distributors,1407000,253260,1660260,Sales to Amit Patel Distributors,Posted,2024-06-17,2024-05-01
VCH-1494,COMP-0028,JOU-001494,Journal,2024-05-12,,,5648,0,5648,Journal voucher,Posted,2024-05-12,2024-05-01
VCH-1495,COMP-0028,PUR-001495,Purchase,2024-06-01,PTY-0516,Vikram Singh Distributors,420900,75762,496662,Purchase to Vikram Singh Distributors,Posted,2024-06-01,2024-05-01
VCH-1496,COMP-0028,JOU-001496,Journal,2024-06-21,,,22636,0,22636,Journal voucher,Posted,2024-06-21,2024-05-01
VCH-1497,COMP-0028,JOU-001497,Journal,2024-06-23,,,13105,0,13105,Journal voucher,Posted,2024-06-23,2024-05-01
VCH-1498,COMP-0028,SAL-001498,Sales,2024-06-19,PTY-0527,Neha Kumar Suppliers,115400,20772,136172,Sales to Neha Kumar Suppliers,Posted,2024-06-19,2024-05-01
VCH-1499,COMP-0028,PUR-001499,Purchase,2024-06-15,PTY-0530,Amit Patel Distributors,1167000,210060,1377060,Purchase to Amit Patel Distributors,Posted,2024-06-15,2024-05-01
VCH-1500,COMP-0028,JOU-001500,Journal,2024-04-20,,,17349,0,17349,Journal voucher,Posted,2024-04-20,2024-05-01
VCH-1501,COMP-0028,JOU-001501,Journal,2024-06-29,,,18082,0,18082,Journal voucher,Posted,2024-06-29,2024-05-01
VCH-1502,COMP-0028,PUR-001502,Purchase,2024-04-22,PTY-0524,Amit Gupta Traders,612500,110250,722750,Purchase to Amit Gupta Traders,Posted,2024-04-22,2024-05-01
VCH-1503,COMP-0028,PUR-001503,Purchase,2024-06-18,PTY-0518,Neha Patel Distributors,857500,154350,1011850,Purchase to Neha Patel Distributors,Posted,2024-06-18,2024-05-01
VCH-1504,COMP-0028,PUR-001504,Purchase,2024-06-20,PTY-0527,Neha Kumar Suppliers,398500,71730,470230,Purchase to Neha Kumar Suppliers,Posted,2024-06-20,2024-05-01
VCH-1505,COMP-0028,PUR-001505,Purchase,2024-06-20,PTY-0526,Neha Kumar Distributors,825000,148500,973500,Purchase to Neha Kumar Distributors,Posted,2024-06-20,2024-05-01
VCH-1506,COMP-0028,SAL-001506,Sales,2024-06-02,PTY-0513,Vikram Kumar Traders,303200,54576,357776,Sales to Vikram Kumar Traders,Posted,2024-06-02,2024-05-01
VCH-1507,COMP-0028,PUR-001507,Purchase,2024-06-27,PTY-0522,Amit Gupta Traders,495000,89100,584100,Purchase to Amit Gupta Traders,Posted,2024-06-27,2024-05-01
VCH-1508,COMP-0028,PUR-001508,Purchase,2024-04-15,PTY-0520,Priya Gupta Traders,28100,5058,33158,Purchase to Priya Gupta Traders,Posted,2024-04-15,2024-05-01
VCH-1509,COMP-0028,PUR-001509,Purchase,2024-06-14,PTY-0530,Amit Patel Distributors,50000,9000,59000,Purchase to Amit Patel Distributors,Posted,2024-06-14,2024-05-01
VCH-1510,COMP-0028,PUR-001510,Purchase,2024-06-14,PTY-0521,Amit Sharma Suppliers,465500,83790,549290,Purchase to Amit Sharma Suppliers,Posted,2024-06-14,2024-05-01
VCH-1511,COMP-0028,SAL-001511,Sales,2024-04-02,PTY-0518,Neha Patel Distributors,195000,35100,230100,Sales to Neha Patel Distributors,Posted,2024-04-02,2024-05-01
VCH-1512,COMP-0028,SAL-001512,Sales,2024-05-22,PTY-0527,Neha Kumar Suppliers,70000,12600,82600,Sales to Neha Kumar Suppliers,Posted,2024-05-22,2024-05-01
VCH-1513,COMP-0028,PUR-001513,Purchase,2024-05-08,PTY-0514,Rajesh Kumar Suppliers,4500,810,5310,Purchase to Rajesh Kumar Suppliers,Posted,2024-05-08,2024-05-01
VCH-1514,COMP-0028,PUR-001514,Purchase,2024-05-05,PTY-0521,Amit Sharma Suppliers,61000,10980,71980,Purchase to Amit Sharma Suppliers,Posted,2024-05-05,2024-05-01
VCH-1515,COMP-0028,JOU-001515,Journal,2024-06-11,,,23780,0,23780,Journal voucher,Posted,2024-06-11,2024-05-01
VCH-1516,COMP-0028,JOU-001516,Journal,2024-06-25,,,15809,0,15809,Journal voucher,Posted,2024-06-25,2024-05-01
VCH-1517,COMP-0028,PUR-001517,Purchase,2024-05-10,PTY-0530,Amit Patel Distributors,539400,97092,636492,Purchase to Amit Patel Distributors,Posted,2024-05-10,2024-05-01
VCH-1518,COMP-0028,SAL-001518,Sales,2024-05-01,PTY-0527,Neha Kumar Suppliers,71000,12780,83780,Sales to Neha Kumar Suppliers,Posted,2024-05-01,2024-05-01
VCH-1519,COMP-0028,PUR-001519,Purchase,2024-04-06,PTY-0525,Priya Gupta Traders,335000,60300,395300,Purchase to Priya Gupta Traders,Posted,2024-04-06,2024-05-01
VCH-1520,COMP-0028,SAL-001520,Sales,2024-05-16,PTY-0516,Vikram Singh Distributors,1110000,199800,1309800,Sales to Vikram Singh Distributors,Posted,2024-05-16,2024-05-01
VCH-1521,COMP-0028,PUR-001521,Purchase,2024-05-28,PTY-0529,Amit Gupta Traders,685000,123300,808300,Purchase to Amit Gupta Traders,Posted,2024-05-28,2024-05-01
VCH-1522,COMP-0028,JOU-001522,Journal,2024-05-24,,,6144,0,6144,Journal voucher,Posted,2024-05-24,2024-05-01
VCH-1523,COMP-0028,PUR-001523,Purchase,2024-04-15,PTY-0519,Priya Sharma Traders,223500,40230,263730,Purchase to Priya Sharma Traders,Posted,2024-04-15,2024-05-01
VCH-1524,COMP-0028,JOU-001524,Journal,2024-05-05,,,14929,0,14929,Journal voucher,Posted,2024-05-05,2024-05-01
VCH-1525,COMP-0028,PUR-001525,Purchase,2024-04-17,PTY-0514,Rajesh Kumar Suppliers,390400,70272,460672,Purchase to Rajesh Kumar Suppliers,Posted,2024-04-17,2024-05-01
VCH-1526,COMP-0028,JOU-001526,Journal,2024-06-11,,,18135,0,18135,Journal voucher,Posted,2024-06-11,2024-05-01
VCH-1527,COMP-0028,SAL-001527,Sales,2024-04-22,PTY-0514,Rajesh Kumar Suppliers,93000,16740,109740,Sales to Rajesh Kumar Suppliers,Posted,2024-04-22,2024-05-01
VCH-1528,COMP-0028,PUR-001528,Purchase,2024-05-15,PTY-0526,Neha Kumar Distributors,304500,54810,359310,Purchase to Neha Kumar Distributors,Posted,2024-05-15,2024-05-01
VCH-1529,COMP-0028,JOU-001529,Journal,2024-04-24,,,10924,0,10924,Journal voucher,Posted,2024-04-24,2024-05-01
VCH-1530,COMP-0028,SAL-001530,Sales,2024-06-17,PTY-0520,Priya Gupta Traders,440000,79200,519200,Sales to Priya Gupta Traders,Posted,2024-06-17,2024-05-01
VCH-1531,COMP-0028,SAL-001531,Sales,2024-04-04,PTY-0522,Amit Gupta Traders,380000,68400,448400,Sales to Amit Gupta Traders,Posted,2024-04-04,2024-05-01
VCH-1532,COMP-0028,PUR-001532,Purchase,2024-05-18,PTY-0526,Neha Kumar Distributors,388000,69840,457840,Purchase to Neha Kumar Distributors,Posted,2024-05-18,2024-05-01
VCH-1533,COMP-0028,SAL-001533,Sales,2024-05-11,PTY-0515,Rajesh Sharma Distributors,330000,59400,389400,Sales to Rajesh Sharma Distributors,Posted,2024-05-11,2024-05-01
VCH-1534,COMP-0028,SAL-001534,Sales,2024-05-15,PTY-0518,Neha Patel Distributors,281000,50580,331580,Sales to Neha Patel Distributors,Posted,2024-05-15,2024-05-01
VCH-1535,COMP-0028,SAL-001535,Sales,2024-06-24,PTY-0515,Rajesh Sharma Distributors,3600,648,4248,Sales to Rajesh Sharma Distributors,Posted,2024-06-24,2024-05-01
VCH-1536,COMP-0028,SAL-001536,Sales,2024-06-21,PTY-0527,Neha Kumar Suppliers,250000,45000,295000,Sales to Neha Kumar Suppliers,Posted,2024-06-21,2024-05-01
VCH-1537,COMP-0028,SAL-001537,Sales,2024-06-19,PTY-0523,Rajesh Sharma Suppliers,183000,32940,215940,Sales to Rajesh Sharma Suppliers,Posted,2024-06-19,2024-05-01
VCH-1538,COMP-0028,JOU-001538,Journal,2024-06-27,,,9585,0,9585,Journal voucher,Posted,2024-06-27,2024-05-01
VCH-1539,COMP-0029,SAL-001539,Sales,2024-05-22,PTY-0547,Vikram Singh Distributors,29800,5364,35164,Sales to Vikram Singh Distributors,Posted,2024-05-22,2024-05-01
VCH-1540,COMP-0029,SAL-001540,Sales,2024-04-09,PTY-0532,Amit Patel Traders,483500,87030,570530,Sales to Amit Patel Traders,Posted,2024-04-09,2024-05-01
VCH-1541,COMP-0029,SAL-001541,Sales,2024-05-29,PTY-0546,Vikram Gupta Distributors,14000,2520,16520,Sales to Vikram Gupta Distributors,Posted,2024-05-29,2024-05-01
VCH-1542,COMP-0029,JOU-001542,Journal,2024-05-16,,,14750,0,14750,Journal voucher,Posted,2024-05-16,2024-05-01
VCH-1543,COMP-0029,JOU-001543,Journal,2024-06-07,,,14692,0,14692,Journal voucher,Posted,2024-06-07,2024-05-01
VCH-1544,COMP-0029,SAL-001544,Sales,2024-05-30,PTY-0549,Rajesh Kumar Distributors,604500,108810,713310,Sales to Rajesh Kumar Distributors,Posted,2024-05-30,2024-05-01
VCH-1545,COMP-0029,SAL-001545,Sales,2024-06-17,PTY-0541,Vikram Singh Traders,900,162,1062,Sales to Vikram Singh Traders,Posted,2024-06-17,2024-05-01
VCH-1546,COMP-0029,SAL-001546,Sales,2024-04-29,PTY-0547,Vikram Singh Distributors,20000,3600,23600,Sales to Vikram Singh Distributors,Posted,2024-04-29,2024-05-01
VCH-1547,COMP-0029,PUR-001547,Purchase,2024-04-09,PTY-0538,Priya Gupta Suppliers,697500,125550,823050,Purchase to Priya Gupta Suppliers,Posted,2024-04-09,2024-05-01
VCH-1548,COMP-0029,SAL-001548,Sales,2024-06-11,PTY-0536,Amit Gupta Traders,6900,1242,8142,Sales to Amit Gupta Traders,Posted,2024-06-11,2024-05-01
VCH-1549,COMP-0029,JOU-001549,Journal,2024-05-07,,,19247,0,19247,Journal voucher,Posted,2024-05-07,2024-05-01
VCH-1550,COMP-0029,PUR-001550,Purchase,2024-05-11,PTY-0541,Vikram Singh Traders,440000,79200,519200,Purchase to Vikram Singh Traders,Posted,2024-05-11,2024-05-01
VCH-1551,COMP-0029,SAL-001551,Sales,2024-06-28,PTY-0541,Vikram Singh Traders,508900,91602,600502,Sales to Vikram Singh Traders,Posted,2024-06-28,2024-05-01
VCH-1552,COMP-0029,PUR-001552,Purchase,2024-04-13,PTY-0534,Amit Patel Suppliers,44500,8010,52510,Purchase to Amit Patel Suppliers,Posted,2024-04-13,2024-05-01
VCH-1553,COMP-0029,JOU-001553,Journal,2024-05-06,,,21271,0,21271,Journal voucher,Posted,2024-05-06,2024-05-01
VCH-1554,COMP-0029,PUR-001554,Purchase,2024-06-01,PTY-0543,Priya Kumar Suppliers,20000,3600,23600,Purchase to Priya Kumar Suppliers,Posted,2024-06-01,2024-05-01
VCH-1555,COMP-0029,SAL-001555,Sales,2024-05-10,PTY-0543,Priya Kumar Suppliers,385000,69300,454300,Sales to Priya Kumar Suppliers,Posted,2024-05-10,2024-05-01
VCH-1556,COMP-0029,JOU-001556,Journal,2024-06-20,,,13584,0,13584,Journal voucher,Posted,2024-06-20,2024-05-01
VCH-1557,COMP-0029,PUR-001557,Purchase,2024-04-07,PTY-0549,Rajesh Kumar Distributors,81200,14616,95816,Purchase to Rajesh Kumar Distributors,Posted,2024-04-07,2024-05-01
VCH-1558,COMP-0029,PUR-001558,Purchase,2024-04-30,PTY-0548,Neha Patel Distributors,10500,1890,12390,Purchase to Neha Patel Distributors,Posted,2024-04-30,2024-05-01
VCH-1559,COMP-0029,JOU-001559,Journal,2024-04-13,,,22704,0,22704,Journal voucher,Posted,2024-04-13,2024-05-01
VCH-1560,COMP-0029,PUR-001560,Purchase,2024-06-24,PTY-0540,Rajesh Singh Distributors,385000,69300,454300,Purchase to Rajesh Singh Distributors,Posted,2024-06-24,2024-05-01
VCH-1561,COMP-0029,JOU-001561,Journal,2024-05-06,,,21862,0,21862,Journal voucher,Posted,2024-05-06,2024-05-01
VCH-1562,COMP-0029,JOU-001562,Journal,2024-06-19,,,20001,0,20001,Journal voucher,Posted,2024-06-19,2024-05-01
VCH-1563,COMP-0029,SAL-001563,Sales,2024-05-27,PTY-0542,Amit Singh Distributors,13500,2430,15930,Sales to Amit Singh Distributors,Posted,2024-05-27,2024-05-01
VCH-1564,COMP-0029,SAL-001564,Sales,2024-06-15,PTY-0535,Neha Singh Suppliers,7200,1296,8496,Sales to Neha Singh Suppliers,Posted,2024-06-15,2024-05-01
VCH-1565,COMP-0029,PUR-001565,Purchase,2024-06-08,PTY-0551,Rajesh Sharma Distributors,210000,37800,247800,Purchase to Rajesh Sharma Distributors,Posted,2024-06-08,2024-05-01
VCH-1566,COMP-0029,PUR-001566,Purchase,2024-06-07,PTY-0551,Rajesh Sharma Distributors,930900,167562,1098462,Purchase to Rajesh Sharma Distributors,Posted,2024-06-07,2024-05-01
VCH-1567,COMP-0029,JOU-001567,Journal,2024-05-04,,,8240,0,8240,Journal voucher,Posted,2024-05-04,2024-05-01
VCH-1568,COMP-0029,PUR-001568,Purchase,2024-04-27,PTY-0536,Amit Gupta Traders,315000,56700,371700,Purchase to Amit Gupta Traders,Posted,2024-04-27,2024-05-01
VCH-1569,COMP-0029,PUR-001569,Purchase,2024-04-27,PTY-0541,Vikram Singh Traders,223000,40140,263140,Purchase to Vikram Singh Traders,Posted,2024-04-27,2024-05-01
VCH-1570,COMP-0029,JOU-001570,Journal,2024-06-18,,,21111,0,21111,Journal voucher,Posted,2024-06-18,2024-05-01
VCH-1571,COMP-0029,JOU-001571,Journal,2024-05-06,,,16028,0,16028,Journal voucher,Posted,2024-05-06,2024-05-01
VCH-1572,COMP-0029,JOU-001572,Journal,2024-04-03,,,23771,0,23771,Journal voucher,Posted,2024-04-03,2024-05-01
VCH-1573,COMP-0029,PUR-001573,Purchase,2024-04-14,PTY-0549,Rajesh Kumar Distributors,21000,3780,24780,Purchase to Rajesh Kumar Distributors,Posted,2024-04-14,2024-05-01
VCH-1574,COMP-0029,PUR-001574,Purchase,2024-04-19,PTY-0544,Rajesh Singh Suppliers,723000,130140,853140,Purchase to Rajesh Singh Suppliers,Posted,2024-04-19,2024-05-01
VCH-1575,COMP-0029,JOU-001575,Journal,2024-06-20,,,15259,0,15259,Journal voucher,Posted,2024-06-20,2024-05-01
VCH-1576,COMP-0029,JOU-001576,Journal,2024-05-30,,,5389,0,5389,Journal voucher,Posted,2024-05-30,2024-05-01
VCH-1577,COMP-0029,SAL-001577,Sales,2024-04-25,PTY-0543,Priya Kumar Suppliers,110000,19800,129800,Sales to Priya Kumar Suppliers,Posted,2024-04-25,2024-05-01
VCH-1578,COMP-0029,SAL-001578,Sales,2024-06-13,PTY-0549,Rajesh Kumar Distributors,260000,46800,306800,Sales to Rajesh Kumar Distributors,Posted,2024-06-13,2024-05-01
VCH-1579,COMP-0029,SAL-001579,Sales,2024-06-08,PTY-0549,Rajesh Kumar Distributors,582000,104760,686760,Sales to Rajesh Kumar Distributors,Posted,2024-06-08,2024-05-01
VCH-1580,COMP-0029,SAL-001580,Sales,2024-04-16,PTY-0544,Rajesh Singh Suppliers,390000,70200,460200,Sales to Rajesh Singh Suppliers,Posted,2024-04-16,2024-05-01
VCH-1581,COMP-0029,JOU-001581,Journal,2024-06-08,,,21458,0,21458,Journal voucher,Posted,2024-06-08,2024-05-01
VCH-1582,COMP-0030,SAL-001582,Sales,2024-05-07,PTY-0556,Neha Gupta Suppliers,486300,87534,573834,Sales to Neha Gupta Suppliers,Posted,2024-05-07,2024-05-01
VCH-1583,COMP-0030,JOU-001583,Journal,2024-04-09,,,22397,0,22397,Journal voucher,Posted,2024-04-09,2024-05-01
VCH-1584,COMP-0030,SAL-001584,Sales,2024-04-27,PTY-0564,Priya Singh Distributors,1800,324,2124,Sales to Priya Singh Distributors,Posted,2024-04-27,2024-05-01
VCH-1585,COMP-0030,PUR-001585,Purchase,2024-04-28,PTY-0568,Amit Patel Traders,595000,107100,702100,Purchase to Amit Patel Traders,Posted,2024-04-28,2024-05-01
VCH-1586,COMP-0030,SAL-001586,Sales,2024-06-30,PTY-0562,Rajesh Patel Distributors,591000,106380,697380,Sales to Rajesh Patel Distributors,Posted,2024-06-30,2024-05-01
VCH-1587,COMP-0030,SAL-001587,Sales,2024-06-25,PTY-0572,Vikram Gupta Distributors,52000,9360,61360,Sales to Vikram Gupta Distributors,Posted,2024-06-25,2024-05-01
VCH-1588,COMP-0030,SAL-001588,Sales,2024-06-12,PTY-0563,Neha Sharma Distributors,385000,69300,454300,Sales to Neha Sharma Distributors,Posted,2024-06-12,2024-05-01
VCH-1589,COMP-0030,SAL-001589,Sales,2024-05-08,PTY-0573,Neha Sharma Suppliers,676000,121680,797680,Sales to Neha Sharma Suppliers,Posted,2024-05-08,2024-05-01
VCH-1590,COMP-0030,PUR-001590,Purchase,2024-04-24,PTY-0557,Vikram Sharma Traders,499000,89820,588820,Purchase to Vikram Sharma Traders,Posted,2024-04-24,2024-05-01
VCH-1591,COMP-0030,SAL-001591,Sales,2024-05-08,PTY-0554,Amit Sharma Suppliers,120500,21690,142190,Sales to Amit Sharma Suppliers,Posted,2024-05-08,2024-05-01
VCH-1592,COMP-0030,SAL-001592,Sales,2024-04-10,PTY-0555,Priya Kumar Traders,32100,5778,37878,Sales to Priya Kumar Traders,Posted,2024-04-10,2024-05-01
VCH-1593,COMP-0030,JOU-001593,Journal,2024-05-23,,,6404,0,6404,Journal voucher,Posted,2024-05-23,2024-05-01
VCH-1594,COMP-0030,SAL-001594,Sales,2024-04-16,PTY-0573,Neha Sharma Suppliers,327000,58860,385860,Sales to Neha Sharma Suppliers,Posted,2024-04-16,2024-05-01
VCH-1595,COMP-0030,SAL-001595,Sales,2024-05-04,PTY-0565,Vikram Sharma Suppliers,30000,5400,35400,Sales to Vikram Sharma Suppliers,Posted,2024-05-04,2024-05-01
VCH-1596,COMP-0030,JOU-001596,Journal,2024-06-05,,,13627,0,13627,Journal voucher,Posted,2024-06-05,2024-05-01
VCH-1597,COMP-0030,SAL-001597,Sales,2024-06-26,PTY-0555,Priya Kumar Traders,553500,99630,653130,Sales to Priya Kumar Traders,Posted,2024-06-26,2024-05-01
VCH-1598,COMP-0030,JOU-001598,Journal,2024-06-13,,,18709,0,18709,Journal voucher,Posted,2024-06-13,2024-05-01
VCH-1599,COMP-0030,SAL-001599,Sales,2024-05-22,PTY-0573,Neha Sharma Suppliers,936000,168480,1104480,Sales to Neha Sharma Suppliers,Posted,2024-05-22,2024-05-01
VCH-1600,COMP-0030,JOU-001600,Journal,2024-05-11,,,16488,0,16488,Journal voucher,Posted,2024-05-11,2024-05-01
VCH-1601,COMP-0030,SAL-001601,Sales,2024-06-30,PTY-0562,Rajesh Patel Distributors,171200,30816,202016,Sales to Rajesh Patel Distributors,Posted,2024-06-30,2024-05-01
VCH-1602,COMP-0030,JOU-001602,Journal,2024-05-05,,,5697,0,5697,Journal voucher,Posted,2024-05-05,2024-05-01
VCH-1603,COMP-0030,JOU-001603,Journal,2024-06-10,,,8926,0,8926,Journal voucher,Posted,2024-06-10,2024-05-01
VCH-1604,COMP-0030,JOU-001604,Journal,2024-05-20,,,13879,0,13879,Journal voucher,Posted,2024-05-20,2024-05-01
VCH-1605,COMP-0030,SAL-001605,Sales,2024-04-26,PTY-0558,Priya Sharma Distributors,672000,120960,792960,Sales to Priya Sharma Distributors,Posted,2024-04-26,2024-05-01
VCH-1606,COMP-0030,PUR-001606,Purchase,2024-05-27,PTY-0563,Neha Sharma Distributors,1287500,231750,1519250,Purchase to Neha Sharma Distributors,Posted,2024-05-27,2024-05-01
VCH-1607,COMP-0030,SAL-001607,Sales,2024-05-28,PTY-0560,Vikram Sharma Traders,120000,21600,141600,Sales to Vikram Sharma Traders,Posted,2024-05-28,2024-05-01
VCH-1608,COMP-0030,SAL-001608,Sales,2024-06-17,PTY-0555,Priya Kumar Traders,150000,27000,177000,Sales to Priya Kumar Traders,Posted,2024-06-17,2024-05-01
VCH-1609,COMP-0030,SAL-001609,Sales,2024-06-09,PTY-0556,Neha Gupta Suppliers,265000,47700,312700,Sales to Neha Gupta Suppliers,Posted,2024-06-09,2024-05-01
VCH-1610,COMP-0030,PUR-001610,Purchase,2024-04-09,PTY-0557,Vikram Sharma Traders,55000,9900,64900,Purchase to Vikram Sharma Traders,Posted,2024-04-09,2024-05-01
VCH-1611,COMP-0030,SAL-001611,Sales,2024-06-23,PTY-0566,Neha Sharma Distributors,325000,58500,383500,Sales to Neha Sharma Distributors,Posted,2024-06-23,2024-05-01
VCH-1612,COMP-0030,SAL-001612,Sales,2024-05-06,PTY-0553,Rajesh Kumar Traders,493600,88848,582448,Sales to Rajesh Kumar Traders,Posted,2024-05-06,2024-05-01
VCH-1613,COMP-0030,JOU-001613,Journal,2024-05-18,,,12870,0,12870,Journal voucher,Posted,2024-05-18,2024-05-01
VCH-1614,COMP-0030,PUR-001614,Purchase,2024-04-08,PTY-0571,Priya Kumar Traders,375000,67500,442500,Purchase to Priya Kumar Traders,Posted,2024-04-08,2024-05-01
VCH-1615,COMP-0030,JOU-001615,Journal,2024-06-09,,,5922,0,5922,Journal voucher,Posted,2024-06-09,2024-05-01
VCH-1616,COMP-0030,JOU-001616,Journal,2024-04-20,,,13380,0,13380,Journal voucher,Posted,2024-04-20,2024-05-01
VCH-1617,COMP-0030,SAL-001617,Sales,2024-04-27,PTY-0563,Neha Sharma Distributors,4500,810,5310,Sales to Neha Sharma Distributors,Posted,2024-04-27,2024-05-01
VCH-1618,COMP-0030,SAL-001618,Sales,2024-04-19,PTY-0552,Rajesh Kumar Distributors,924000,166320,1090320,Sales to Rajesh Kumar Distributors,Posted,2024-04-19,2024-05-01
VCH-1619,COMP-0030,PUR-001619,Purchase,2024-04-14,PTY-0571,Priya Kumar Traders,260000,46800,306800,Purchase to Priya Kumar Traders,Posted,2024-04-14,2024-05-01
VCH-1620,COMP-0030,SAL-001620,Sales,2024-05-10,PTY-0565,Vikram Sharma Suppliers,40000,7200,47200,Sales to Vikram Sharma Suppliers,Posted,2024-05-10,2024-05-01
VCH-1621,COMP-0030,PUR-001621,Purchase,2024-04-07,PTY-0556,Neha Gupta Suppliers,41400,7452,48852,Purchase to Neha Gupta Suppliers,Posted,2024-04-07,2024-05-01
VCH-1622,COMP-0030,SAL-001622,Sales,2024-04-05,PTY-0562,Rajesh Patel Distributors,70000,12600,82600,Sales to Rajesh Patel Distributors,Posted,2024-04-05,2024-05-01
VCH-1623,COMP-0031,SAL-001623,Sales,2024-04-18,PTY-0585,Vikram Patel Suppliers,10000,1800,11800,Sales to Vikram Patel Suppliers,Posted,2024-04-18,2024-05-01
VCH-1624,COMP-0031,SAL-001624,Sales,2024-04-02,PTY-0589,Vikram Sharma Traders,530600,95508,626108,Sales to Vikram Sharma Traders,Posted,2024-04-02,2024-05-01
VCH-1625,COMP-0031,SAL-001625,Sales,2024-04-18,PTY-0574,Priya Patel Suppliers,3600,648,4248,Sales to Priya Patel Suppliers,Posted,2024-04-18,2024-05-01
VCH-1626,COMP-0031,PUR-001626,Purchase,2024-06-18,PTY-0580,Amit Sharma Suppliers,2700,486,3186,Purchase to Amit Sharma Suppliers,Posted,2024-06-18,2024-05-01
VCH-1627,COMP-0031,SAL-001627,Sales,2024-04-21,PTY-0580,Amit Sharma Suppliers,234500,42210,276710,Sales to Amit Sharma Suppliers,Posted,2024-04-21,2024-05-01
VCH-1628,COMP-0031,SAL-001628,Sales,2024-06-03,PTY-0577,Vikram Sharma Suppliers,330000,59400,389400,Sales to Vikram Sharma Suppliers,Posted,2024-06-03,2024-05-01
VCH-1629,COMP-0031,JOU-001629,Journal,2024-06-30,,,18353,0,18353,Journal voucher,Posted,2024-06-30,2024-05-01
VCH-1630,COMP-0031,SAL-001630,Sales,2024-06-03,PTY-0579,Priya Kumar Traders,112200,20196,132396,Sales to Priya Kumar Traders,Posted,2024-06-03,2024-05-01
VCH-1631,COMP-0031,SAL-001631,Sales,2024-05-10,PTY-0575,Rajesh Kumar Suppliers,600000,108000,708000,Sales to Rajesh Kumar Suppliers,Posted,2024-05-10,2024-05-01
VCH-1632,COMP-0031,JOU-001632,Journal,2024-05-08,,,9317,0,9317,Journal voucher,Posted,2024-05-08,2024-05-01
VCH-1633,COMP-0031,SAL-001633,Sales,2024-05-17,PTY-0586,Amit Singh Distributors,252000,45360,297360,Sales to Amit Singh Distributors,Posted,2024-05-17,2024-05-01
VCH-1634,COMP-0031,SAL-001634,Sales,2024-04-24,PTY-0582,Priya Singh Suppliers,42000,7560,49560,Sales to Priya Singh Suppliers,Posted,2024-04-24,2024-05-01
VCH-1635,COMP-0031,SAL-001635,Sales,2024-06-14,PTY-0588,Vikram Sharma Traders,82000,14760,96760,Sales to Vikram Sharma Traders,Posted,2024-06-14,2024-05-01
VCH-1636,COMP-0031,SAL-001636,Sales,2024-06-26,PTY-0585,Vikram Patel Suppliers,1125000,202500,1327500,Sales to Vikram Patel Suppliers,Posted,2024-06-26,2024-05-01
VCH-1637,COMP-0031,SAL-001637,Sales,2024-05-23,PTY-0588,Vikram Sharma Traders,511000,91980,602980,Sales to Vikram Sharma Traders,Posted,2024-05-23,2024-05-01
VCH-1638,COMP-0031,SAL-001638,Sales,2024-06-28,PTY-0585,Vikram Patel Suppliers,10000,1800,11800,Sales to Vikram Patel Suppliers,Posted,2024-06-28,2024-05-01
VCH-1639,COMP-0031,SAL-001639,Sales,2024-04-17,PTY-0577,Vikram Sharma Suppliers,389500,70110,459610,Sales to Vikram Sharma Suppliers,Posted,2024-04-17,2024-05-01
VCH-1640,COMP-0031,JOU-001640,Journal,2024-06-09,,,14356,0,14356,Journal voucher,Posted,2024-06-09,2024-05-01
VCH-1641,COMP-0031,PUR-001641,Purchase,2024-05-03,PTY-0587,Priya Gupta Distributors,429000,77220,506220,Purchase to Priya Gupta Distributors,Posted,2024-05-03,2024-05-01
VCH-1642,COMP-0031,PUR-001642,Purchase,2024-04-02,PTY-0582,Priya Singh Suppliers,220900,39762,260662,Purchase to Priya Singh Suppliers,Posted,2024-04-02,2024-05-01
VCH-1643,COMP-0031,JOU-001643,Journal,2024-05-27,,,23267,0,23267,Journal voucher,Posted,2024-05-27,2024-05-01
VCH-1644,COMP-0031,SAL-001644,Sales,2024-06-12,PTY-0575,Rajesh Kumar Suppliers,404000,72720,476720,Sales to Rajesh Kumar Suppliers,Posted,2024-06-12,2024-05-01
VCH-1645,COMP-0031,SAL-001645,Sales,2024-05-09,PTY-0586,Amit Singh Distributors,489900,88182,578082,Sales to Amit Singh Distributors,Posted,2024-05-09,2024-05-01
VCH-1646,COMP-0031,SAL-001646,Sales,2024-04-30,PTY-0582,Priya Singh Suppliers,415000,74700,489700,Sales to Priya Singh Suppliers,Posted,2024-04-30,2024-05-01
VCH-1647,COMP-0031,PUR-001647,Purchase,2024-04-29,PTY-0590,Neha Patel Suppliers,189500,34110,223610,Purchase to Neha Patel Suppliers,Posted,2024-04-29,2024-05-01
VCH-1648,COMP-0031,JOU-001648,Journal,2024-04-19,,,5318,0,5318,Journal voucher,Posted,2024-04-19,2024-05-01
VCH-1649,COMP-0031,JOU-001649,Journal,2024-04-09,,,11530,0,11530,Journal voucher,Posted,2024-04-09,2024-05-01
VCH-1650,COMP-0031,JOU-001650,Journal,2024-06-27,,,9862,0,9862,Journal voucher,Posted,2024-06-27,2024-05-01
VCH-1651,COMP-0031,JOU-001651,Journal,2024-05-16,,,5048,0,5048,Journal voucher,Posted,2024-05-16,2024-05-01
VCH-1652,COMP-0031,SAL-001652,Sales,2024-04-28,PTY-0574,Priya Patel Suppliers,10500,1890,12390,Sales to Priya Patel Suppliers,Posted,2024-04-28,2024-05-01
VCH-1653,COMP-0031,JOU-001653,Journal,2024-05-02,,,18215,0,18215,Journal voucher,Posted,2024-05-02,2024-05-01
VCH-1654,COMP-0031,PUR-001654,Purchase,2024-05-01,PTY-0574,Priya Patel Suppliers,3000,540,3540,Purchase to Priya Patel Suppliers,Posted,2024-05-01,2024-05-01
VCH-1655,COMP-0031,SAL-001655,Sales,2024-04-16,PTY-0586,Amit Singh Distributors,130000,23400,153400,Sales to Amit Singh Distributors,Posted,2024-04-16,2024-05-01
VCH-1656,COMP-0031,PUR-001656,Purchase,2024-05-20,PTY-0578,Priya Sharma Distributors,336000,60480,396480,Purchase to Priya Sharma Distributors,Posted,2024-05-20,2024-05-01
VCH-1657,COMP-0031,JOU-001657,Journal,2024-04-26,,,24070,0,24070,Journal voucher,Posted,2024-04-26,2024-05-01
VCH-1658,COMP-0031,SAL-001658,Sales,2024-06-19,PTY-0574,Priya Patel Suppliers,399200,71856,471056,Sales to Priya Patel Suppliers,Posted,2024-06-19,2024-05-01
VCH-1659,COMP-0031,SAL-001659,Sales,2024-05-04,PTY-0575,Rajesh Kumar Suppliers,325000,58500,383500,Sales to Rajesh Kumar Suppliers,Posted,2024-05-04,2024-05-01
VCH-1660,COMP-0031,SAL-001660,Sales,2024-06-27,PTY-0587,Priya Gupta Distributors,220000,39600,259600,Sales to Priya Gupta Distributors,Posted,2024-06-27,2024-05-01
VCH-1661,COMP-0031,SAL-001661,Sales,2024-05-28,PTY-0577,Vikram Sharma Suppliers,737500,132750,870250,Sales to Vikram Sharma Suppliers,Posted,2024-05-28,2024-05-01
VCH-1662,COMP-0031,SAL-001662,Sales,2024-06-04,PTY-0583,Rajesh Gupta Distributors,260000,46800,306800,Sales to Rajesh Gupta Distributors,Posted,2024-06-04,2024-05-01
VCH-1663,COMP-0031,SAL-001663,Sales,2024-06-21,PTY-0574,Priya Patel Suppliers,14000,2520,16520,Sales to Priya Patel Suppliers,Posted,2024-06-21,2024-05-01
VCH-1664,COMP-0031,JOU-001664,Journal,2024-05-12,,,14100,0,14100,Journal voucher,Posted,2024-05-12,2024-05-01
VCH-1665,COMP-0031,SAL-001665,Sales,2024-05-23,PTY-0584,Neha Sharma Distributors,285500,51390,336890,Sales to Neha Sharma Distributors,Posted,2024-05-23,2024-05-01
VCH-1666,COMP-0031,PUR-001666,Purchase,2024-05-26,PTY-0575,Rajesh Kumar Suppliers,195000,35100,230100,Purchase to Rajesh Kumar Suppliers,Posted,2024-05-26,2024-05-01
VCH-1667,COMP-0031,JOU-001667,Journal,2024-05-05,,,5525,0,5525,Journal voucher,Posted,2024-05-05,2024-05-01
VCH-1668,COMP-0031,JOU-001668,Journal,2024-06-30,,,8001,0,8001,Journal voucher,Posted,2024-06-30,2024-05-01
VCH-1669,COMP-0031,PUR-001669,Purchase,2024-04-18,PTY-0590,Neha Patel Suppliers,620000,111600,731600,Purchase to Neha Patel Suppliers,Posted,2024-04-18,2024-05-01
VCH-1670,COMP-0031,SAL-001670,Sales,2024-04-19,PTY-0585,Vikram Patel Suppliers,668700,120366,789066,Sales to Vikram Patel Suppliers,Posted,2024-04-19,2024-05-01
VCH-1671,COMP-0031,JOU-001671,Journal,2024-04-30,,,16747,0,16747,Journal voucher,Posted,2024-04-30,2024-05-01
VCH-1672,COMP-0031,SAL-001672,Sales,2024-05-23,PTY-0581,Priya Kumar Suppliers,325900,58662,384562,Sales to Priya Kumar Suppliers,Posted,2024-05-23,2024-05-01
VCH-1673,COMP-0031,SAL-001673,Sales,2024-04-12,PTY-0577,Vikram Sharma Suppliers,238500,42930,281430,Sales to Vikram Sharma Suppliers,Posted,2024-04-12,2024-05-01
VCH-1674,COMP-0031,SAL-001674,Sales,2024-06-20,PTY-0584,Neha Sharma Distributors,565000,101700,666700,Sales to Neha Sharma Distributors,Posted,2024-06-20,2024-05-01
VCH-1675,COMP-0031,SAL-001675,Sales,2024-04-05,PTY-0579,Priya Kumar Traders,325000,58500,383500,Sales to Priya Kumar Traders,Posted,2024-04-05,2024-05-01
VCH-1676,COMP-0031,PUR-001676,Purchase,2024-05-25,PTY-0575,Rajesh Kumar Suppliers,168000,30240,198240,Purchase to Rajesh Kumar Suppliers,Posted,2024-05-25,2024-05-01
VCH-1677,COMP-0031,SAL-001677,Sales,2024-06-06,PTY-0576,Amit Gupta Suppliers,165000,29700,194700,Sales to Amit Gupta Suppliers,Posted,2024-06-06,2024-05-01
VCH-1678,COMP-0031,JOU-001678,Journal,2024-04-26,,,9166,0,9166,Journal voucher,Posted,2024-04-26,2024-05-01
VCH-1679,COMP-0031,SAL-001679,Sales,2024-04-09,PTY-0578,Priya Sharma Distributors,330000,59400,389400,Sales to Priya Sharma Distributors,Posted,2024-04-09,2024-05-01
VCH-1680,COMP-0031,PUR-001680,Purchase,2024-04-02,PTY-0587,Priya Gupta Distributors,617500,111150,728650,Purchase to Priya Gupta Distributors,Posted,2024-04-02,2024-05-01
VCH-1681,COMP-0031,JOU-001681,Journal,2024-05-19,,,15009,0,15009,Journal voucher,Posted,2024-05-19,2024-05-01
VCH-1682,COMP-0031,JOU-001682,Journal,2024-04-19,,,18728,0,18728,Journal voucher,Posted,2024-04-19,2024-05-01
VCH-1683,COMP-0031,SAL-001683,Sales,2024-06-21,PTY-0574,Priya Patel Suppliers,330000,59400,389400,Sales to Priya Patel Suppliers,Posted,2024-06-21,2024-05-01
VCH-1684,COMP-0031,SAL-001684,Sales,2024-05-01,PTY-0589,Vikram Sharma Traders,641000,115380,756380,Sales to Vikram Sharma Traders,Posted,2024-05-01,2024-05-01
VCH-1685,COMP-0031,PUR-001685,Purchase,2024-05-15,PTY-0587,Priya Gupta Distributors,6300,1134,7434,Purchase to Priya Gupta Distributors,Posted,2024-05-15,2024-05-01
VCH-1686,COMP-0032,SAL-001686,Sales,2024-04-22,PTY-0601,Priya Patel Traders,336000,60480,396480,Sales to Priya Patel Traders,Posted,2024-04-22,2024-05-01
VCH-1687,COMP-0032,JOU-001687,Journal,2024-06-25,,,17918,0,17918,Journal voucher,Posted,2024-06-25,2024-05-01
VCH-1688,COMP-0032,PUR-001688,Purchase,2024-04-01,PTY-0604,Amit Sharma Suppliers,83200,14976,98176,Purchase to Amit Sharma Suppliers,Posted,2024-04-01,2024-05-01
VCH-1689,COMP-0032,JOU-001689,Journal,2024-05-06,,,19481,0,19481,Journal voucher,Posted,2024-05-06,2024-05-01
VCH-1690,COMP-0032,PUR-001690,Purchase,2024-06-09,PTY-0599,Vikram Kumar Suppliers,232700,41886,274586,Purchase to Vikram Kumar Suppliers,Posted,2024-06-09,2024-05-01
VCH-1691,COMP-0032,SAL-001691,Sales,2024-06-21,PTY-0591,Vikram Singh Suppliers,20000,3600,23600,Sales to Vikram Singh Suppliers,Posted,2024-06-21,2024-05-01
VCH-1692,COMP-0032,SAL-001692,Sales,2024-06-05,PTY-0609,Amit Patel Distributors,333000,59940,392940,Sales to Amit Patel Distributors,Posted,2024-06-05,2024-05-01
VCH-1693,COMP-0032,JOU-001693,Journal,2024-05-11,,,11864,0,11864,Journal voucher,Posted,2024-05-11,2024-05-01
VCH-1694,COMP-0032,SAL-001694,Sales,2024-04-07,PTY-0604,Amit Sharma Suppliers,504000,90720,594720,Sales to Amit Sharma Suppliers,Posted,2024-04-07,2024-05-01
VCH-1695,COMP-0032,PUR-001695,Purchase,2024-06-21,PTY-0599,Vikram Kumar Suppliers,144400,25992,170392,Purchase to Vikram Kumar Suppliers,Posted,2024-06-21,2024-05-01
VCH-1696,COMP-0032,PUR-001696,Purchase,2024-05-22,PTY-0599,Vikram Kumar Suppliers,122000,21960,143960,Purchase to Vikram Kumar Suppliers,Posted,2024-05-22,2024-05-01
VCH-1697,COMP-0032,PUR-001697,Purchase,2024-04-26,PTY-0593,Vikram Patel Suppliers,268300,48294,316594,Purchase to Vikram Patel Suppliers,Posted,2024-04-26,2024-05-01
VCH-1698,COMP-0032,SAL-001698,Sales,2024-05-10,PTY-0612,Neha Gupta Traders,344500,62010,406510,Sales to Neha Gupta Traders,Posted,2024-05-10,2024-05-01
VCH-1699,COMP-0032,SAL-001699,Sales,2024-06-08,PTY-0603,Priya Singh Suppliers,460000,82800,542800,Sales to Priya Singh Suppliers,Posted,2024-06-08,2024-05-01
VCH-1700,COMP-0032,JOU-001700,Journal,2024-04-13,,,10955,0,10955,Journal voucher,Posted,2024-04-13,2024-05-01
VCH-1701,COMP-0032,JOU-001701,Journal,2024-04-21,,,17159,0,17159,Journal voucher,Posted,2024-04-21,2024-05-01
VCH-1702,COMP-0032,PUR-001702,Purchase,2024-04-26,PTY-0599,Vikram Kumar Suppliers,168000,30240,198240,Purchase to Vikram Kumar Suppliers,Posted,2024-04-26,2024-05-01
VCH-1703,COMP-0032,SAL-001703,Sales,2024-04-04,PTY-0603,Priya Singh Suppliers,385000,69300,454300,Sales to Priya Singh Suppliers,Posted,2024-04-04,2024-05-01
VCH-1704,COMP-0032,JOU-001704,Journal,2024-04-01,,,12855,0,12855,Journal voucher,Posted,2024-04-01,2024-05-01
VCH-1705,COMP-0032,SAL-001705,Sales,2024-04-19,PTY-0611,Amit Sharma Traders,235900,42462,278362,Sales to Amit Sharma Traders,Posted,2024-04-19,2024-05-01
VCH-1706,COMP-0032,SAL-001706,Sales,2024-06-29,PTY-0610,Vikram Sharma Traders,133000,23940,156940,Sales to Vikram Sharma Traders,Posted,2024-06-29,2024-05-01
VCH-1707,COMP-0032,SAL-001707,Sales,2024-05-06,PTY-0591,Vikram Singh Suppliers,440000,79200,519200,Sales to Vikram Singh Suppliers,Posted,2024-05-06,2024-05-01
VCH-1708,COMP-0032,SAL-001708,Sales,2024-04-15,PTY-0606,Vikram Gupta Distributors,405900,73062,478962,Sales to Vikram Gupta Distributors,Posted,2024-04-15,2024-05-01
VCH-1709,COMP-0032,JOU-001709,Journal,2024-06-20,,,10098,0,10098,Journal voucher,Posted,2024-06-20,2024-05-01
VCH-1710,COMP-0032,JOU-001710,Journal,2024-06-27,,,6668,0,6668,Journal voucher,Posted,2024-06-27,2024-05-01
VCH-1711,COMP-0032,PUR-001711,Purchase,2024-04-13,PTY-0600,Neha Sharma Suppliers,28900,5202,34102,Purchase to Neha Sharma Suppliers,Posted,2024-04-13,2024-05-01
VCH-1712,COMP-0032,SAL-001712,Sales,2024-04-10,PTY-0605,Vikram Kumar Distributors,367000,66060,433060,Sales to Vikram Kumar Distributors,Posted,2024-04-10,2024-05-01
VCH-1713,COMP-0032,PUR-001713,Purchase,2024-04-03,PTY-0596,Rajesh Kumar Distributors,173700,31266,204966,Purchase to Rajesh Kumar Distributors,Posted,2024-04-03,2024-05-01
VCH-1714,COMP-0032,PUR-001714,Purchase,2024-05-30,PTY-0592,Vikram Patel Traders,1296800,233424,1530224,Purchase to Vikram Patel Traders,Posted,2024-05-30,2024-05-01
VCH-1715,COMP-0032,PUR-001715,Purchase,2024-04-04,PTY-0607,Neha Sharma Traders,2700,486,3186,Purchase to Neha Sharma Traders,Posted,2024-04-04,2024-05-01
VCH-1716,COMP-0032,JOU-001716,Journal,2024-04-17,,,24520,0,24520,Journal voucher,Posted,2024-04-17,2024-05-01
VCH-1717,COMP-0032,PUR-001717,Purchase,2024-05-03,PTY-0594,Vikram Sharma Traders,816900,147042,963942,Purchase to Vikram Sharma Traders,Posted,2024-05-03,2024-05-01
VCH-1718,COMP-0032,PUR-001718,Purchase,2024-05-24,PTY-0594,Vikram Sharma Traders,210000,37800,247800,Purchase to Vikram Sharma Traders,Posted,2024-05-24,2024-05-01
VCH-1719,COMP-0032,SAL-001719,Sales,2024-06-10,PTY-0608,Rajesh Singh Suppliers,4400,792,5192,Sales to Rajesh Singh Suppliers,Posted,2024-06-10,2024-05-01
VCH-1720,COMP-0032,PUR-001720,Purchase,2024-04-22,PTY-0612,Neha Gupta Traders,774000,139320,913320,Purchase to Neha Gupta Traders,Posted,2024-04-22,2024-05-01
VCH-1721,COMP-0032,SAL-001721,Sales,2024-04-24,PTY-0594,Vikram Sharma Traders,515000,92700,607700,Sales to Vikram Sharma Traders,Posted,2024-04-24,2024-05-01
VCH-1722,COMP-0032,SAL-001722,Sales,2024-05-29,PTY-0612,Neha Gupta Traders,580000,104400,684400,Sales to Neha Gupta Traders,Posted,2024-05-29,2024-05-01
VCH-1723,COMP-0032,PUR-001723,Purchase,2024-04-09,PTY-0594,Vikram Sharma Traders,10500,1890,12390,Purchase to Vikram Sharma Traders,Posted,2024-04-09,2024-05-01
VCH-1724,COMP-0032,SAL-001724,Sales,2024-04-12,PTY-0594,Vikram Sharma Traders,469000,84420,553420,Sales to Vikram Sharma Traders,Posted,2024-04-12,2024-05-01
VCH-1725,COMP-0032,PUR-001725,Purchase,2024-04-01,PTY-0591,Vikram Singh Suppliers,720000,129600,849600,Purchase to Vikram Singh Suppliers,Posted,2024-04-01,2024-05-01
VCH-1726,COMP-0032,JOU-001726,Journal,2024-04-06,,,22127,0,22127,Journal voucher,Posted,2024-04-06,2024-05-01
VCH-1727,COMP-0032,SAL-001727,Sales,2024-04-21,PTY-0597,Vikram Sharma Distributors,1040000,187200,1227200,Sales to Vikram Sharma Distributors,Posted,2024-04-21,2024-05-01
VCH-1728,COMP-0032,SAL-001728,Sales,2024-06-04,PTY-0591,Vikram Singh Suppliers,110000,19800,129800,Sales to Vikram Singh Suppliers,Posted,2024-06-04,2024-05-01
VCH-1729,COMP-0032,PUR-001729,Purchase,2024-05-25,PTY-0593,Vikram Patel Suppliers,14000,2520,16520,Purchase to Vikram Patel Suppliers,Posted,2024-05-25,2024-05-01
VCH-1730,COMP-0032,SAL-001730,Sales,2024-04-06,PTY-0602,Rajesh Sharma Traders,80000,14400,94400,Sales to Rajesh Sharma Traders,Posted,2024-04-06,2024-05-01
VCH-1731,COMP-0032,JOU-001731,Journal,2024-05-17,,,23024,0,23024,Journal voucher,Posted,2024-05-17,2024-05-01
VCH-1732,COMP-0032,SAL-001732,Sales,2024-06-29,PTY-0598,Rajesh Gupta Suppliers,14000,2520,16520,Sales to Rajesh Gupta Suppliers,Posted,2024-06-29,2024-05-01
VCH-1733,COMP-0032,PUR-001733,Purchase,2024-05-10,PTY-0593,Vikram Patel Suppliers,3500,630,4130,Purchase to Vikram Patel Suppliers,Posted,2024-05-10,2024-05-01
VCH-1734,COMP-0032,JOU-001734,Journal,2024-04-16,,,14048,0,14048,Journal voucher,Posted,2024-04-16,2024-05-01
VCH-1735,COMP-0032,SAL-001735,Sales,2024-05-24,PTY-0595,Neha Singh Distributors,63000,11340,74340,Sales to Neha Singh Distributors,Posted,2024-05-24,2024-05-01
VCH-1736,COMP-0032,SAL-001736,Sales,2024-05-31,PTY-0601,Priya Patel Traders,446000,80280,526280,Sales to Priya Patel Traders,Posted,2024-05-31,2024-05-01
VCH-1737,COMP-0032,SAL-001737,Sales,2024-06-03,PTY-0594,Vikram Sharma Traders,720000,129600,849600,Sales to Vikram Sharma Traders,Posted,2024-06-03,2024-05-01
VCH-1738,COMP-0032,PUR-001738,Purchase,2024-06-12,PTY-0594,Vikram Sharma Traders,395500,71190,466690,Purchase to Vikram Sharma Traders,Posted,2024-06-12,2024-05-01
VCH-1739,COMP-0032,SAL-001739,Sales,2024-06-21,PTY-0612,Neha Gupta Traders,213300,38394,251694,Sales to Neha Gupta Traders,Posted,2024-06-21,2024-05-01
VCH-1740,COMP-0032,JOU-001740,Journal,2024-05-08,,,19258,0,19258,Journal voucher,Posted,2024-05-08,2024-05-01
VCH-1741,COMP-0032,PUR-001741,Purchase,2024-05-06,PTY-0605,Vikram Kumar Distributors,382000,68760,450760,Purchase to Vikram Kumar Distributors,Posted,2024-05-06,2024-05-01
VCH-1742,COMP-0032,SAL-001742,Sales,2024-05-27,PTY-0605,Vikram Kumar Distributors,520000,93600,613600,Sales to Vikram Kumar Distributors,Posted,2024-05-27,2024-05-01
VCH-1743,COMP-0033,SAL-001743,Sales,2024-05-17,PTY-0621,Neha Kumar Traders,483900,87102,571002,Sales to Neha Kumar Traders,Posted,2024-05-17,2024-05-01
VCH-1744,COMP-0033,SAL-001744,Sales,2024-06-02,PTY-0620,Rajesh Singh Suppliers,1009000,181620,1190620,Sales to Rajesh Singh Suppliers,Posted,2024-06-02,2024-05-01
VCH-1745,COMP-0033,JOU-001745,Journal,2024-06-04,,,20041,0,20041,Journal voucher,Posted,2024-06-04,2024-05-01
VCH-1746,COMP-0033,SAL-001746,Sales,2024-05-20,PTY-0618,Amit Kumar Suppliers,415000,74700,489700,Sales to Amit Kumar Suppliers,Posted,2024-05-20,2024-05-01
VCH-1747,COMP-0033,SAL-001747,Sales,2024-05-28,PTY-0622,Rajesh Kumar Distributors,6300,1134,7434,Sales to Rajesh Kumar Distributors,Posted,2024-05-28,2024-05-01
VCH-1748,COMP-0033,SAL-001748,Sales,2024-05-25,PTY-0613,Rajesh Sharma Traders,990000,178200,1168200,Sales to Rajesh Sharma Traders,Posted,2024-05-25,2024-05-01
VCH-1749,COMP-0033,JOU-001749,Journal,2024-04-09,,,11767,0,11767,Journal voucher,Posted,2024-04-09,2024-05-01
VCH-1750,COMP-0033,JOU-001750,Journal,2024-04-27,,,18136,0,18136,Journal voucher,Posted,2024-04-27,2024-05-01
VCH-1751,COMP-0033,PUR-001751,Purchase,2024-05-24,PTY-0624,Priya Singh Suppliers,1309000,235620,1544620,Purchase to Priya Singh Suppliers,Posted,2024-05-24,2024-05-01
VCH-1752,COMP-0033,JOU-001752,Journal,2024-05-23,,,5989,0,5989,Journal voucher,Posted,2024-05-23,2024-05-01
VCH-1753,COMP-0033,JOU-001753,Journal,2024-06-06,,,22148,0,22148,Journal voucher,Posted,2024-06-06,2024-05-01
VCH-1754,COMP-0033,PUR-001754,Purchase,2024-06-15,PTY-0618,Amit Kumar Suppliers,21000,3780,24780,Purchase to Amit Kumar Suppliers,Posted,2024-06-15,2024-05-01
VCH-1755,COMP-0033,SAL-001755,Sales,2024-05-01,PTY-0624,Priya Singh Suppliers,4500,810,5310,Sales to Priya Singh Suppliers,Posted,2024-05-01,2024-05-01
VCH-1756,COMP-0033,SAL-001756,Sales,2024-05-31,PTY-0626,Rajesh Sharma Suppliers,739500,133110,872610,Sales to Rajesh Sharma Suppliers,Posted,2024-05-31,2024-05-01
VCH-1757,COMP-0033,SAL-001757,Sales,2024-04-02,PTY-0623,Neha Sharma Traders,527200,94896,622096,Sales to Neha Sharma Traders,Posted,2024-04-02,2024-05-01
VCH-1758,COMP-0033,JOU-001758,Journal,2024-06-03,,,16280,0,16280,Journal voucher,Posted,2024-06-03,2024-05-01
VCH-1759,COMP-0033,PUR-001759,Purchase,2024-04-21,PTY-0615,Neha Patel Traders,715000,128700,843700,Purchase to Neha Patel Traders,Posted,2024-04-21,2024-05-01
VCH-1760,COMP-0033,SAL-001760,Sales,2024-06-01,PTY-0625,Vikram Patel Suppliers,174200,31356,205556,Sales to Vikram Patel Suppliers,Posted,2024-06-01,2024-05-01
VCH-1761,COMP-0033,SAL-001761,Sales,2024-06-30,PTY-0617,Amit Singh Traders,122000,21960,143960,Sales to Amit Singh Traders,Posted,2024-06-30,2024-05-01
VCH-1762,COMP-0033,PUR-001762,Purchase,2024-05-18,PTY-0628,Vikram Gupta Suppliers,116300,20934,137234,Purchase to Vikram Gupta Suppliers,Posted,2024-05-18,2024-05-01
VCH-1763,COMP-0033,SAL-001763,Sales,2024-04-22,PTY-0622,Rajesh Kumar Distributors,9000,1620,10620,Sales to Rajesh Kumar Distributors,Posted,2024-04-22,2024-05-01
VCH-1764,COMP-0033,SAL-001764,Sales,2024-04-15,PTY-0625,Vikram Patel Suppliers,499000,89820,588820,Sales to Vikram Patel Suppliers,Posted,2024-04-15,2024-05-01
VCH-1765,COMP-0033,JOU-001765,Journal,2024-05-25,,,5257,0,5257,Journal voucher,Posted,2024-05-25,2024-05-01
VCH-1766,COMP-0033,JOU-001766,Journal,2024-06-14,,,10871,0,10871,Journal voucher,Posted,2024-06-14,2024-05-01
VCH-1767,COMP-0033,JOU-001767,Journal,2024-04-04,,,18540,0,18540,Journal voucher,Posted,2024-04-04,2024-05-01
VCH-1768,COMP-0033,JOU-001768,Journal,2024-04-13,,,13720,0,13720,Journal voucher,Posted,2024-04-13,2024-05-01
VCH-1769,COMP-0033,SAL-001769,Sales,2024-06-26,PTY-0628,Vikram Gupta Suppliers,455000,81900,536900,Sales to Vikram Gupta Suppliers,Posted,2024-06-26,2024-05-01
VCH-1770,COMP-0033,SAL-001770,Sales,2024-06-09,PTY-0615,Neha Patel Traders,133600,24048,157648,Sales to Neha Patel Traders,Posted,2024-06-09,2024-05-01
VCH-1771,COMP-0033,JOU-001771,Journal,2024-05-22,,,19603,0,19603,Journal voucher,Posted,2024-05-22,2024-05-01
VCH-1772,COMP-0033,PUR-001772,Purchase,2024-05-14,PTY-0614,Priya Sharma Suppliers,370500,66690,437190,Purchase to Priya Sharma Suppliers,Posted,2024-05-14,2024-05-01
VCH-1773,COMP-0033,SAL-001773,Sales,2024-05-29,PTY-0621,Neha Kumar Traders,1125000,202500,1327500,Sales to Neha Kumar Traders,Posted,2024-05-29,2024-05-01
VCH-1774,COMP-0033,SAL-001774,Sales,2024-06-12,PTY-0627,Rajesh Sharma Traders,545000,98100,643100,Sales to Rajesh Sharma Traders,Posted,2024-06-12,2024-05-01
VCH-1775,COMP-0033,JOU-001775,Journal,2024-05-21,,,15652,0,15652,Journal voucher,Posted,2024-05-21,2024-05-01
VCH-1776,COMP-0033,SAL-001776,Sales,2024-04-08,PTY-0624,Priya Singh Suppliers,215000,38700,253700,Sales to Priya Singh Suppliers,Posted,2024-04-08,2024-05-01
VCH-1777,COMP-0033,JOU-001777,Journal,2024-05-30,,,21163,0,21163,Journal voucher,Posted,2024-05-30,2024-05-01
VCH-1778,COMP-0033,JOU-001778,Journal,2024-06-09,,,10245,0,10245,Journal voucher,Posted,2024-06-09,2024-05-01
VCH-1779,COMP-0033,SAL-001779,Sales,2024-05-20,PTY-0614,Priya Sharma Suppliers,485000,87300,572300,Sales to Priya Sharma Suppliers,Posted,2024-05-20,2024-05-01
VCH-1780,COMP-0033,PUR-001780,Purchase,2024-05-24,PTY-0623,Neha Sharma Traders,2700,486,3186,Purchase to Neha Sharma Traders,Posted,2024-05-24,2024-05-01
VCH-1781,COMP-0033,PUR-001781,Purchase,2024-06-10,PTY-0624,Priya Singh Suppliers,4500,810,5310,Purchase to Priya Singh Suppliers,Posted,2024-06-10,2024-05-01
VCH-1782,COMP-0033,JOU-001782,Journal,2024-06-19,,,24214,0,24214,Journal voucher,Posted,2024-06-19,2024-05-01
VCH-1783,COMP-0033,PUR-001783,Purchase,2024-04-03,PTY-0613,Rajesh Sharma Traders,407500,73350,480850,Purchase to Rajesh Sharma Traders,Posted,2024-04-03,2024-05-01
VCH-1784,COMP-0033,JOU-001784,Journal,2024-05-17,,,5711,0,5711,Journal voucher,Posted,2024-05-17,2024-05-01
VCH-1785,COMP-0033,PUR-001785,Purchase,2024-04-06,PTY-0616,Amit Gupta Distributors,586000,105480,691480,Purchase to Amit Gupta Distributors,Posted,2024-04-06,2024-05-01
VCH-1786,COMP-0034,JOU-001786,Journal,2024-05-09,,,12805,0,12805,Journal voucher,Posted,2024-05-09,2024-05-01
VCH-1787,COMP-0034,SAL-001787,Sales,2024-05-06,PTY-0647,Amit Kumar Traders,360000,64800,424800,Sales to Amit Kumar Traders,Posted,2024-05-06,2024-05-01
VCH-1788,COMP-0034,SAL-001788,Sales,2024-04-21,PTY-0635,Vikram Patel Suppliers,360000,64800,424800,Sales to Vikram Patel Suppliers,Posted,2024-04-21,2024-05-01
VCH-1789,COMP-0034,JOU-001789,Journal,2024-04-01,,,13017,0,13017,Journal voucher,Posted,2024-04-01,2024-05-01
VCH-1790,COMP-0034,SAL-001790,Sales,2024-04-09,PTY-0640,Priya Gupta Suppliers,46500,8370,54870,Sales to Priya Gupta Suppliers,Posted,2024-04-09,2024-05-01
VCH-1791,COMP-0034,SAL-001791,Sales,2024-05-14,PTY-0651,Priya Kumar Suppliers,1095000,197100,1292100,Sales to Priya Kumar Suppliers,Posted,2024-05-14,2024-05-01
VCH-1792,COMP-0034,SAL-001792,Sales,2024-06-19,PTY-0636,Vikram Sharma Distributors,210000,37800,247800,Sales to Vikram Sharma Distributors,Posted,2024-06-19,2024-05-01
VCH-1793,COMP-0034,SAL-001793,Sales,2024-05-02,PTY-0634,Priya Singh Traders,522000,93960,615960,Sales to Priya Singh Traders,Posted,2024-05-02,2024-05-01
VCH-1794,COMP-0034,SAL-001794,Sales,2024-04-16,PTY-0637,Vikram Sharma Traders,391000,70380,461380,Sales to Vikram Sharma Traders,Posted,2024-04-16,2024-05-01
VCH-1795,COMP-0034,JOU-001795,Journal,2024-05-13,,,17871,0,17871,Journal voucher,Posted,2024-05-13,2024-05-01
VCH-1796,COMP-0034,PUR-001796,Purchase,2024-06-18,PTY-0633,Priya Kumar Traders,165000,29700,194700,Purchase to Priya Kumar Traders,Posted,2024-06-18,2024-05-01
VCH-1797,COMP-0034,JOU-001797,Journal,2024-05-02,,,18155,0,18155,Journal voucher,Posted,2024-05-02,2024-05-01
VCH-1798,COMP-0034,PUR-001798,Purchase,2024-04-10,PTY-0638,Priya Gupta Suppliers,447000,80460,527460,Purchase to Priya Gupta Suppliers,Posted,2024-04-10,2024-05-01
VCH-1799,COMP-0034,PUR-001799,Purchase,2024-04-24,PTY-0637,Vikram Sharma Traders,572700,103086,675786,Purchase to Vikram Sharma Traders,Posted,2024-04-24,2024-05-01
VCH-1800,COMP-0034,SAL-001800,Sales,2024-04-24,PTY-0631,Priya Sharma Suppliers,950500,171090,1121590,Sales to Priya Sharma Suppliers,Posted,2024-04-24,2024-05-01
VCH-1801,COMP-0034,JOU-001801,Journal,2024-04-17,,,13980,0,13980,Journal voucher,Posted,2024-04-17,2024-05-01
VCH-1802,COMP-0034,SAL-001802,Sales,2024-05-11,PTY-0645,Rajesh Kumar Distributors,305000,54900,359900,Sales to Rajesh Kumar Distributors,Posted,2024-05-11,2024-05-01
VCH-1803,COMP-0034,PUR-001803,Purchase,2024-06-19,PTY-0643,Priya Kumar Suppliers,65000,11700,76700,Purchase to Priya Kumar Suppliers,Posted,2024-06-19,2024-05-01
VCH-1804,COMP-0034,PUR-001804,Purchase,2024-06-13,PTY-0650,Amit Singh Distributors,321500,57870,379370,Purchase to Amit Singh Distributors,Posted,2024-06-13,2024-05-01
VCH-1805,COMP-0034,SAL-001805,Sales,2024-04-25,PTY-0632,Vikram Gupta Suppliers,14000,2520,16520,Sales to Vikram Gupta Suppliers,Posted,2024-04-25,2024-05-01
VCH-1806,COMP-0034,SAL-001806,Sales,2024-05-13,PTY-0639,Rajesh Gupta Distributors,220000,39600,259600,Sales to Rajesh Gupta Distributors,Posted,2024-05-13,2024-05-01
VCH-1807,COMP-0034,SAL-001807,Sales,2024-04-18,PTY-0649,Amit Singh Traders,220000,39600,259600,Sales to Amit Singh Traders,Posted,2024-04-18,2024-05-01
VCH-1808,COMP-0034,JOU-001808,Journal,2024-06-25,,,21954,0,21954,Journal voucher,Posted,2024-06-25,2024-05-01
VCH-1809,COMP-0034,JOU-001809,Journal,2024-06-02,,,20105,0,20105,Journal voucher,Posted,2024-06-02,2024-05-01
VCH-1810,COMP-0034,PUR-001810,Purchase,2024-05-04,PTY-0633,Priya Kumar Traders,249000,44820,293820,Purchase to Priya Kumar Traders,Posted,2024-05-04,2024-05-01
VCH-1811,COMP-0034,PUR-001811,Purchase,2024-06-04,PTY-0651,Priya Kumar Suppliers,65500,11790,77290,Purchase to Priya Kumar Suppliers,Posted,2024-06-04,2024-05-01
VCH-1812,COMP-0034,JOU-001812,Journal,2024-05-09,,,20830,0,20830,Journal voucher,Posted,2024-05-09,2024-05-01
VCH-1813,COMP-0034,PUR-001813,Purchase,2024-04-06,PTY-0649,Amit Singh Traders,484500,87210,571710,Purchase to Amit Singh Traders,Posted,2024-04-06,2024-05-01
VCH-1814,COMP-0034,PUR-001814,Purchase,2024-06-15,PTY-0646,Vikram Kumar Traders,76000,13680,89680,Purchase to Vikram Kumar Traders,Posted,2024-06-15,2024-05-01
VCH-1815,COMP-0034,SAL-001815,Sales,2024-04-22,PTY-0651,Priya Kumar Suppliers,367000,66060,433060,Sales to Priya Kumar Suppliers,Posted,2024-04-22,2024-05-01
VCH-1816,COMP-0034,PUR-001816,Purchase,2024-06-07,PTY-0646,Vikram Kumar Traders,24500,4410,28910,Purchase to Vikram Kumar Traders,Posted,2024-06-07,2024-05-01
VCH-1817,COMP-0034,JOU-001817,Journal,2024-06-30,,,9422,0,9422,Journal voucher,Posted,2024-06-30,2024-05-01
VCH-1818,COMP-0034,SAL-001818,Sales,2024-04-23,PTY-0645,Rajesh Kumar Distributors,32700,5886,38586,Sales to Rajesh Kumar Distributors,Posted,2024-04-23,2024-05-01
VCH-1819,COMP-0034,SAL-001819,Sales,2024-05-17,PTY-0635,Vikram Patel Suppliers,224000,40320,264320,Sales to Vikram Patel Suppliers,Posted,2024-05-17,2024-05-01
VCH-1820,COMP-0034,SAL-001820,Sales,2024-04-23,PTY-0640,Priya Gupta Suppliers,165000,29700,194700,Sales to Priya Gupta Suppliers,Posted,2024-04-23,2024-05-01
VCH-1821,COMP-0034,JOU-001821,Journal,2024-05-16,,,18295,0,18295,Journal voucher,Posted,2024-05-16,2024-05-01
VCH-1822,COMP-0034,PUR-001822,Purchase,2024-05-09,PTY-0646,Vikram Kumar Traders,415000,74700,489700,Purchase to Vikram Kumar Traders,Posted,2024-05-09,2024-05-01
VCH-1823,COMP-0034,JOU-001823,Journal,2024-04-12,,,10555,0,10555,Journal voucher,Posted,2024-04-12,2024-05-01
VCH-1824,COMP-0034,JOU-001824,Journal,2024-05-02,,,7857,0,7857,Journal voucher,Posted,2024-05-02,2024-05-01
VCH-1825,COMP-0034,PUR-001825,Purchase,2024-06-12,PTY-0648,Rajesh Kumar Traders,455000,81900,536900,Purchase to Rajesh Kumar Traders,Posted,2024-06-12,2024-05-01
VCH-1826,COMP-0034,SAL-001826,Sales,2024-05-21,PTY-0651,Priya Kumar Suppliers,749000,134820,883820,Sales to Priya Kumar Suppliers,Posted,2024-05-21,2024-05-01
VCH-1827,COMP-0034,SAL-001827,Sales,2024-04-01,PTY-0639,Rajesh Gupta Distributors,24500,4410,28910,Sales to Rajesh Gupta Distributors,Posted,2024-04-01,2024-05-01
VCH-1828,COMP-0034,SAL-001828,Sales,2024-04-25,PTY-0644,Rajesh Kumar Suppliers,263000,47340,310340,Sales to Rajesh Kumar Suppliers,Posted,2024-04-25,2024-05-01
VCH-1829,COMP-0034,JOU-001829,Journal,2024-04-07,,,7765,0,7765,Journal voucher,Posted,2024-04-07,2024-05-01
VCH-1830,COMP-0034,SAL-001830,Sales,2024-05-02,PTY-0635,Vikram Patel Suppliers,332000,59760,391760,Sales to Vikram Patel Suppliers,Posted,2024-05-02,2024-05-01
VCH-1831,COMP-0034,JOU-001831,Journal,2024-04-12,,,12280,0,12280,Journal voucher,Posted,2024-04-12,2024-05-01
VCH-1832,COMP-0034,PUR-001832,Purchase,2024-04-01,PTY-0642,Neha Patel Traders,4500,810,5310,Purchase to Neha Patel Traders,Posted,2024-04-01,2024-05-01
VCH-1833,COMP-0034,PUR-001833,Purchase,2024-05-30,PTY-0630,Vikram Sharma Traders,180000,32400,212400,Purchase to Vikram Sharma Traders,Posted,2024-05-30,2024-05-01
VCH-1834,COMP-0034,JOU-001834,Journal,2024-06-27,,,6798,0,6798,Journal voucher,Posted,2024-06-27,2024-05-01
VCH-1835,COMP-0034,JOU-001835,Journal,2024-05-26,,,17809,0,17809,Journal voucher,Posted,2024-05-26,2024-05-01
VCH-1836,COMP-0034,JOU-001836,Journal,2024-04-28,,,16599,0,16599,Journal voucher,Posted,2024-04-28,2024-05-01
VCH-1837,COMP-0034,PUR-001837,Purchase,2024-04-02,PTY-0636,Vikram Sharma Distributors,1050000,189000,1239000,Purchase to Vikram Sharma Distributors,Posted,2024-04-02,2024-05-01
VCH-1838,COMP-0034,PUR-001838,Purchase,2024-04-12,PTY-0642,Neha Patel Traders,578000,104040,682040,Purchase to Neha Patel Traders,Posted,2024-04-12,2024-05-01
VCH-1839,COMP-0034,SAL-001839,Sales,2024-05-23,PTY-0649,Amit Singh Traders,138000,24840,162840,Sales to Amit Singh Traders,Posted,2024-05-23,2024-05-01
VCH-1840,COMP-0034,JOU-001840,Journal,2024-04-18,,,8248,0,8248,Journal voucher,Posted,2024-04-18,2024-05-01
VCH-1841,COMP-0034,SAL-001841,Sales,2024-05-15,PTY-0638,Priya Gupta Suppliers,960000,172800,1132800,Sales to Priya Gupta Suppliers,Posted,2024-05-15,2024-05-01
VCH-1842,COMP-0034,PUR-001842,Purchase,2024-04-23,PTY-0650,Amit Singh Distributors,36500,6570,43070,Purchase to Amit Singh Distributors,Posted,2024-04-23,2024-05-01
VCH-1843,COMP-0034,PUR-001843,Purchase,2024-04-05,PTY-0651,Priya Kumar Suppliers,275000,49500,324500,Purchase to Priya Kumar Suppliers,Posted,2024-04-05,2024-05-01
VCH-1844,COMP-0034,PUR-001844,Purchase,2024-04-24,PTY-0630,Vikram Sharma Traders,410000,73800,483800,Purchase to Vikram Sharma Traders,Posted,2024-04-24,2024-05-01
VCH-1845,COMP-0034,SAL-001845,Sales,2024-05-14,PTY-0646,Vikram Kumar Traders,740000,133200,873200,Sales to Vikram Kumar Traders,Posted,2024-05-14,2024-05-01
VCH-1846,COMP-0034,SAL-001846,Sales,2024-04-23,PTY-0634,Priya Singh Traders,210000,37800,247800,Sales to Priya Singh Traders,Posted,2024-04-23,2024-05-01
VCH-1847,COMP-0034,SAL-001847,Sales,2024-06-11,PTY-0638,Priya Gupta Suppliers,605000,108900,713900,Sales to Priya Gupta Suppliers,Posted,2024-06-11,2024-05-01
VCH-1848,COMP-0034,SAL-001848,Sales,2024-04-29,PTY-0642,Neha Patel Traders,680000,122400,802400,Sales to Neha Patel Traders,Posted,2024-04-29,2024-05-01
VCH-1849,COMP-0034,JOU-001849,Journal,2024-06-12,,,5353,0,5353,Journal voucher,Posted,2024-06-12,2024-05-01
VCH-1850,COMP-0035,JOU-001850,Journal,2024-05-08,,,17115,0,17115,Journal voucher,Posted,2024-05-08,2024-05-01
VCH-1851,COMP-0035,JOU-001851,Journal,2024-05-19,,,9483,0,9483,Journal voucher,Posted,2024-05-19,2024-05-01
VCH-1852,COMP-0035,PUR-001852,Purchase,2024-06-11,PTY-0660,Priya Patel Traders,326300,58734,385034,Purchase to Priya Patel Traders,Posted,2024-06-11,2024-05-01
VCH-1853,COMP-0035,SAL-001853,Sales,2024-06-23,PTY-0652,Priya Sharma Traders,1181000,212580,1393580,Sales to Priya Sharma Traders,Posted,2024-06-23,2024-05-01
VCH-1854,COMP-0035,SAL-001854,Sales,2024-05-05,PTY-0664,Rajesh Gupta Distributors,343000,61740,404740,Sales to Rajesh Gupta Distributors,Posted,2024-05-05,2024-05-01
VCH-1855,COMP-0035,PUR-001855,Purchase,2024-06-01,PTY-0660,Priya Patel Traders,619000,111420,730420,Purchase to Priya Patel Traders,Posted,2024-06-01,2024-05-01
VCH-1856,COMP-0035,SAL-001856,Sales,2024-05-08,PTY-0668,Priya Kumar Suppliers,826500,148770,975270,Sales to Priya Kumar Suppliers,Posted,2024-05-08,2024-05-01
VCH-1857,COMP-0035,SAL-001857,Sales,2024-05-19,PTY-0666,Vikram Singh Suppliers,230500,41490,271990,Sales to Vikram Singh Suppliers,Posted,2024-05-19,2024-05-01
VCH-1858,COMP-0035,JOU-001858,Journal,2024-06-26,,,12662,0,12662,Journal voucher,Posted,2024-06-26,2024-05-01
VCH-1859,COMP-0035,JOU-001859,Journal,2024-06-10,,,7200,0,7200,Journal voucher,Posted,2024-06-10,2024-05-01
VCH-1860,COMP-0035,SAL-001860,Sales,2024-06-24,PTY-0654,Priya Singh Traders,537700,96786,634486,Sales to Priya Singh Traders,Posted,2024-06-24,2024-05-01
VCH-1861,COMP-0035,SAL-001861,Sales,2024-06-29,PTY-0655,Rajesh Kumar Suppliers,7500,1350,8850,Sales to Rajesh Kumar Suppliers,Posted,2024-06-29,2024-05-01
VCH-1862,COMP-0035,SAL-001862,Sales,2024-05-13,PTY-0666,Vikram Singh Suppliers,437500,78750,516250,Sales to Vikram Singh Suppliers,Posted,2024-05-13,2024-05-01
VCH-1863,COMP-0035,JOU-001863,Journal,2024-05-23,,,19037,0,19037,Journal voucher,Posted,2024-05-23,2024-05-01
VCH-1864,COMP-0035,JOU-001864,Journal,2024-05-14,,,12467,0,12467,Journal voucher,Posted,2024-05-14,2024-05-01
VCH-1865,COMP-0035,SAL-001865,Sales,2024-05-27,PTY-0665,Neha Kumar Suppliers,1281500,230670,1512170,Sales to Neha Kumar Suppliers,Posted,2024-05-27,2024-05-01
VCH-1866,COMP-0035,PUR-001866,Purchase,2024-06-22,PTY-0658,Priya Kumar Traders,80000,14400,94400,Purchase to Priya Kumar Traders,Posted,2024-06-22,2024-05-01
VCH-1867,COMP-0035,JOU-001867,Journal,2024-06-29,,,8940,0,8940,Journal voucher,Posted,2024-06-29,2024-05-01
VCH-1868,COMP-0035,JOU-001868,Journal,2024-04-24,,,18783,0,18783,Journal voucher,Posted,2024-04-24,2024-05-01
VCH-1869,COMP-0035,JOU-001869,Journal,2024-05-31,,,14214,0,14214,Journal voucher,Posted,2024-05-31,2024-05-01
VCH-1870,COMP-0035,SAL-001870,Sales,2024-06-18,PTY-0668,Priya Kumar Suppliers,49000,8820,57820,Sales to Priya Kumar Suppliers,Posted,2024-06-18,2024-05-01
VCH-1871,COMP-0035,JOU-001871,Journal,2024-06-04,,,24588,0,24588,Journal voucher,Posted,2024-06-04,2024-05-01
VCH-1872,COMP-0035,PUR-001872,Purchase,2024-05-20,PTY-0658,Priya Kumar Traders,1284000,231120,1515120,Purchase to Priya Kumar Traders,Posted,2024-05-20,2024-05-01
VCH-1873,COMP-0035,JOU-001873,Journal,2024-04-04,,,15319,0,15319,Journal voucher,Posted,2024-04-04,2024-05-01
VCH-1874,COMP-0035,JOU-001874,Journal,2024-04-03,,,14918,0,14918,Journal voucher,Posted,2024-04-03,2024-05-01
VCH-1875,COMP-0035,JOU-001875,Journal,2024-04-18,,,19922,0,19922,Journal voucher,Posted,2024-04-18,2024-05-01
VCH-1876,COMP-0035,PUR-001876,Purchase,2024-05-04,PTY-0669,Amit Sharma Suppliers,450000,81000,531000,Purchase to Amit Sharma Suppliers,Posted,2024-05-04,2024-05-01
VCH-1877,COMP-0035,SAL-001877,Sales,2024-05-23,PTY-0657,Neha Singh Traders,385000,69300,454300,Sales to Neha Singh Traders,Posted,2024-05-23,2024-05-01
VCH-1878,COMP-0035,PUR-001878,Purchase,2024-04-21,PTY-0652,Priya Sharma Traders,366000,65880,431880,Purchase to Priya Sharma Traders,Posted,2024-04-21,2024-05-01
VCH-1879,COMP-0035,SAL-001879,Sales,2024-06-02,PTY-0656,Neha Patel Suppliers,974000,175320,1149320,Sales to Neha Patel Suppliers,Posted,2024-06-02,2024-05-01
VCH-1880,COMP-0035,PUR-001880,Purchase,2024-04-12,PTY-0652,Priya Sharma Traders,221300,39834,261134,Purchase to Priya Sharma Traders,Posted,2024-04-12,2024-05-01
VCH-1881,COMP-0035,SAL-001881,Sales,2024-06-15,PTY-0652,Priya Sharma Traders,6000,1080,7080,Sales to Priya Sharma Traders,Posted,2024-06-15,2024-05-01
VCH-1882,COMP-0035,PUR-001882,Purchase,2024-04-12,PTY-0659,Priya Patel Traders,435000,78300,513300,Purchase to Priya Patel Traders,Posted,2024-04-12,2024-05-01
VCH-1883,COMP-0035,JOU-001883,Journal,2024-05-16,,,18714,0,18714,Journal voucher,Posted,2024-05-16,2024-05-01
VCH-1884,COMP-0035,JOU-001884,Journal,2024-04-04,,,24621,0,24621,Journal voucher,Posted,2024-04-04,2024-05-01
VCH-1885,COMP-0035,PUR-001885,Purchase,2024-04-09,PTY-0669,Amit Sharma Suppliers,1045000,188100,1233100,Purchase to Amit Sharma Suppliers,Posted,2024-04-09,2024-05-01
VCH-1886,COMP-0035,PUR-001886,Purchase,2024-06-17,PTY-0660,Priya Patel Traders,7500,1350,8850,Purchase to Priya Patel Traders,Posted,2024-06-17,2024-05-01
VCH-1887,COMP-0035,JOU-001887,Journal,2024-06-24,,,6779,0,6779,Journal voucher,Posted,2024-06-24,2024-05-01
VCH-1888,COMP-0035,PUR-001888,Purchase,2024-06-28,PTY-0654,Priya Singh Traders,450500,81090,531590,Purchase to Priya Singh Traders,Posted,2024-06-28,2024-05-01
VCH-1889,COMP-0035,JOU-001889,Journal,2024-06-04,,,5182,0,5182,Journal voucher,Posted,2024-06-04,2024-05-01
VCH-1890,COMP-0035,SAL-001890,Sales,2024-06-21,PTY-0660,Priya Patel Traders,524000,94320,618320,Sales to Priya Patel Traders,Posted,2024-06-21,2024-05-01
VCH-1891,COMP-0035,JOU-001891,Journal,2024-06-23,,,24035,0,24035,Journal voucher,Posted,2024-06-23,2024-05-01
VCH-1892,COMP-0035,PUR-001892,Purchase,2024-06-23,PTY-0662,Priya Gupta Distributors,960000,172800,1132800,Purchase to Priya Gupta Distributors,Posted,2024-06-23,2024-05-01
VCH-1893,COMP-0035,SAL-001893,Sales,2024-04-06,PTY-0653,Amit Singh Traders,248000,44640,292640,Sales to Amit Singh Traders,Posted,2024-04-06,2024-05-01
VCH-1894,COMP-0035,SAL-001894,Sales,2024-04-07,PTY-0668,Priya Kumar Suppliers,688000,123840,811840,Sales to Priya Kumar Suppliers,Posted,2024-04-07,2024-05-01
VCH-1895,COMP-0035,SAL-001895,Sales,2024-05-22,PTY-0657,Neha Singh Traders,281000,50580,331580,Sales to Neha Singh Traders,Posted,2024-05-22,2024-05-01
VCH-1896,COMP-0035,PUR-001896,Purchase,2024-04-04,PTY-0652,Priya Sharma Traders,154000,27720,181720,Purchase to Priya Sharma Traders,Posted,2024-04-04,2024-05-01
VCH-1897,COMP-0035,SAL-001897,Sales,2024-06-20,PTY-0654,Priya Singh Traders,140500,25290,165790,Sales to Priya Singh Traders,Posted,2024-06-20,2024-05-01
VCH-1898,COMP-0035,JOU-001898,Journal,2024-06-16,,,17611,0,17611,Journal voucher,Posted,2024-06-16,2024-05-01
VCH-1899,COMP-0035,JOU-001899,Journal,2024-04-22,,,18308,0,18308,Journal voucher,Posted,2024-04-22,2024-05-01
VCH-1900,COMP-0035,SAL-001900,Sales,2024-04-17,PTY-0653,Amit Singh Traders,659000,118620,777620,Sales to Amit Singh Traders,Posted,2024-04-17,2024-05-01
VCH-1901,COMP-0036,JOU-001901,Journal,2024-04-23,,,18804,0,18804,Journal voucher,Posted,2024-04-23,2024-05-01
VCH-1902,COMP-0036,JOU-001902,Journal,2024-06-26,,,13669,0,13669,Journal voucher,Posted,2024-06-26,2024-05-01
VCH-1903,COMP-0036,SAL-001903,Sales,2024-05-05,PTY-0684,Rajesh Patel Traders,394000,70920,464920,Sales to Rajesh Patel Traders,Posted,2024-05-05,2024-05-01
VCH-1904,COMP-0036,SAL-001904,Sales,2024-04-23,PTY-0681,Priya Gupta Traders,857000,154260,1011260,Sales to Priya Gupta Traders,Posted,2024-04-23,2024-05-01
VCH-1905,COMP-0036,SAL-001905,Sales,2024-06-16,PTY-0674,Neha Patel Distributors,960000,172800,1132800,Sales to Neha Patel Distributors,Posted,2024-06-16,2024-05-01
VCH-1906,COMP-0036,SAL-001906,Sales,2024-05-17,PTY-0677,Rajesh Kumar Distributors,898600,161748,1060348,Sales to Rajesh Kumar Distributors,Posted,2024-05-17,2024-05-01
VCH-1907,COMP-0036,JOU-001907,Journal,2024-06-23,,,5025,0,5025,Journal voucher,Posted,2024-06-23,2024-05-01
VCH-1908,COMP-0036,SAL-001908,Sales,2024-05-08,PTY-0682,Priya Gupta Traders,55000,9900,64900,Sales to Priya Gupta Traders,Posted,2024-05-08,2024-05-01
VCH-1909,COMP-0036,SAL-001909,Sales,2024-05-16,PTY-0685,Amit Kumar Suppliers,342000,61560,403560,Sales to Amit Kumar Suppliers,Posted,2024-05-16,2024-05-01
VCH-1910,COMP-0036,PUR-001910,Purchase,2024-05-06,PTY-0679,Neha Singh Traders,362000,65160,427160,Purchase to Neha Singh Traders,Posted,2024-05-06,2024-05-01
VCH-1911,COMP-0036,PUR-001911,Purchase,2024-06-12,PTY-0687,Priya Sharma Distributors,9000,1620,10620,Purchase to Priya Sharma Distributors,Posted,2024-06-12,2024-05-01
VCH-1912,COMP-0036,JOU-001912,Journal,2024-05-06,,,18109,0,18109,Journal voucher,Posted,2024-05-06,2024-05-01
VCH-1913,COMP-0036,JOU-001913,Journal,2024-04-20,,,9167,0,9167,Journal voucher,Posted,2024-04-20,2024-05-01
VCH-1914,COMP-0036,SAL-001914,Sales,2024-05-25,PTY-0684,Rajesh Patel Traders,27500,4950,32450,Sales to Rajesh Patel Traders,Posted,2024-05-25,2024-05-01
VCH-1915,COMP-0036,SAL-001915,Sales,2024-04-17,PTY-0681,Priya Gupta Traders,375900,67662,443562,Sales to Priya Gupta Traders,Posted,2024-04-17,2024-05-01
VCH-1916,COMP-0036,PUR-001916,Purchase,2024-06-17,PTY-0677,Rajesh Kumar Distributors,30000,5400,35400,Purchase to Rajesh Kumar Distributors,Posted,2024-06-17,2024-05-01
VCH-1917,COMP-0036,SAL-001917,Sales,2024-04-02,PTY-0684,Rajesh Patel Traders,6300,1134,7434,Sales to Rajesh Patel Traders,Posted,2024-04-02,2024-05-01
VCH-1918,COMP-0036,SAL-001918,Sales,2024-04-23,PTY-0683,Neha Kumar Distributors,888000,159840,1047840,Sales to Neha Kumar Distributors,Posted,2024-04-23,2024-05-01
VCH-1919,COMP-0036,JOU-001919,Journal,2024-06-10,,,18101,0,18101,Journal voucher,Posted,2024-06-10,2024-05-01
VCH-1920,COMP-0036,PUR-001920,Purchase,2024-06-30,PTY-0677,Rajesh Kumar Distributors,180000,32400,212400,Purchase to Rajesh Kumar Distributors,Posted,2024-06-30,2024-05-01
VCH-1921,COMP-0036,SAL-001921,Sales,2024-05-02,PTY-0677,Rajesh Kumar Distributors,7500,1350,8850,Sales to Rajesh Kumar Distributors,Posted,2024-05-02,2024-05-01
VCH-1922,COMP-0036,JOU-001922,Journal,2024-06-17,,,8134,0,8134,Journal voucher,Posted,2024-06-17,2024-05-01
VCH-1923,COMP-0036,PUR-001923,Purchase,2024-04-26,PTY-0678,Neha Sharma Distributors,428500,77130,505630,Purchase to Neha Sharma Distributors,Posted,2024-04-26,2024-05-01
VCH-1924,COMP-0036,JOU-001924,Journal,2024-04-01,,,14489,0,14489,Journal voucher,Posted,2024-04-01,2024-05-01
VCH-1925,COMP-0036,PUR-001925,Purchase,2024-04-07,PTY-0686,Amit Patel Traders,430000,77400,507400,Purchase to Amit Patel Traders,Posted,2024-04-07,2024-05-01
VCH-1926,COMP-0036,JOU-001926,Journal,2024-04-05,,,23481,0,23481,Journal voucher,Posted,2024-04-05,2024-05-01
VCH-1927,COMP-0036,SAL-001927,Sales,2024-04-28,PTY-0672,Neha Gupta Suppliers,12000,2160,14160,Sales to Neha Gupta Suppliers,Posted,2024-04-28,2024-05-01
VCH-1928,COMP-0036,SAL-001928,Sales,2024-05-12,PTY-0687,Priya Sharma Distributors,455000,81900,536900,Sales to Priya Sharma Distributors,Posted,2024-05-12,2024-05-01
VCH-1929,COMP-0036,SAL-001929,Sales,2024-06-22,PTY-0684,Rajesh Patel Traders,211500,38070,249570,Sales to Rajesh Patel Traders,Posted,2024-06-22,2024-05-01
VCH-1930,COMP-0036,PUR-001930,Purchase,2024-05-13,PTY-0676,Vikram Kumar Distributors,4500,810,5310,Purchase to Vikram Kumar Distributors,Posted,2024-05-13,2024-05-01
VCH-1931,COMP-0036,SAL-001931,Sales,2024-04-30,PTY-0679,Neha Singh Traders,6300,1134,7434,Sales to Neha Singh Traders,Posted,2024-04-30,2024-05-01
VCH-1932,COMP-0036,PUR-001932,Purchase,2024-05-25,PTY-0675,Neha Kumar Distributors,500000,90000,590000,Purchase to Neha Kumar Distributors,Posted,2024-05-25,2024-05-01
VCH-1933,COMP-0036,SAL-001933,Sales,2024-06-08,PTY-0672,Neha Gupta Suppliers,5400,972,6372,Sales to Neha Gupta Suppliers,Posted,2024-06-08,2024-05-01
VCH-1934,COMP-0036,PUR-001934,Purchase,2024-05-02,PTY-0672,Neha Gupta Suppliers,30500,5490,35990,Purchase to Neha Gupta Suppliers,Posted,2024-05-02,2024-05-01
VCH-1935,COMP-0036,SAL-001935,Sales,2024-06-13,PTY-0687,Priya Sharma Distributors,55000,9900,64900,Sales to Priya Sharma Distributors,Posted,2024-06-13,2024-05-01
VCH-1936,COMP-0036,SAL-001936,Sales,2024-05-10,PTY-0681,Priya Gupta Traders,495000,89100,584100,Sales to Priya Gupta Traders,Posted,2024-05-10,2024-05-01
VCH-1937,COMP-0036,JOU-001937,Journal,2024-04-29,,,11362,0,11362,Journal voucher,Posted,2024-04-29,2024-05-01
VCH-1938,COMP-0036,PUR-001938,Purchase,2024-06-24,PTY-0684,Rajesh Patel Traders,65000,11700,76700,Purchase to Rajesh Patel Traders,Posted,2024-06-24,2024-05-01
VCH-1939,COMP-0036,PUR-001939,Purchase,2024-06-03,PTY-0678,Neha Sharma Distributors,787000,141660,928660,Purchase to Neha Sharma Distributors,Posted,2024-06-03,2024-05-01
VCH-1940,COMP-0036,SAL-001940,Sales,2024-05-24,PTY-0677,Rajesh Kumar Distributors,252000,45360,297360,Sales to Rajesh Kumar Distributors,Posted,2024-05-24,2024-05-01
VCH-1941,COMP-0036,JOU-001941,Journal,2024-06-19,,,24130,0,24130,Journal voucher,Posted,2024-06-19,2024-05-01
VCH-1942,COMP-0036,SAL-001942,Sales,2024-06-15,PTY-0687,Priya Sharma Distributors,960000,172800,1132800,Sales to Priya Sharma Distributors,Posted,2024-06-15,2024-05-01
VCH-1943,COMP-0036,SAL-001943,Sales,2024-04-06,PTY-0677,Rajesh Kumar Distributors,447500,80550,528050,Sales to Rajesh Kumar Distributors,Posted,2024-04-06,2024-05-01
VCH-1944,COMP-0036,PUR-001944,Purchase,2024-06-10,PTY-0680,Amit Patel Suppliers,535000,96300,631300,Purchase to Amit Patel Suppliers,Posted,2024-06-10,2024-05-01
VCH-1945,COMP-0036,JOU-001945,Journal,2024-04-17,,,15328,0,15328,Journal voucher,Posted,2024-04-17,2024-05-01
VCH-1946,COMP-0036,PUR-001946,Purchase,2024-04-01,PTY-0687,Priya Sharma Distributors,447000,80460,527460,Purchase to Priya Sharma Distributors,Posted,2024-04-01,2024-05-01
VCH-1947,COMP-0036,SAL-001947,Sales,2024-06-20,PTY-0683,Neha Kumar Distributors,3600,648,4248,Sales to Neha Kumar Distributors,Posted,2024-06-20,2024-05-01
VCH-1948,COMP-0036,SAL-001948,Sales,2024-06-24,PTY-0683,Neha Kumar Distributors,330000,59400,389400,Sales to Neha Kumar Distributors,Posted,2024-06-24,2024-05-01
VCH-1949,COMP-0036,SAL-001949,Sales,2024-05-20,PTY-0680,Amit Patel Suppliers,330000,59400,389400,Sales to Amit Patel Suppliers,Posted,2024-05-20,2024-05-01
VCH-1950,COMP-0036,SAL-001950,Sales,2024-06-05,PTY-0683,Neha Kumar Distributors,657500,118350,775850,Sales to Neha Kumar Distributors,Posted,2024-06-05,2024-05-01
VCH-1951,COMP-0036,SAL-001951,Sales,2024-06-19,PTY-0683,Neha Kumar Distributors,385000,69300,454300,Sales to Neha Kumar Distributors,Posted,2024-06-19,2024-05-01
VCH-1952,COMP-0036,PUR-001952,Purchase,2024-04-07,PTY-0687,Priya Sharma Distributors,325000,58500,383500,Purchase to Priya Sharma Distributors,Posted,2024-04-07,2024-05-01
VCH-1953,COMP-0036,PUR-001953,Purchase,2024-04-02,PTY-0672,Neha Gupta Suppliers,169500,30510,200010,Purchase to Neha Gupta Suppliers,Posted,2024-04-02,2024-05-01
VCH-1954,COMP-0036,PUR-001954,Purchase,2024-05-02,PTY-0676,Vikram Kumar Distributors,55000,9900,64900,Purchase to Vikram Kumar Distributors,Posted,2024-05-02,2024-05-01
VCH-1955,COMP-0036,SAL-001955,Sales,2024-06-27,PTY-0684,Rajesh Patel Traders,558000,100440,658440,Sales to Rajesh Patel Traders,Posted,2024-06-27,2024-05-01
VCH-1956,COMP-0036,PUR-001956,Purchase,2024-06-09,PTY-0680,Amit Patel Suppliers,452700,81486,534186,Purchase to Amit Patel Suppliers,Posted,2024-06-09,2024-05-01
VCH-1957,COMP-0036,SAL-001957,Sales,2024-05-12,PTY-0682,Priya Gupta Traders,50000,9000,59000,Sales to Priya Gupta Traders,Posted,2024-05-12,2024-05-01
VCH-1958,COMP-0036,PUR-001958,Purchase,2024-06-28,PTY-0678,Neha Sharma Distributors,720000,129600,849600,Purchase to Neha Sharma Distributors,Posted,2024-06-28,2024-05-01
VCH-1959,COMP-0036,SAL-001959,Sales,2024-05-24,PTY-0673,Amit Kumar Distributors,4500,810,5310,Sales to Amit Kumar Distributors,Posted,2024-05-24,2024-05-01
VCH-1960,COMP-0036,JOU-001960,Journal,2024-05-04,,,21486,0,21486,Journal voucher,Posted,2024-05-04,2024-05-01
VCH-1961,COMP-0037,PUR-001961,Purchase,2024-05-26,PTY-0704,Amit Sharma Suppliers,135400,24372,159772,Purchase to Amit Sharma Suppliers,Posted,2024-05-26,2024-05-01
VCH-1962,COMP-0037,PUR-001962,Purchase,2024-06-16,PTY-0690,Priya Kumar Distributors,785000,141300,926300,Purchase to Priya Kumar Distributors,Posted,2024-06-16,2024-05-01
VCH-1963,COMP-0037,SAL-001963,Sales,2024-05-20,PTY-0691,Amit Patel Suppliers,64000,11520,75520,Sales to Amit Patel Suppliers,Posted,2024-05-20,2024-05-01
VCH-1964,COMP-0037,SAL-001964,Sales,2024-05-14,PTY-0700,Priya Patel Traders,84000,15120,99120,Sales to Priya Patel Traders,Posted,2024-05-14,2024-05-01
VCH-1965,COMP-0037,PUR-001965,Purchase,2024-04-15,PTY-0700,Priya Patel Traders,440000,79200,519200,Purchase to Priya Patel Traders,Posted,2024-04-15,2024-05-01
VCH-1966,COMP-0037,PUR-001966,Purchase,2024-06-27,PTY-0693,Rajesh Gupta Traders,390000,70200,460200,Purchase to Rajesh Gupta Traders,Posted,2024-06-27,2024-05-01
VCH-1967,COMP-0037,PUR-001967,Purchase,2024-04-29,PTY-0703,Vikram Kumar Traders,930400,167472,1097872,Purchase to Vikram Kumar Traders,Posted,2024-04-29,2024-05-01
VCH-1968,COMP-0037,PUR-001968,Purchase,2024-05-08,PTY-0689,Vikram Kumar Distributors,901000,162180,1063180,Purchase to Vikram Kumar Distributors,Posted,2024-05-08,2024-05-01
VCH-1969,COMP-0037,JOU-001969,Journal,2024-05-20,,,23752,0,23752,Journal voucher,Posted,2024-05-20,2024-05-01
VCH-1970,COMP-0037,PUR-001970,Purchase,2024-05-02,PTY-0701,Neha Singh Distributors,40500,7290,47790,Purchase to Neha Singh Distributors,Posted,2024-05-02,2024-05-01
VCH-1971,COMP-0037,SAL-001971,Sales,2024-04-24,PTY-0706,Vikram Sharma Suppliers,263500,47430,310930,Sales to Vikram Sharma Suppliers,Posted,2024-04-24,2024-05-01
VCH-1972,COMP-0037,JOU-001972,Journal,2024-04-18,,,7414,0,7414,Journal voucher,Posted,2024-04-18,2024-05-01
VCH-1973,COMP-0037,SAL-001973,Sales,2024-04-03,PTY-0703,Vikram Kumar Traders,516300,92934,609234,Sales to Vikram Kumar Traders,Posted,2024-04-03,2024-05-01
VCH-1974,COMP-0037,JOU-001974,Journal,2024-05-13,,,6698,0,6698,Journal voucher,Posted,2024-05-13,2024-05-01
VCH-1975,COMP-0037,SAL-001975,Sales,2024-05-01,PTY-0700,Priya Patel Traders,10000,1800,11800,Sales to Priya Patel Traders,Posted,2024-05-01,2024-05-01
VCH-1976,COMP-0037,SAL-001976,Sales,2024-05-18,PTY-0704,Amit Sharma Suppliers,117000,21060,138060,Sales to Amit Sharma Suppliers,Posted,2024-05-18,2024-05-01
VCH-1977,COMP-0037,PUR-001977,Purchase,2024-04-28,PTY-0706,Vikram Sharma Suppliers,42000,7560,49560,Purchase to Vikram Sharma Suppliers,Posted,2024-04-28,2024-05-01
VCH-1978,COMP-0037,PUR-001978,Purchase,2024-05-01,PTY-0692,Rajesh Singh Traders,600000,108000,708000,Purchase to Rajesh Singh Traders,Posted,2024-05-01,2024-05-01
VCH-1979,COMP-0037,PUR-001979,Purchase,2024-04-21,PTY-0702,Neha Gupta Distributors,10600,1908,12508,Purchase to Neha Gupta Distributors,Posted,2024-04-21,2024-05-01
VCH-1980,COMP-0037,PUR-001980,Purchase,2024-06-13,PTY-0693,Rajesh Gupta Traders,456500,82170,538670,Purchase to Rajesh Gupta Traders,Posted,2024-06-13,2024-05-01
VCH-1981,COMP-0037,JOU-001981,Journal,2024-04-18,,,20186,0,20186,Journal voucher,Posted,2024-04-18,2024-05-01
VCH-1982,COMP-0037,JOU-001982,Journal,2024-06-03,,,15540,0,15540,Journal voucher,Posted,2024-06-03,2024-05-01
VCH-1983,COMP-0037,JOU-001983,Journal,2024-05-05,,,24350,0,24350,Journal voucher,Posted,2024-05-05,2024-05-01
VCH-1984,COMP-0037,SAL-001984,Sales,2024-04-06,PTY-0705,Vikram Patel Traders,307000,55260,362260,Sales to Vikram Patel Traders,Posted,2024-04-06,2024-05-01
VCH-1985,COMP-0037,SAL-001985,Sales,2024-06-11,PTY-0705,Vikram Patel Traders,10500,1890,12390,Sales to Vikram Patel Traders,Posted,2024-06-11,2024-05-01
VCH-1986,COMP-0037,PUR-001986,Purchase,2024-05-15,PTY-0704,Amit Sharma Suppliers,275000,49500,324500,Purchase to Amit Sharma Suppliers,Posted,2024-05-15,2024-05-01
VCH-1987,COMP-0037,SAL-001987,Sales,2024-05-13,PTY-0700,Priya Patel Traders,252000,45360,297360,Sales to Priya Patel Traders,Posted,2024-05-13,2024-05-01
VCH-1988,COMP-0037,SAL-001988,Sales,2024-04-20,PTY-0707,Neha Gupta Suppliers,479500,86310,565810,Sales to Neha Gupta Suppliers,Posted,2024-04-20,2024-05-01
VCH-1989,COMP-0037,SAL-001989,Sales,2024-04-02,PTY-0701,Neha Singh Distributors,30000,5400,35400,Sales to Neha Singh Distributors,Posted,2024-04-02,2024-05-01
VCH-1990,COMP-0037,PUR-001990,Purchase,2024-05-10,PTY-0688,Rajesh Kumar Distributors,685000,123300,808300,Purchase to Rajesh Kumar Distributors,Posted,2024-05-10,2024-05-01
VCH-1991,COMP-0037,JOU-001991,Journal,2024-05-24,,,18307,0,18307,Journal voucher,Posted,2024-05-24,2024-05-01
VCH-1992,COMP-0037,SAL-001992,Sales,2024-04-17,PTY-0690,Priya Kumar Distributors,8500,1530,10030,Sales to Priya Kumar Distributors,Posted,2024-04-17,2024-05-01
VCH-1993,COMP-0037,JOU-001993,Journal,2024-05-18,,,5143,0,5143,Journal voucher,Posted,2024-05-18,2024-05-01
VCH-1994,COMP-0037,SAL-001994,Sales,2024-05-27,PTY-0708,Priya Gupta Distributors,80000,14400,94400,Sales to Priya Gupta Distributors,Posted,2024-05-27,2024-05-01
VCH-1995,COMP-0037,SAL-001995,Sales,2024-04-13,PTY-0689,Vikram Kumar Distributors,6900,1242,8142,Sales to Vikram Kumar Distributors,Posted,2024-04-13,2024-05-01
VCH-1996,COMP-0037,SAL-001996,Sales,2024-04-17,PTY-0697,Priya Kumar Suppliers,480000,86400,566400,Sales to Priya Kumar Suppliers,Posted,2024-04-17,2024-05-01
VCH-1997,COMP-0037,SAL-001997,Sales,2024-06-15,PTY-0702,Neha Gupta Distributors,731000,131580,862580,Sales to Neha Gupta Distributors,Posted,2024-06-15,2024-05-01
VCH-1998,COMP-0037,SAL-001998,Sales,2024-04-28,PTY-0698,Priya Singh Suppliers,221200,39816,261016,Sales to Priya Singh Suppliers,Posted,2024-04-28,2024-05-01
VCH-1999,COMP-0037,JOU-001999,Journal,2024-06-22,,,23860,0,23860,Journal voucher,Posted,2024-06-22,2024-05-01
VCH-2000,COMP-0037,JOU-002000,Journal,2024-05-26,,,14841,0,14841,Journal voucher,Posted,2024-05-26,2024-05-01
VCH-2001,COMP-0037,SAL-002001,Sales,2024-06-14,PTY-0698,Priya Singh Suppliers,940000,169200,1109200,Sales to Priya Singh Suppliers,Posted,2024-06-14,2024-05-01
VCH-2002,COMP-0037,PUR-002002,Purchase,2024-06-17,PTY-0708,Priya Gupta Distributors,966900,174042,1140942,Purchase to Priya Gupta Distributors,Posted,2024-06-17,2024-05-01
VCH-2003,COMP-0037,JOU-002003,Journal,2024-04-07,,,12958,0,12958,Journal voucher,Posted,2024-04-07,2024-05-01
VCH-2004,COMP-0037,JOU-002004,Journal,2024-05-31,,,7906,0,7906,Journal voucher,Posted,2024-05-31,2024-05-01
VCH-2005,COMP-0037,JOU-002005,Journal,2024-05-02,,,8285,0,8285,Journal voucher,Posted,2024-05-02,2024-05-01
VCH-2006,COMP-0037,SAL-002006,Sales,2024-04-21,PTY-0699,Neha Singh Traders,483600,87048,570648,Sales to Neha Singh Traders,Posted,2024-04-21,2024-05-01
VCH-2007,COMP-0037,PUR-002007,Purchase,2024-04-19,PTY-0707,Neha Gupta Suppliers,552700,99486,652186,Purchase to Neha Gupta Suppliers,Posted,2024-04-19,2024-05-01
VCH-2008,COMP-0037,SAL-002008,Sales,2024-05-08,PTY-0693,Rajesh Gupta Traders,590500,106290,696790,Sales to Rajesh Gupta Traders,Posted,2024-05-08,2024-05-01
VCH-2009,COMP-0037,PUR-002009,Purchase,2024-05-19,PTY-0706,Vikram Sharma Suppliers,996000,179280,1175280,Purchase to Vikram Sharma Suppliers,Posted,2024-05-19,2024-05-01
VCH-2010,COMP-0037,JOU-002010,Journal,2024-06-19,,,10224,0,10224,Journal voucher,Posted,2024-06-19,2024-05-01
VCH-2011,COMP-0037,JOU-002011,Journal,2024-06-08,,,9610,0,9610,Journal voucher,Posted,2024-06-08,2024-05-01
VCH-2012,COMP-0037,SAL-002012,Sales,2024-04-18,PTY-0693,Rajesh Gupta Traders,275000,49500,324500,Sales to Rajesh Gupta Traders,Posted,2024-04-18,2024-05-01
VCH-2013,COMP-0037,JOU-002013,Journal,2024-06-28,,,7138,0,7138,Journal voucher,Posted,2024-06-28,2024-05-01
VCH-2014,COMP-0037,SAL-002014,Sales,2024-06-18,PTY-0693,Rajesh Gupta Traders,667500,120150,787650,Sales to Rajesh Gupta Traders,Posted,2024-06-18,2024-05-01
VCH-2015,COMP-0037,SAL-002015,Sales,2024-06-24,PTY-0706,Vikram Sharma Suppliers,786000,141480,927480,Sales to Vikram Sharma Suppliers,Posted,2024-06-24,2024-05-01
VCH-2016,COMP-0037,SAL-002016,Sales,2024-04-11,PTY-0696,Vikram Kumar Traders,1059500,190710,1250210,Sales to Vikram Kumar Traders,Posted,2024-04-11,2024-05-01
VCH-2017,COMP-0037,PUR-002017,Purchase,2024-05-26,PTY-0707,Neha Gupta Suppliers,515000,92700,607700,Purchase to Neha Gupta Suppliers,Posted,2024-05-26,2024-05-01
VCH-2018,COMP-0037,JOU-002018,Journal,2024-04-01,,,17889,0,17889,Journal voucher,Posted,2024-04-01,2024-05-01
VCH-2019,COMP-0037,SAL-002019,Sales,2024-05-02,PTY-0692,Rajesh Singh Traders,30000,5400,35400,Sales to Rajesh Singh Traders,Posted,2024-05-02,2024-05-01
VCH-2020,COMP-0037,PUR-002020,Purchase,2024-04-17,PTY-0702,Neha Gupta Distributors,250500,45090,295590,Purchase to Neha Gupta Distributors,Posted,2024-04-17,2024-05-01
VCH-2021,COMP-0037,PUR-002021,Purchase,2024-06-04,PTY-0689,Vikram Kumar Distributors,135000,24300,159300,Purchase to Vikram Kumar Distributors,Posted,2024-06-04,2024-05-01
VCH-2022,COMP-0037,SAL-002022,Sales,2024-05-27,PTY-0705,Vikram Patel Traders,575000,103500,678500,Sales to Vikram Patel Traders,Posted,2024-05-27,2024-05-01
VCH-2023,COMP-0037,PUR-002023,Purchase,2024-05-13,PTY-0693,Rajesh Gupta Traders,172500,31050,203550,Purchase to Rajesh Gupta Traders,Posted,2024-05-13,2024-05-01
VCH-2024,COMP-0037,PUR-002024,Purchase,2024-06-21,PTY-0697,Priya Kumar Suppliers,1207000,217260,1424260,Purchase to Priya Kumar Suppliers,Posted,2024-06-21,2024-05-01
VCH-2025,COMP-0038,PUR-002025,Purchase,2024-05-17,PTY-0723,Neha Patel Suppliers,102000,18360,120360,Purchase to Neha Patel Suppliers,Posted,2024-05-17,2024-05-01
VCH-2026,COMP-0038,JOU-002026,Journal,2024-05-26,,,5451,0,5451,Journal voucher,Posted,2024-05-26,2024-05-01
VCH-2027,COMP-0038,JOU-002027,Journal,2024-05-02,,,11255,0,11255,Journal voucher,Posted,2024-05-02,2024-05-01
VCH-2028,COMP-0038,JOU-002028,Journal,2024-06-21,,,18223,0,18223,Journal voucher,Posted,2024-06-21,2024-05-01
VCH-2029,COMP-0038,JOU-002029,Journal,2024-05-23,,,14264,0,14264,Journal voucher,Posted,2024-05-23,2024-05-01
VCH-2030,COMP-0038,SAL-002030,Sales,2024-05-05,PTY-0725,Vikram Gupta Distributors,1195000,215100,1410100,Sales to Vikram Gupta Distributors,Posted,2024-05-05,2024-05-01
VCH-2031,COMP-0038,JOU-002031,Journal,2024-06-16,,,13443,0,13443,Journal voucher,Posted,2024-06-16,2024-05-01
VCH-2032,COMP-0038,PUR-002032,Purchase,2024-04-05,PTY-0729,Amit Gupta Distributors,277500,49950,327450,Purchase to Amit Gupta Distributors,Posted,2024-04-05,2024-05-01
VCH-2033,COMP-0038,JOU-002033,Journal,2024-04-19,,,19303,0,19303,Journal voucher,Posted,2024-04-19,2024-05-01
VCH-2034,COMP-0038,SAL-002034,Sales,2024-04-28,PTY-0717,Neha Sharma Distributors,380000,68400,448400,Sales to Neha Sharma Distributors,Posted,2024-04-28,2024-05-01
VCH-2035,COMP-0038,PUR-002035,Purchase,2024-06-10,PTY-0727,Rajesh Sharma Suppliers,452000,81360,533360,Purchase to Rajesh Sharma Suppliers,Posted,2024-06-10,2024-05-01
VCH-2036,COMP-0038,SAL-002036,Sales,2024-05-03,PTY-0732,Priya Gupta Traders,336000,60480,396480,Sales to Priya Gupta Traders,Posted,2024-05-03,2024-05-01
VCH-2037,COMP-0038,JOU-002037,Journal,2024-05-26,,,10352,0,10352,Journal voucher,Posted,2024-05-26,2024-05-01
VCH-2038,COMP-0038,JOU-002038,Journal,2024-04-25,,,22401,0,22401,Journal voucher,Posted,2024-04-25,2024-05-01
VCH-2039,COMP-0038,SAL-002039,Sales,2024-06-03,PTY-0730,Vikram Kumar Suppliers,24500,4410,28910,Sales to Vikram Kumar Suppliers,Posted,2024-06-03,2024-05-01
VCH-2040,COMP-0038,JOU-002040,Journal,2024-05-30,,,21111,0,21111,Journal voucher,Posted,2024-05-30,2024-05-01
VCH-2041,COMP-0038,JOU-002041,Journal,2024-06-05,,,22247,0,22247,Journal voucher,Posted,2024-06-05,2024-05-01
VCH-2042,COMP-0038,SAL-002042,Sales,2024-04-17,PTY-0726,Amit Gupta Traders,143500,25830,169330,Sales to Amit Gupta Traders,Posted,2024-04-17,2024-05-01
VCH-2043,COMP-0038,PUR-002043,Purchase,2024-05-20,PTY-0722,Vikram Patel Suppliers,1019500,183510,1203010,Purchase to Vikram Patel Suppliers,Posted,2024-05-20,2024-05-01
VCH-2044,COMP-0038,PUR-002044,Purchase,2024-05-10,PTY-0728,Neha Singh Distributors,1171500,210870,1382370,Purchase to Neha Singh Distributors,Posted,2024-05-10,2024-05-01
VCH-2045,COMP-0038,PUR-002045,Purchase,2024-06-27,PTY-0718,Neha Patel Traders,188000,33840,221840,Purchase to Neha Patel Traders,Posted,2024-06-27,2024-05-01
VCH-2046,COMP-0038,SAL-002046,Sales,2024-04-20,PTY-0713,Priya Sharma Traders,1500,270,1770,Sales to Priya Sharma Traders,Posted,2024-04-20,2024-05-01
VCH-2047,COMP-0038,JOU-002047,Journal,2024-06-13,,,18670,0,18670,Journal voucher,Posted,2024-06-13,2024-05-01
VCH-2048,COMP-0038,PUR-002048,Purchase,2024-05-20,PTY-0710,Neha Sharma Traders,60000,10800,70800,Purchase to Neha Sharma Traders,Posted,2024-05-20,2024-05-01
VCH-2049,COMP-0038,JOU-002049,Journal,2024-05-16,,,19733,0,19733,Journal voucher,Posted,2024-05-16,2024-05-01
VCH-2050,COMP-0038,SAL-002050,Sales,2024-05-06,PTY-0731,Amit Sharma Traders,340000,61200,401200,Sales to Amit Sharma Traders,Posted,2024-05-06,2024-05-01
VCH-2051,COMP-0038,JOU-002051,Journal,2024-04-13,,,10640,0,10640,Journal voucher,Posted,2024-04-13,2024-05-01
VCH-2052,COMP-0038,PUR-002052,Purchase,2024-05-31,PTY-0710,Neha Sharma Traders,455000,81900,536900,Purchase to Neha Sharma Traders,Posted,2024-05-31,2024-05-01
VCH-2053,COMP-0038,PUR-002053,Purchase,2024-06-07,PTY-0726,Amit Gupta Traders,49500,8910,58410,Purchase to Amit Gupta Traders,Posted,2024-06-07,2024-05-01
VCH-2054,COMP-0038,SAL-002054,Sales,2024-05-16,PTY-0722,Vikram Patel Suppliers,120500,21690,142190,Sales to Vikram Patel Suppliers,Posted,2024-05-16,2024-05-01
VCH-2055,COMP-0038,JOU-002055,Journal,2024-04-23,,,14913,0,14913,Journal voucher,Posted,2024-04-23,2024-05-01
VCH-2056,COMP-0038,JOU-002056,Journal,2024-04-09,,,24291,0,24291,Journal voucher,Posted,2024-04-09,2024-05-01
VCH-2057,COMP-0038,SAL-002057,Sales,2024-05-08,PTY-0716,Rajesh Kumar Distributors,10500,1890,12390,Sales to Rajesh Kumar Distributors,Posted,2024-05-08,2024-05-01
VCH-2058,COMP-0038,JOU-002058,Journal,2024-06-08,,,5556,0,5556,Journal voucher,Posted,2024-06-08,2024-05-01
VCH-2059,COMP-0038,JOU-002059,Journal,2024-05-11,,,6372,0,6372,Journal voucher,Posted,2024-05-11,2024-05-01
VCH-2060,COMP-0038,SAL-002060,Sales,2024-05-28,PTY-0717,Neha Sharma Distributors,925000,166500,1091500,Sales to Neha Sharma Distributors,Posted,2024-05-28,2024-05-01
VCH-2061,COMP-0038,JOU-002061,Journal,2024-04-20,,,21799,0,21799,Journal voucher,Posted,2024-04-20,2024-05-01
VCH-2062,COMP-0038,SAL-002062,Sales,2024-04-08,PTY-0732,Priya Gupta Traders,665000,119700,784700,Sales to Priya Gupta Traders,Posted,2024-04-08,2024-05-01
VCH-2063,COMP-0038,SAL-002063,Sales,2024-04-09,PTY-0731,Amit Sharma Traders,238000,42840,280840,Sales to Amit Sharma Traders,Posted,2024-04-09,2024-05-01
VCH-2064,COMP-0038,JOU-002064,Journal,2024-06-13,,,9421,0,9421,Journal voucher,Posted,2024-06-13,2024-05-01
VCH-2065,COMP-0038,JOU-002065,Journal,2024-05-14,,,23194,0,23194,Journal voucher,Posted,2024-05-14,2024-05-01
VCH-2066,COMP-0038,SAL-002066,Sales,2024-04-15,PTY-0722,Vikram Patel Suppliers,731000,131580,862580,Sales to Vikram Patel Suppliers,Posted,2024-04-15,2024-05-01
VCH-2067,COMP-0038,SAL-002067,Sales,2024-04-27,PTY-0722,Vikram Patel Suppliers,342900,61722,404622,Sales to Vikram Patel Suppliers,Posted,2024-04-27,2024-05-01
VCH-2068,COMP-0038,PUR-002068,Purchase,2024-06-21,PTY-0717,Neha Sharma Distributors,544000,97920,641920,Purchase to Neha Sharma Distributors,Posted,2024-06-21,2024-05-01
VCH-2069,COMP-0038,SAL-002069,Sales,2024-04-01,PTY-0729,Amit Gupta Distributors,223000,40140,263140,Sales to Amit Gupta Distributors,Posted,2024-04-01,2024-05-01
VCH-2070,COMP-0038,SAL-002070,Sales,2024-04-12,PTY-0726,Amit Gupta Traders,653500,117630,771130,Sales to Amit Gupta Traders,Posted,2024-04-12,2024-05-01
VCH-2071,COMP-0038,JOU-002071,Journal,2024-04-25,,,10032,0,10032,Journal voucher,Posted,2024-04-25,2024-05-01
VCH-2072,COMP-0038,SAL-002072,Sales,2024-04-30,PTY-0724,Rajesh Kumar Distributors,270300,48654,318954,Sales to Rajesh Kumar Distributors,Posted,2024-04-30,2024-05-01
VCH-2073,COMP-0038,SAL-002073,Sales,2024-06-18,PTY-0713,Priya Sharma Traders,664500,119610,784110,Sales to Priya Sharma Traders,Posted,2024-06-18,2024-05-01
VCH-2074,COMP-0038,SAL-002074,Sales,2024-04-26,PTY-0726,Amit Gupta Traders,331500,59670,391170,Sales to Amit Gupta Traders,Posted,2024-04-26,2024-05-01
VCH-2075,COMP-0038,PUR-002075,Purchase,2024-06-13,PTY-0717,Neha Sharma Distributors,382500,68850,451350,Purchase to Neha Sharma Distributors,Posted,2024-06-13,2024-05-01
VCH-2076,COMP-0038,JOU-002076,Journal,2024-06-19,,,10431,0,10431,Journal voucher,Posted,2024-06-19,2024-05-01
VCH-2077,COMP-0038,JOU-002077,Journal,2024-05-24,,,14585,0,14585,Journal voucher,Posted,2024-05-24,2024-05-01
VCH-2078,COMP-0038,JOU-002078,Journal,2024-04-13,,,19531,0,19531,Journal voucher,Posted,2024-04-13,2024-05-01
VCH-2079,COMP-0038,SAL-002079,Sales,2024-06-29,PTY-0722,Vikram Patel Suppliers,240000,43200,283200,Sales to Vikram Patel Suppliers,Posted,2024-06-29,2024-05-01
VCH-2080,COMP-0039,JOU-002080,Journal,2024-04-12,,,22354,0,22354,Journal voucher,Posted,2024-04-12,2024-05-01
VCH-2081,COMP-0039,PUR-002081,Purchase,2024-05-30,PTY-0737,Rajesh Singh Traders,312000,56160,368160,Purchase to Rajesh Singh Traders,Posted,2024-05-30,2024-05-01
VCH-2082,COMP-0039,SAL-002082,Sales,2024-06-12,PTY-0750,Amit Kumar Distributors,730000,131400,861400,Sales to Amit Kumar Distributors,Posted,2024-06-12,2024-05-01
VCH-2083,COMP-0039,SAL-002083,Sales,2024-04-19,PTY-0748,Neha Gupta Suppliers,900,162,1062,Sales to Neha Gupta Suppliers,Posted,2024-04-19,2024-05-01
VCH-2084,COMP-0039,JOU-002084,Journal,2024-04-20,,,12471,0,12471,Journal voucher,Posted,2024-04-20,2024-05-01
VCH-2085,COMP-0039,JOU-002085,Journal,2024-06-26,,,6855,0,6855,Journal voucher,Posted,2024-06-26,2024-05-01
VCH-2086,COMP-0039,JOU-002086,Journal,2024-06-30,,,19038,0,19038,Journal voucher,Posted,2024-06-30,2024-05-01
VCH-2087,COMP-0039,JOU-002087,Journal,2024-05-05,,,22765,0,22765,Journal voucher,Posted,2024-05-05,2024-05-01
VCH-2088,COMP-0039,PUR-002088,Purchase,2024-04-08,PTY-0750,Amit Kumar Distributors,12900,2322,15222,Purchase to Amit Kumar Distributors,Posted,2024-04-08,2024-05-01
VCH-2089,COMP-0039,PUR-002089,Purchase,2024-04-10,PTY-0747,Amit Patel Traders,19400,3492,22892,Purchase to Amit Patel Traders,Posted,2024-04-10,2024-05-01
VCH-2090,COMP-0039,PUR-002090,Purchase,2024-06-15,PTY-0750,Amit Kumar Distributors,274200,49356,323556,Purchase to Amit Kumar Distributors,Posted,2024-06-15,2024-05-01
VCH-2091,COMP-0039,PUR-002091,Purchase,2024-05-16,PTY-0743,Priya Sharma Traders,775000,139500,914500,Purchase to Priya Sharma Traders,Posted,2024-05-16,2024-05-01
VCH-2092,COMP-0039,PUR-002092,Purchase,2024-04-22,PTY-0750,Amit Kumar Distributors,7500,1350,8850,Purchase to Amit Kumar Distributors,Posted,2024-04-22,2024-05-01
VCH-2093,COMP-0039,PUR-002093,Purchase,2024-06-10,PTY-0746,Rajesh Gupta Distributors,1500,270,1770,Purchase to Rajesh Gupta Distributors,Posted,2024-06-10,2024-05-01
VCH-2094,COMP-0039,JOU-002094,Journal,2024-04-20,,,20695,0,20695,Journal voucher,Posted,2024-04-20,2024-05-01
VCH-2095,COMP-0039,SAL-002095,Sales,2024-04-11,PTY-0745,Neha Sharma Distributors,437000,78660,515660,Sales to Neha Sharma Distributors,Posted,2024-04-11,2024-05-01
VCH-2096,COMP-0039,JOU-002096,Journal,2024-06-10,,,22918,0,22918,Journal voucher,Posted,2024-06-10,2024-05-01
VCH-2097,COMP-0039,JOU-002097,Journal,2024-04-20,,,22695,0,22695,Journal voucher,Posted,2024-04-20,2024-05-01
VCH-2098,COMP-0039,JOU-002098,Journal,2024-06-23,,,8220,0,8220,Journal voucher,Posted,2024-06-23,2024-05-01
VCH-2099,COMP-0039,PUR-002099,Purchase,2024-04-04,PTY-0748,Neha Gupta Suppliers,70000,12600,82600,Purchase to Neha Gupta Suppliers,Posted,2024-04-04,2024-05-01
VCH-2100,COMP-0039,SAL-002100,Sales,2024-06-16,PTY-0736,Vikram Patel Distributors,2700,486,3186,Sales to Vikram Patel Distributors,Posted,2024-06-16,2024-05-01
VCH-2101,COMP-0039,PUR-002101,Purchase,2024-04-29,PTY-0737,Rajesh Singh Traders,774000,139320,913320,Purchase to Rajesh Singh Traders,Posted,2024-04-29,2024-05-01
VCH-2102,COMP-0039,PUR-002102,Purchase,2024-06-30,PTY-0746,Rajesh Gupta Distributors,290400,52272,342672,Purchase to Rajesh Gupta Distributors,Posted,2024-06-30,2024-05-01
VCH-2103,COMP-0039,PUR-002103,Purchase,2024-05-24,PTY-0747,Amit Patel Traders,1220000,219600,1439600,Purchase to Amit Patel Traders,Posted,2024-05-24,2024-05-01
VCH-2104,COMP-0039,JOU-002104,Journal,2024-04-02,,,19491,0,19491,Journal voucher,Posted,2024-04-02,2024-05-01
VCH-2105,COMP-0039,JOU-002105,Journal,2024-04-13,,,12144,0,12144,Journal voucher,Posted,2024-04-13,2024-05-01
VCH-2106,COMP-0039,SAL-002106,Sales,2024-05-12,PTY-0734,Priya Sharma Distributors,13400,2412,15812,Sales to Priya Sharma Distributors,Posted,2024-05-12,2024-05-01
VCH-2107,COMP-0039,SAL-002107,Sales,2024-06-22,PTY-0748,Neha Gupta Suppliers,878500,158130,1036630,Sales to Neha Gupta Suppliers,Posted,2024-06-22,2024-05-01
VCH-2108,COMP-0039,SAL-002108,Sales,2024-05-10,PTY-0749,Amit Sharma Suppliers,1035000,186300,1221300,Sales to Amit Sharma Suppliers,Posted,2024-05-10,2024-05-01
VCH-2109,COMP-0039,JOU-002109,Journal,2024-06-01,,,8355,0,8355,Journal voucher,Posted,2024-06-01,2024-05-01
VCH-2110,COMP-0039,JOU-002110,Journal,2024-04-30,,,15574,0,15574,Journal voucher,Posted,2024-04-30,2024-05-01
VCH-2111,COMP-0039,PUR-002111,Purchase,2024-04-26,PTY-0747,Amit Patel Traders,24500,4410,28910,Purchase to Amit Patel Traders,Posted,2024-04-26,2024-05-01
VCH-2112,COMP-0039,PUR-002112,Purchase,2024-06-08,PTY-0734,Priya Sharma Distributors,173700,31266,204966,Purchase to Priya Sharma Distributors,Posted,2024-06-08,2024-05-01
VCH-2113,COMP-0039,PUR-002113,Purchase,2024-04-30,PTY-0742,Priya Gupta Traders,1132500,203850,1336350,Purchase to Priya Gupta Traders,Posted,2024-04-30,2024-05-01
VCH-2114,COMP-0039,PUR-002114,Purchase,2024-05-31,PTY-0742,Priya Gupta Traders,840000,151200,991200,Purchase to Priya Gupta Traders,Posted,2024-05-31,2024-05-01
VCH-2115,COMP-0039,JOU-002115,Journal,2024-05-25,,,5709,0,5709,Journal voucher,Posted,2024-05-25,2024-05-01
VCH-2116,COMP-0039,SAL-002116,Sales,2024-05-26,PTY-0737,Rajesh Singh Traders,141600,25488,167088,Sales to Rajesh Singh Traders,Posted,2024-05-26,2024-05-01
VCH-2117,COMP-0039,PUR-002117,Purchase,2024-05-16,PTY-0748,Neha Gupta Suppliers,338700,60966,399666,Purchase to Neha Gupta Suppliers,Posted,2024-05-16,2024-05-01
VCH-2118,COMP-0039,SAL-002118,Sales,2024-04-30,PTY-0745,Neha Sharma Distributors,960000,172800,1132800,Sales to Neha Sharma Distributors,Posted,2024-04-30,2024-05-01
VCH-2119,COMP-0039,PUR-002119,Purchase,2024-06-30,PTY-0738,Amit Sharma Suppliers,360000,64800,424800,Purchase to Amit Sharma Suppliers,Posted,2024-06-30,2024-05-01
VCH-2120,COMP-0039,SAL-002120,Sales,2024-05-09,PTY-0744,Rajesh Gupta Distributors,9000,1620,10620,Sales to Rajesh Gupta Distributors,Posted,2024-05-09,2024-05-01
VCH-2121,COMP-0039,JOU-002121,Journal,2024-06-20,,,22614,0,22614,Journal voucher,Posted,2024-06-20,2024-05-01
VCH-2122,COMP-0039,PUR-002122,Purchase,2024-06-14,PTY-0745,Neha Sharma Distributors,3600,648,4248,Purchase to Neha Sharma Distributors,Posted,2024-06-14,2024-05-01
VCH-2123,COMP-0039,SAL-002123,Sales,2024-05-09,PTY-0745,Neha Sharma Distributors,185000,33300,218300,Sales to Neha Sharma Distributors,Posted,2024-05-09,2024-05-01
VCH-2124,COMP-0039,JOU-002124,Journal,2024-05-15,,,23753,0,23753,Journal voucher,Posted,2024-05-15,2024-05-01
VCH-2125,COMP-0039,SAL-002125,Sales,2024-06-09,PTY-0735,Neha Patel Distributors,393800,70884,464684,Sales to Neha Patel Distributors,Posted,2024-06-09,2024-05-01
VCH-2126,COMP-0039,SAL-002126,Sales,2024-05-27,PTY-0733,Amit Kumar Suppliers,84000,15120,99120,Sales to Amit Kumar Suppliers,Posted,2024-05-27,2024-05-01
VCH-2127,COMP-0039,PUR-002127,Purchase,2024-06-05,PTY-0745,Neha Sharma Distributors,131500,23670,155170,Purchase to Neha Sharma Distributors,Posted,2024-06-05,2024-05-01
VCH-2128,COMP-0039,JOU-002128,Journal,2024-05-09,,,20712,0,20712,Journal voucher,Posted,2024-05-09,2024-05-01
VCH-2129,COMP-0039,JOU-002129,Journal,2024-06-29,,,24359,0,24359,Journal voucher,Posted,2024-06-29,2024-05-01
VCH-2130,COMP-0039,SAL-002130,Sales,2024-06-11,PTY-0748,Neha Gupta Suppliers,360000,64800,424800,Sales to Neha Gupta Suppliers,Posted,2024-06-11,2024-05-01
VCH-2131,COMP-0040,SAL-002131,Sales,2024-05-22,PTY-0761,Amit Sharma Suppliers,120000,21600,141600,Sales to Amit Sharma Suppliers,Posted,2024-05-22,2024-05-01
VCH-2132,COMP-0040,PUR-002132,Purchase,2024-04-20,PTY-0764,Vikram Patel Suppliers,329500,59310,388810,Purchase to Vikram Patel Suppliers,Posted,2024-04-20,2024-05-01
VCH-2133,COMP-0040,JOU-002133,Journal,2024-06-11,,,18618,0,18618,Journal voucher,Posted,2024-06-11,2024-05-01
VCH-2134,COMP-0040,PUR-002134,Purchase,2024-05-28,PTY-0760,Priya Patel Distributors,193000,34740,227740,Purchase to Priya Patel Distributors,Posted,2024-05-28,2024-05-01
VCH-2135,COMP-0040,JOU-002135,Journal,2024-04-18,,,17915,0,17915,Journal voucher,Posted,2024-04-18,2024-05-01
VCH-2136,COMP-0040,SAL-002136,Sales,2024-05-06,PTY-0765,Vikram Singh Distributors,126000,22680,148680,Sales to Vikram Singh Distributors,Posted,2024-05-06,2024-05-01
VCH-2137,COMP-0040,PUR-002137,Purchase,2024-04-18,PTY-0754,Priya Patel Traders,263000,47340,310340,Purchase to Priya Patel Traders,Posted,2024-04-18,2024-05-01
VCH-2138,COMP-0040,JOU-002138,Journal,2024-05-27,,,23144,0,23144,Journal voucher,Posted,2024-05-27,2024-05-01
VCH-2139,COMP-0040,PUR-002139,Purchase,2024-05-24,PTY-0760,Priya Patel Distributors,1350000,243000,1593000,Purchase to Priya Patel Distributors,Posted,2024-05-24,2024-05-01
VCH-2140,COMP-0040,PUR-002140,Purchase,2024-04-20,PTY-0755,Rajesh Patel Distributors,330000,59400,389400,Purchase to Rajesh Patel Distributors,Posted,2024-04-20,2024-05-01
VCH-2141,COMP-0040,SAL-002141,Sales,2024-06-18,PTY-0754,Priya Patel Traders,281300,50634,331934,Sales to Priya Patel Traders,Posted,2024-06-18,2024-05-01
VCH-2142,COMP-0040,PUR-002142,Purchase,2024-05-17,PTY-0755,Rajesh Patel Distributors,10000,1800,11800,Purchase to Rajesh Patel Distributors,Posted,2024-05-17,2024-05-01
VCH-2143,COMP-0040,PUR-002143,Purchase,2024-04-15,PTY-0754,Priya Patel Traders,188000,33840,221840,Purchase to Priya Patel Traders,Posted,2024-04-15,2024-05-01
VCH-2144,COMP-0040,PUR-002144,Purchase,2024-06-12,PTY-0763,Priya Patel Traders,70500,12690,83190,Purchase to Priya Patel Traders,Posted,2024-06-12,2024-05-01
VCH-2145,COMP-0040,SAL-002145,Sales,2024-06-21,PTY-0761,Amit Sharma Suppliers,295000,53100,348100,Sales to Amit Sharma Suppliers,Posted,2024-06-21,2024-05-01
VCH-2146,COMP-0040,SAL-002146,Sales,2024-06-17,PTY-0754,Priya Patel Traders,521000,93780,614780,Sales to Priya Patel Traders,Posted,2024-06-17,2024-05-01
VCH-2147,COMP-0040,JOU-002147,Journal,2024-04-27,,,13882,0,13882,Journal voucher,Posted,2024-04-27,2024-05-01
VCH-2148,COMP-0040,SAL-002148,Sales,2024-06-27,PTY-0759,Priya Kumar Distributors,170700,30726,201426,Sales to Priya Kumar Distributors,Posted,2024-06-27,2024-05-01
VCH-2149,COMP-0040,SAL-002149,Sales,2024-06-13,PTY-0758,Neha Kumar Distributors,240000,43200,283200,Sales to Neha Kumar Distributors,Posted,2024-06-13,2024-05-01
VCH-2150,COMP-0040,JOU-002150,Journal,2024-05-03,,,14043,0,14043,Journal voucher,Posted,2024-05-03,2024-05-01
VCH-2151,COMP-0040,SAL-002151,Sales,2024-06-29,PTY-0761,Amit Sharma Suppliers,885000,159300,1044300,Sales to Amit Sharma Suppliers,Posted,2024-06-29,2024-05-01
VCH-2152,COMP-0040,SAL-002152,Sales,2024-04-12,PTY-0762,Priya Kumar Suppliers,121400,21852,143252,Sales to Priya Kumar Suppliers,Posted,2024-04-12,2024-05-01
VCH-2153,COMP-0040,JOU-002153,Journal,2024-04-18,,,5264,0,5264,Journal voucher,Posted,2024-04-18,2024-05-01
VCH-2154,COMP-0040,PUR-002154,Purchase,2024-04-02,PTY-0755,Rajesh Patel Distributors,7200,1296,8496,Purchase to Rajesh Patel Distributors,Posted,2024-04-02,2024-05-01
VCH-2155,COMP-0040,PUR-002155,Purchase,2024-06-23,PTY-0752,Amit Singh Distributors,788500,141930,930430,Purchase to Amit Singh Distributors,Posted,2024-06-23,2024-05-01
VCH-2156,COMP-0040,JOU-002156,Journal,2024-04-13,,,22560,0,22560,Journal voucher,Posted,2024-04-13,2024-05-01
VCH-2157,COMP-0040,SAL-002157,Sales,2024-05-02,PTY-0754,Priya Patel Traders,387500,69750,457250,Sales to Priya Patel Traders,Posted,2024-05-02,2024-05-01
VCH-2158,COMP-0040,PUR-002158,Purchase,2024-05-26,PTY-0757,Amit Gupta Distributors,55000,9900,64900,Purchase to Amit Gupta Distributors,Posted,2024-05-26,2024-05-01
VCH-2159,COMP-0040,JOU-002159,Journal,2024-06-02,,,7543,0,7543,Journal voucher,Posted,2024-06-02,2024-05-01
VCH-2160,COMP-0040,SAL-002160,Sales,2024-04-13,PTY-0761,Amit Sharma Suppliers,28000,5040,33040,Sales to Amit Sharma Suppliers,Posted,2024-04-13,2024-05-01
VCH-2161,COMP-0040,SAL-002161,Sales,2024-04-17,PTY-0758,Neha Kumar Distributors,10000,1800,11800,Sales to Neha Kumar Distributors,Posted,2024-04-17,2024-05-01
VCH-2162,COMP-0040,JOU-002162,Journal,2024-04-19,,,23946,0,23946,Journal voucher,Posted,2024-04-19,2024-05-01
VCH-2163,COMP-0040,JOU-002163,Journal,2024-05-02,,,7362,0,7362,Journal voucher,Posted,2024-05-02,2024-05-01
VCH-2164,COMP-0040,SAL-002164,Sales,2024-05-04,PTY-0762,Priya Kumar Suppliers,455000,81900,536900,Sales to Priya Kumar Suppliers,Posted,2024-05-04,2024-05-01
VCH-2165,COMP-0040,SAL-002165,Sales,2024-04-05,PTY-0754,Priya Patel Traders,294000,52920,346920,Sales to Priya Patel Traders,Posted,2024-04-05,2024-05-01
VCH-2166,COMP-0040,JOU-002166,Journal,2024-05-13,,,15981,0,15981,Journal voucher,Posted,2024-05-13,2024-05-01
VCH-2167,COMP-0040,SAL-002167,Sales,2024-06-26,PTY-0764,Vikram Patel Suppliers,210000,37800,247800,Sales to Vikram Patel Suppliers,Posted,2024-06-26,2024-05-01
VCH-2168,COMP-0040,SAL-002168,Sales,2024-04-13,PTY-0763,Priya Patel Traders,455000,81900,536900,Sales to Priya Patel Traders,Posted,2024-04-13,2024-05-01
VCH-2169,COMP-0040,PUR-002169,Purchase,2024-05-23,PTY-0752,Amit Singh Distributors,495000,89100,584100,Purchase to Amit Singh Distributors,Posted,2024-05-23,2024-05-01
VCH-2170,COMP-0040,SAL-002170,Sales,2024-04-03,PTY-0764,Vikram Patel Suppliers,400000,72000,472000,Sales to Vikram Patel Suppliers,Posted,2024-04-03,2024-05-01
VCH-2171,COMP-0040,SAL-002171,Sales,2024-04-17,PTY-0753,Rajesh Patel Distributors,396000,71280,467280,Sales to Rajesh Patel Distributors,Posted,2024-04-17,2024-05-01
VCH-2172,COMP-0040,SAL-002172,Sales,2024-06-15,PTY-0761,Amit Sharma Suppliers,390000,70200,460200,Sales to Amit Sharma Suppliers,Posted,2024-06-15,2024-05-01
VCH-2173,COMP-0040,SAL-002173,Sales,2024-05-19,PTY-0751,Neha Sharma Traders,130000,23400,153400,Sales to Neha Sharma Traders,Posted,2024-05-19,2024-05-01
VCH-2174,COMP-0040,JOU-002174,Journal,2024-04-15,,,13389,0,13389,Journal voucher,Posted,2024-04-15,2024-05-01
VCH-2175,COMP-0040,SAL-002175,Sales,2024-04-27,PTY-0752,Amit Singh Distributors,360000,64800,424800,Sales to Amit Singh Distributors,Posted,2024-04-27,2024-05-01
VCH-2176,COMP-0040,SAL-002176,Sales,2024-05-17,PTY-0757,Amit Gupta Distributors,360000,64800,424800,Sales to Amit Gupta Distributors,Posted,2024-05-17,2024-05-01
VCH-2177,COMP-0040,JOU-002177,Journal,2024-05-02,,,13328,0,13328,Journal voucher,Posted,2024-05-02,2024-05-01
VCH-2178,COMP-0040,PUR-002178,Purchase,2024-05-23,PTY-0756,Amit Sharma Suppliers,600000,108000,708000,Purchase to Amit Sharma Suppliers,Posted,2024-05-23,2024-05-01
VCH-2179,COMP-0040,PUR-002179,Purchase,2024-04-24,PTY-0755,Rajesh Patel Distributors,30900,5562,36462,Purchase to Rajesh Patel Distributors,Posted,2024-04-24,2024-05-01
VCH-2180,COMP-0040,PUR-002180,Purchase,2024-05-04,PTY-0757,Amit Gupta Distributors,415000,74700,489700,Purchase to Amit Gupta Distributors,Posted,2024-05-04,2024-05-01
VCH-2181,COMP-0040,JOU-002181,Journal,2024-06-14,,,13110,0,13110,Journal voucher,Posted,2024-06-14,2024-05-01
VCH-2182,COMP-0040,PUR-002182,Purchase,2024-05-29,PTY-0758,Neha Kumar Distributors,913000,164340,1077340,Purchase to Neha Kumar Distributors,Posted,2024-05-29,2024-05-01
VCH-2183,COMP-0040,SAL-002183,Sales,2024-04-30,PTY-0764,Vikram Patel Suppliers,10500,1890,12390,Sales to Vikram Patel Suppliers,Posted,2024-04-30,2024-05-01
VCH-2184,COMP-0040,JOU-002184,Journal,2024-05-20,,,18247,0,18247,Journal voucher,Posted,2024-05-20,2024-05-01
VCH-2185,COMP-0040,PUR-002185,Purchase,2024-05-13,PTY-0752,Amit Singh Distributors,62700,11286,73986,Purchase to Amit Singh Distributors,Posted,2024-05-13,2024-05-01
VCH-2186,COMP-0040,JOU-002186,Journal,2024-05-02,,,21741,0,21741,Journal voucher,Posted,2024-05-02,2024-05-01
VCH-2187,COMP-0040,JOU-002187,Journal,2024-06-19,,,18647,0,18647,Journal voucher,Posted,2024-06-19,2024-05-01
VCH-2188,COMP-0041,PUR-002188,Purchase,2024-05-05,PTY-0777,Amit Gupta Distributors,840000,151200,991200,Purchase to Amit Gupta Distributors,Posted,2024-05-05,2024-05-01
VCH-2189,COMP-0041,PUR-002189,Purchase,2024-06-14,PTY-0771,Amit Patel Traders,391300,70434,461734,Purchase to Amit Patel Traders,Posted,2024-06-14,2024-05-01
VCH-2190,COMP-0041,PUR-002190,Purchase,2024-05-11,PTY-0776,Rajesh Singh Distributors,10500,1890,12390,Purchase to Rajesh Singh Distributors,Posted,2024-05-11,2024-05-01
VCH-2191,COMP-0041,JOU-002191,Journal,2024-04-17,,,23893,0,23893,Journal voucher,Posted,2024-04-17,2024-05-01
VCH-2192,COMP-0041,SAL-002192,Sales,2024-05-02,PTY-0772,Vikram Gupta Suppliers,144500,26010,170510,Sales to Vikram Gupta Suppliers,Posted,2024-05-02,2024-05-01
VCH-2193,COMP-0041,PUR-002193,Purchase,2024-05-14,PTY-0771,Amit Patel Traders,338600,60948,399548,Purchase to Amit Patel Traders,Posted,2024-05-14,2024-05-01
VCH-2194,COMP-0041,JOU-002194,Journal,2024-04-28,,,14391,0,14391,Journal voucher,Posted,2024-04-28,2024-05-01
VCH-2195,COMP-0041,SAL-002195,Sales,2024-06-10,PTY-0779,Rajesh Singh Suppliers,455000,81900,536900,Sales to Rajesh Singh Suppliers,Posted,2024-06-10,2024-05-01
VCH-2196,COMP-0041,SAL-002196,Sales,2024-04-13,PTY-0783,Amit Sharma Suppliers,440000,79200,519200,Sales to Amit Sharma Suppliers,Posted,2024-04-13,2024-05-01
VCH-2197,COMP-0041,PUR-002197,Purchase,2024-06-15,PTY-0785,Rajesh Gupta Suppliers,813000,146340,959340,Purchase to Rajesh Gupta Suppliers,Posted,2024-06-15,2024-05-01
VCH-2198,COMP-0041,JOU-002198,Journal,2024-06-26,,,7729,0,7729,Journal voucher,Posted,2024-06-26,2024-05-01
VCH-2199,COMP-0041,JOU-002199,Journal,2024-05-21,,,21884,0,21884,Journal voucher,Posted,2024-05-21,2024-05-01
VCH-2200,COMP-0041,PUR-002200,Purchase,2024-06-28,PTY-0766,Amit Kumar Suppliers,520000,93600,613600,Purchase to Amit Kumar Suppliers,Posted,2024-06-28,2024-05-01
VCH-2201,COMP-0041,PUR-002201,Purchase,2024-04-27,PTY-0778,Amit Patel Traders,2700,486,3186,Purchase to Amit Patel Traders,Posted,2024-04-27,2024-05-01
VCH-2202,COMP-0041,JOU-002202,Journal,2024-04-01,,,13974,0,13974,Journal voucher,Posted,2024-04-01,2024-05-01
VCH-2203,COMP-0041,JOU-002203,Journal,2024-06-01,,,5625,0,5625,Journal voucher,Posted,2024-06-01,2024-05-01
VCH-2204,COMP-0041,JOU-002204,Journal,2024-05-20,,,23803,0,23803,Journal voucher,Posted,2024-05-20,2024-05-01
VCH-2205,COMP-0041,SAL-002205,Sales,2024-04-16,PTY-0769,Neha Kumar Traders,1010000,181800,1191800,Sales to Neha Kumar Traders,Posted,2024-04-16,2024-05-01
VCH-2206,COMP-0041,SAL-002206,Sales,2024-05-21,PTY-0774,Neha Singh Distributors,294000,52920,346920,Sales to Neha Singh Distributors,Posted,2024-05-21,2024-05-01
VCH-2207,COMP-0041,SAL-002207,Sales,2024-06-29,PTY-0778,Amit Patel Traders,240000,43200,283200,Sales to Amit Patel Traders,Posted,2024-06-29,2024-05-01
VCH-2208,COMP-0041,SAL-002208,Sales,2024-05-29,PTY-0784,Rajesh Singh Traders,820000,147600,967600,Sales to Rajesh Singh Traders,Posted,2024-05-29,2024-05-01
VCH-2209,COMP-0041,SAL-002209,Sales,2024-06-25,PTY-0779,Rajesh Singh Suppliers,196300,35334,231634,Sales to Rajesh Singh Suppliers,Posted,2024-06-25,2024-05-01
VCH-2210,COMP-0041,JOU-002210,Journal,2024-05-28,,,5838,0,5838,Journal voucher,Posted,2024-05-28,2024-05-01
VCH-2211,COMP-0041,JOU-002211,Journal,2024-06-27,,,12346,0,12346,Journal voucher,Posted,2024-06-27,2024-05-01
VCH-2212,COMP-0041,SAL-002212,Sales,2024-05-13,PTY-0769,Neha Kumar Traders,385000,69300,454300,Sales to Neha Kumar Traders,Posted,2024-05-13,2024-05-01
VCH-2213,COMP-0041,SAL-002213,Sales,2024-04-14,PTY-0784,Rajesh Singh Traders,385000,69300,454300,Sales to Rajesh Singh Traders,Posted,2024-04-14,2024-05-01
VCH-2214,COMP-0041,PUR-002214,Purchase,2024-05-02,PTY-0774,Neha Singh Distributors,484500,87210,571710,Purchase to Neha Singh Distributors,Posted,2024-05-02,2024-05-01
VCH-2215,COMP-0041,SAL-002215,Sales,2024-05-05,PTY-0779,Rajesh Singh Suppliers,515000,92700,607700,Sales to Rajesh Singh Suppliers,Posted,2024-05-05,2024-05-01
VCH-2216,COMP-0041,JOU-002216,Journal,2024-04-06,,,22874,0,22874,Journal voucher,Posted,2024-04-06,2024-05-01
VCH-2217,COMP-0041,JOU-002217,Journal,2024-04-12,,,7331,0,7331,Journal voucher,Posted,2024-04-12,2024-05-01
VCH-2218,COMP-0041,PUR-002218,Purchase,2024-06-03,PTY-0767,Vikram Sharma Traders,110000,19800,129800,Purchase to Vikram Sharma Traders,Posted,2024-06-03,2024-05-01
VCH-2219,COMP-0041,PUR-002219,Purchase,2024-04-14,PTY-0775,Rajesh Kumar Suppliers,470900,84762,555662,Purchase to Rajesh Kumar Suppliers,Posted,2024-04-14,2024-05-01
VCH-2220,COMP-0041,PUR-002220,Purchase,2024-04-20,PTY-0779,Rajesh Singh Suppliers,75000,13500,88500,Purchase to Rajesh Singh Suppliers,Posted,2024-04-20,2024-05-01
VCH-2221,COMP-0041,PUR-002221,Purchase,2024-06-19,PTY-0773,Rajesh Kumar Suppliers,443000,79740,522740,Purchase to Rajesh Kumar Suppliers,Posted,2024-06-19,2024-05-01
VCH-2222,COMP-0041,JOU-002222,Journal,2024-06-04,,,15784,0,15784,Journal voucher,Posted,2024-06-04,2024-05-01
VCH-2223,COMP-0041,SAL-002223,Sales,2024-06-10,PTY-0770,Priya Singh Distributors,720000,129600,849600,Sales to Priya Singh Distributors,Posted,2024-06-10,2024-05-01
VCH-2224,COMP-0041,SAL-002224,Sales,2024-04-26,PTY-0767,Vikram Sharma Traders,1061800,191124,1252924,Sales to Vikram Sharma Traders,Posted,2024-04-26,2024-05-01
VCH-2225,COMP-0041,SAL-002225,Sales,2024-04-08,PTY-0781,Priya Sharma Distributors,440000,79200,519200,Sales to Priya Sharma Distributors,Posted,2024-04-08,2024-05-01
VCH-2226,COMP-0041,SAL-002226,Sales,2024-04-15,PTY-0770,Priya Singh Distributors,270000,48600,318600,Sales to Priya Singh Distributors,Posted,2024-04-15,2024-05-01
VCH-2227,COMP-0041,PUR-002227,Purchase,2024-05-30,PTY-0766,Amit Kumar Suppliers,3000,540,3540,Purchase to Amit Kumar Suppliers,Posted,2024-05-30,2024-05-01
VCH-2228,COMP-0041,SAL-002228,Sales,2024-05-08,PTY-0770,Priya Singh Distributors,526700,94806,621506,Sales to Priya Singh Distributors,Posted,2024-05-08,2024-05-01
VCH-2229,COMP-0041,SAL-002229,Sales,2024-06-17,PTY-0779,Rajesh Singh Suppliers,36500,6570,43070,Sales to Rajesh Singh Suppliers,Posted,2024-06-17,2024-05-01
VCH-2230,COMP-0041,JOU-002230,Journal,2024-05-08,,,11144,0,11144,Journal voucher,Posted,2024-05-08,2024-05-01
VCH-2231,COMP-0042,JOU-002231,Journal,2024-06-10,,,7611,0,7611,Journal voucher,Posted,2024-06-10,2024-05-01
VCH-2232,COMP-0042,PUR-002232,Purchase,2024-06-21,PTY-0805,Rajesh Patel Traders,20000,3600,23600,Purchase to Rajesh Patel Traders,Posted,2024-06-21,2024-05-01
VCH-2233,COMP-0042,JOU-002233,Journal,2024-06-13,,,10548,0,10548,Journal voucher,Posted,2024-06-13,2024-05-01
VCH-2234,COMP-0042,SAL-002234,Sales,2024-06-22,PTY-0797,Priya Kumar Traders,370000,66600,436600,Sales to Priya Kumar Traders,Posted,2024-06-22,2024-05-01
VCH-2235,COMP-0042,SAL-002235,Sales,2024-05-13,PTY-0787,Priya Singh Suppliers,154000,27720,181720,Sales to Priya Singh Suppliers,Posted,2024-05-13,2024-05-01
VCH-2236,COMP-0042,PUR-002236,Purchase,2024-05-23,PTY-0797,Priya Kumar Traders,154000,27720,181720,Purchase to Priya Kumar Traders,Posted,2024-05-23,2024-05-01
VCH-2237,COMP-0042,JOU-002237,Journal,2024-05-10,,,5066,0,5066,Journal voucher,Posted,2024-05-10,2024-05-01
VCH-2238,COMP-0042,SAL-002238,Sales,2024-06-21,PTY-0801,Priya Sharma Suppliers,665400,119772,785172,Sales to Priya Sharma Suppliers,Posted,2024-06-21,2024-05-01
VCH-2239,COMP-0042,PUR-002239,Purchase,2024-05-20,PTY-0802,Vikram Kumar Distributors,855400,153972,1009372,Purchase to Vikram Kumar Distributors,Posted,2024-05-20,2024-05-01
VCH-2240,COMP-0042,PUR-002240,Purchase,2024-05-26,PTY-0807,Vikram Singh Suppliers,737500,132750,870250,Purchase to Vikram Singh Suppliers,Posted,2024-05-26,2024-05-01
VCH-2241,COMP-0042,JOU-002241,Journal,2024-04-19,,,11036,0,11036,Journal voucher,Posted,2024-04-19,2024-05-01
VCH-2242,COMP-0042,JOU-002242,Journal,2024-06-21,,,19931,0,19931,Journal voucher,Posted,2024-06-21,2024-05-01
VCH-2243,COMP-0042,PUR-002243,Purchase,2024-05-20,PTY-0806,Rajesh Sharma Distributors,27500,4950,32450,Purchase to Rajesh Sharma Distributors,Posted,2024-05-20,2024-05-01
VCH-2244,COMP-0042,JOU-002244,Journal,2024-05-19,,,20611,0,20611,Journal voucher,Posted,2024-05-19,2024-05-01
VCH-2245,COMP-0042,SAL-002245,Sales,2024-06-24,PTY-0795,Amit Gupta Suppliers,345000,62100,407100,Sales to Amit Gupta Suppliers,Posted,2024-06-24,2024-05-01
VCH-2246,COMP-0042,PUR-002246,Purchase,2024-06-05,PTY-0799,Priya Kumar Suppliers,55000,9900,64900,Purchase to Priya Kumar Suppliers,Posted,2024-06-05,2024-05-01
VCH-2247,COMP-0042,PUR-002247,Purchase,2024-06-29,PTY-0789,Rajesh Gupta Distributors,455000,81900,536900,Purchase to Rajesh Gupta Distributors,Posted,2024-06-29,2024-05-01
VCH-2248,COMP-0042,PUR-002248,Purchase,2024-05-23,PTY-0787,Priya Singh Suppliers,450000,81000,531000,Purchase to Priya Singh Suppliers,Posted,2024-05-23,2024-05-01
VCH-2249,COMP-0042,PUR-002249,Purchase,2024-05-31,PTY-0792,Rajesh Patel Traders,337500,60750,398250,Purchase to Rajesh Patel Traders,Posted,2024-05-31,2024-05-01
VCH-2250,COMP-0042,PUR-002250,Purchase,2024-04-19,PTY-0791,Neha Sharma Traders,4500,810,5310,Purchase to Neha Sharma Traders,Posted,2024-04-19,2024-05-01
VCH-2251,COMP-0042,SAL-002251,Sales,2024-05-07,PTY-0794,Vikram Sharma Traders,266000,47880,313880,Sales to Vikram Sharma Traders,Posted,2024-05-07,2024-05-01
VCH-2252,COMP-0042,PUR-002252,Purchase,2024-06-17,PTY-0795,Amit Gupta Suppliers,325000,58500,383500,Purchase to Amit Gupta Suppliers,Posted,2024-06-17,2024-05-01
VCH-2253,COMP-0042,SAL-002253,Sales,2024-04-12,PTY-0803,Priya Sharma Traders,333600,60048,393648,Sales to Priya Sharma Traders,Posted,2024-04-12,2024-05-01
VCH-2254,COMP-0042,JOU-002254,Journal,2024-04-14,,,13069,0,13069,Journal voucher,Posted,2024-04-14,2024-05-01
VCH-2255,COMP-0042,SAL-002255,Sales,2024-06-25,PTY-0796,Amit Patel Distributors,28000,5040,33040,Sales to Amit Patel Distributors,Posted,2024-06-25,2024-05-01
VCH-2256,COMP-0042,SAL-002256,Sales,2024-04-19,PTY-0806,Rajesh Sharma Distributors,639000,115020,754020,Sales to Rajesh Sharma Distributors,Posted,2024-04-19,2024-05-01
VCH-2257,COMP-0042,JOU-002257,Journal,2024-06-21,,,16776,0,16776,Journal voucher,Posted,2024-06-21,2024-05-01
VCH-2258,COMP-0042,JOU-002258,Journal,2024-06-11,,,24621,0,24621,Journal voucher,Posted,2024-06-11,2024-05-01
VCH-2259,COMP-0042,SAL-002259,Sales,2024-06-07,PTY-0790,Priya Sharma Distributors,442500,79650,522150,Sales to Priya Sharma Distributors,Posted,2024-06-07,2024-05-01
VCH-2260,COMP-0042,SAL-002260,Sales,2024-05-13,PTY-0788,Rajesh Sharma Distributors,267000,48060,315060,Sales to Rajesh Sharma Distributors,Posted,2024-05-13,2024-05-01
VCH-2261,COMP-0042,PUR-002261,Purchase,2024-05-31,PTY-0800,Neha Patel Suppliers,256000,46080,302080,Purchase to Neha Patel Suppliers,Posted,2024-05-31,2024-05-01
VCH-2262,COMP-0042,PUR-002262,Purchase,2024-06-22,PTY-0803,Priya Sharma Traders,882000,158760,1040760,Purchase to Priya Sharma Traders,Posted,2024-06-22,2024-05-01
VCH-2263,COMP-0042,PUR-002263,Purchase,2024-06-11,PTY-0786,Amit Gupta Traders,352700,63486,416186,Purchase to Amit Gupta Traders,Posted,2024-06-11,2024-05-01
VCH-2264,COMP-0042,JOU-002264,Journal,2024-04-29,,,19569,0,19569,Journal voucher,Posted,2024-04-29,2024-05-01
VCH-2265,COMP-0042,JOU-002265,Journal,2024-05-01,,,18189,0,18189,Journal voucher,Posted,2024-05-01,2024-05-01
VCH-2266,COMP-0042,JOU-002266,Journal,2024-05-11,,,23105,0,23105,Journal voucher,Posted,2024-05-11,2024-05-01
VCH-2267,COMP-0042,JOU-002267,Journal,2024-05-15,,,17192,0,17192,Journal voucher,Posted,2024-05-15,2024-05-01
VCH-2268,COMP-0042,JOU-002268,Journal,2024-06-29,,,22849,0,22849,Journal voucher,Posted,2024-06-29,2024-05-01
VCH-2269,COMP-0042,PUR-002269,Purchase,2024-04-24,PTY-0786,Amit Gupta Traders,440000,79200,519200,Purchase to Amit Gupta Traders,Posted,2024-04-24,2024-05-01
VCH-2270,COMP-0042,PUR-002270,Purchase,2024-04-20,PTY-0803,Priya Sharma Traders,140000,25200,165200,Purchase to Priya Sharma Traders,Posted,2024-04-20,2024-05-01
VCH-2271,COMP-0042,SAL-002271,Sales,2024-05-20,PTY-0800,Neha Patel Suppliers,960000,172800,1132800,Sales to Neha Patel Suppliers,Posted,2024-05-20,2024-05-01
VCH-2272,COMP-0042,SAL-002272,Sales,2024-05-05,PTY-0787,Priya Singh Suppliers,60000,10800,70800,Sales to Priya Singh Suppliers,Posted,2024-05-05,2024-05-01
VCH-2273,COMP-0042,PUR-002273,Purchase,2024-04-19,PTY-0788,Rajesh Sharma Distributors,20000,3600,23600,Purchase to Rajesh Sharma Distributors,Posted,2024-04-19,2024-05-01
VCH-2274,COMP-0042,PUR-002274,Purchase,2024-05-09,PTY-0803,Priya Sharma Traders,252000,45360,297360,Purchase to Priya Sharma Traders,Posted,2024-05-09,2024-05-01
VCH-2275,COMP-0042,PUR-002275,Purchase,2024-04-29,PTY-0802,Vikram Kumar Distributors,842700,151686,994386,Purchase to Vikram Kumar Distributors,Posted,2024-04-29,2024-05-01
VCH-2276,COMP-0042,PUR-002276,Purchase,2024-06-21,PTY-0798,Neha Kumar Traders,452000,81360,533360,Purchase to Neha Kumar Traders,Posted,2024-06-21,2024-05-01
VCH-2277,COMP-0042,SAL-002277,Sales,2024-04-24,PTY-0786,Amit Gupta Traders,540000,97200,637200,Sales to Amit Gupta Traders,Posted,2024-04-24,2024-05-01
VCH-2278,COMP-0043,PUR-002278,Purchase,2024-05-09,PTY-0821,Neha Gupta Suppliers,110000,19800,129800,Purchase to Neha Gupta Suppliers,Posted,2024-05-09,2024-05-01
VCH-2279,COMP-0043,JOU-002279,Journal,2024-05-29,,,15086,0,15086,Journal voucher,Posted,2024-05-29,2024-05-01
VCH-2280,COMP-0043,SAL-002280,Sales,2024-05-13,PTY-0822,Priya Patel Suppliers,351000,63180,414180,Sales to Priya Patel Suppliers,Posted,2024-05-13,2024-05-01
VCH-2281,COMP-0043,SAL-002281,Sales,2024-05-29,PTY-0818,Rajesh Singh Suppliers,30000,5400,35400,Sales to Rajesh Singh Suppliers,Posted,2024-05-29,2024-05-01
VCH-2282,COMP-0043,PUR-002282,Purchase,2024-06-03,PTY-0815,Priya Gupta Distributors,210000,37800,247800,Purchase to Priya Gupta Distributors,Posted,2024-06-03,2024-05-01
VCH-2283,COMP-0043,SAL-002283,Sales,2024-04-22,PTY-0809,Amit Patel Distributors,480000,86400,566400,Sales to Amit Patel Distributors,Posted,2024-04-22,2024-05-01
VCH-2284,COMP-0043,SAL-002284,Sales,2024-06-24,PTY-0821,Neha Gupta Suppliers,179000,32220,211220,Sales to Neha Gupta Suppliers,Posted,2024-06-24,2024-05-01
VCH-2285,COMP-0043,SAL-002285,Sales,2024-04-11,PTY-0817,Rajesh Kumar Traders,10500,1890,12390,Sales to Rajesh Kumar Traders,Posted,2024-04-11,2024-05-01
VCH-2286,COMP-0043,SAL-002286,Sales,2024-04-29,PTY-0809,Amit Patel Distributors,70000,12600,82600,Sales to Amit Patel Distributors,Posted,2024-04-29,2024-05-01
VCH-2287,COMP-0043,JOU-002287,Journal,2024-04-24,,,24663,0,24663,Journal voucher,Posted,2024-04-24,2024-05-01
VCH-2288,COMP-0043,SAL-002288,Sales,2024-05-27,PTY-0816,Vikram Kumar Distributors,127500,22950,150450,Sales to Vikram Kumar Distributors,Posted,2024-05-27,2024-05-01
VCH-2289,COMP-0043,SAL-002289,Sales,2024-05-09,PTY-0816,Vikram Kumar Distributors,343500,61830,405330,Sales to Vikram Kumar Distributors,Posted,2024-05-09,2024-05-01
VCH-2290,COMP-0043,PUR-002290,Purchase,2024-05-19,PTY-0816,Vikram Kumar Distributors,40000,7200,47200,Purchase to Vikram Kumar Distributors,Posted,2024-05-19,2024-05-01
VCH-2291,COMP-0043,JOU-002291,Journal,2024-04-17,,,6081,0,6081,Journal voucher,Posted,2024-04-17,2024-05-01
VCH-2292,COMP-0043,JOU-002292,Journal,2024-04-16,,,24214,0,24214,Journal voucher,Posted,2024-04-16,2024-05-01
VCH-2293,COMP-0043,SAL-002293,Sales,2024-06-04,PTY-0817,Rajesh Kumar Traders,237000,42660,279660,Sales to Rajesh Kumar Traders,Posted,2024-06-04,2024-05-01
VCH-2294,COMP-0043,SAL-002294,Sales,2024-05-24,PTY-0818,Rajesh Singh Suppliers,220000,39600,259600,Sales to Rajesh Singh Suppliers,Posted,2024-05-24,2024-05-01
VCH-2295,COMP-0043,SAL-002295,Sales,2024-06-22,PTY-0814,Priya Patel Distributors,1016800,183024,1199824,Sales to Priya Patel Distributors,Posted,2024-06-22,2024-05-01
VCH-2296,COMP-0043,SAL-002296,Sales,2024-04-01,PTY-0809,Amit Patel Distributors,24500,4410,28910,Sales to Amit Patel Distributors,Posted,2024-04-01,2024-05-01
VCH-2297,COMP-0043,SAL-002297,Sales,2024-04-13,PTY-0811,Rajesh Sharma Distributors,190000,34200,224200,Sales to Rajesh Sharma Distributors,Posted,2024-04-13,2024-05-01
VCH-2298,COMP-0043,JOU-002298,Journal,2024-06-05,,,16596,0,16596,Journal voucher,Posted,2024-06-05,2024-05-01
VCH-2299,COMP-0043,JOU-002299,Journal,2024-04-01,,,23984,0,23984,Journal voucher,Posted,2024-04-01,2024-05-01
VCH-2300,COMP-0043,SAL-002300,Sales,2024-04-30,PTY-0821,Neha Gupta Suppliers,564000,101520,665520,Sales to Neha Gupta Suppliers,Posted,2024-04-30,2024-05-01
VCH-2301,COMP-0043,PUR-002301,Purchase,2024-05-20,PTY-0816,Vikram Kumar Distributors,337500,60750,398250,Purchase to Vikram Kumar Distributors,Posted,2024-05-20,2024-05-01
VCH-2302,COMP-0043,SAL-002302,Sales,2024-05-19,PTY-0820,Vikram Kumar Distributors,121800,21924,143724,Sales to Vikram Kumar Distributors,Posted,2024-05-19,2024-05-01
VCH-2303,COMP-0043,SAL-002303,Sales,2024-06-18,PTY-0821,Neha Gupta Suppliers,680000,122400,802400,Sales to Neha Gupta Suppliers,Posted,2024-06-18,2024-05-01
VCH-2304,COMP-0043,PUR-002304,Purchase,2024-06-03,PTY-0815,Priya Gupta Distributors,590500,106290,696790,Purchase to Priya Gupta Distributors,Posted,2024-06-03,2024-05-01
VCH-2305,COMP-0043,JOU-002305,Journal,2024-06-22,,,18699,0,18699,Journal voucher,Posted,2024-06-22,2024-05-01
VCH-2306,COMP-0043,SAL-002306,Sales,2024-04-17,PTY-0818,Rajesh Singh Suppliers,3000,540,3540,Sales to Rajesh Singh Suppliers,Posted,2024-04-17,2024-05-01
VCH-2307,COMP-0043,PUR-002307,Purchase,2024-06-29,PTY-0816,Vikram Kumar Distributors,150500,27090,177590,Purchase to Vikram Kumar Distributors,Posted,2024-06-29,2024-05-01
VCH-2308,COMP-0043,SAL-002308,Sales,2024-04-17,PTY-0819,Amit Sharma Traders,80000,14400,94400,Sales to Amit Sharma Traders,Posted,2024-04-17,2024-05-01
VCH-2309,COMP-0043,PUR-002309,Purchase,2024-06-20,PTY-0823,Rajesh Gupta Suppliers,590000,106200,696200,Purchase to Rajesh Gupta Suppliers,Posted,2024-06-20,2024-05-01
VCH-2310,COMP-0043,SAL-002310,Sales,2024-04-27,PTY-0811,Rajesh Sharma Distributors,960000,172800,1132800,Sales to Rajesh Sharma Distributors,Posted,2024-04-27,2024-05-01
VCH-2311,COMP-0043,PUR-002311,Purchase,2024-04-16,PTY-0818,Rajesh Singh Suppliers,165000,29700,194700,Purchase to Rajesh Singh Suppliers,Posted,2024-04-16,2024-05-01
VCH-2312,COMP-0043,JOU-002312,Journal,2024-05-19,,,21935,0,21935,Journal voucher,Posted,2024-05-19,2024-05-01
VCH-2313,COMP-0043,PUR-002313,Purchase,2024-06-22,PTY-0815,Priya Gupta Distributors,1800,324,2124,Purchase to Priya Gupta Distributors,Posted,2024-06-22,2024-05-01
VCH-2314,COMP-0043,SAL-002314,Sales,2024-04-11,PTY-0811,Rajesh Sharma Distributors,435000,78300,513300,Sales to Rajesh Sharma Distributors,Posted,2024-04-11,2024-05-01
VCH-2315,COMP-0043,JOU-002315,Journal,2024-05-29,,,13049,0,13049,Journal voucher,Posted,2024-05-29,2024-05-01
VCH-2316,COMP-0043,JOU-002316,Journal,2024-05-02,,,7396,0,7396,Journal voucher,Posted,2024-05-02,2024-05-01
VCH-2317,COMP-0043,SAL-002317,Sales,2024-04-19,PTY-0814,Priya Patel Distributors,996000,179280,1175280,Sales to Priya Patel Distributors,Posted,2024-04-19,2024-05-01
VCH-2318,COMP-0043,JOU-002318,Journal,2024-06-08,,,8384,0,8384,Journal voucher,Posted,2024-06-08,2024-05-01
VCH-2319,COMP-0043,PUR-002319,Purchase,2024-06-24,PTY-0821,Neha Gupta Suppliers,229800,41364,271164,Purchase to Neha Gupta Suppliers,Posted,2024-06-24,2024-05-01
VCH-2320,COMP-0043,SAL-002320,Sales,2024-06-07,PTY-0810,Rajesh Kumar Suppliers,55000,9900,64900,Sales to Rajesh Kumar Suppliers,Posted,2024-06-07,2024-05-01
VCH-2321,COMP-0043,JOU-002321,Journal,2024-05-20,,,10363,0,10363,Journal voucher,Posted,2024-05-20,2024-05-01
VCH-2322,COMP-0043,SAL-002322,Sales,2024-05-21,PTY-0815,Priya Gupta Distributors,250500,45090,295590,Sales to Priya Gupta Distributors,Posted,2024-05-21,2024-05-01
VCH-2323,COMP-0043,SAL-002323,Sales,2024-06-02,PTY-0813,Amit Singh Traders,974000,175320,1149320,Sales to Amit Singh Traders,Posted,2024-06-02,2024-05-01
VCH-2324,COMP-0044,PUR-002324,Purchase,2024-05-17,PTY-0834,Priya Gupta Distributors,84500,15210,99710,Purchase to Priya Gupta Distributors,Posted,2024-05-17,2024-05-01
VCH-2325,COMP-0044,SAL-002325,Sales,2024-06-05,PTY-0837,Rajesh Patel Distributors,210000,37800,247800,Sales to Rajesh Patel Distributors,Posted,2024-06-05,2024-05-01
VCH-2326,COMP-0044,SAL-002326,Sales,2024-06-13,PTY-0835,Amit Kumar Distributors,325000,58500,383500,Sales to Amit Kumar Distributors,Posted,2024-06-13,2024-05-01
VCH-2327,COMP-0044,PUR-002327,Purchase,2024-05-23,PTY-0834,Priya Gupta Distributors,30000,5400,35400,Purchase to Priya Gupta Distributors,Posted,2024-05-23,2024-05-01
VCH-2328,COMP-0044,PUR-002328,Purchase,2024-06-12,PTY-0836,Priya Sharma Distributors,391200,70416,461616,Purchase to Priya Sharma Distributors,Posted,2024-06-12,2024-05-01
VCH-2329,COMP-0044,JOU-002329,Journal,2024-05-28,,,21128,0,21128,Journal voucher,Posted,2024-05-28,2024-05-01
VCH-2330,COMP-0044,JOU-002330,Journal,2024-06-16,,,15471,0,15471,Journal voucher,Posted,2024-06-16,2024-05-01
VCH-2331,COMP-0044,PUR-002331,Purchase,2024-06-18,PTY-0830,Vikram Gupta Suppliers,236000,42480,278480,Purchase to Vikram Gupta Suppliers,Posted,2024-06-18,2024-05-01
VCH-2332,COMP-0044,SAL-002332,Sales,2024-06-13,PTY-0837,Rajesh Patel Distributors,545500,98190,643690,Sales to Rajesh Patel Distributors,Posted,2024-06-13,2024-05-01
VCH-2333,COMP-0044,PUR-002333,Purchase,2024-06-03,PTY-0846,Vikram Singh Traders,1086000,195480,1281480,Purchase to Vikram Singh Traders,Posted,2024-06-03,2024-05-01
VCH-2334,COMP-0044,SAL-002334,Sales,2024-05-18,PTY-0840,Neha Kumar Distributors,68600,12348,80948,Sales to Neha Kumar Distributors,Posted,2024-05-18,2024-05-01
VCH-2335,COMP-0044,PUR-002335,Purchase,2024-04-30,PTY-0840,Neha Kumar Distributors,275000,49500,324500,Purchase to Neha Kumar Distributors,Posted,2024-04-30,2024-05-01
VCH-2336,COMP-0044,PUR-002336,Purchase,2024-05-28,PTY-0828,Neha Kumar Distributors,960000,172800,1132800,Purchase to Neha Kumar Distributors,Posted,2024-05-28,2024-05-01
VCH-2337,COMP-0044,JOU-002337,Journal,2024-06-22,,,10113,0,10113,Journal voucher,Posted,2024-06-22,2024-05-01
VCH-2338,COMP-0044,PUR-002338,Purchase,2024-06-12,PTY-0832,Amit Sharma Suppliers,510000,91800,601800,Purchase to Amit Sharma Suppliers,Posted,2024-06-12,2024-05-01
VCH-2339,COMP-0044,SAL-002339,Sales,2024-05-27,PTY-0830,Vikram Gupta Suppliers,1008000,181440,1189440,Sales to Vikram Gupta Suppliers,Posted,2024-05-27,2024-05-01
VCH-2340,COMP-0044,SAL-002340,Sales,2024-04-01,PTY-0828,Neha Kumar Distributors,65000,11700,76700,Sales to Neha Kumar Distributors,Posted,2024-04-01,2024-05-01
VCH-2341,COMP-0044,PUR-002341,Purchase,2024-06-26,PTY-0840,Neha Kumar Distributors,250000,45000,295000,Purchase to Neha Kumar Distributors,Posted,2024-06-26,2024-05-01
VCH-2342,COMP-0044,JOU-002342,Journal,2024-04-27,,,11963,0,11963,Journal voucher,Posted,2024-04-27,2024-05-01
VCH-2343,COMP-0044,PUR-002343,Purchase,2024-05-28,PTY-0836,Priya Sharma Distributors,4500,810,5310,Purchase to Priya Sharma Distributors,Posted,2024-05-28,2024-05-01
VCH-2344,COMP-0044,PUR-002344,Purchase,2024-06-28,PTY-0836,Priya Sharma Distributors,505000,90900,595900,Purchase to Priya Sharma Distributors,Posted,2024-06-28,2024-05-01
VCH-2345,COMP-0044,PUR-002345,Purchase,2024-05-13,PTY-0832,Amit Sharma Suppliers,184000,33120,217120,Purchase to Amit Sharma Suppliers,Posted,2024-05-13,2024-05-01
VCH-2346,COMP-0044,SAL-002346,Sales,2024-05-24,PTY-0846,Vikram Singh Traders,220000,39600,259600,Sales to Vikram Singh Traders,Posted,2024-05-24,2024-05-01
VCH-2347,COMP-0044,SAL-002347,Sales,2024-04-19,PTY-0835,Amit Kumar Distributors,720000,129600,849600,Sales to Amit Kumar Distributors,Posted,2024-04-19,2024-05-01
VCH-2348,COMP-0044,JOU-002348,Journal,2024-04-07,,,5029,0,5029,Journal voucher,Posted,2024-04-07,2024-05-01
VCH-2349,COMP-0044,JOU-002349,Journal,2024-04-14,,,14560,0,14560,Journal voucher,Posted,2024-04-14,2024-05-01
VCH-2350,COMP-0044,PUR-002350,Purchase,2024-04-15,PTY-0840,Neha Kumar Distributors,347500,62550,410050,Purchase to Neha Kumar Distributors,Posted,2024-04-15,2024-05-01
VCH-2351,COMP-0044,SAL-002351,Sales,2024-06-21,PTY-0833,Rajesh Kumar Distributors,220000,39600,259600,Sales to Rajesh Kumar Distributors,Posted,2024-06-21,2024-05-01
VCH-2352,COMP-0044,SAL-002352,Sales,2024-04-09,PTY-0836,Priya Sharma Distributors,350000,63000,413000,Sales to Priya Sharma Distributors,Posted,2024-04-09,2024-05-01
VCH-2353,COMP-0044,PUR-002353,Purchase,2024-06-06,PTY-0827,Priya Kumar Traders,612000,110160,722160,Purchase to Priya Kumar Traders,Posted,2024-06-06,2024-05-01
VCH-2354,COMP-0044,SAL-002354,Sales,2024-05-29,PTY-0840,Neha Kumar Distributors,120000,21600,141600,Sales to Neha Kumar Distributors,Posted,2024-05-29,2024-05-01
VCH-2355,COMP-0044,PUR-002355,Purchase,2024-06-19,PTY-0827,Priya Kumar Traders,28000,5040,33040,Purchase to Priya Kumar Traders,Posted,2024-06-19,2024-05-01
VCH-2356,COMP-0044,SAL-002356,Sales,2024-05-28,PTY-0838,Amit Patel Traders,257200,46296,303496,Sales to Amit Patel Traders,Posted,2024-05-28,2024-05-01
VCH-2357,COMP-0044,SAL-002357,Sales,2024-06-24,PTY-0843,Priya Patel Distributors,844800,152064,996864,Sales to Priya Patel Distributors,Posted,2024-06-24,2024-05-01
VCH-2358,COMP-0044,SAL-002358,Sales,2024-04-14,PTY-0836,Priya Sharma Distributors,23000,4140,27140,Sales to Priya Sharma Distributors,Posted,2024-04-14,2024-05-01
VCH-2359,COMP-0044,PUR-002359,Purchase,2024-06-12,PTY-0836,Priya Sharma Distributors,374000,67320,441320,Purchase to Priya Sharma Distributors,Posted,2024-06-12,2024-05-01
VCH-2360,COMP-0044,SAL-002360,Sales,2024-05-23,PTY-0825,Amit Kumar Suppliers,572000,102960,674960,Sales to Amit Kumar Suppliers,Posted,2024-05-23,2024-05-01
VCH-2361,COMP-0044,SAL-002361,Sales,2024-05-03,PTY-0841,Rajesh Patel Traders,24500,4410,28910,Sales to Rajesh Patel Traders,Posted,2024-05-03,2024-05-01
VCH-2362,COMP-0044,PUR-002362,Purchase,2024-05-12,PTY-0828,Neha Kumar Distributors,620000,111600,731600,Purchase to Neha Kumar Distributors,Posted,2024-05-12,2024-05-01
VCH-2363,COMP-0044,SAL-002363,Sales,2024-05-07,PTY-0836,Priya Sharma Distributors,786000,141480,927480,Sales to Priya Sharma Distributors,Posted,2024-05-07,2024-05-01
VCH-2364,COMP-0044,PUR-002364,Purchase,2024-04-09,PTY-0841,Rajesh Patel Traders,86000,15480,101480,Purchase to Rajesh Patel Traders,Posted,2024-04-09,2024-05-01
VCH-2365,COMP-0044,JOU-002365,Journal,2024-04-01,,,11632,0,11632,Journal voucher,Posted,2024-04-01,2024-05-01
VCH-2366,COMP-0044,JOU-002366,Journal,2024-04-20,,,16172,0,16172,Journal voucher,Posted,2024-04-20,2024-05-01
VCH-2367,COMP-0044,JOU-002367,Journal,2024-04-21,,,20139,0,20139,Journal voucher,Posted,2024-04-21,2024-05-01
VCH-2368,COMP-0044,JOU-002368,Journal,2024-06-01,,,19090,0,19090,Journal voucher,Posted,2024-06-01,2024-05-01
VCH-2369,COMP-0044,SAL-002369,Sales,2024-05-03,PTY-0844,Vikram Gupta Traders,516000,92880,608880,Sales to Vikram Gupta Traders,Posted,2024-05-03,2024-05-01
VCH-2370,COMP-0044,SAL-002370,Sales,2024-06-06,PTY-0833,Rajesh Kumar Distributors,1015000,182700,1197700,Sales to Rajesh Kumar Distributors,Posted,2024-06-06,2024-05-01
VCH-2371,COMP-0044,JOU-002371,Journal,2024-04-25,,,5250,0,5250,Journal voucher,Posted,2024-04-25,2024-05-01
VCH-2372,COMP-0044,JOU-002372,Journal,2024-04-17,,,5261,0,5261,Journal voucher,Posted,2024-04-17,2024-05-01
VCH-2373,COMP-0044,PUR-002373,Purchase,2024-04-29,PTY-0846,Vikram Singh Traders,7200,1296,8496,Purchase to Vikram Singh Traders,Posted,2024-04-29,2024-05-01
VCH-2374,COMP-0044,PUR-002374,Purchase,2024-05-31,PTY-0847,Neha Singh Distributors,275000,49500,324500,Purchase to Neha Singh Distributors,Posted,2024-05-31,2024-05-01
VCH-2375,COMP-0044,SAL-002375,Sales,2024-04-18,PTY-0846,Vikram Singh Traders,65900,11862,77762,Sales to Vikram Singh Traders,Posted,2024-04-18,2024-05-01
VCH-2376,COMP-0044,JOU-002376,Journal,2024-05-27,,,9798,0,9798,Journal voucher,Posted,2024-05-27,2024-05-01
VCH-2377,COMP-0044,JOU-002377,Journal,2024-04-07,,,14131,0,14131,Journal voucher,Posted,2024-04-07,2024-05-01
VCH-2378,COMP-0044,SAL-002378,Sales,2024-04-25,PTY-0833,Rajesh Kumar Distributors,1240000,223200,1463200,Sales to Rajesh Kumar Distributors,Posted,2024-04-25,2024-05-01
VCH-2379,COMP-0044,PUR-002379,Purchase,2024-06-28,PTY-0839,Priya Sharma Distributors,20000,3600,23600,Purchase to Priya Sharma Distributors,Posted,2024-06-28,2024-05-01
VCH-2380,COMP-0044,PUR-002380,Purchase,2024-06-26,PTY-0844,Vikram Gupta Traders,400000,72000,472000,Purchase to Vikram Gupta Traders,Posted,2024-06-26,2024-05-01
VCH-2381,COMP-0044,JOU-002381,Journal,2024-05-15,,,18193,0,18193,Journal voucher,Posted,2024-05-15,2024-05-01
VCH-2382,COMP-0044,SAL-002382,Sales,2024-05-23,PTY-0843,Priya Patel Distributors,705000,126900,831900,Sales to Priya Patel Distributors,Posted,2024-05-23,2024-05-01
VCH-2383,COMP-0044,PUR-002383,Purchase,2024-04-03,PTY-0835,Amit Kumar Distributors,210000,37800,247800,Purchase to Amit Kumar Distributors,Posted,2024-04-03,2024-05-01
VCH-2384,COMP-0044,JOU-002384,Journal,2024-04-18,,,17447,0,17447,Journal voucher,Posted,2024-04-18,2024-05-01
VCH-2385,COMP-0044,JOU-002385,Journal,2024-04-26,,,11563,0,11563,Journal voucher,Posted,2024-04-26,2024-05-01
VCH-2386,COMP-0044,JOU-002386,Journal,2024-04-17,,,23987,0,23987,Journal voucher,Posted,2024-04-17,2024-05-01
VCH-2387,COMP-0044,SAL-002387,Sales,2024-05-04,PTY-0843,Priya Patel Distributors,406500,73170,479670,Sales to Priya Patel Distributors,Posted,2024-05-04,2024-05-01
VCH-2388,COMP-0044,SAL-002388,Sales,2024-06-25,PTY-0825,Amit Kumar Suppliers,28000,5040,33040,Sales to Amit Kumar Suppliers,Posted,2024-06-25,2024-05-01
VCH-2389,COMP-0044,PUR-002389,Purchase,2024-06-21,PTY-0826,Rajesh Patel Distributors,175000,31500,206500,Purchase to Rajesh Patel Distributors,Posted,2024-06-21,2024-05-01
VCH-2390,COMP-0044,JOU-002390,Journal,2024-05-21,,,9960,0,9960,Journal voucher,Posted,2024-05-21,2024-05-01
VCH-2391,COMP-0044,SAL-002391,Sales,2024-04-02,PTY-0825,Amit Kumar Suppliers,60000,10800,70800,Sales to Amit Kumar Suppliers,Posted,2024-04-02,2024-05-01
VCH-2392,COMP-0044,PUR-002392,Purchase,2024-06-11,PTY-0830,Vikram Gupta Suppliers,611600,110088,721688,Purchase to Vikram Gupta Suppliers,Posted,2024-06-11,2024-05-01
VCH-2393,COMP-0044,SAL-002393,Sales,2024-05-11,PTY-0840,Neha Kumar Distributors,253500,45630,299130,Sales to Neha Kumar Distributors,Posted,2024-05-11,2024-05-01
VCH-2394,COMP-0045,PUR-002394,Purchase,2024-06-13,PTY-0866,Priya Sharma Distributors,385000,69300,454300,Purchase to Priya Sharma Distributors,Posted,2024-06-13,2024-05-01
VCH-2395,COMP-0045,JOU-002395,Journal,2024-05-02,,,21559,0,21559,Journal voucher,Posted,2024-05-02,2024-05-01
VCH-2396,COMP-0045,SAL-002396,Sales,2024-06-21,PTY-0857,Vikram Singh Suppliers,1084000,195120,1279120,Sales to Vikram Singh Suppliers,Posted,2024-06-21,2024-05-01
VCH-2397,COMP-0045,SAL-002397,Sales,2024-06-28,PTY-0861,Rajesh Patel Suppliers,220500,39690,260190,Sales to Rajesh Patel Suppliers,Posted,2024-06-28,2024-05-01
VCH-2398,COMP-0045,PUR-002398,Purchase,2024-05-21,PTY-0856,Priya Patel Distributors,134000,24120,158120,Purchase to Priya Patel Distributors,Posted,2024-05-21,2024-05-01
VCH-2399,COMP-0045,JOU-002399,Journal,2024-04-06,,,9628,0,9628,Journal voucher,Posted,2024-04-06,2024-05-01
VCH-2400,COMP-0045,SAL-002400,Sales,2024-06-09,PTY-0849,Priya Gupta Traders,385000,69300,454300,Sales to Priya Gupta Traders,Posted,2024-06-09,2024-05-01
VCH-2401,COMP-0045,SAL-002401,Sales,2024-04-03,PTY-0866,Priya Sharma Distributors,9000,1620,10620,Sales to Priya Sharma Distributors,Posted,2024-04-03,2024-05-01
VCH-2402,COMP-0045,SAL-002402,Sales,2024-05-06,PTY-0852,Neha Patel Distributors,230000,41400,271400,Sales to Neha Patel Distributors,Posted,2024-05-06,2024-05-01
VCH-2403,COMP-0045,PUR-002403,Purchase,2024-06-22,PTY-0854,Vikram Patel Suppliers,24500,4410,28910,Purchase to Vikram Patel Suppliers,Posted,2024-06-22,2024-05-01
VCH-2404,COMP-0045,JOU-002404,Journal,2024-06-23,,,17497,0,17497,Journal voucher,Posted,2024-06-23,2024-05-01
VCH-2405,COMP-0045,SAL-002405,Sales,2024-04-02,PTY-0849,Priya Gupta Traders,65000,11700,76700,Sales to Priya Gupta Traders,Posted,2024-04-02,2024-05-01
VCH-2406,COMP-0045,JOU-002406,Journal,2024-06-07,,,24288,0,24288,Journal voucher,Posted,2024-06-07,2024-05-01
VCH-2407,COMP-0045,PUR-002407,Purchase,2024-04-09,PTY-0864,Vikram Kumar Suppliers,325000,58500,383500,Purchase to Vikram Kumar Suppliers,Posted,2024-04-09,2024-05-01
VCH-2408,COMP-0045,JOU-002408,Journal,2024-06-08,,,10684,0,10684,Journal voucher,Posted,2024-06-08,2024-05-01
VCH-2409,COMP-0045,PUR-002409,Purchase,2024-05-13,PTY-0856,Priya Patel Distributors,10500,1890,12390,Purchase to Priya Patel Distributors,Posted,2024-05-13,2024-05-01
VCH-2410,COMP-0045,PUR-002410,Purchase,2024-06-19,PTY-0855,Amit Gupta Suppliers,220000,39600,259600,Purchase to Amit Gupta Suppliers,Posted,2024-06-19,2024-05-01
VCH-2411,COMP-0045,PUR-002411,Purchase,2024-06-21,PTY-0861,Rajesh Patel Suppliers,840000,151200,991200,Purchase to Rajesh Patel Suppliers,Posted,2024-06-21,2024-05-01
VCH-2412,COMP-0045,SAL-002412,Sales,2024-05-21,PTY-0848,Rajesh Singh Suppliers,478000,86040,564040,Sales to Rajesh Singh Suppliers,Posted,2024-05-21,2024-05-01
VCH-2413,COMP-0045,SAL-002413,Sales,2024-06-13,PTY-0862,Vikram Sharma Suppliers,100400,18072,118472,Sales to Vikram Sharma Suppliers,Posted,2024-06-13,2024-05-01
VCH-2414,COMP-0045,JOU-002414,Journal,2024-04-10,,,7892,0,7892,Journal voucher,Posted,2024-04-10,2024-05-01
VCH-2415,COMP-0045,PUR-002415,Purchase,2024-05-15,PTY-0854,Vikram Patel Suppliers,1400000,252000,1652000,Purchase to Vikram Patel Suppliers,Posted,2024-05-15,2024-05-01
VCH-2416,COMP-0045,PUR-002416,Purchase,2024-06-17,PTY-0864,Vikram Kumar Suppliers,359000,64620,423620,Purchase to Vikram Kumar Suppliers,Posted,2024-06-17,2024-05-01
VCH-2417,COMP-0045,PUR-002417,Purchase,2024-04-18,PTY-0855,Amit Gupta Suppliers,17000,3060,20060,Purchase to Amit Gupta Suppliers,Posted,2024-04-18,2024-05-01
VCH-2418,COMP-0045,JOU-002418,Journal,2024-05-22,,,18996,0,18996,Journal voucher,Posted,2024-05-22,2024-05-01
VCH-2419,COMP-0045,JOU-002419,Journal,2024-06-28,,,21681,0,21681,Journal voucher,Posted,2024-06-28,2024-05-01
VCH-2420,COMP-0045,SAL-002420,Sales,2024-06-01,PTY-0852,Neha Patel Distributors,851400,153252,1004652,Sales to Neha Patel Distributors,Posted,2024-06-01,2024-05-01
VCH-2421,COMP-0045,SAL-002421,Sales,2024-04-04,PTY-0860,Priya Patel Suppliers,488700,87966,576666,Sales to Priya Patel Suppliers,Posted,2024-04-04,2024-05-01
VCH-2422,COMP-0045,PUR-002422,Purchase,2024-05-25,PTY-0862,Vikram Sharma Suppliers,911000,163980,1074980,Purchase to Vikram Sharma Suppliers,Posted,2024-05-25,2024-05-01
VCH-2423,COMP-0045,JOU-002423,Journal,2024-04-11,,,15645,0,15645,Journal voucher,Posted,2024-04-11,2024-05-01
VCH-2424,COMP-0045,PUR-002424,Purchase,2024-04-24,PTY-0865,Amit Gupta Traders,349400,62892,412292,Purchase to Amit Gupta Traders,Posted,2024-04-24,2024-05-01
VCH-2425,COMP-0045,SAL-002425,Sales,2024-04-18,PTY-0863,Priya Patel Traders,258300,46494,304794,Sales to Priya Patel Traders,Posted,2024-04-18,2024-05-01
VCH-2426,COMP-0045,JOU-002426,Journal,2024-06-17,,,17457,0,17457,Journal voucher,Posted,2024-06-17,2024-05-01
VCH-2427,COMP-0045,PUR-002427,Purchase,2024-04-04,PTY-0854,Vikram Patel Suppliers,343500,61830,405330,Purchase to Vikram Patel Suppliers,Posted,2024-04-04,2024-05-01
VCH-2428,COMP-0045,JOU-002428,Journal,2024-04-16,,,8583,0,8583,Journal voucher,Posted,2024-04-16,2024-05-01
VCH-2429,COMP-0045,PUR-002429,Purchase,2024-05-13,PTY-0866,Priya Sharma Distributors,165000,29700,194700,Purchase to Priya Sharma Distributors,Posted,2024-05-13,2024-05-01
VCH-2430,COMP-0045,JOU-002430,Journal,2024-06-15,,,16550,0,16550,Journal voucher,Posted,2024-06-15,2024-05-01
VCH-2431,COMP-0045,JOU-002431,Journal,2024-05-15,,,22510,0,22510,Journal voucher,Posted,2024-05-15,2024-05-01
VCH-2432,COMP-0045,PUR-002432,Purchase,2024-04-11,PTY-0857,Vikram Singh Suppliers,125900,22662,148562,Purchase to Vikram Singh Suppliers,Posted,2024-04-11,2024-05-01
VCH-2433,COMP-0045,SAL-002433,Sales,2024-06-17,PTY-0856,Priya Patel Distributors,781400,140652,922052,Sales to Priya Patel Distributors,Posted,2024-06-17,2024-05-01
VCH-2434,COMP-0045,PUR-002434,Purchase,2024-04-07,PTY-0848,Rajesh Singh Suppliers,120000,21600,141600,Purchase to Rajesh Singh Suppliers,Posted,2024-04-07,2024-05-01
VCH-2435,COMP-0045,SAL-002435,Sales,2024-04-16,PTY-0852,Neha Patel Distributors,510000,91800,601800,Sales to Neha Patel Distributors,Posted,2024-04-16,2024-05-01
VCH-2436,COMP-0045,SAL-002436,Sales,2024-06-03,PTY-0866,Priya Sharma Distributors,60000,10800,70800,Sales to Priya Sharma Distributors,Posted,2024-06-03,2024-05-01
VCH-2437,COMP-0045,JOU-002437,Journal,2024-04-20,,,10310,0,10310,Journal voucher,Posted,2024-04-20,2024-05-01
VCH-2438,COMP-0045,PUR-002438,Purchase,2024-04-25,PTY-0854,Vikram Patel Suppliers,1500,270,1770,Purchase to Vikram Patel Suppliers,Posted,2024-04-25,2024-05-01
VCH-2439,COMP-0045,SAL-002439,Sales,2024-05-20,PTY-0849,Priya Gupta Traders,3600,648,4248,Sales to Priya Gupta Traders,Posted,2024-05-20,2024-05-01
VCH-2440,COMP-0045,JOU-002440,Journal,2024-04-03,,,13574,0,13574,Journal voucher,Posted,2024-04-03,2024-05-01
VCH-2441,COMP-0045,PUR-002441,Purchase,2024-05-20,PTY-0861,Rajesh Patel Suppliers,440000,79200,519200,Purchase to Rajesh Patel Suppliers,Posted,2024-05-20,2024-05-01
VCH-2442,COMP-0045,SAL-002442,Sales,2024-05-17,PTY-0857,Vikram Singh Suppliers,28000,5040,33040,Sales to Vikram Singh Suppliers,Posted,2024-05-17,2024-05-01
VCH-2443,COMP-0046,SAL-002443,Sales,2024-06-28,PTY-0877,Neha Singh Distributors,400000,72000,472000,Sales to Neha Singh Distributors,Posted,2024-06-28,2024-05-01
VCH-2444,COMP-0046,JOU-002444,Journal,2024-06-26,,,21254,0,21254,Journal voucher,Posted,2024-06-26,2024-05-01
VCH-2445,COMP-0046,JOU-002445,Journal,2024-04-07,,,22784,0,22784,Journal voucher,Posted,2024-04-07,2024-05-01
VCH-2446,COMP-0046,SAL-002446,Sales,2024-04-27,PTY-0871,Neha Sharma Traders,737500,132750,870250,Sales to Neha Sharma Traders,Posted,2024-04-27,2024-05-01
VCH-2447,COMP-0046,SAL-002447,Sales,2024-04-09,PTY-0877,Neha Singh Distributors,49000,8820,57820,Sales to Neha Singh Distributors,Posted,2024-04-09,2024-05-01
VCH-2448,COMP-0046,JOU-002448,Journal,2024-06-25,,,13770,0,13770,Journal voucher,Posted,2024-06-25,2024-05-01
VCH-2449,COMP-0046,PUR-002449,Purchase,2024-05-08,PTY-0880,Vikram Patel Traders,24500,4410,28910,Purchase to Vikram Patel Traders,Posted,2024-05-08,2024-05-01
VCH-2450,COMP-0046,SAL-002450,Sales,2024-06-20,PTY-0873,Vikram Gupta Distributors,890000,160200,1050200,Sales to Vikram Gupta Distributors,Posted,2024-06-20,2024-05-01
VCH-2451,COMP-0046,SAL-002451,Sales,2024-06-06,PTY-0869,Priya Singh Traders,7200,1296,8496,Sales to Priya Singh Traders,Posted,2024-06-06,2024-05-01
VCH-2452,COMP-0046,PUR-002452,Purchase,2024-05-17,PTY-0867,Vikram Sharma Suppliers,1140000,205200,1345200,Purchase to Vikram Sharma Suppliers,Posted,2024-05-17,2024-05-01
VCH-2453,COMP-0046,SAL-002453,Sales,2024-05-09,PTY-0878,Amit Singh Suppliers,86000,15480,101480,Sales to Amit Singh Suppliers,Posted,2024-05-09,2024-05-01
VCH-2454,COMP-0046,SAL-002454,Sales,2024-05-10,PTY-0867,Vikram Sharma Suppliers,619000,111420,730420,Sales to Vikram Sharma Suppliers,Posted,2024-05-10,2024-05-01
VCH-2455,COMP-0046,SAL-002455,Sales,2024-05-30,PTY-0880,Vikram Patel Traders,520000,93600,613600,Sales to Vikram Patel Traders,Posted,2024-05-30,2024-05-01
VCH-2456,COMP-0046,SAL-002456,Sales,2024-04-26,PTY-0881,Amit Singh Distributors,1494000,268920,1762920,Sales to Amit Singh Distributors,Posted,2024-04-26,2024-05-01
VCH-2457,COMP-0046,JOU-002457,Journal,2024-06-02,,,24342,0,24342,Journal voucher,Posted,2024-06-02,2024-05-01
VCH-2458,COMP-0046,PUR-002458,Purchase,2024-05-05,PTY-0881,Amit Singh Distributors,305000,54900,359900,Purchase to Amit Singh Distributors,Posted,2024-05-05,2024-05-01
VCH-2459,COMP-0046,SAL-002459,Sales,2024-05-24,PTY-0875,Priya Kumar Suppliers,65500,11790,77290,Sales to Priya Kumar Suppliers,Posted,2024-05-24,2024-05-01
VCH-2460,COMP-0046,PUR-002460,Purchase,2024-06-28,PTY-0867,Vikram Sharma Suppliers,140500,25290,165790,Purchase to Vikram Sharma Suppliers,Posted,2024-06-28,2024-05-01
VCH-2461,COMP-0046,SAL-002461,Sales,2024-05-10,PTY-0870,Vikram Gupta Distributors,336000,60480,396480,Sales to Vikram Gupta Distributors,Posted,2024-05-10,2024-05-01
VCH-2462,COMP-0046,SAL-002462,Sales,2024-06-16,PTY-0877,Neha Singh Distributors,1009000,181620,1190620,Sales to Neha Singh Distributors,Posted,2024-06-16,2024-05-01
VCH-2463,COMP-0046,JOU-002463,Journal,2024-04-11,,,8295,0,8295,Journal voucher,Posted,2024-04-11,2024-05-01
VCH-2464,COMP-0046,SAL-002464,Sales,2024-04-19,PTY-0872,Vikram Singh Distributors,640000,115200,755200,Sales to Vikram Singh Distributors,Posted,2024-04-19,2024-05-01
VCH-2465,COMP-0046,JOU-002465,Journal,2024-04-24,,,13657,0,13657,Journal voucher,Posted,2024-04-24,2024-05-01
VCH-2466,COMP-0046,PUR-002466,Purchase,2024-06-10,PTY-0877,Neha Singh Distributors,87500,15750,103250,Purchase to Neha Singh Distributors,Posted,2024-06-10,2024-05-01
VCH-2467,COMP-0046,SAL-002467,Sales,2024-06-07,PTY-0870,Vikram Gupta Distributors,705000,126900,831900,Sales to Vikram Gupta Distributors,Posted,2024-06-07,2024-05-01
VCH-2468,COMP-0046,PUR-002468,Purchase,2024-05-04,PTY-0873,Vikram Gupta Distributors,220000,39600,259600,Purchase to Vikram Gupta Distributors,Posted,2024-05-04,2024-05-01
VCH-2469,COMP-0046,SAL-002469,Sales,2024-05-12,PTY-0874,Neha Sharma Traders,391000,70380,461380,Sales to Neha Sharma Traders,Posted,2024-05-12,2024-05-01
VCH-2470,COMP-0046,PUR-002470,Purchase,2024-06-28,PTY-0867,Vikram Sharma Suppliers,127800,23004,150804,Purchase to Vikram Sharma Suppliers,Posted,2024-06-28,2024-05-01
VCH-2471,COMP-0046,PUR-002471,Purchase,2024-05-24,PTY-0870,Vikram Gupta Distributors,140000,25200,165200,Purchase to Vikram Gupta Distributors,Posted,2024-05-24,2024-05-01
VCH-2472,COMP-0046,PUR-002472,Purchase,2024-04-12,PTY-0880,Vikram Patel Traders,80500,14490,94990,Purchase to Vikram Patel Traders,Posted,2024-04-12,2024-05-01
VCH-2473,COMP-0046,JOU-002473,Journal,2024-05-03,,,10695,0,10695,Journal voucher,Posted,2024-05-03,2024-05-01
VCH-2474,COMP-0046,PUR-002474,Purchase,2024-04-04,PTY-0875,Priya Kumar Suppliers,12000,2160,14160,Purchase to Priya Kumar Suppliers,Posted,2024-04-04,2024-05-01
VCH-2475,COMP-0046,SAL-002475,Sales,2024-05-21,PTY-0876,Vikram Patel Distributors,665000,119700,784700,Sales to Vikram Patel Distributors,Posted,2024-05-21,2024-05-01
VCH-2476,COMP-0046,SAL-002476,Sales,2024-05-01,PTY-0880,Vikram Patel Traders,7000,1260,8260,Sales to Vikram Patel Traders,Posted,2024-05-01,2024-05-01
VCH-2477,COMP-0046,JOU-002477,Journal,2024-05-26,,,6943,0,6943,Journal voucher,Posted,2024-05-26,2024-05-01
VCH-2478,COMP-0046,SAL-002478,Sales,2024-05-13,PTY-0872,Vikram Singh Distributors,378500,68130,446630,Sales to Vikram Singh Distributors,Posted,2024-05-13,2024-05-01
VCH-2479,COMP-0046,PUR-002479,Purchase,2024-04-30,PTY-0868,Rajesh Sharma Suppliers,600000,108000,708000,Purchase to Rajesh Sharma Suppliers,Posted,2024-04-30,2024-05-01
VCH-2480,COMP-0046,JOU-002480,Journal,2024-04-30,,,22400,0,22400,Journal voucher,Posted,2024-04-30,2024-05-01
VCH-2481,COMP-0046,PUR-002481,Purchase,2024-05-10,PTY-0880,Vikram Patel Traders,165000,29700,194700,Purchase to Vikram Patel Traders,Posted,2024-05-10,2024-05-01
VCH-2482,COMP-0046,SAL-002482,Sales,2024-04-08,PTY-0876,Vikram Patel Distributors,50000,9000,59000,Sales to Vikram Patel Distributors,Posted,2024-04-08,2024-05-01
VCH-2483,COMP-0046,SAL-002483,Sales,2024-05-17,PTY-0877,Neha Singh Distributors,4500,810,5310,Sales to Neha Singh Distributors,Posted,2024-05-17,2024-05-01
VCH-2484,COMP-0046,SAL-002484,Sales,2024-05-01,PTY-0871,Neha Sharma Traders,5400,972,6372,Sales to Neha Sharma Traders,Posted,2024-05-01,2024-05-01
VCH-2485,COMP-0046,PUR-002485,Purchase,2024-05-18,PTY-0874,Neha Sharma Traders,110000,19800,129800,Purchase to Neha Sharma Traders,Posted,2024-05-18,2024-05-01
VCH-2486,COMP-0046,SAL-002486,Sales,2024-05-13,PTY-0867,Vikram Sharma Suppliers,391000,70380,461380,Sales to Vikram Sharma Suppliers,Posted,2024-05-13,2024-05-01
VCH-2487,COMP-0046,PUR-002487,Purchase,2024-05-02,PTY-0876,Vikram Patel Distributors,285000,51300,336300,Purchase to Vikram Patel Distributors,Posted,2024-05-02,2024-05-01
VCH-2488,COMP-0046,JOU-002488,Journal,2024-06-25,,,20853,0,20853,Journal voucher,Posted,2024-06-25,2024-05-01
VCH-2489,COMP-0046,PUR-002489,Purchase,2024-04-16,PTY-0868,Rajesh Sharma Suppliers,215000,38700,253700,Purchase to Rajesh Sharma Suppliers,Posted,2024-04-16,2024-05-01
VCH-2490,COMP-0046,JOU-002490,Journal,2024-06-26,,,24823,0,24823,Journal voucher,Posted,2024-06-26,2024-05-01
VCH-2491,COMP-0046,JOU-002491,Journal,2024-05-20,,,16132,0,16132,Journal voucher,Posted,2024-05-20,2024-05-01
VCH-2492,COMP-0046,SAL-002492,Sales,2024-05-28,PTY-0869,Priya Singh Traders,132000,23760,155760,Sales to Priya Singh Traders,Posted,2024-05-28,2024-05-01
VCH-2493,COMP-0046,JOU-002493,Journal,2024-04-30,,,10099,0,10099,Journal voucher,Posted,2024-04-30,2024-05-01
VCH-2494,COMP-0046,PUR-002494,Purchase,2024-04-13,PTY-0870,Vikram Gupta Distributors,454000,81720,535720,Purchase to Vikram Gupta Distributors,Posted,2024-04-13,2024-05-01
VCH-2495,COMP-0046,PUR-002495,Purchase,2024-06-26,PTY-0879,Neha Sharma Distributors,525000,94500,619500,Purchase to Neha Sharma Distributors,Posted,2024-06-26,2024-05-01
VCH-2496,COMP-0046,PUR-002496,Purchase,2024-06-12,PTY-0874,Neha Sharma Traders,330400,59472,389872,Purchase to Neha Sharma Traders,Posted,2024-06-12,2024-05-01
VCH-2497,COMP-0046,JOU-002497,Journal,2024-06-16,,,7653,0,7653,Journal voucher,Posted,2024-06-16,2024-05-01
VCH-2498,COMP-0046,SAL-002498,Sales,2024-04-26,PTY-0871,Neha Sharma Traders,196500,35370,231870,Sales to Neha Sharma Traders,Posted,2024-04-26,2024-05-01
VCH-2499,COMP-0046,JOU-002499,Journal,2024-04-17,,,17362,0,17362,Journal voucher,Posted,2024-04-17,2024-05-01
VCH-2500,COMP-0046,PUR-002500,Purchase,2024-06-11,PTY-0876,Vikram Patel Distributors,600000,108000,708000,Purchase to Vikram Patel Distributors,Posted,2024-06-11,2024-05-01
VCH-2501,COMP-0046,SAL-002501,Sales,2024-06-21,PTY-0867,Vikram Sharma Suppliers,24500,4410,28910,Sales to Vikram Sharma Suppliers,Posted,2024-06-21,2024-05-01
VCH-2502,COMP-0046,JOU-002502,Journal,2024-05-28,,,6547,0,6547,Journal voucher,Posted,2024-05-28,2024-05-01
VCH-2503,COMP-0046,JOU-002503,Journal,2024-06-23,,,13919,0,13919,Journal voucher,Posted,2024-06-23,2024-05-01
VCH-2504,COMP-0046,JOU-002504,Journal,2024-06-17,,,11740,0,11740,Journal voucher,Posted,2024-06-17,2024-05-01
VCH-2505,COMP-0046,PUR-002505,Purchase,2024-05-23,PTY-0874,Neha Sharma Traders,178000,32040,210040,Purchase to Neha Sharma Traders,Posted,2024-05-23,2024-05-01
VCH-2506,COMP-0046,PUR-002506,Purchase,2024-05-25,PTY-0868,Rajesh Sharma Suppliers,220000,39600,259600,Purchase to Rajesh Sharma Suppliers,Posted,2024-05-25,2024-05-01
VCH-2507,COMP-0046,PUR-002507,Purchase,2024-06-10,PTY-0874,Neha Sharma Traders,55000,9900,64900,Purchase to Neha Sharma Traders,Posted,2024-06-10,2024-05-01
VCH-2508,COMP-0046,SAL-002508,Sales,2024-05-11,PTY-0870,Vikram Gupta Distributors,345000,62100,407100,Sales to Vikram Gupta Distributors,Posted,2024-05-11,2024-05-01
VCH-2509,COMP-0046,SAL-002509,Sales,2024-04-21,PTY-0868,Rajesh Sharma Suppliers,4500,810,5310,Sales to Rajesh Sharma Suppliers,Posted,2024-04-21,2024-05-01
VCH-2510,COMP-0046,JOU-002510,Journal,2024-05-17,,,10695,0,10695,Journal voucher,Posted,2024-05-17,2024-05-01
VCH-2511,COMP-0047,JOU-002511,Journal,2024-06-10,,,7516,0,7516,Journal voucher,Posted,2024-06-10,2024-05-01
VCH-2512,COMP-0047,SAL-002512,Sales,2024-06-06,PTY-0895,Neha Kumar Traders,10000,1800,11800,Sales to Neha Kumar Traders,Posted,2024-06-06,2024-05-01
VCH-2513,COMP-0047,PUR-002513,Purchase,2024-05-01,PTY-0884,Amit Sharma Suppliers,154300,27774,182074,Purchase to Amit Sharma Suppliers,Posted,2024-05-01,2024-05-01
VCH-2514,COMP-0047,PUR-002514,Purchase,2024-06-05,PTY-0891,Vikram Gupta Suppliers,132700,23886,156586,Purchase to Vikram Gupta Suppliers,Posted,2024-06-05,2024-05-01
VCH-2515,COMP-0047,SAL-002515,Sales,2024-04-03,PTY-0884,Amit Sharma Suppliers,505000,90900,595900,Sales to Amit Sharma Suppliers,Posted,2024-04-03,2024-05-01
VCH-2516,COMP-0047,SAL-002516,Sales,2024-05-29,PTY-0889,Rajesh Kumar Traders,22500,4050,26550,Sales to Rajesh Kumar Traders,Posted,2024-05-29,2024-05-01
VCH-2517,COMP-0047,SAL-002517,Sales,2024-04-14,PTY-0896,Amit Sharma Traders,9000,1620,10620,Sales to Amit Sharma Traders,Posted,2024-04-14,2024-05-01
VCH-2518,COMP-0047,JOU-002518,Journal,2024-04-11,,,24141,0,24141,Journal voucher,Posted,2024-04-11,2024-05-01
VCH-2519,COMP-0047,SAL-002519,Sales,2024-06-19,PTY-0891,Vikram Gupta Suppliers,413000,74340,487340,Sales to Vikram Gupta Suppliers,Posted,2024-06-19,2024-05-01
VCH-2520,COMP-0047,PUR-002520,Purchase,2024-04-19,PTY-0893,Priya Singh Traders,470000,84600,554600,Purchase to Priya Singh Traders,Posted,2024-04-19,2024-05-01
VCH-2521,COMP-0047,PUR-002521,Purchase,2024-05-25,PTY-0889,Rajesh Kumar Traders,171300,30834,202134,Purchase to Rajesh Kumar Traders,Posted,2024-05-25,2024-05-01
VCH-2522,COMP-0047,SAL-002522,Sales,2024-05-25,PTY-0893,Priya Singh Traders,679000,122220,801220,Sales to Priya Singh Traders,Posted,2024-05-25,2024-05-01
VCH-2523,COMP-0047,PUR-002523,Purchase,2024-05-27,PTY-0882,Amit Gupta Suppliers,21200,3816,25016,Purchase to Amit Gupta Suppliers,Posted,2024-05-27,2024-05-01
VCH-2524,COMP-0047,SAL-002524,Sales,2024-04-13,PTY-0898,Amit Sharma Distributors,360000,64800,424800,Sales to Amit Sharma Distributors,Posted,2024-04-13,2024-05-01
VCH-2525,COMP-0047,PUR-002525,Purchase,2024-04-28,PTY-0891,Vikram Gupta Suppliers,729000,131220,860220,Purchase to Vikram Gupta Suppliers,Posted,2024-04-28,2024-05-01
VCH-2526,COMP-0047,PUR-002526,Purchase,2024-04-23,PTY-0888,Rajesh Patel Suppliers,706000,127080,833080,Purchase to Rajesh Patel Suppliers,Posted,2024-04-23,2024-05-01
VCH-2527,COMP-0047,JOU-002527,Journal,2024-05-24,,,14771,0,14771,Journal voucher,Posted,2024-05-24,2024-05-01
VCH-2528,COMP-0047,PUR-002528,Purchase,2024-06-20,PTY-0893,Priya Singh Traders,220000,39600,259600,Purchase to Priya Singh Traders,Posted,2024-06-20,2024-05-01
VCH-2529,COMP-0047,PUR-002529,Purchase,2024-04-15,PTY-0895,Neha Kumar Traders,50000,9000,59000,Purchase to Neha Kumar Traders,Posted,2024-04-15,2024-05-01
VCH-2530,COMP-0047,SAL-002530,Sales,2024-06-01,PTY-0890,Rajesh Sharma Suppliers,104500,18810,123310,Sales to Rajesh Sharma Suppliers,Posted,2024-06-01,2024-05-01
VCH-2531,COMP-0047,SAL-002531,Sales,2024-04-03,PTY-0889,Rajesh Kumar Traders,325000,58500,383500,Sales to Rajesh Kumar Traders,Posted,2024-04-03,2024-05-01
VCH-2532,COMP-0047,SAL-002532,Sales,2024-06-09,PTY-0889,Rajesh Kumar Traders,885000,159300,1044300,Sales to Rajesh Kumar Traders,Posted,2024-06-09,2024-05-01
VCH-2533,COMP-0047,JOU-002533,Journal,2024-04-19,,,24459,0,24459,Journal voucher,Posted,2024-04-19,2024-05-01
VCH-2534,COMP-0047,PUR-002534,Purchase,2024-06-24,PTY-0897,Rajesh Singh Suppliers,60000,10800,70800,Purchase to Rajesh Singh Suppliers,Posted,2024-06-24,2024-05-01
VCH-2535,COMP-0047,SAL-002535,Sales,2024-06-16,PTY-0884,Amit Sharma Suppliers,55000,9900,64900,Sales to Amit Sharma Suppliers,Posted,2024-06-16,2024-05-01
VCH-2536,COMP-0047,JOU-002536,Journal,2024-05-19,,,9756,0,9756,Journal voucher,Posted,2024-05-19,2024-05-01
VCH-2537,COMP-0047,PUR-002537,Purchase,2024-04-11,PTY-0887,Rajesh Gupta Traders,4500,810,5310,Purchase to Rajesh Gupta Traders,Posted,2024-04-11,2024-05-01
VCH-2538,COMP-0047,PUR-002538,Purchase,2024-05-06,PTY-0898,Amit Sharma Distributors,130000,23400,153400,Purchase to Amit Sharma Distributors,Posted,2024-05-06,2024-05-01
VCH-2539,COMP-0047,SAL-002539,Sales,2024-06-08,PTY-0894,Priya Kumar Distributors,860500,154890,1015390,Sales to Priya Kumar Distributors,Posted,2024-06-08,2024-05-01
VCH-2540,COMP-0047,PUR-002540,Purchase,2024-05-07,PTY-0896,Amit Sharma Traders,642000,115560,757560,Purchase to Amit Sharma Traders,Posted,2024-05-07,2024-05-01
VCH-2541,COMP-0047,SAL-002541,Sales,2024-04-16,PTY-0895,Neha Kumar Traders,27000,4860,31860,Sales to Neha Kumar Traders,Posted,2024-04-16,2024-05-01
VCH-2542,COMP-0047,PUR-002542,Purchase,2024-04-02,PTY-0897,Rajesh Singh Suppliers,24500,4410,28910,Purchase to Rajesh Singh Suppliers,Posted,2024-04-02,2024-05-01
VCH-2543,COMP-0047,SAL-002543,Sales,2024-05-02,PTY-0895,Neha Kumar Traders,165000,29700,194700,Sales to Neha Kumar Traders,Posted,2024-05-02,2024-05-01
VCH-2544,COMP-0047,PUR-002544,Purchase,2024-06-16,PTY-0893,Priya Singh Traders,90300,16254,106554,Purchase to Priya Singh Traders,Posted,2024-06-16,2024-05-01
VCH-2545,COMP-0047,PUR-002545,Purchase,2024-05-24,PTY-0895,Neha Kumar Traders,1800,324,2124,Purchase to Neha Kumar Traders,Posted,2024-05-24,2024-05-01
VCH-2546,COMP-0047,PUR-002546,Purchase,2024-04-12,PTY-0888,Rajesh Patel Suppliers,315000,56700,371700,Purchase to Rajesh Patel Suppliers,Posted,2024-04-12,2024-05-01
VCH-2547,COMP-0047,PUR-002547,Purchase,2024-04-27,PTY-0882,Amit Gupta Suppliers,500000,90000,590000,Purchase to Amit Gupta Suppliers,Posted,2024-04-27,2024-05-01
VCH-2548,COMP-0047,JOU-002548,Journal,2024-04-25,,,10627,0,10627,Journal voucher,Posted,2024-04-25,2024-05-01
VCH-2549,COMP-0047,SAL-002549,Sales,2024-05-20,PTY-0888,Rajesh Patel Suppliers,1070000,192600,1262600,Sales to Rajesh Patel Suppliers,Posted,2024-05-20,2024-05-01
VCH-2550,COMP-0047,JOU-002550,Journal,2024-06-18,,,15794,0,15794,Journal voucher,Posted,2024-06-18,2024-05-01
VCH-2551,COMP-0047,SAL-002551,Sales,2024-06-14,PTY-0883,Amit Sharma Traders,880000,158400,1038400,Sales to Amit Sharma Traders,Posted,2024-06-14,2024-05-01
VCH-2552,COMP-0047,SAL-002552,Sales,2024-06-16,PTY-0891,Vikram Gupta Suppliers,27000,4860,31860,Sales to Vikram Gupta Suppliers,Posted,2024-06-16,2024-05-01
VCH-2553,COMP-0047,PUR-002553,Purchase,2024-06-28,PTY-0889,Rajesh Kumar Traders,290600,52308,342908,Purchase to Rajesh Kumar Traders,Posted,2024-06-28,2024-05-01
VCH-2554,COMP-0047,PUR-002554,Purchase,2024-06-17,PTY-0886,Rajesh Patel Suppliers,303000,54540,357540,Purchase to Rajesh Patel Suppliers,Posted,2024-06-17,2024-05-01
VCH-2555,COMP-0047,JOU-002555,Journal,2024-04-09,,,11037,0,11037,Journal voucher,Posted,2024-04-09,2024-05-01
VCH-2556,COMP-0047,JOU-002556,Journal,2024-06-11,,,7187,0,7187,Journal voucher,Posted,2024-06-11,2024-05-01
VCH-2557,COMP-0047,JOU-002557,Journal,2024-06-03,,,10881,0,10881,Journal voucher,Posted,2024-06-03,2024-05-01
VCH-2558,COMP-0047,JOU-002558,Journal,2024-06-30,,,11156,0,11156,Journal voucher,Posted,2024-06-30,2024-05-01
VCH-2559,COMP-0047,SAL-002559,Sales,2024-04-05,PTY-0894,Priya Kumar Distributors,330000,59400,389400,Sales to Priya Kumar Distributors,Posted,2024-04-05,2024-05-01
VCH-2560,COMP-0047,SAL-002560,Sales,2024-05-04,PTY-0888,Rajesh Patel Suppliers,368000,66240,434240,Sales to Rajesh Patel Suppliers,Posted,2024-05-04,2024-05-01
VCH-2561,COMP-0047,SAL-002561,Sales,2024-05-20,PTY-0883,Amit Sharma Traders,1475000,265500,1740500,Sales to Amit Sharma Traders,Posted,2024-05-20,2024-05-01
VCH-2562,COMP-0047,SAL-002562,Sales,2024-06-19,PTY-0895,Neha Kumar Traders,500500,90090,590590,Sales to Neha Kumar Traders,Posted,2024-06-19,2024-05-01
VCH-2563,COMP-0047,PUR-002563,Purchase,2024-04-05,PTY-0887,Rajesh Gupta Traders,465400,83772,549172,Purchase to Rajesh Gupta Traders,Posted,2024-04-05,2024-05-01
VCH-2564,COMP-0047,PUR-002564,Purchase,2024-05-24,PTY-0884,Amit Sharma Suppliers,480000,86400,566400,Purchase to Amit Sharma Suppliers,Posted,2024-05-24,2024-05-01
VCH-2565,COMP-0047,PUR-002565,Purchase,2024-06-19,PTY-0895,Neha Kumar Traders,196800,35424,232224,Purchase to Neha Kumar Traders,Posted,2024-06-19,2024-05-01
VCH-2566,COMP-0047,PUR-002566,Purchase,2024-06-01,PTY-0891,Vikram Gupta Suppliers,210000,37800,247800,Purchase to Vikram Gupta Suppliers,Posted,2024-06-01,2024-05-01
VCH-2567,COMP-0047,PUR-002567,Purchase,2024-04-17,PTY-0887,Rajesh Gupta Traders,299500,53910,353410,Purchase to Rajesh Gupta Traders,Posted,2024-04-17,2024-05-01
VCH-2568,COMP-0047,JOU-002568,Journal,2024-06-26,,,11056,0,11056,Journal voucher,Posted,2024-06-26,2024-05-01
VCH-2569,COMP-0047,SAL-002569,Sales,2024-05-26,PTY-0882,Amit Gupta Suppliers,3000,540,3540,Sales to Amit Gupta Suppliers,Posted,2024-05-26,2024-05-01
VCH-2570,COMP-0047,JOU-002570,Journal,2024-06-23,,,14508,0,14508,Journal voucher,Posted,2024-06-23,2024-05-01
VCH-2571,COMP-0047,SAL-002571,Sales,2024-04-22,PTY-0890,Rajesh Sharma Suppliers,195000,35100,230100,Sales to Rajesh Sharma Suppliers,Posted,2024-04-22,2024-05-01
VCH-2572,COMP-0047,SAL-002572,Sales,2024-06-28,PTY-0893,Priya Singh Traders,440000,79200,519200,Sales to Priya Singh Traders,Posted,2024-06-28,2024-05-01
VCH-2573,COMP-0047,SAL-002573,Sales,2024-05-23,PTY-0884,Amit Sharma Suppliers,10500,1890,12390,Sales to Amit Sharma Suppliers,Posted,2024-05-23,2024-05-01
VCH-2574,COMP-0047,SAL-002574,Sales,2024-06-24,PTY-0892,Rajesh Patel Suppliers,405000,72900,477900,Sales to Rajesh Patel Suppliers,Posted,2024-06-24,2024-05-01
VCH-2575,COMP-0048,SAL-002575,Sales,2024-06-03,PTY-0918,Rajesh Kumar Suppliers,779500,140310,919810,Sales to Rajesh Kumar Suppliers,Posted,2024-06-03,2024-05-01
VCH-2576,COMP-0048,SAL-002576,Sales,2024-06-21,PTY-0909,Amit Kumar Distributors,195000,35100,230100,Sales to Amit Kumar Distributors,Posted,2024-06-21,2024-05-01
VCH-2577,COMP-0048,JOU-002577,Journal,2024-05-20,,,7313,0,7313,Journal voucher,Posted,2024-05-20,2024-05-01
VCH-2578,COMP-0048,SAL-002578,Sales,2024-06-22,PTY-0911,Priya Patel Distributors,207000,37260,244260,Sales to Priya Patel Distributors,Posted,2024-06-22,2024-05-01
VCH-2579,COMP-0048,JOU-002579,Journal,2024-06-21,,,12925,0,12925,Journal voucher,Posted,2024-06-21,2024-05-01
VCH-2580,COMP-0048,JOU-002580,Journal,2024-05-19,,,19181,0,19181,Journal voucher,Posted,2024-05-19,2024-05-01
VCH-2581,COMP-0048,SAL-002581,Sales,2024-06-16,PTY-0904,Rajesh Sharma Suppliers,539500,97110,636610,Sales to Rajesh Sharma Suppliers,Posted,2024-06-16,2024-05-01
VCH-2582,COMP-0048,JOU-002582,Journal,2024-04-12,,,22752,0,22752,Journal voucher,Posted,2024-04-12,2024-05-01
VCH-2583,COMP-0048,PUR-002583,Purchase,2024-06-17,PTY-0918,Rajesh Kumar Suppliers,165000,29700,194700,Purchase to Rajesh Kumar Suppliers,Posted,2024-06-17,2024-05-01
VCH-2584,COMP-0048,PUR-002584,Purchase,2024-05-06,PTY-0903,Priya Kumar Traders,485000,87300,572300,Purchase to Priya Kumar Traders,Posted,2024-05-06,2024-05-01
VCH-2585,COMP-0048,JOU-002585,Journal,2024-06-05,,,13852,0,13852,Journal voucher,Posted,2024-06-05,2024-05-01
VCH-2586,COMP-0048,SAL-002586,Sales,2024-04-25,PTY-0908,Neha Sharma Distributors,927500,166950,1094450,Sales to Neha Sharma Distributors,Posted,2024-04-25,2024-05-01
VCH-2587,COMP-0048,SAL-002587,Sales,2024-05-18,PTY-0915,Neha Gupta Distributors,395000,71100,466100,Sales to Neha Gupta Distributors,Posted,2024-05-18,2024-05-01
VCH-2588,COMP-0048,JOU-002588,Journal,2024-05-17,,,10758,0,10758,Journal voucher,Posted,2024-05-17,2024-05-01
VCH-2589,COMP-0048,JOU-002589,Journal,2024-05-02,,,10786,0,10786,Journal voucher,Posted,2024-05-02,2024-05-01
VCH-2590,COMP-0048,JOU-002590,Journal,2024-06-19,,,23169,0,23169,Journal voucher,Posted,2024-06-19,2024-05-01
VCH-2591,COMP-0048,SAL-002591,Sales,2024-05-14,PTY-0907,Neha Patel Suppliers,3500,630,4130,Sales to Neha Patel Suppliers,Posted,2024-05-14,2024-05-01
VCH-2592,COMP-0048,JOU-002592,Journal,2024-06-13,,,10344,0,10344,Journal voucher,Posted,2024-06-13,2024-05-01
VCH-2593,COMP-0048,SAL-002593,Sales,2024-06-17,PTY-0914,Neha Kumar Suppliers,1570000,282600,1852600,Sales to Neha Kumar Suppliers,Posted,2024-06-17,2024-05-01
VCH-2594,COMP-0048,SAL-002594,Sales,2024-05-12,PTY-0918,Rajesh Kumar Suppliers,6300,1134,7434,Sales to Rajesh Kumar Suppliers,Posted,2024-05-12,2024-05-01
VCH-2595,COMP-0048,SAL-002595,Sales,2024-05-13,PTY-0913,Vikram Sharma Suppliers,6000,1080,7080,Sales to Vikram Sharma Suppliers,Posted,2024-05-13,2024-05-01
VCH-2596,COMP-0048,SAL-002596,Sales,2024-04-01,PTY-0917,Priya Kumar Suppliers,523000,94140,617140,Sales to Priya Kumar Suppliers,Posted,2024-04-01,2024-05-01
VCH-2597,COMP-0048,JOU-002597,Journal,2024-05-07,,,18171,0,18171,Journal voucher,Posted,2024-05-07,2024-05-01
VCH-2598,COMP-0048,JOU-002598,Journal,2024-06-06,,,19080,0,19080,Journal voucher,Posted,2024-06-06,2024-05-01
VCH-2599,COMP-0048,PUR-002599,Purchase,2024-06-15,PTY-0917,Priya Kumar Suppliers,136300,24534,160834,Purchase to Priya Kumar Suppliers,Posted,2024-06-15,2024-05-01
VCH-2600,COMP-0048,JOU-002600,Journal,2024-05-29,,,5729,0,5729,Journal voucher,Posted,2024-05-29,2024-05-01
VCH-2601,COMP-0048,SAL-002601,Sales,2024-06-14,PTY-0907,Neha Patel Suppliers,545900,98262,644162,Sales to Neha Patel Suppliers,Posted,2024-06-14,2024-05-01
VCH-2602,COMP-0048,SAL-002602,Sales,2024-05-28,PTY-0911,Priya Patel Distributors,84500,15210,99710,Sales to Priya Patel Distributors,Posted,2024-05-28,2024-05-01
VCH-2603,COMP-0048,PUR-002603,Purchase,2024-04-01,PTY-0901,Neha Gupta Traders,593000,106740,699740,Purchase to Neha Gupta Traders,Posted,2024-04-01,2024-05-01
VCH-2604,COMP-0048,SAL-002604,Sales,2024-06-24,PTY-0917,Priya Kumar Suppliers,898500,161730,1060230,Sales to Priya Kumar Suppliers,Posted,2024-06-24,2024-05-01
VCH-2605,COMP-0048,PUR-002605,Purchase,2024-06-13,PTY-0899,Vikram Kumar Distributors,476000,85680,561680,Purchase to Vikram Kumar Distributors,Posted,2024-06-13,2024-05-01
VCH-2606,COMP-0048,JOU-002606,Journal,2024-05-23,,,23894,0,23894,Journal voucher,Posted,2024-05-23,2024-05-01
VCH-2607,COMP-0048,SAL-002607,Sales,2024-06-02,PTY-0900,Rajesh Gupta Suppliers,165000,29700,194700,Sales to Rajesh Gupta Suppliers,Posted,2024-06-02,2024-05-01
VCH-2608,COMP-0048,PUR-002608,Purchase,2024-06-11,PTY-0914,Neha Kumar Suppliers,100500,18090,118590,Purchase to Neha Kumar Suppliers,Posted,2024-06-11,2024-05-01
VCH-2609,COMP-0048,JOU-002609,Journal,2024-04-05,,,15827,0,15827,Journal voucher,Posted,2024-04-05,2024-05-01
VCH-2610,COMP-0048,JOU-002610,Journal,2024-06-27,,,22659,0,22659,Journal voucher,Posted,2024-06-27,2024-05-01
VCH-2611,COMP-0048,JOU-002611,Journal,2024-06-30,,,19019,0,19019,Journal voucher,Posted,2024-06-30,2024-05-01
VCH-2612,COMP-0048,JOU-002612,Journal,2024-05-19,,,14858,0,14858,Journal voucher,Posted,2024-05-19,2024-05-01
VCH-2613,COMP-0048,PUR-002613,Purchase,2024-06-20,PTY-0906,Neha Sharma Traders,575000,103500,678500,Purchase to Neha Sharma Traders,Posted,2024-06-20,2024-05-01
VCH-2614,COMP-0048,SAL-002614,Sales,2024-04-26,PTY-0910,Amit Gupta Traders,130000,23400,153400,Sales to Amit Gupta Traders,Posted,2024-04-26,2024-05-01
VCH-2615,COMP-0048,JOU-002615,Journal,2024-04-03,,,9630,0,9630,Journal voucher,Posted,2024-04-03,2024-05-01
VCH-2616,COMP-0048,PUR-002616,Purchase,2024-06-10,PTY-0918,Rajesh Kumar Suppliers,655000,117900,772900,Purchase to Rajesh Kumar Suppliers,Posted,2024-06-10,2024-05-01
VCH-2617,COMP-0048,JOU-002617,Journal,2024-06-22,,,17087,0,17087,Journal voucher,Posted,2024-06-22,2024-05-01
VCH-2618,COMP-0048,PUR-002618,Purchase,2024-06-30,PTY-0910,Amit Gupta Traders,436300,78534,514834,Purchase to Amit Gupta Traders,Posted,2024-06-30,2024-05-01
VCH-2619,COMP-0048,SAL-002619,Sales,2024-05-24,PTY-0905,Amit Gupta Distributors,818000,147240,965240,Sales to Amit Gupta Distributors,Posted,2024-05-24,2024-05-01
VCH-2620,COMP-0048,PUR-002620,Purchase,2024-06-20,PTY-0911,Priya Patel Distributors,425000,76500,501500,Purchase to Priya Patel Distributors,Posted,2024-06-20,2024-05-01
VCH-2621,COMP-0048,SAL-002621,Sales,2024-04-26,PTY-0913,Vikram Sharma Suppliers,930000,167400,1097400,Sales to Vikram Sharma Suppliers,Posted,2024-04-26,2024-05-01
VCH-2622,COMP-0048,JOU-002622,Journal,2024-04-16,,,14878,0,14878,Journal voucher,Posted,2024-04-16,2024-05-01
VCH-2623,COMP-0048,PUR-002623,Purchase,2024-05-16,PTY-0912,Rajesh Kumar Traders,30000,5400,35400,Purchase to Rajesh Kumar Traders,Posted,2024-05-16,2024-05-01
VCH-2624,COMP-0049,JOU-002624,Journal,2024-05-02,,,19565,0,19565,Journal voucher,Posted,2024-05-02,2024-05-01
VCH-2625,COMP-0049,SAL-002625,Sales,2024-06-29,PTY-0941,Rajesh Kumar Traders,226200,40716,266916,Sales to Rajesh Kumar Traders,Posted,2024-06-29,2024-05-01
VCH-2626,COMP-0049,SAL-002626,Sales,2024-06-27,PTY-0929,Rajesh Gupta Distributors,25500,4590,30090,Sales to Rajesh Gupta Distributors,Posted,2024-06-27,2024-05-01
VCH-2627,COMP-0049,PUR-002627,Purchase,2024-04-25,PTY-0936,Amit Singh Traders,1360000,244800,1604800,Purchase to Amit Singh Traders,Posted,2024-04-25,2024-05-01
VCH-2628,COMP-0049,PUR-002628,Purchase,2024-05-30,PTY-0937,Neha Sharma Distributors,250000,45000,295000,Purchase to Neha Sharma Distributors,Posted,2024-05-30,2024-05-01
VCH-2629,COMP-0049,PUR-002629,Purchase,2024-06-01,PTY-0933,Vikram Gupta Traders,440000,79200,519200,Purchase to Vikram Gupta Traders,Posted,2024-06-01,2024-05-01
VCH-2630,COMP-0049,SAL-002630,Sales,2024-05-15,PTY-0924,Rajesh Kumar Distributors,28000,5040,33040,Sales to Rajesh Kumar Distributors,Posted,2024-05-15,2024-05-01
VCH-2631,COMP-0049,PUR-002631,Purchase,2024-04-27,PTY-0928,Priya Kumar Suppliers,65000,11700,76700,Purchase to Priya Kumar Suppliers,Posted,2024-04-27,2024-05-01
VCH-2632,COMP-0049,JOU-002632,Journal,2024-06-22,,,23709,0,23709,Journal voucher,Posted,2024-06-22,2024-05-01
VCH-2633,COMP-0049,JOU-002633,Journal,2024-04-05,,,17209,0,17209,Journal voucher,Posted,2024-04-05,2024-05-01
VCH-2634,COMP-0049,JOU-002634,Journal,2024-05-16,,,9915,0,9915,Journal voucher,Posted,2024-05-16,2024-05-01
VCH-2635,COMP-0049,JOU-002635,Journal,2024-05-08,,,16252,0,16252,Journal voucher,Posted,2024-05-08,2024-05-01
VCH-2636,COMP-0049,JOU-002636,Journal,2024-06-07,,,15929,0,15929,Journal voucher,Posted,2024-06-07,2024-05-01
VCH-2637,COMP-0049,SAL-002637,Sales,2024-05-17,PTY-0927,Priya Gupta Suppliers,294000,52920,346920,Sales to Priya Gupta Suppliers,Posted,2024-05-17,2024-05-01
VCH-2638,COMP-0049,JOU-002638,Journal,2024-05-26,,,5441,0,5441,Journal voucher,Posted,2024-05-26,2024-05-01
VCH-2639,COMP-0049,PUR-002639,Purchase,2024-05-04,PTY-0940,Amit Singh Traders,617500,111150,728650,Purchase to Amit Singh Traders,Posted,2024-05-04,2024-05-01
VCH-2640,COMP-0049,SAL-002640,Sales,2024-05-24,PTY-0941,Rajesh Kumar Traders,30800,5544,36344,Sales to Rajesh Kumar Traders,Posted,2024-05-24,2024-05-01
VCH-2641,COMP-0049,SAL-002641,Sales,2024-06-10,PTY-0932,Vikram Singh Distributors,676300,121734,798034,Sales to Vikram Singh Distributors,Posted,2024-06-10,2024-05-01
VCH-2642,COMP-0049,SAL-002642,Sales,2024-04-10,PTY-0931,Rajesh Singh Distributors,71800,12924,84724,Sales to Rajesh Singh Distributors,Posted,2024-04-10,2024-05-01
VCH-2643,COMP-0049,PUR-002643,Purchase,2024-06-05,PTY-0922,Neha Patel Distributors,76300,13734,90034,Purchase to Neha Patel Distributors,Posted,2024-06-05,2024-05-01
VCH-2644,COMP-0049,JOU-002644,Journal,2024-06-10,,,5518,0,5518,Journal voucher,Posted,2024-06-10,2024-05-01
VCH-2645,COMP-0049,SAL-002645,Sales,2024-04-18,PTY-0932,Vikram Singh Distributors,497000,89460,586460,Sales to Vikram Singh Distributors,Posted,2024-04-18,2024-05-01
VCH-2646,COMP-0049,SAL-002646,Sales,2024-06-29,PTY-0929,Rajesh Gupta Distributors,126000,22680,148680,Sales to Rajesh Gupta Distributors,Posted,2024-06-29,2024-05-01
VCH-2647,COMP-0049,PUR-002647,Purchase,2024-06-03,PTY-0931,Rajesh Singh Distributors,17500,3150,20650,Purchase to Rajesh Singh Distributors,Posted,2024-06-03,2024-05-01
VCH-2648,COMP-0049,PUR-002648,Purchase,2024-06-01,PTY-0941,Rajesh Kumar Traders,285000,51300,336300,Purchase to Rajesh Kumar Traders,Posted,2024-06-01,2024-05-01
VCH-2649,COMP-0049,SAL-002649,Sales,2024-05-16,PTY-0924,Rajesh Kumar Distributors,387000,69660,456660,Sales to Rajesh Kumar Distributors,Posted,2024-05-16,2024-05-01
VCH-2650,COMP-0049,JOU-002650,Journal,2024-05-28,,,11986,0,11986,Journal voucher,Posted,2024-05-28,2024-05-01
VCH-2651,COMP-0049,PUR-002651,Purchase,2024-05-03,PTY-0938,Amit Patel Traders,611000,109980,720980,Purchase to Amit Patel Traders,Posted,2024-05-03,2024-05-01
VCH-2652,COMP-0049,JOU-002652,Journal,2024-05-09,,,5087,0,5087,Journal voucher,Posted,2024-05-09,2024-05-01
VCH-2653,COMP-0049,PUR-002653,Purchase,2024-05-12,PTY-0931,Rajesh Singh Distributors,195000,35100,230100,Purchase to Rajesh Singh Distributors,Posted,2024-05-12,2024-05-01
VCH-2654,COMP-0049,JOU-002654,Journal,2024-04-29,,,20756,0,20756,Journal voucher,Posted,2024-04-29,2024-05-01
VCH-2655,COMP-0049,JOU-002655,Journal,2024-05-16,,,22605,0,22605,Journal voucher,Posted,2024-05-16,2024-05-01
VCH-2656,COMP-0049,SAL-002656,Sales,2024-05-23,PTY-0937,Neha Sharma Distributors,330000,59400,389400,Sales to Neha Sharma Distributors,Posted,2024-05-23,2024-05-01
VCH-2657,COMP-0049,JOU-002657,Journal,2024-04-27,,,7501,0,7501,Journal voucher,Posted,2024-04-27,2024-05-01
VCH-2658,COMP-0049,SAL-002658,Sales,2024-04-02,PTY-0938,Amit Patel Traders,1170000,210600,1380600,Sales to Amit Patel Traders,Posted,2024-04-02,2024-05-01
VCH-2659,COMP-0049,JOU-002659,Journal,2024-06-08,,,16444,0,16444,Journal voucher,Posted,2024-06-08,2024-05-01
VCH-2660,COMP-0049,JOU-002660,Journal,2024-06-19,,,22628,0,22628,Journal voucher,Posted,2024-06-19,2024-05-01
VCH-2661,COMP-0049,SAL-002661,Sales,2024-06-21,PTY-0925,Amit Gupta Traders,12500,2250,14750,Sales to Amit Gupta Traders,Posted,2024-06-21,2024-05-01
VCH-2662,COMP-0049,PUR-002662,Purchase,2024-06-13,PTY-0944,Rajesh Gupta Suppliers,967000,174060,1141060,Purchase to Rajesh Gupta Suppliers,Posted,2024-06-13,2024-05-01
VCH-2663,COMP-0049,JOU-002663,Journal,2024-06-06,,,8624,0,8624,Journal voucher,Posted,2024-06-06,2024-05-01
VCH-2664,COMP-0049,SAL-002664,Sales,2024-05-29,PTY-0941,Rajesh Kumar Traders,480000,86400,566400,Sales to Rajesh Kumar Traders,Posted,2024-05-29,2024-05-01
VCH-2665,COMP-0049,PUR-002665,Purchase,2024-04-13,PTY-0931,Rajesh Singh Distributors,322000,57960,379960,Purchase to Rajesh Singh Distributors,Posted,2024-04-13,2024-05-01
VCH-2666,COMP-0049,JOU-002666,Journal,2024-05-04,,,11195,0,11195,Journal voucher,Posted,2024-05-04,2024-05-01
VCH-2667,COMP-0049,JOU-002667,Journal,2024-04-17,,,10670,0,10670,Journal voucher,Posted,2024-04-17,2024-05-01
VCH-2668,COMP-0049,SAL-002668,Sales,2024-04-21,PTY-0941,Rajesh Kumar Traders,240900,43362,284262,Sales to Rajesh Kumar Traders,Posted,2024-04-21,2024-05-01
VCH-2669,COMP-0049,SAL-002669,Sales,2024-04-23,PTY-0932,Vikram Singh Distributors,3600,648,4248,Sales to Vikram Singh Distributors,Posted,2024-04-23,2024-05-01
VCH-2670,COMP-0049,SAL-002670,Sales,2024-05-08,PTY-0924,Rajesh Kumar Distributors,260000,46800,306800,Sales to Rajesh Kumar Distributors,Posted,2024-05-08,2024-05-01
VCH-2671,COMP-0049,SAL-002671,Sales,2024-04-11,PTY-0942,Amit Patel Distributors,243500,43830,287330,Sales to Amit Patel Distributors,Posted,2024-04-11,2024-05-01
VCH-2672,COMP-0049,SAL-002672,Sales,2024-05-12,PTY-0928,Priya Kumar Suppliers,275000,49500,324500,Sales to Priya Kumar Suppliers,Posted,2024-05-12,2024-05-01
VCH-2673,COMP-0049,PUR-002673,Purchase,2024-04-02,PTY-0939,Vikram Sharma Distributors,55000,9900,64900,Purchase to Vikram Sharma Distributors,Posted,2024-04-02,2024-05-01
VCH-2674,COMP-0049,JOU-002674,Journal,2024-06-18,,,18345,0,18345,Journal voucher,Posted,2024-06-18,2024-05-01
VCH-2675,COMP-0049,PUR-002675,Purchase,2024-06-18,PTY-0943,Priya Gupta Distributors,30800,5544,36344,Purchase to Priya Gupta Distributors,Posted,2024-06-18,2024-05-01
VCH-2676,COMP-0050,SAL-002676,Sales,2024-05-10,PTY-0954,Neha Gupta Traders,4500,810,5310,Sales to Neha Gupta Traders,Posted,2024-05-10,2024-05-01
VCH-2677,COMP-0050,PUR-002677,Purchase,2024-06-16,PTY-0949,Amit Singh Distributors,168500,30330,198830,Purchase to Amit Singh Distributors,Posted,2024-06-16,2024-05-01
VCH-2678,COMP-0050,SAL-002678,Sales,2024-05-24,PTY-0947,Priya Patel Distributors,1405000,252900,1657900,Sales to Priya Patel Distributors,Posted,2024-05-24,2024-05-01
VCH-2679,COMP-0050,PUR-002679,Purchase,2024-06-28,PTY-0945,Priya Sharma Traders,4500,810,5310,Purchase to Priya Sharma Traders,Posted,2024-06-28,2024-05-01
VCH-2680,COMP-0050,PUR-002680,Purchase,2024-04-21,PTY-0949,Amit Singh Distributors,400000,72000,472000,Purchase to Amit Singh Distributors,Posted,2024-04-21,2024-05-01
VCH-2681,COMP-0050,PUR-002681,Purchase,2024-04-20,PTY-0960,Rajesh Gupta Suppliers,364000,65520,429520,Purchase to Rajesh Gupta Suppliers,Posted,2024-04-20,2024-05-01
VCH-2682,COMP-0050,SAL-002682,Sales,2024-04-19,PTY-0951,Neha Sharma Suppliers,112400,20232,132632,Sales to Neha Sharma Suppliers,Posted,2024-04-19,2024-05-01
VCH-2683,COMP-0050,PUR-002683,Purchase,2024-05-15,PTY-0949,Amit Singh Distributors,72700,13086,85786,Purchase to Amit Singh Distributors,Posted,2024-05-15,2024-05-01
VCH-2684,COMP-0050,SAL-002684,Sales,2024-06-30,PTY-0949,Amit Singh Distributors,520000,93600,613600,Sales to Amit Singh Distributors,Posted,2024-06-30,2024-05-01
VCH-2685,COMP-0050,PUR-002685,Purchase,2024-05-05,PTY-0960,Rajesh Gupta Suppliers,628000,113040,741040,Purchase to Rajesh Gupta Suppliers,Posted,2024-05-05,2024-05-01
VCH-2686,COMP-0050,PUR-002686,Purchase,2024-04-19,PTY-0947,Priya Patel Distributors,255500,45990,301490,Purchase to Priya Patel Distributors,Posted,2024-04-19,2024-05-01
VCH-2687,COMP-0050,JOU-002687,Journal,2024-06-26,,,5755,0,5755,Journal voucher,Posted,2024-06-26,2024-05-01
VCH-2688,COMP-0050,JOU-002688,Journal,2024-06-20,,,18088,0,18088,Journal voucher,Posted,2024-06-20,2024-05-01
VCH-2689,COMP-0050,SAL-002689,Sales,2024-05-19,PTY-0962,Rajesh Sharma Traders,126000,22680,148680,Sales to Rajesh Sharma Traders,Posted,2024-05-19,2024-05-01
VCH-2690,COMP-0050,SAL-002690,Sales,2024-05-04,PTY-0956,Priya Sharma Traders,392200,70596,462796,Sales to Priya Sharma Traders,Posted,2024-05-04,2024-05-01
VCH-2691,COMP-0050,JOU-002691,Journal,2024-06-28,,,16176,0,16176,Journal voucher,Posted,2024-06-28,2024-05-01
VCH-2692,COMP-0050,SAL-002692,Sales,2024-06-14,PTY-0947,Priya Patel Distributors,508000,91440,599440,Sales to Priya Patel Distributors,Posted,2024-06-14,2024-05-01
VCH-2693,COMP-0050,SAL-002693,Sales,2024-04-05,PTY-0957,Priya Patel Distributors,50500,9090,59590,Sales to Priya Patel Distributors,Posted,2024-04-05,2024-05-01
VCH-2694,COMP-0050,PUR-002694,Purchase,2024-06-05,PTY-0961,Rajesh Singh Distributors,40400,7272,47672,Purchase to Rajesh Singh Distributors,Posted,2024-06-05,2024-05-01
VCH-2695,COMP-0050,JOU-002695,Journal,2024-06-29,,,12787,0,12787,Journal voucher,Posted,2024-06-29,2024-05-01
VCH-2696,COMP-0050,SAL-002696,Sales,2024-04-27,PTY-0946,Vikram Singh Suppliers,45000,8100,53100,Sales to Vikram Singh Suppliers,Posted,2024-04-27,2024-05-01
VCH-2697,COMP-0050,JOU-002697,Journal,2024-04-13,,,11341,0,11341,Journal voucher,Posted,2024-04-13,2024-05-01
VCH-2698,COMP-0050,JOU-002698,Journal,2024-04-02,,,20793,0,20793,Journal voucher,Posted,2024-04-02,2024-05-01
VCH-2699,COMP-0050,JOU-002699,Journal,2024-06-25,,,7609,0,7609,Journal voucher,Posted,2024-06-25,2024-05-01
VCH-2700,COMP-0050,PUR-002700,Purchase,2024-04-28,PTY-0951,Neha Sharma Suppliers,550000,99000,649000,Purchase to Neha Sharma Suppliers,Posted,2024-04-28,2024-05-01
VCH-2701,COMP-0050,SAL-002701,Sales,2024-06-11,PTY-0963,Vikram Patel Distributors,385000,69300,454300,Sales to Vikram Patel Distributors,Posted,2024-06-11,2024-05-01
VCH-2702,COMP-0050,JOU-002702,Journal,2024-05-29,,,6565,0,6565,Journal voucher,Posted,2024-05-29,2024-05-01
VCH-2703,COMP-0050,SAL-002703,Sales,2024-04-30,PTY-0949,Amit Singh Distributors,1128000,203040,1331040,Sales to Amit Singh Distributors,Posted,2024-04-30,2024-05-01
VCH-2704,COMP-0050,SAL-002704,Sales,2024-06-21,PTY-0963,Vikram Patel Distributors,1176000,211680,1387680,Sales to Vikram Patel Distributors,Posted,2024-06-21,2024-05-01
VCH-2705,COMP-0050,JOU-002705,Journal,2024-04-02,,,13383,0,13383,Journal voucher,Posted,2024-04-02,2024-05-01
VCH-2706,COMP-0050,PUR-002706,Purchase,2024-06-20,PTY-0958,Vikram Sharma Traders,282000,50760,332760,Purchase to Vikram Sharma Traders,Posted,2024-06-20,2024-05-01
VCH-2707,COMP-0050,JOU-002707,Journal,2024-06-24,,,22524,0,22524,Journal voucher,Posted,2024-06-24,2024-05-01
VCH-2708,COMP-0050,PUR-002708,Purchase,2024-04-21,PTY-0950,Amit Gupta Distributors,293000,52740,345740,Purchase to Amit Gupta Distributors,Posted,2024-04-21,2024-05-01
VCH-2709,COMP-0050,SAL-002709,Sales,2024-05-02,PTY-0946,Vikram Singh Suppliers,28000,5040,33040,Sales to Vikram Singh Suppliers,Posted,2024-05-02,2024-05-01
VCH-2710,COMP-0050,JOU-002710,Journal,2024-06-27,,,18841,0,18841,Journal voucher,Posted,2024-06-27,2024-05-01
VCH-2711,COMP-0050,PUR-002711,Purchase,2024-05-23,PTY-0961,Rajesh Singh Distributors,50000,9000,59000,Purchase to Rajesh Singh Distributors,Posted,2024-05-23,2024-05-01
VCH-2712,COMP-0050,JOU-002712,Journal,2024-05-12,,,12169,0,12169,Journal voucher,Posted,2024-05-12,2024-05-01
VCH-2713,COMP-0050,JOU-002713,Journal,2024-05-05,,,23826,0,23826,Journal voucher,Posted,2024-05-05,2024-05-01
VCH-2714,COMP-0050,PUR-002714,Purchase,2024-06-13,PTY-0949,Amit Singh Distributors,720000,129600,849600,Purchase to Amit Singh Distributors,Posted,2024-06-13,2024-05-01
VCH-2715,COMP-0050,SAL-002715,Sales,2024-06-21,PTY-0960,Rajesh Gupta Suppliers,22500,4050,26550,Sales to Rajesh Gupta Suppliers,Posted,2024-06-21,2024-05-01
VCH-2716,COMP-0050,PUR-002716,Purchase,2024-05-06,PTY-0959,Amit Patel Traders,285500,51390,336890,Purchase to Amit Patel Traders,Posted,2024-05-06,2024-05-01
VCH-2717,COMP-0050,JOU-002717,Journal,2024-06-27,,,10127,0,10127,Journal voucher,Posted,2024-06-27,2024-05-01
VCH-2718,COMP-0050,SAL-002718,Sales,2024-05-27,PTY-0948,Rajesh Sharma Traders,760400,136872,897272,Sales to Rajesh Sharma Traders,Posted,2024-05-27,2024-05-01
VCH-2719,COMP-0050,PUR-002719,Purchase,2024-05-05,PTY-0956,Priya Sharma Traders,402500,72450,474950,Purchase to Priya Sharma Traders,Posted,2024-05-05,2024-05-01
VCH-2720,COMP-0050,PUR-002720,Purchase,2024-04-15,PTY-0959,Amit Patel Traders,144000,25920,169920,Purchase to Amit Patel Traders,Posted,2024-04-15,2024-05-01
VCH-2721,COMP-0050,JOU-002721,Journal,2024-05-15,,,11019,0,11019,Journal voucher,Posted,2024-05-15,2024-05-01
VCH-2722,COMP-0050,SAL-002722,Sales,2024-04-15,PTY-0951,Neha Sharma Suppliers,330000,59400,389400,Sales to Neha Sharma Suppliers,Posted,2024-04-15,2024-05-01
VCH-2723,COMP-0001,RCP-002723,Receipt,2024-04-05,PTY-0001,Neha Sharma Traders,25000,0,25000,Receipt from Neha Sharma Traders,Posted,2024-04-05,2024-05-01
VCH-2724,COMP-0001,RCP-002724,Receipt,2024-04-15,PTY-0002,Amit Gupta Distributors,40000,0,40000,Receipt from Amit Gupta Distributors,Posted,2024-04-15,2024-05-01
VCH-2725,COMP-0001,RCP-002725,Receipt,2024-05-10,PTY-0003,Vikram Patel Traders,55000,0,55000,Receipt from Vikram Patel Traders,Posted,2024-05-10,2024-05-01
VCH-2726,COMP-0001,RCP-002726,Receipt,2024-05-20,PTY-0004,Priya Gupta Distributors,70000,0,70000,Receipt from Priya Gupta Distributors,Posted,2024-05-20,2024-05-01
VCH-2727,COMP-0001,PAY-002727,Payment,2024-04-05,PTY-0005,Rajesh Sharma Traders,30000,0,30000,Payment to Rajesh Sharma Traders,Posted,2024-04-05,2024-05-01
VCH-2728,COMP-0001,PAY-002728,Payment,2024-04-15,PTY-0006,Amit Singh Suppliers,42000,0,42000,Payment to Amit Singh Suppliers,Posted,2024-04-15,2024-05-01
VCH-2729,COMP-0001,PAY-002729,Payment,2024-05-10,PTY-0007,Amit Gupta Suppliers,54000,0,54000,Payment to Amit Gupta Suppliers,Posted,2024-05-10,2024-05-01
VCH-2730,COMP-0001,PAY-002730,Payment,2024-05-20,PTY-0008,Vikram Sharma Suppliers,66000,0,66000,Payment to Vikram Sharma Suppliers,Posted,2024-05-20,2024-05-01
VCH-2731,COMP-0001,CNT-002731,Contra,2024-04-05,,,0,0,50000,Contra Entry,Posted,2024-04-05,2024-05-01
VCH-2732,COMP-0001,CNT-002732,Contra,2024-04-15,,,0,0,75000,Contra Entry,Posted,2024-04-15,2024-05-01
VCH-2733,COMP-0001,CNT-002733,Contra,2024-05-10,,,0,0,100000,Contra Entry,Posted,2024-05-10,2024-05-01
VCH-2734,COMP-0001,DN-002734,Debit Note,2024-04-05,PTY-0009,Priya Kumar Traders,15000,2700,17700,Debit Note to Priya Kumar Traders,Posted,2024-04-05,2024-05-01
VCH-2735,COMP-0001,DN-002735,Debit Note,2024-04-15,PTY-0010,Priya Gupta Traders,23000,2700,25700,Debit Note to Priya Gupta Traders,Posted,2024-04-15,2024-05-01
VCH-2736,COMP-0001,DN-002736,Debit Note,2024-05-10,PTY-0011,Amit Kumar Suppliers,31000,2700,33700,Debit Note to Amit Kumar Suppliers,Posted,2024-05-10,2024-05-01
VCH-2737,COMP-0001,DN-002737,Debit Note,2024-05-20,PTY-0012,Rajesh Gupta Suppliers,39000,2700,41700,Debit Note to Rajesh Gupta Suppliers,Posted,2024-05-20,2024-05-01
VCH-2738,COMP-0001,CN-002738,Credit Note,2024-04-05,PTY-0013,Neha Patel Suppliers,20000,3600,23600,Credit Note to Neha Patel Suppliers,Posted,2024-04-05,2024-05-01
VCH-2739,COMP-0001,CN-002739,Credit Note,2024-04-15,PTY-0014,Amit Gupta Suppliers,27000,3600,30600,Credit Note to Amit Gupta Suppliers,Posted,2024-04-15,2024-05-01
VCH-2740,COMP-0001,CN-002740,Credit Note,2024-05-10,PTY-0015,Amit Gupta Suppliers,34000,3600,37600,Credit Note to Amit Gupta Suppliers,Posted,2024-05-10,2024-05-01
VCH-2741,COMP-0001,CN-002741,Credit Note,2024-05-20,PTY-0016,Priya Gupta Distributors,41000,3600,44600,Credit Note to Priya Gupta Distributors,Posted,2024-05-20,2024-05-01
VCH-2742,COMP-0001,DLN-002742,Delivery Note,2024-04-05,PTY-0001,Neha Sharma Traders,0,0,0,Delivery Note to Neha Sharma Traders,Posted,2024-04-05,2024-05-01
VCH-2743,COMP-0001,DLN-002743,Delivery Note,2024-04-15,PTY-0002,Amit Gupta Distributors,0,0,0,Delivery Note to Amit Gupta Distributors,Posted,2024-04-15,2024-05-01
VCH-2744,COMP-0001,DLN-002744,Delivery Note,2024-05-10,PTY-0003,Vikram Patel Traders,0,0,0,Delivery Note to Vikram Patel Traders,Posted,2024-05-10,2024-05-01
VCH-2745,COMP-0001,DLN-002745,Delivery Note,2024-05-20,PTY-0004,Priya Gupta Distributors,0,0,0,Delivery Note to Priya Gupta Distributors,Posted,2024-05-20,2024-05-01
VCH-2746,COMP-0001,RN-002746,Receipt Note,2024-04-05,PTY-0005,Rajesh Sharma Traders,0,0,0,Receipt Note from Rajesh Sharma Traders,Posted,2024-04-05,2024-05-01
VCH-2747,COMP-0001,RN-002747,Receipt Note,2024-04-15,PTY-0006,Amit Singh Suppliers,0,0,0,Receipt Note from Amit Singh Suppliers,Posted,2024-04-15,2024-05-01
VCH-2748,COMP-0001,RN-002748,Receipt Note,2024-05-10,PTY-0007,Amit Gupta Suppliers,0,0,0,Receipt Note from Amit Gupta Suppliers,Posted,2024-05-10,2024-05-01
VCH-2749,COMP-0001,RN-002749,Receipt Note,2024-05-20,PTY-0008,Vikram Sharma Suppliers,0,0,0,Receipt Note from Vikram Sharma Suppliers,Posted,2024-05-20,2024-05-01
VCH-2750,COMP-0002,RCP-002750,Receipt,2024-04-05,PTY-0017,Rajesh Singh Suppliers,25000,0,25000,Receipt from Rajesh Singh Suppliers,Posted,2024-04-05,2024-05-01
VCH-2751,COMP-0002,RCP-002751,Receipt,2024-04-15,PTY-0018,Neha Kumar Traders,40000,0,40000,Receipt from Neha Kumar Traders,Posted,2024-04-15,2024-05-01
VCH-2752,COMP-0002,RCP-002752,Receipt,2024-05-10,PTY-0019,Priya Sharma Distributors,55000,0,55000,Receipt from Priya Sharma Distributors,Posted,2024-05-10,2024-05-01
VCH-2753,COMP-0002,RCP-002753,Receipt,2024-05-20,PTY-0020,Priya Patel Suppliers,70000,0,70000,Receipt from Priya Patel Suppliers,Posted,2024-05-20,2024-05-01
VCH-2754,COMP-0002,PAY-002754,Payment,2024-04-05,PTY-0021,Neha Sharma Suppliers,30000,0,30000,Payment to Neha Sharma Suppliers,Posted,2024-04-05,2024-05-01
VCH-2755,COMP-0002,PAY-002755,Payment,2024-04-15,PTY-0022,Rajesh Kumar Suppliers,42000,0,42000,Payment to Rajesh Kumar Suppliers,Posted,2024-04-15,2024-05-01
VCH-2756,COMP-0002,PAY-002756,Payment,2024-05-10,PTY-0023,Amit Patel Distributors,54000,0,54000,Payment to Amit Patel Distributors,Posted,2024-05-10,2024-05-01
VCH-2757,COMP-0002,PAY-002757,Payment,2024-05-20,PTY-0024,Priya Gupta Distributors,66000,0,66000,Payment to Priya Gupta Distributors,Posted,2024-05-20,2024-05-01
VCH-2758,COMP-0002,CNT-002758,Contra,2024-04-05,,,0,0,50000,Contra Entry,Posted,2024-04-05,2024-05-01
VCH-2759,COMP-0002,CNT-002759,Contra,2024-04-15,,,0,0,75000,Contra Entry,Posted,2024-04-15,2024-05-01
VCH-2760,COMP-0002,CNT-002760,Contra,2024-05-10,,,0,0,100000,Contra Entry,Posted,2024-05-10,2024-05-01
VCH-2761,COMP-0002,DN-002761,Debit Note,2024-04-05,PTY-0025,Amit Kumar Distributors,15000,2700,17700,Debit Note to Amit Kumar Distributors,Posted,2024-04-05,2024-05-01
VCH-2762,COMP-0002,DN-002762,Debit Note,2024-04-15,PTY-0026,Neha Gupta Distributors,23000,2700,25700,Debit Note to Neha Gupta Distributors,Posted,2024-04-15,2024-05-01
VCH-2763,COMP-0002,DN-002763,Debit Note,2024-05-10,PTY-0027,Vikram Kumar Suppliers,31000,2700,33700,Debit Note to Vikram Kumar Suppliers,Posted,2024-05-10,2024-05-01
VCH-2764,COMP-0002,DN-002764,Debit Note,2024-05-20,PTY-0028,Vikram Patel Suppliers,39000,2700,41700,Debit Note to Vikram Patel Suppliers,Posted,2024-05-20,2024-05-01
VCH-2765,COMP-0002,CN-002765,Credit Note,2024-04-05,PTY-0029,Neha Sharma Traders,20000,3600,23600,Credit Note to Neha Sharma Traders,Posted,2024-04-05,2024-05-01
VCH-2766,COMP-0002,CN-002766,Credit Note,2024-04-15,PTY-0030,Neha Patel Traders,27000,3600,30600,Credit Note to Neha Patel Traders,Posted,2024-04-15,2024-05-01
VCH-2767,COMP-0002,CN-002767,Credit Note,2024-05-10,PTY-0031,Priya Singh Suppliers,34000,3600,37600,Credit Note to Priya Singh Suppliers,Posted,2024-05-10,2024-05-01
VCH-2768,COMP-0002,CN-002768,Credit Note,2024-05-20,PTY-0032,Vikram Patel Traders,41000,3600,44600,Credit Note to Vikram Patel Traders,Posted,2024-05-20,2024-05-01
VCH-2769,COMP-0002,DLN-002769,Delivery Note,2024-04-05,PTY-0017,Rajesh Singh Suppliers,0,0,0,Delivery Note to Rajesh Singh Suppliers,Posted,2024-04-05,2024-05-01
VCH-2770,COMP-0002,DLN-002770,Delivery Note,2024-04-15,PTY-0018,Neha Kumar Traders,0,0,0,Delivery Note to Neha Kumar Traders,Posted,2024-04-15,2024-05-01
VCH-2771,COMP-0002,DLN-002771,Delivery Note,2024-05-10,PTY-0019,Priya Sharma Distributors,0,0,0,Delivery Note to Priya Sharma Distributors,Posted,2024-05-10,2024-05-01
VCH-2772,COMP-0002,DLN-002772,Delivery Note,2024-05-20,PTY-0020,Priya Patel Suppliers,0,0,0,Delivery Note to Priya Patel Suppliers,Posted,2024-05-20,2024-05-01
VCH-2773,COMP-0002,RN-002773,Receipt Note,2024-04-05,PTY-0021,Neha Sharma Suppliers,0,0,0,Receipt Note from Neha Sharma Suppliers,Posted,2024-04-05,2024-05-01
VCH-2774,COMP-0002,RN-002774,Receipt Note,2024-04-15,PTY-0022,Rajesh Kumar Suppliers,0,0,0,Receipt Note from Rajesh Kumar Suppliers,Posted,2024-04-15,2024-05-01
VCH-2775,COMP-0002,RN-002775,Receipt Note,2024-05-10,PTY-0023,Amit Patel Distributors,0,0,0,Receipt Note from Amit Patel Distributors,Posted,2024-05-10,2024-05-01
VCH-2776,COMP-0002,RN-002776,Receipt Note,2024-05-20,PTY-0024,Priya Gupta Distributors,0,0,0,Receipt Note from Priya Gupta Distributors,Posted,2024-05-20,2024-05-01
VCH-2777,COMP-0003,RCP-002777,Receipt,2024-04-05,PTY-0033,Vikram Kumar Distributors,25000,0,25000,Receipt from Vikram Kumar Distributors,Posted,2024-04-05,2024-05-01
VCH-2778,COMP-0003,RCP-002778,Receipt,2024-04-15,PTY-0034,Vikram Singh Distributors,40000,0,40000,Receipt from Vikram Singh Distributors,Posted,2024-04-15,2024-05-01
VCH-2779,COMP-0003,RCP-002779,Receipt,2024-05-10,PTY-0035,Neha Kumar Traders,55000,0,55000,Receipt from Neha Kumar Traders,Posted,2024-05-10,2024-05-01
VCH-2780,COMP-0003,RCP-002780,Receipt,2024-05-20,PTY-0036,Rajesh Gupta Suppliers,70000,0,70000,Receipt from Rajesh Gupta Suppliers,Posted,2024-05-20,2024-05-01
VCH-2781,COMP-0003,PAY-002781,Payment,2024-04-05,PTY-0037,Vikram Sharma Distributors,30000,0,30000,Payment to Vikram Sharma Distributors,Posted,2024-04-05,2024-05-01
VCH-2782,COMP-0003,PAY-002782,Payment,2024-04-15,PTY-0038,Rajesh Singh Traders,42000,0,42000,Payment to Rajesh Singh Traders,Posted,2024-04-15,2024-05-01
VCH-2783,COMP-0003,PAY-002783,Payment,2024-05-10,PTY-0039,Vikram Kumar Suppliers,54000,0,54000,Payment to Vikram Kumar Suppliers,Posted,2024-05-10,2024-05-01
VCH-2784,COMP-0003,PAY-002784,Payment,2024-05-20,PTY-0040,Neha Singh Suppliers,66000,0,66000,Payment to Neha Singh Suppliers,Posted,2024-05-20,2024-05-01
VCH-2785,COMP-0003,CNT-002785,Contra,2024-04-05,,,0,0,50000,Contra Entry,Posted,2024-04-05,2024-05-01
VCH-2786,COMP-0003,CNT-002786,Contra,2024-04-15,,,0,0,75000,Contra Entry,Posted,2024-04-15,2024-05-01
VCH-2787,COMP-0003,CNT-002787,Contra,2024-05-10,,,0,0,100000,Contra Entry,Posted,2024-05-10,2024-05-01
VCH-2788,COMP-0003,DN-002788,Debit Note,2024-04-05,PTY-0041,Priya Kumar Suppliers,15000,2700,17700,Debit Note to Priya Kumar Suppliers,Posted,2024-04-05,2024-05-01
VCH-2789,COMP-0003,DN-002789,Debit Note,2024-04-15,PTY-0042,Neha Gupta Distributors,23000,2700,25700,Debit Note to Neha Gupta Distributors,Posted,2024-04-15,2024-05-01
VCH-2790,COMP-0003,DN-002790,Debit Note,2024-05-10,PTY-0043,Amit Kumar Suppliers,31000,2700,33700,Debit Note to Amit Kumar Suppliers,Posted,2024-05-10,2024-05-01
VCH-2791,COMP-0003,DN-002791,Debit Note,2024-05-20,PTY-0044,Priya Kumar Distributors,39000,2700,41700,Debit Note to Priya Kumar Distributors,Posted,2024-05-20,2024-05-01
VCH-2792,COMP-0003,CN-002792,Credit Note,2024-04-05,PTY-0045,Neha Kumar Traders,20000,3600,23600,Credit Note to Neha Kumar Traders,Posted,2024-04-05,2024-05-01
VCH-2793,COMP-0003,CN-002793,Credit Note,2024-04-15,PTY-0046,Neha Singh Suppliers,27000,3600,30600,Credit Note to Neha Singh Suppliers,Posted,2024-04-15,2024-05-01
VCH-2794,COMP-0003,CN-002794,Credit Note,2024-05-10,PTY-0047,Vikram Gupta Suppliers,34000,3600,37600,Credit Note to Vikram Gupta Suppliers,Posted,2024-05-10,2024-05-01
VCH-2795,COMP-0003,CN-002795,Credit Note,2024-05-20,PTY-0048,Neha Sharma Suppliers,41000,3600,44600,Credit Note to Neha Sharma Suppliers,Posted,2024-05-20,2024-05-01
VCH-2796,COMP-0003,DLN-002796,Delivery Note,2024-04-05,PTY-0033,Vikram Kumar Distributors,0,0,0,Delivery Note to Vikram Kumar Distributors,Posted,2024-04-05,2024-05-01
VCH-2797,COMP-0003,DLN-002797,Delivery Note,2024-04-15,PTY-0034,Vikram Singh Distributors,0,0,0,Delivery Note to Vikram Singh Distributors,Posted,2024-04-15,2024-05-01
VCH-2798,COMP-0003,DLN-002798,Delivery Note,2024-05-10,PTY-0035,Neha Kumar Traders,0,0,0,Delivery Note to Neha Kumar Traders,Posted,2024-05-10,2024-05-01
VCH-2799,COMP-0003,DLN-002799,Delivery Note,2024-05-20,PTY-0036,Rajesh Gupta Suppliers,0,0,0,Delivery Note to Rajesh Gupta Suppliers,Posted,2024-05-20,2024-05-01
VCH-2800,COMP-0003,RN-002800,Receipt Note,2024-04-05,PTY-0037,Vikram Sharma Distributors,0,0,0,Receipt Note from Vikram Sharma Distributors,Posted,2024-04-05,2024-05-01
VCH-2801,COMP-0003,RN-002801,Receipt Note,2024-04-15,PTY-0038,Rajesh Singh Traders,0,0,0,Receipt Note from Rajesh Singh Traders,Posted,2024-04-15,2024-05-01
VCH-2802,COMP-0003,RN-002802,Receipt Note,2024-05-10,PTY-0039,Vikram Kumar Suppliers,0,0,0,Receipt Note from Vikram Kumar Suppliers,Posted,2024-05-10,2024-05-01
VCH-2803,COMP-0003,RN-002803,Receipt Note,2024-05-20,PTY-0040,Neha Singh Suppliers,0,0,0,Receipt Note from Neha Singh Suppliers,Posted,2024-05-20,2024-05-01
VCH-2804,COMP-0004,RCP-002804,Receipt,2024-04-05,PTY-0049,Vikram Gupta Traders,25000,0,25000,Receipt from Vikram Gupta Traders,Posted,2024-04-05,2024-05-01
VCH-2805,COMP-0004,RCP-002805,Receipt,2024-04-15,PTY-0050,Rajesh Kumar Distributors,40000,0,40000,Receipt from Rajesh Kumar Distributors,Posted,2024-04-15,2024-05-01
VCH-2806,COMP-0004,RCP-002806,Receipt,2024-05-10,PTY-0051,Vikram Patel Suppliers,55000,0,55000,Receipt from Vikram Patel Suppliers,Posted,2024-05-10,2024-05-01
VCH-2807,COMP-0004,RCP-002807,Receipt,2024-05-20,PTY-0052,Rajesh Gupta Distributors,70000,0,70000,Receipt from Rajesh Gupta Distributors,Posted,2024-05-20,2024-05-01
VCH-2808,COMP-0004,PAY-002808,Payment,2024-04-05,PTY-0053,Rajesh Gupta Suppliers,30000,0,30000,Payment to Rajesh Gupta Suppliers,Posted,2024-04-05,2024-05-01
VCH-2809,COMP-0004,PAY-002809,Payment,2024-04-15,PTY-0054,Vikram Patel Suppliers,42000,0,42000,Payment to Vikram Patel Suppliers,Posted,2024-04-15,2024-05-01
VCH-2810,COMP-0004,PAY-002810,Payment,2024-05-10,PTY-0055,Priya Patel Distributors,54000,0,54000,Payment to Priya Patel Distributors,Posted,2024-05-10,2024-05-01
VCH-2811,COMP-0004,PAY-002811,Payment,2024-05-20,PTY-0056,Neha Sharma Suppliers,66000,0,66000,Payment to Neha Sharma Suppliers,Posted,2024-05-20,2024-05-01
VCH-2812,COMP-0004,CNT-002812,Contra,2024-04-05,,,0,0,50000,Contra Entry,Posted,2024-04-05,2024-05-01
VCH-2813,COMP-0004,CNT-002813,Contra,2024-04-15,,,0,0,75000,Contra Entry,Posted,2024-04-15,2024-05-01
VCH-2814,COMP-0004,CNT-002814,Contra,2024-05-10,,,0,0,100000,Contra Entry,Posted,2024-05-10,2024-05-01
VCH-2815,COMP-0004,DN-002815,Debit Note,2024-04-05,PTY-0057,Rajesh Kumar Traders,15000,2700,17700,Debit Note to Rajesh Kumar Traders,Posted,2024-04-05,2024-05-01
VCH-2816,COMP-0004,DN-002816,Debit Note,2024-04-15,PTY-0058,Neha Kumar Distributors,23000,2700,25700,Debit Note to Neha Kumar Distributors,Posted,2024-04-15,2024-05-01
VCH-2817,COMP-0004,DN-002817,Debit Note,2024-05-10,PTY-0059,Amit Kumar Traders,31000,2700,33700,Debit Note to Amit Kumar Traders,Posted,2024-05-10,2024-05-01
VCH-2818,COMP-0004,DN-002818,Debit Note,2024-05-20,PTY-0060,Vikram Singh Traders,39000,2700,41700,Debit Note to Vikram Singh Traders,Posted,2024-05-20,2024-05-01
VCH-2819,COMP-0004,CN-002819,Credit Note,2024-04-05,PTY-0061,Priya Gupta Distributors,20000,3600,23600,Credit Note to Priya Gupta Distributors,Posted,2024-04-05,2024-05-01
VCH-2820,COMP-0004,CN-002820,Credit Note,2024-04-15,PTY-0062,Priya Patel Distributors,27000,3600,30600,Credit Note to Priya Patel Distributors,Posted,2024-04-15,2024-05-01
VCH-2821,COMP-0004,CN-002821,Credit Note,2024-05-10,PTY-0063,Priya Singh Traders,34000,3600,37600,Credit Note to Priya Singh Traders,Posted,2024-05-10,2024-05-01
VCH-2822,COMP-0004,CN-002822,Credit Note,2024-05-20,PTY-0064,Amit Patel Distributors,41000,3600,44600,Credit Note to Amit Patel Distributors,Posted,2024-05-20,2024-05-01
VCH-2823,COMP-0004,DLN-002823,Delivery Note,2024-04-05,PTY-0049,Vikram Gupta Traders,0,0,0,Delivery Note to Vikram Gupta Traders,Posted,2024-04-05,2024-05-01
VCH-2824,COMP-0004,DLN-002824,Delivery Note,2024-04-15,PTY-0050,Rajesh Kumar Distributors,0,0,0,Delivery Note to Rajesh Kumar Distributors,Posted,2024-04-15,2024-05-01
VCH-2825,COMP-0004,DLN-002825,Delivery Note,2024-05-10,PTY-0051,Vikram Patel Suppliers,0,0,0,Delivery Note to Vikram Patel Suppliers,Posted,2024-05-10,2024-05-01
VCH-2826,COMP-0004,DLN-002826,Delivery Note,2024-05-20,PTY-0052,Rajesh Gupta Distributors,0,0,0,Delivery Note to Rajesh Gupta Distributors,Posted,2024-05-20,2024-05-01
VCH-2827,COMP-0004,RN-002827,Receipt Note,2024-04-05,PTY-0053,Rajesh Gupta Suppliers,0,0,0,Receipt Note from Rajesh Gupta Suppliers,Posted,2024-04-05,2024-05-01
VCH-2828,COMP-0004,RN-002828,Receipt Note,2024-04-15,PTY-0054,Vikram Patel Suppliers,0,0,0,Receipt Note from Vikram Patel Suppliers,Posted,2024-04-15,2024-05-01
VCH-2829,COMP-0004,RN-002829,Receipt Note,2024-05-10,PTY-0055,Priya Patel Distributors,0,0,0,Receipt Note from Priya Patel Distributors,Posted,2024-05-10,2024-05-01
VCH-2830,COMP-0004,RN-002830,Receipt Note,2024-05-20,PTY-0056,Neha Sharma Suppliers,0,0,0,Receipt Note from Neha Sharma Suppliers,Posted,2024-05-20,2024-05-01
VCH-2831,COMP-0005,RCP-002831,Receipt,2024-04-05,PTY-0065,Vikram Patel Traders,25000,0,25000,Receipt from Vikram Patel Traders,Posted,2024-04-05,2024-05-01
VCH-2832,COMP-0005,RCP-002832,Receipt,2024-04-15,PTY-0066,Vikram Patel Distributors,40000,0,40000,Receipt from Vikram Patel Distributors,Posted,2024-04-15,2024-05-01
VCH-2833,COMP-0005,RCP-002833,Receipt,2024-05-10,PTY-0067,Vikram Kumar Suppliers,55000,0,55000,Receipt from Vikram Kumar Suppliers,Posted,2024-05-10,2024-05-01
VCH-2834,COMP-0005,RCP-002834,Receipt,2024-05-20,PTY-0068,Neha Singh Distributors,70000,0,70000,Receipt from Neha Singh Distributors,Posted,2024-05-20,2024-05-01
VCH-2835,COMP-0005,PAY-002835,Payment,2024-04-05,PTY-0069,Priya Kumar Suppliers,30000,0,30000,Payment to Priya Kumar Suppliers,Posted,2024-04-05,2024-05-01
VCH-2836,COMP-0005,PAY-002836,Payment,2024-04-15,PTY-0070,Amit Patel Traders,42000,0,42000,Payment to Amit Patel Traders,Posted,2024-04-15,2024-05-01
VCH-2837,COMP-0005,PAY-002837,Payment,2024-05-10,PTY-0071,Neha Kumar Suppliers,54000,0,54000,Payment to Neha Kumar Suppliers,Posted,2024-05-10,2024-05-01
VCH-2838,COMP-0005,PAY-002838,Payment,2024-05-20,PTY-0072,Vikram Gupta Distributors,66000,0,66000,Payment to Vikram Gupta Distributors,Posted,2024-05-20,2024-05-01
VCH-2839,COMP-0005,CNT-002839,Contra,2024-04-05,,,0,0,50000,Contra Entry,Posted,2024-04-05,2024-05-01
VCH-2840,COMP-0005,CNT-002840,Contra,2024-04-15,,,0,0,75000,Contra Entry,Posted,2024-04-15,2024-05-01
VCH-2841,COMP-0005,CNT-002841,Contra,2024-05-10,,,0,0,100000,Contra Entry,Posted,2024-05-10,2024-05-01
VCH-2842,COMP-0005,DN-002842,Debit Note,2024-04-05,PTY-0073,Rajesh Sharma Suppliers,15000,2700,17700,Debit Note to Rajesh Sharma Suppliers,Posted,2024-04-05,2024-05-01
VCH-2843,COMP-0005,DN-002843,Debit Note,2024-04-15,PTY-0074,Priya Singh Suppliers,23000,2700,25700,Debit Note to Priya Singh Suppliers,Posted,2024-04-15,2024-05-01
VCH-2844,COMP-0005,DN-002844,Debit Note,2024-05-10,PTY-0075,Rajesh Patel Suppliers,31000,2700,33700,Debit Note to Rajesh Patel Suppliers,Posted,2024-05-10,2024-05-01
VCH-2845,COMP-0005,DN-002845,Debit Note,2024-05-20,PTY-0076,Vikram Singh Distributors,39000,2700,41700,Debit Note to Vikram Singh Distributors,Posted,2024-05-20,2024-05-01
VCH-2846,COMP-0005,CN-002846,Credit Note,2024-04-05,PTY-0077,Amit Gupta Suppliers,20000,3600,23600,Credit Note to Amit Gupta Suppliers,Posted,2024-04-05,2024-05-01
VCH-2847,COMP-0005,CN-002847,Credit Note,2024-04-15,PTY-0078,Priya Kumar Distributors,27000,3600,30600,Credit Note to Priya Kumar Distributors,Posted,2024-04-15,2024-05-01
VCH-2848,COMP-0005,CN-002848,Credit Note,2024-05-10,PTY-0079,Neha Kumar Suppliers,34000,3600,37600,Credit Note to Neha Kumar Suppliers,Posted,2024-05-10,2024-05-01
VCH-2849,COMP-0005,CN-002849,Credit Note,2024-05-20,PTY-0080,Neha Singh Traders,41000,3600,44600,Credit Note to Neha Singh Traders,Posted,2024-05-20,2024-05-01
VCH-2850,COMP-0005,DLN-002850,Delivery Note,2024-04-05,PTY-0065,Vikram Patel Traders,0,0,0,Delivery Note to Vikram Patel Traders,Posted,2024-04-05,2024-05-01
VCH-2851,COMP-0005,DLN-002851,Delivery Note,2024-04-15,PTY-0066,Vikram Patel Distributors,0,0,0,Delivery Note to Vikram Patel Distributors,Posted,2024-04-15,2024-05-01
VCH-2852,COMP-0005,DLN-002852,Delivery Note,2024-05-10,PTY-0067,Vikram Kumar Suppliers,0,0,0,Delivery Note to Vikram Kumar Suppliers,Posted,2024-05-10,2024-05-01
VCH-2853,COMP-0005,DLN-002853,Delivery Note,2024-05-20,PTY-0068,Neha Singh Distributors,0,0,0,Delivery Note to Neha Singh Distributors,Posted,2024-05-20,2024-05-01
VCH-2854,COMP-0005,RN-002854,Receipt Note,2024-04-05,PTY-0069,Priya Kumar Suppliers,0,0,0,Receipt Note from Priya Kumar Suppliers,Posted,2024-04-05,2024-05-01
VCH-2855,COMP-0005,RN-002855,Receipt Note,2024-04-15,PTY-0070,Amit Patel Traders,0,0,0,Receipt Note from Amit Patel Traders,Posted,2024-04-15,2024-05-01
VCH-2856,COMP-0005,RN-002856,Receipt Note,2024-05-10,PTY-0071,Neha Kumar Suppliers,0,0,0,Receipt Note from Neha Kumar Suppliers,Posted,2024-05-10,2024-05-01
VCH-2857,COMP-0005,RN-002857,Receipt Note,2024-05-20,PTY-0072,Vikram Gupta Distributors,0,0,0,Receipt Note from Vikram Gupta Distributors,Posted,2024-05-20,2024-05-01
VCH-2858,COMP-0006,RCP-002858,Receipt,2024-04-05,PTY-0081,Amit Sharma Distributors,25000,0,25000,Receipt from Amit Sharma Distributors,Posted,2024-04-05,2024-05-01
VCH-2859,COMP-0006,RCP-002859,Receipt,2024-04-15,PTY-0082,Neha Kumar Suppliers,40000,0,40000,Receipt from Neha Kumar Suppliers,Posted,2024-04-15,2024-05-01
VCH-2860,COMP-0006,RCP-002860,Receipt,2024-05-10,PTY-0083,Amit Patel Suppliers,55000,0,55000,Receipt from Amit Patel Suppliers,Posted,2024-05-10,2024-05-01
VCH-2861,COMP-0006,RCP-002861,Receipt,2024-05-20,PTY-0084,Amit Kumar Distributors,70000,0,70000,Receipt from Amit Kumar Distributors,Posted,2024-05-20,2024-05-01
VCH-2862,COMP-0006,PAY-002862,Payment,2024-04-05,PTY-0085,Rajesh Patel Suppliers,30000,0,30000,Payment to Rajesh Patel Suppliers,Posted,2024-04-05,2024-05-01
VCH-2863,COMP-0006,PAY-002863,Payment,2024-04-15,PTY-0086,Rajesh Singh Distributors,42000,0,42000,Payment to Rajesh Singh Distributors,Posted,2024-04-15,2024-05-01
VCH-2864,COMP-0006,PAY-002864,Payment,2024-05-10,PTY-0087,Rajesh Patel Traders,54000,0,54000,Payment to Rajesh Patel Traders,Posted,2024-05-10,2024-05-01
VCH-2865,COMP-0006,PAY-002865,Payment,2024-05-20,PTY-0088,Amit Singh Traders,66000,0,66000,Payment to Amit Singh Traders,Posted,2024-05-20,2024-05-01
VCH-2866,COMP-0006,CNT-002866,Contra,2024-04-05,,,0,0,50000,Contra Entry,Posted,2024-04-05,2024-05-01
VCH-2867,COMP-0006,CNT-002867,Contra,2024-04-15,,,0,0,75000,Contra Entry,Posted,2024-04-15,2024-05-01
VCH-2868,COMP-0006,CNT-002868,Contra,2024-05-10,,,0,0,100000,Contra Entry,Posted,2024-05-10,2024-05-01
VCH-2869,COMP-0006,DN-002869,Debit Note,2024-04-05,PTY-0089,Priya Gupta Traders,15000,2700,17700,Debit Note to Priya Gupta Traders,Posted,2024-04-05,2024-05-01
VCH-2870,COMP-0006,DN-002870,Debit Note,2024-04-15,PTY-0090,Neha Patel Suppliers,23000,2700,25700,Debit Note to Neha Patel Suppliers,Posted,2024-04-15,2024-05-01
VCH-2871,COMP-0006,DN-002871,Debit Note,2024-05-10,PTY-0091,Neha Patel Distributors,31000,2700,33700,Debit Note to Neha Patel Distributors,Posted,2024-05-10,2024-05-01
VCH-2872,COMP-0006,DN-002872,Debit Note,2024-05-20,PTY-0092,Amit Patel Distributors,39000,2700,41700,Debit Note to Amit Patel Distributors,Posted,2024-05-20,2024-05-01
VCH-2873,COMP-0006,CN-002873,Credit Note,2024-04-05,PTY-0093,Rajesh Singh Suppliers,20000,3600,23600,Credit Note to Rajesh Singh Suppliers,Posted,2024-04-05,2024-05-01
VCH-2874,COMP-0006,CN-002874,Credit Note,2024-04-15,PTY-0094,Amit Patel Distributors,27000,3600,30600,Credit Note to Amit Patel Distributors,Posted,2024-04-15,2024-05-01
VCH-2875,COMP-0006,CN-002875,Credit Note,2024-05-10,PTY-0095,Vikram Sharma Traders,34000,3600,37600,Credit Note to Vikram Sharma Traders,Posted,2024-05-10,2024-05-01
VCH-2876,COMP-0006,CN-002876,Credit Note,2024-05-20,PTY-0096,Rajesh Kumar Traders,41000,3600,44600,Credit Note to Rajesh Kumar Traders,Posted,2024-05-20,2024-05-01
VCH-2877,COMP-0006,DLN-002877,Delivery Note,2024-04-05,PTY-0081,Amit Sharma Distributors,0,0,0,Delivery Note to Amit Sharma Distributors,Posted,2024-04-05,2024-05-01
VCH-2878,COMP-0006,DLN-002878,Delivery Note,2024-04-15,PTY-0082,Neha Kumar Suppliers,0,0,0,Delivery Note to Neha Kumar Suppliers,Posted,2024-04-15,2024-05-01
VCH-2879,COMP-0006,DLN-002879,Delivery Note,2024-05-10,PTY-0083,Amit Patel Suppliers,0,0,0,Delivery Note to Amit Patel Suppliers,Posted,2024-05-10,2024-05-01
VCH-2880,COMP-0006,DLN-002880,Delivery Note,2024-05-20,PTY-0084,Amit Kumar Distributors,0,0,0,Delivery Note to Amit Kumar Distributors,Posted,2024-05-20,2024-05-01
VCH-2881,COMP-0006,RN-002881,Receipt Note,2024-04-05,PTY-0085,Rajesh Patel Suppliers,0,0,0,Receipt Note from Rajesh Patel Suppliers,Posted,2024-04-05,2024-05-01
VCH-2882,COMP-0006,RN-002882,Receipt Note,2024-04-15,PTY-0086,Rajesh Singh Distributors,0,0,0,Receipt Note from Rajesh Singh Distributors,Posted,2024-04-15,2024-05-01
VCH-2883,COMP-0006,RN-002883,Receipt Note,2024-05-10,PTY-0087,Rajesh Patel Traders,0,0,0,Receipt Note from Rajesh Patel Traders,Posted,2024-05-10,2024-05-01
VCH-2884,COMP-0006,RN-002884,Receipt Note,2024-05-20,PTY-0088,Amit Singh Traders,0,0,0,Receipt Note from Amit Singh Traders,Posted,2024-05-20,2024-05-01
VCH-2885,COMP-0007,RCP-002885,Receipt,2024-04-05,PTY-0097,Vikram Sharma Distributors,25000,0,25000,Receipt from Vikram Sharma Distributors,Posted,2024-04-05,2024-05-01
VCH-2886,COMP-0007,RCP-002886,Receipt,2024-04-15,PTY-0098,Rajesh Kumar Traders,40000,0,40000,Receipt from Rajesh Kumar Traders,Posted,2024-04-15,2024-05-01
VCH-2887,COMP-0007,RCP-002887,Receipt,2024-05-10,PTY-0099,Amit Gupta Suppliers,55000,0,55000,Receipt from Amit Gupta Suppliers,Posted,2024-05-10,2024-05-01
VCH-2888,COMP-0007,RCP-002888,Receipt,2024-05-20,PTY-0100,Amit Kumar Suppliers,70000,0,70000,Receipt from Amit Kumar Suppliers,Posted,2024-05-20,2024-05-01
VCH-2889,COMP-0007,PAY-002889,Payment,2024-04-05,PTY-0101,Priya Kumar Distributors,30000,0,30000,Payment to Priya Kumar Distributors,Posted,2024-04-05,2024-05-01
VCH-2890,COMP-0007,PAY-002890,Payment,2024-04-15,PTY-0102,Amit Sharma Traders,42000,0,42000,Payment to Amit Sharma Traders,Posted,2024-04-15,2024-05-01
VCH-2891,COMP-0007,PAY-002891,Payment,2024-05-10,PTY-0103,Amit Gupta Traders,54000,0,54000,Payment to Amit Gupta Traders,Posted,2024-05-10,2024-05-01
VCH-2892,COMP-0007,PAY-002892,Payment,2024-05-20,PTY-0104,Rajesh Singh Suppliers,66000,0,66000,Payment to Rajesh Singh Suppliers,Posted,2024-05-20,2024-05-01
VCH-2893,COMP-0007,CNT-002893,Contra,2024-04-05,,,0,0,50000,Contra Entry,Posted,2024-04-05,2024-05-01
VCH-2894,COMP-0007,CNT-002894,Contra,2024-04-15,,,0,0,75000,Contra Entry,Posted,2024-04-15,2024-05-01
VCH-2895,COMP-0007,CNT-002895,Contra,2024-05-10,,,0,0,100000,Contra Entry,Posted,2024-05-10,2024-05-01
VCH-2896,COMP-0007,DN-002896,Debit Note,2024-04-05,PTY-0105,Vikram Patel Traders,15000,2700,17700,Debit Note to Vikram Patel Traders,Posted,2024-04-05,2024-05-01
VCH-2897,COMP-0007,DN-002897,Debit Note,2024-04-15,PTY-0106,Rajesh Kumar Distributors,23000,2700,25700,Debit Note to Rajesh Kumar Distributors,Posted,2024-04-15,2024-05-01
VCH-2898,COMP-0007,DN-002898,Debit Note,2024-05-10,PTY-0107,Neha Singh Suppliers,31000,2700,33700,Debit Note to Neha Singh Suppliers,Posted,2024-05-10,2024-05-01
VCH-2899,COMP-0007,DN-002899,Debit Note,2024-05-20,PTY-0108,Priya Sharma Traders,39000,2700,41700,Debit Note to Priya Sharma Traders,Posted,2024-05-20,2024-05-01
VCH-2900,COMP-0007,CN-002900,Credit Note,2024-04-05,PTY-0109,Vikram Kumar Distributors,20000,3600,23600,Credit Note to Vikram Kumar Distributors,Posted,2024-04-05,2024-05-01
VCH-2901,COMP-0007,CN-002901,Credit Note,2024-04-15,PTY-0110,Amit Kumar Suppliers,27000,3600,30600,Credit Note to Amit Kumar Suppliers,Posted,2024-04-15,2024-05-01
VCH-2902,COMP-0007,CN-002902,Credit Note,2024-05-10,PTY-0111,Priya Singh Distributors,34000,3600,37600,Credit Note to Priya Singh Distributors,Posted,2024-05-10,2024-05-01
VCH-2903,COMP-0007,CN-002903,Credit Note,2024-05-20,PTY-0112,Priya Patel Suppliers,41000,3600,44600,Credit Note to Priya Patel Suppliers,Posted,2024-05-20,2024-05-01
VCH-2904,COMP-0007,DLN-002904,Delivery Note,2024-04-05,PTY-0097,Vikram Sharma Distributors,0,0,0,Delivery Note to Vikram Sharma Distributors,Posted,2024-04-05,2024-05-01
VCH-2905,COMP-0007,DLN-002905,Delivery Note,2024-04-15,PTY-0098,Rajesh Kumar Traders,0,0,0,Delivery Note to Rajesh Kumar Traders,Posted,2024-04-15,2024-05-01
VCH-2906,COMP-0007,DLN-002906,Delivery Note,2024-05-10,PTY-0099,Amit Gupta Suppliers,0,0,0,Delivery Note to Amit Gupta Suppliers,Posted,2024-05-10,2024-05-01
VCH-2907,COMP-0007,DLN-002907,Delivery Note,2024-05-20,PTY-0100,Amit Kumar Suppliers,0,0,0,Delivery Note to Amit Kumar Suppliers,Posted,2024-05-20,2024-05-01
VCH-2908,COMP-0007,RN-002908,Receipt Note,2024-04-05,PTY-0101,Priya Kumar Distributors,0,0,0,Receipt Note from Priya Kumar Distributors,Posted,2024-04-05,2024-05-01
VCH-2909,COMP-0007,RN-002909,Receipt Note,2024-04-15,PTY-0102,Amit Sharma Traders,0,0,0,Receipt Note from Amit Sharma Traders,Posted,2024-04-15,2024-05-01
VCH-2910,COMP-0007,RN-002910,Receipt Note,2024-05-10,PTY-0103,Amit Gupta Traders,0,0,0,Receipt Note from Amit Gupta Traders,Posted,2024-05-10,2024-05-01
VCH-2911,COMP-0007,RN-002911,Receipt Note,2024-05-20,PTY-0104,Rajesh Singh Suppliers,0,0,0,Receipt Note from Rajesh Singh Suppliers,Posted,2024-05-20,2024-05-01
VCH-2912,COMP-0008,RCP-002912,Receipt,2024-04-05,PTY-0113,Neha Gupta Distributors,25000,0,25000,Receipt from Neha Gupta Distributors,Posted,2024-04-05,2024-05-01
VCH-2913,COMP-0008,RCP-002913,Receipt,2024-04-15,PTY-0114,Vikram Singh Traders,40000,0,40000,Receipt from Vikram Singh Traders,Posted,2024-04-15,2024-05-01
VCH-2914,COMP-0008,RCP-002914,Receipt,2024-05-10,PTY-0115,Rajesh Sharma Suppliers,55000,0,55000,Receipt from Rajesh Sharma Suppliers,Posted,2024-05-10,2024-05-01
VCH-2915,COMP-0008,RCP-002915,Receipt,2024-05-20,PTY-0116,Neha Gupta Traders,70000,0,70000,Receipt from Neha Gupta Traders,Posted,2024-05-20,2024-05-01
VCH-2916,COMP-0008,PAY-002916,Payment,2024-04-05,PTY-0117,Priya Kumar Suppliers,30000,0,30000,Payment to Priya Kumar Suppliers,Posted,2024-04-05,2024-05-01
VCH-2917,COMP-0008,PAY-002917,Payment,2024-04-15,PTY-0118,Vikram Gupta Traders,42000,0,42000,Payment to Vikram Gupta Traders,Posted,2024-04-15,2024-05-01
VCH-2918,COMP-0008,PAY-002918,Payment,2024-05-10,PTY-0119,Amit Singh Traders,54000,0,54000,Payment to Amit Singh Traders,Posted,2024-05-10,2024-05-01
VCH-2919,COMP-0008,PAY-002919,Payment,2024-05-20,PTY-0120,Amit Gupta Suppliers,66000,0,66000,Payment to Amit Gupta Suppliers,Posted,2024-05-20,2024-05-01
VCH-2920,COMP-0008,CNT-002920,Contra,2024-04-05,,,0,0,50000,Contra Entry,Posted,2024-04-05,2024-05-01
VCH-2921,COMP-0008,CNT-002921,Contra,2024-04-15,,,0,0,75000,Contra Entry,Posted,2024-04-15,2024-05-01
VCH-2922,COMP-0008,CNT-002922,Contra,2024-05-10,,,0,0,100000,Contra Entry,Posted,2024-05-10,2024-05-01
VCH-2923,COMP-0008,DN-002923,Debit Note,2024-04-05,PTY-0121,Vikram Gupta Distributors,15000,2700,17700,Debit Note to Vikram Gupta Distributors,Posted,2024-04-05,2024-05-01
VCH-2924,COMP-0008,DN-002924,Debit Note,2024-04-15,PTY-0122,Neha Kumar Traders,23000,2700,25700,Debit Note to Neha Kumar Traders,Posted,2024-04-15,2024-05-01
VCH-2925,COMP-0008,DN-002925,Debit Note,2024-05-10,PTY-0123,Vikram Singh Traders,31000,2700,33700,Debit Note to Vikram Singh Traders,Posted,2024-05-10,2024-05-01
VCH-2926,COMP-0008,DN-002926,Debit Note,2024-05-20,PTY-0124,Vikram Patel Suppliers,39000,2700,41700,Debit Note to Vikram Patel Suppliers,Posted,2024-05-20,2024-05-01
VCH-2927,COMP-0008,CN-002927,Credit Note,2024-04-05,PTY-0125,Priya Kumar Distributors,20000,3600,23600,Credit Note to Priya Kumar Distributors,Posted,2024-04-05,2024-05-01
VCH-2928,COMP-0008,CN-002928,Credit Note,2024-04-15,PTY-0126,Priya Sharma Suppliers,27000,3600,30600,Credit Note to Priya Sharma Suppliers,Posted,2024-04-15,2024-05-01
VCH-2929,COMP-0008,CN-002929,Credit Note,2024-05-10,PTY-0127,Vikram Kumar Suppliers,34000,3600,37600,Credit Note to Vikram Kumar Suppliers,Posted,2024-05-10,2024-05-01
VCH-2930,COMP-0008,CN-002930,Credit Note,2024-05-20,PTY-0128,Neha Kumar Distributors,41000,3600,44600,Credit Note to Neha Kumar Distributors,Posted,2024-05-20,2024-05-01
VCH-2931,COMP-0008,DLN-002931,Delivery Note,2024-04-05,PTY-0113,Neha Gupta Distributors,0,0,0,Delivery Note to Neha Gupta Distributors,Posted,2024-04-05,2024-05-01
VCH-2932,COMP-0008,DLN-002932,Delivery Note,2024-04-15,PTY-0114,Vikram Singh Traders,0,0,0,Delivery Note to Vikram Singh Traders,Posted,2024-04-15,2024-05-01
VCH-2933,COMP-0008,DLN-002933,Delivery Note,2024-05-10,PTY-0115,Rajesh Sharma Suppliers,0,0,0,Delivery Note to Rajesh Sharma Suppliers,Posted,2024-05-10,2024-05-01
VCH-2934,COMP-0008,DLN-002934,Delivery Note,2024-05-20,PTY-0116,Neha Gupta Traders,0,0,0,Delivery Note to Neha Gupta Traders,Posted,2024-05-20,2024-05-01
VCH-2935,COMP-0008,RN-002935,Receipt Note,2024-04-05,PTY-0117,Priya Kumar Suppliers,0,0,0,Receipt Note from Priya Kumar Suppliers,Posted,2024-04-05,2024-05-01
VCH-2936,COMP-0008,RN-002936,Receipt Note,2024-04-15,PTY-0118,Vikram Gupta Traders,0,0,0,Receipt Note from Vikram Gupta Traders,Posted,2024-04-15,2024-05-01
VCH-2937,COMP-0008,RN-002937,Receipt Note,2024-05-10,PTY-0119,Amit Singh Traders,0,0,0,Receipt Note from Amit Singh Traders,Posted,2024-05-10,2024-05-01
VCH-2938,COMP-0008,RN-002938,Receipt Note,2024-05-20,PTY-0120,Amit Gupta Suppliers,0,0,0,Receipt Note from Amit Gupta Suppliers,Posted,2024-05-20,2024-05-01
VCH-2939,COMP-0009,RCP-002939,Receipt,2024-04-05,PTY-0129,Vikram Sharma Distributors,25000,0,25000,Receipt from Vikram Sharma Distributors,Posted,2024-04-05,2024-05-01
VCH-2940,COMP-0009,RCP-002940,Receipt,2024-04-15,PTY-0130,Rajesh Gupta Distributors,40000,0,40000,Receipt from Rajesh Gupta Distributors,Posted,2024-04-15,2024-05-01
VCH-2941,COMP-0009,RCP-002941,Receipt,2024-05-10,PTY-0131,Vikram Gupta Distributors,55000,0,55000,Receipt from Vikram Gupta Distributors,Posted,2024-05-10,2024-05-01
VCH-2942,COMP-0009,RCP-002942,Receipt,2024-05-20,PTY-0132,Priya Gupta Suppliers,70000,0,70000,Receipt from Priya Gupta Suppliers,Posted,2024-05-20,2024-05-01
VCH-2943,COMP-0009,PAY-002943,Payment,2024-04-05,PTY-0133,Amit Patel Distributors,30000,0,30000,Payment to Amit Patel Distributors,Posted,2024-04-05,2024-05-01
VCH-2944,COMP-0009,PAY-002944,Payment,2024-04-15,PTY-0134,Neha Patel Traders,42000,0,42000,Payment to Neha Patel Traders,Posted,2024-04-15,2024-05-01
VCH-2945,COMP-0009,PAY-002945,Payment,2024-05-10,PTY-0135,Rajesh Kumar Distributors,54000,0,54000,Payment to Rajesh Kumar Distributors,Posted,2024-05-10,2024-05-01
VCH-2946,COMP-0009,PAY-002946,Payment,2024-05-20,PTY-0136,Vikram Kumar Distributors,66000,0,66000,Payment to Vikram Kumar Distributors,Posted,2024-05-20,2024-05-01
VCH-2947,COMP-0009,CNT-002947,Contra,2024-04-05,,,0,0,50000,Contra Entry,Posted,2024-04-05,2024-05-01
VCH-2948,COMP-0009,CNT-002948,Contra,2024-04-15,,,0,0,75000,Contra Entry,Posted,2024-04-15,2024-05-01
VCH-2949,COMP-0009,CNT-002949,Contra,2024-05-10,,,0,0,100000,Contra Entry,Posted,2024-05-10,2024-05-01
VCH-2950,COMP-0009,DN-002950,Debit Note,2024-04-05,PTY-0137,Priya Patel Traders,15000,2700,17700,Debit Note to Priya Patel Traders,Posted,2024-04-05,2024-05-01
VCH-2951,COMP-0009,DN-002951,Debit Note,2024-04-15,PTY-0138,Rajesh Singh Suppliers,23000,2700,25700,Debit Note to Rajesh Singh Suppliers,Posted,2024-04-15,2024-05-01
VCH-2952,COMP-0009,DN-002952,Debit Note,2024-05-10,PTY-0139,Vikram Sharma Distributors,31000,2700,33700,Debit Note to Vikram Sharma Distributors,Posted,2024-05-10,2024-05-01
VCH-2953,COMP-0009,DN-002953,Debit Note,2024-05-20,PTY-0140,Vikram Sharma Traders,39000,2700,41700,Debit Note to Vikram Sharma Traders,Posted,2024-05-20,2024-05-01
VCH-2954,COMP-0009,CN-002954,Credit Note,2024-04-05,PTY-0141,Priya Kumar Traders,20000,3600,23600,Credit Note to Priya Kumar Traders,Posted,2024-04-05,2024-05-01
VCH-2955,COMP-0009,CN-002955,Credit Note,2024-04-15,PTY-0142,Neha Kumar Suppliers,27000,3600,30600,Credit Note to Neha Kumar Suppliers,Posted,2024-04-15,2024-05-01
VCH-2956,COMP-0009,CN-002956,Credit Note,2024-05-10,PTY-0143,Rajesh Sharma Distributors,34000,3600,37600,Credit Note to Rajesh Sharma Distributors,Posted,2024-05-10,2024-05-01
VCH-2957,COMP-0009,CN-002957,Credit Note,2024-05-20,PTY-0144,Vikram Sharma Distributors,41000,3600,44600,Credit Note to Vikram Sharma Distributors,Posted,2024-05-20,2024-05-01
VCH-2958,COMP-0009,DLN-002958,Delivery Note,2024-04-05,PTY-0129,Vikram Sharma Distributors,0,0,0,Delivery Note to Vikram Sharma Distributors,Posted,2024-04-05,2024-05-01
VCH-2959,COMP-0009,DLN-002959,Delivery Note,2024-04-15,PTY-0130,Rajesh Gupta Distributors,0,0,0,Delivery Note to Rajesh Gupta Distributors,Posted,2024-04-15,2024-05-01
VCH-2960,COMP-0009,DLN-002960,Delivery Note,2024-05-10,PTY-0131,Vikram Gupta Distributors,0,0,0,Delivery Note to Vikram Gupta Distributors,Posted,2024-05-10,2024-05-01
VCH-2961,COMP-0009,DLN-002961,Delivery Note,2024-05-20,PTY-0132,Priya Gupta Suppliers,0,0,0,Delivery Note to Priya Gupta Suppliers,Posted,2024-05-20,2024-05-01
VCH-2962,COMP-0009,RN-002962,Receipt Note,2024-04-05,PTY-0133,Amit Patel Distributors,0,0,0,Receipt Note from Amit Patel Distributors,Posted,2024-04-05,2024-05-01
VCH-2963,COMP-0009,RN-002963,Receipt Note,2024-04-15,PTY-0134,Neha Patel Traders,0,0,0,Receipt Note from Neha Patel Traders,Posted,2024-04-15,2024-05-01
VCH-2964,COMP-0009,RN-002964,Receipt Note,2024-05-10,PTY-0135,Rajesh Kumar Distributors,0,0,0,Receipt Note from Rajesh Kumar Distributors,Posted,2024-05-10,2024-05-01
VCH-2965,COMP-0009,RN-002965,Receipt Note,2024-05-20,PTY-0136,Vikram Kumar Distributors,0,0,0,Receipt Note from Vikram Kumar Distributors,Posted,2024-05-20,2024-05-01
VCH-2966,COMP-0010,RCP-002966,Receipt,2024-04-05,PTY-0145,Rajesh Singh Traders,25000,0,25000,Receipt from Rajesh Singh Traders,Posted,2024-04-05,2024-05-01
VCH-2967,COMP-0010,RCP-002967,Receipt,2024-04-15,PTY-0146,Amit Patel Traders,40000,0,40000,Receipt from Amit Patel Traders,Posted,2024-04-15,2024-05-01
VCH-2968,COMP-0010,RCP-002968,Receipt,2024-05-10,PTY-0147,Neha Kumar Traders,55000,0,55000,Receipt from Neha Kumar Traders,Posted,2024-05-10,2024-05-01
VCH-2969,COMP-0010,RCP-002969,Receipt,2024-05-20,PTY-0148,Vikram Singh Suppliers,70000,0,70000,Receipt from Vikram Singh Suppliers,Posted,2024-05-20,2024-05-01
VCH-2970,COMP-0010,PAY-002970,Payment,2024-04-05,PTY-0149,Priya Singh Distributors,30000,0,30000,Payment to Priya Singh Distributors,Posted,2024-04-05,2024-05-01
VCH-2971,COMP-0010,PAY-002971,Payment,2024-04-15,PTY-0150,Vikram Sharma Suppliers,42000,0,42000,Payment to Vikram Sharma Suppliers,Posted,2024-04-15,2024-05-01
VCH-2972,COMP-0010,PAY-002972,Payment,2024-05-10,PTY-0151,Vikram Kumar Distributors,54000,0,54000,Payment to Vikram Kumar Distributors,Posted,2024-05-10,2024-05-01
VCH-2973,COMP-0010,PAY-002973,Payment,2024-05-20,PTY-0152,Priya Singh Traders,66000,0,66000,Payment to Priya Singh Traders,Posted,2024-05-20,2024-05-01
VCH-2974,COMP-0010,CNT-002974,Contra,2024-04-05,,,0,0,50000,Contra Entry,Posted,2024-04-05,2024-05-01
VCH-2975,COMP-0010,CNT-002975,Contra,2024-04-15,,,0,0,75000,Contra Entry,Posted,2024-04-15,2024-05-01
VCH-2976,COMP-0010,CNT-002976,Contra,2024-05-10,,,0,0,100000,Contra Entry,Posted,2024-05-10,2024-05-01
VCH-2977,COMP-0010,DN-002977,Debit Note,2024-04-05,PTY-0153,Amit Singh Traders,15000,2700,17700,Debit Note to Amit Singh Traders,Posted,2024-04-05,2024-05-01
VCH-2978,COMP-0010,DN-002978,Debit Note,2024-04-15,PTY-0154,Rajesh Gupta Suppliers,23000,2700,25700,Debit Note to Rajesh Gupta Suppliers,Posted,2024-04-15,2024-05-01
VCH-2979,COMP-0010,DN-002979,Debit Note,2024-05-10,PTY-0155,Priya Gupta Suppliers,31000,2700,33700,Debit Note to Priya Gupta Suppliers,Posted,2024-05-10,2024-05-01
VCH-2980,COMP-0010,DN-002980,Debit Note,2024-05-20,PTY-0156,Amit Sharma Traders,39000,2700,41700,Debit Note to Amit Sharma Traders,Posted,2024-05-20,2024-05-01
VCH-2981,COMP-0010,CN-002981,Credit Note,2024-04-05,PTY-0157,Vikram Sharma Traders,20000,3600,23600,Credit Note to Vikram Sharma Traders,Posted,2024-04-05,2024-05-01
VCH-2982,COMP-0010,CN-002982,Credit Note,2024-04-15,PTY-0158,Amit Sharma Suppliers,27000,3600,30600,Credit Note to Amit Sharma Suppliers,Posted,2024-04-15,2024-05-01
VCH-2983,COMP-0010,CN-002983,Credit Note,2024-05-10,PTY-0159,Priya Gupta Traders,34000,3600,37600,Credit Note to Priya Gupta Traders,Posted,2024-05-10,2024-05-01
VCH-2984,COMP-0010,CN-002984,Credit Note,2024-05-20,PTY-0160,Neha Singh Distributors,41000,3600,44600,Credit Note to Neha Singh Distributors,Posted,2024-05-20,2024-05-01
VCH-2985,COMP-0010,DLN-002985,Delivery Note,2024-04-05,PTY-0145,Rajesh Singh Traders,0,0,0,Delivery Note to Rajesh Singh Traders,Posted,2024-04-05,2024-05-01
VCH-2986,COMP-0010,DLN-002986,Delivery Note,2024-04-15,PTY-0146,Amit Patel Traders,0,0,0,Delivery Note to Amit Patel Traders,Posted,2024-04-15,2024-05-01
VCH-2987,COMP-0010,DLN-002987,Delivery Note,2024-05-10,PTY-0147,Neha Kumar Traders,0,0,0,Delivery Note to Neha Kumar Traders,Posted,2024-05-10,2024-05-01
VCH-2988,COMP-0010,DLN-002988,Delivery Note,2024-05-20,PTY-0148,Vikram Singh Suppliers,0,0,0,Delivery Note to Vikram Singh Suppliers,Posted,2024-05-20,2024-05-01
VCH-2989,COMP-0010,RN-002989,Receipt Note,2024-04-05,PTY-0149,Priya Singh Distributors,0,0,0,Receipt Note from Priya Singh Distributors,Posted,2024-04-05,2024-05-01
VCH-2990,COMP-0010,RN-002990,Receipt Note,2024-04-15,PTY-0150,Vikram Sharma Suppliers,0,0,0,Receipt Note from Vikram Sharma Suppliers,Posted,2024-04-15,2024-05-01
VCH-2991,COMP-0010,RN-002991,Receipt Note,2024-05-10,PTY-0151,Vikram Kumar Distributors,0,0,0,Receipt Note from Vikram Kumar Distributors,Posted,2024-05-10,2024-05-01
VCH-2992,COMP-0010,RN-002992,Receipt Note,2024-05-20,PTY-0152,Priya Singh Traders,0,0,0,Receipt Note from Priya Singh Traders,Posted,2024-05-20,2024-05-01
VCH-2993,COMP-0011,RCP-002993,Receipt,2024-04-05,PTY-0161,Rajesh Gupta Distributors,25000,0,25000,Receipt from Rajesh Gupta Distributors,Posted,2024-04-05,2024-05-01
VCH-2994,COMP-0011,RCP-002994,Receipt,2024-04-15,PTY-0162,Rajesh Sharma Traders,40000,0,40000,Receipt from Rajesh Sharma Traders,Posted,2024-04-15,2024-05-01
VCH-2995,COMP-0011,RCP-002995,Receipt,2024-05-10,PTY-0163,Neha Singh Distributors,55000,0,55000,Receipt from Neha Singh Distributors,Posted,2024-05-10,2024-05-01
VCH-2996,COMP-0011,RCP-002996,Receipt,2024-05-20,PTY-0164,Priya Kumar Suppliers,70000,0,70000,Receipt from Priya Kumar Suppliers,Posted,2024-05-20,2024-05-01
VCH-2997,COMP-0011,PAY-002997,Payment,2024-04-05,PTY-0165,Amit Singh Traders,30000,0,30000,Payment to Amit Singh Traders,Posted,2024-04-05,2024-05-01
VCH-2998,COMP-0011,PAY-002998,Payment,2024-04-15,PTY-0166,Rajesh Singh Traders,42000,0,42000,Payment to Rajesh Singh Traders,Posted,2024-04-15,2024-05-01
VCH-2999,COMP-0011,PAY-002999,Payment,2024-05-10,PTY-0167,Neha Kumar Traders,54000,0,54000,Payment to Neha Kumar Traders,Posted,2024-05-10,2024-05-01
VCH-3000,COMP-0011,PAY-003000,Payment,2024-05-20,PTY-0168,Neha Singh Suppliers,66000,0,66000,Payment to Neha Singh Suppliers,Posted,2024-05-20,2024-05-01
VCH-3001,COMP-0011,CNT-003001,Contra,2024-04-05,,,0,0,50000,Contra Entry,Posted,2024-04-05,2024-05-01
VCH-3002,COMP-0011,CNT-003002,Contra,2024-04-15,,,0,0,75000,Contra Entry,Posted,2024-04-15,2024-05-01
VCH-3003,COMP-0011,CNT-003003,Contra,2024-05-10,,,0,0,100000,Contra Entry,Posted,2024-05-10,2024-05-01
VCH-3004,COMP-0011,DN-003004,Debit Note,2024-04-05,PTY-0169,Neha Sharma Suppliers,15000,2700,17700,Debit Note to Neha Sharma Suppliers,Posted,2024-04-05,2024-05-01
VCH-3005,COMP-0011,DN-003005,Debit Note,2024-04-15,PTY-0170,Rajesh Gupta Distributors,23000,2700,25700,Debit Note to Rajesh Gupta Distributors,Posted,2024-04-15,2024-05-01
VCH-3006,COMP-0011,DN-003006,Debit Note,2024-05-10,PTY-0171,Neha Gupta Suppliers,31000,2700,33700,Debit Note to Neha Gupta Suppliers,Posted,2024-05-10,2024-05-01
VCH-3007,COMP-0011,DN-003007,Debit Note,2024-05-20,PTY-0172,Neha Gupta Traders,39000,2700,41700,Debit Note to Neha Gupta Traders,Posted,2024-05-20,2024-05-01
VCH-3008,COMP-0011,CN-003008,Credit Note,2024-04-05,PTY-0173,Neha Gupta Suppliers,20000,3600,23600,Credit Note to Neha Gupta Suppliers,Posted,2024-04-05,2024-05-01
VCH-3009,COMP-0011,CN-003009,Credit Note,2024-04-15,PTY-0174,Neha Gupta Traders,27000,3600,30600,Credit Note to Neha Gupta Traders,Posted,2024-04-15,2024-05-01
VCH-3010,COMP-0011,CN-003010,Credit Note,2024-05-10,PTY-0175,Rajesh Gupta Distributors,34000,3600,37600,Credit Note to Rajesh Gupta Distributors,Posted,2024-05-10,2024-05-01
VCH-3011,COMP-0011,CN-003011,Credit Note,2024-05-20,PTY-0176,Amit Gupta Suppliers,41000,3600,44600,Credit Note to Amit Gupta Suppliers,Posted,2024-05-20,2024-05-01
VCH-3012,COMP-0011,DLN-003012,Delivery Note,2024-04-05,PTY-0161,Rajesh Gupta Distributors,0,0,0,Delivery Note to Rajesh Gupta Distributors,Posted,2024-04-05,2024-05-01
VCH-3013,COMP-0011,DLN-003013,Delivery Note,2024-04-15,PTY-0162,Rajesh Sharma Traders,0,0,0,Delivery Note to Rajesh Sharma Traders,Posted,2024-04-15,2024-05-01
VCH-3014,COMP-0011,DLN-003014,Delivery Note,2024-05-10,PTY-0163,Neha Singh Distributors,0,0,0,Delivery Note to Neha Singh Distributors,Posted,2024-05-10,2024-05-01
VCH-3015,COMP-0011,DLN-003015,Delivery Note,2024-05-20,PTY-0164,Priya Kumar Suppliers,0,0,0,Delivery Note to Priya Kumar Suppliers,Posted,2024-05-20,2024-05-01
VCH-3016,COMP-0011,RN-003016,Receipt Note,2024-04-05,PTY-0165,Amit Singh Traders,0,0,0,Receipt Note from Amit Singh Traders,Posted,2024-04-05,2024-05-01
VCH-3017,COMP-0011,RN-003017,Receipt Note,2024-04-15,PTY-0166,Rajesh Singh Traders,0,0,0,Receipt Note from Rajesh Singh Traders,Posted,2024-04-15,2024-05-01
VCH-3018,COMP-0011,RN-003018,Receipt Note,2024-05-10,PTY-0167,Neha Kumar Traders,0,0,0,Receipt Note from Neha Kumar Traders,Posted,2024-05-10,2024-05-01
VCH-3019,COMP-0011,RN-003019,Receipt Note,2024-05-20,PTY-0168,Neha Singh Suppliers,0,0,0,Receipt Note from Neha Singh Suppliers,Posted,2024-05-20,2024-05-01
VCH-3020,COMP-0012,RCP-003020,Receipt,2024-04-05,PTY-0177,Neha Singh Traders,25000,0,25000,Receipt from Neha Singh Traders,Posted,2024-04-05,2024-05-01
VCH-3021,COMP-0012,RCP-003021,Receipt,2024-04-15,PTY-0178,Amit Kumar Distributors,40000,0,40000,Receipt from Amit Kumar Distributors,Posted,2024-04-15,2024-05-01
VCH-3022,COMP-0012,RCP-003022,Receipt,2024-05-10,PTY-0179,Neha Kumar Suppliers,55000,0,55000,Receipt from Neha Kumar Suppliers,Posted,2024-05-10,2024-05-01
VCH-3023,COMP-0012,RCP-003023,Receipt,2024-05-20,PTY-0180,Vikram Kumar Suppliers,70000,0,70000,Receipt from Vikram Kumar Suppliers,Posted,2024-05-20,2024-05-01
VCH-3024,COMP-0012,PAY-003024,Payment,2024-04-05,PTY-0181,Neha Patel Distributors,30000,0,30000,Payment to Neha Patel Distributors,Posted,2024-04-05,2024-05-01
VCH-3025,COMP-0012,PAY-003025,Payment,2024-04-15,PTY-0182,Priya Sharma Traders,42000,0,42000,Payment to Priya Sharma Traders,Posted,2024-04-15,2024-05-01
VCH-3026,COMP-0012,PAY-003026,Payment,2024-05-10,PTY-0183,Vikram Singh Distributors,54000,0,54000,Payment to Vikram Singh Distributors,Posted,2024-05-10,2024-05-01
VCH-3027,COMP-0012,PAY-003027,Payment,2024-05-20,PTY-0184,Rajesh Kumar Suppliers,66000,0,66000,Payment to Rajesh Kumar Suppliers,Posted,2024-05-20,2024-05-01
VCH-3028,COMP-0012,CNT-003028,Contra,2024-04-05,,,0,0,50000,Contra Entry,Posted,2024-04-05,2024-05-01
VCH-3029,COMP-0012,CNT-003029,Contra,2024-04-15,,,0,0,75000,Contra Entry,Posted,2024-04-15,2024-05-01
VCH-3030,COMP-0012,CNT-003030,Contra,2024-05-10,,,0,0,100000,Contra Entry,Posted,2024-05-10,2024-05-01
VCH-3031,COMP-0012,DN-003031,Debit Note,2024-04-05,PTY-0185,Vikram Singh Distributors,15000,2700,17700,Debit Note to Vikram Singh Distributors,Posted,2024-04-05,2024-05-01
VCH-3032,COMP-0012,DN-003032,Debit Note,2024-04-15,PTY-0186,Priya Singh Suppliers,23000,2700,25700,Debit Note to Priya Singh Suppliers,Posted,2024-04-15,2024-05-01
VCH-3033,COMP-0012,DN-003033,Debit Note,2024-05-10,PTY-0187,Priya Kumar Suppliers,31000,2700,33700,Debit Note to Priya Kumar Suppliers,Posted,2024-05-10,2024-05-01
VCH-3034,COMP-0012,DN-003034,Debit Note,2024-05-20,PTY-0188,Rajesh Singh Suppliers,39000,2700,41700,Debit Note to Rajesh Singh Suppliers,Posted,2024-05-20,2024-05-01
VCH-3035,COMP-0012,CN-003035,Credit Note,2024-04-05,PTY-0189,Vikram Patel Suppliers,20000,3600,23600,Credit Note to Vikram Patel Suppliers,Posted,2024-04-05,2024-05-01
VCH-3036,COMP-0012,CN-003036,Credit Note,2024-04-15,PTY-0190,Rajesh Singh Traders,27000,3600,30600,Credit Note to Rajesh Singh Traders,Posted,2024-04-15,2024-05-01
VCH-3037,COMP-0012,CN-003037,Credit Note,2024-05-10,PTY-0191,Neha Kumar Distributors,34000,3600,37600,Credit Note to Neha Kumar Distributors,Posted,2024-05-10,2024-05-01
VCH-3038,COMP-0012,CN-003038,Credit Note,2024-05-20,PTY-0192,Amit Gupta Traders,41000,3600,44600,Credit Note to Amit Gupta Traders,Posted,2024-05-20,2024-05-01
VCH-3039,COMP-0012,DLN-003039,Delivery Note,2024-04-05,PTY-0177,Neha Singh Traders,0,0,0,Delivery Note to Neha Singh Traders,Posted,2024-04-05,2024-05-01
VCH-3040,COMP-0012,DLN-003040,Delivery Note,2024-04-15,PTY-0178,Amit Kumar Distributors,0,0,0,Delivery Note to Amit Kumar Distributors,Posted,2024-04-15,2024-05-01
VCH-3041,COMP-0012,DLN-003041,Delivery Note,2024-05-10,PTY-0179,Neha Kumar Suppliers,0,0,0,Delivery Note to Neha Kumar Suppliers,Posted,2024-05-10,2024-05-01
VCH-3042,COMP-0012,DLN-003042,Delivery Note,2024-05-20,PTY-0180,Vikram Kumar Suppliers,0,0,0,Delivery Note to Vikram Kumar Suppliers,Posted,2024-05-20,2024-05-01
VCH-3043,COMP-0012,RN-003043,Receipt Note,2024-04-05,PTY-0181,Neha Patel Distributors,0,0,0,Receipt Note from Neha Patel Distributors,Posted,2024-04-05,2024-05-01
VCH-3044,COMP-0012,RN-003044,Receipt Note,2024-04-15,PTY-0182,Priya Sharma Traders,0,0,0,Receipt Note from Priya Sharma Traders,Posted,2024-04-15,2024-05-01
VCH-3045,COMP-0012,RN-003045,Receipt Note,2024-05-10,PTY-0183,Vikram Singh Distributors,0,0,0,Receipt Note from Vikram Singh Distributors,Posted,2024-05-10,2024-05-01
VCH-3046,COMP-0012,RN-003046,Receipt Note,2024-05-20,PTY-0184,Rajesh Kumar Suppliers,0,0,0,Receipt Note from Rajesh Kumar Suppliers,Posted,2024-05-20,2024-05-01
VCH-3047,COMP-0013,RCP-003047,Receipt,2024-04-05,PTY-0193,Vikram Sharma Suppliers,25000,0,25000,Receipt from Vikram Sharma Suppliers,Posted,2024-04-05,2024-05-01
VCH-3048,COMP-0013,RCP-003048,Receipt,2024-04-15,PTY-0194,Rajesh Singh Distributors,40000,0,40000,Receipt from Rajesh Singh Distributors,Posted,2024-04-15,2024-05-01
VCH-3049,COMP-0013,RCP-003049,Receipt,2024-05-10,PTY-0195,Priya Sharma Suppliers,55000,0,55000,Receipt from Priya Sharma Suppliers,Posted,2024-05-10,2024-05-01
VCH-3050,COMP-0013,RCP-003050,Receipt,2024-05-20,PTY-0196,Amit Sharma Distributors,70000,0,70000,Receipt from Amit Sharma Distributors,Posted,2024-05-20,2024-05-01
VCH-3051,COMP-0013,PAY-003051,Payment,2024-04-05,PTY-0197,Priya Singh Distributors,30000,0,30000,Payment to Priya Singh Distributors,Posted,2024-04-05,2024-05-01
VCH-3052,COMP-0013,PAY-003052,Payment,2024-04-15,PTY-0198,Amit Patel Traders,42000,0,42000,Payment to Amit Patel Traders,Posted,2024-04-15,2024-05-01
VCH-3053,COMP-0013,PAY-003053,Payment,2024-05-10,PTY-0199,Priya Kumar Traders,54000,0,54000,Payment to Priya Kumar Traders,Posted,2024-05-10,2024-05-01
VCH-3054,COMP-0013,PAY-003054,Payment,2024-05-20,PTY-0200,Vikram Patel Distributors,66000,0,66000,Payment to Vikram Patel Distributors,Posted,2024-05-20,2024-05-01
VCH-3055,COMP-0013,CNT-003055,Contra,2024-04-05,,,0,0,50000,Contra Entry,Posted,2024-04-05,2024-05-01
VCH-3056,COMP-0013,CNT-003056,Contra,2024-04-15,,,0,0,75000,Contra Entry,Posted,2024-04-15,2024-05-01
VCH-3057,COMP-0013,CNT-003057,Contra,2024-05-10,,,0,0,100000,Contra Entry,Posted,2024-05-10,2024-05-01
VCH-3058,COMP-0013,DN-003058,Debit Note,2024-04-05,PTY-0201,Amit Kumar Suppliers,15000,2700,17700,Debit Note to Amit Kumar Suppliers,Posted,2024-04-05,2024-05-01
VCH-3059,COMP-0013,DN-003059,Debit Note,2024-04-15,PTY-0202,Priya Kumar Traders,23000,2700,25700,Debit Note to Priya Kumar Traders,Posted,2024-04-15,2024-05-01
VCH-3060,COMP-0013,DN-003060,Debit Note,2024-05-10,PTY-0203,Amit Kumar Suppliers,31000,2700,33700,Debit Note to Amit Kumar Suppliers,Posted,2024-05-10,2024-05-01
VCH-3061,COMP-0013,DN-003061,Debit Note,2024-05-20,PTY-0204,Vikram Sharma Distributors,39000,2700,41700,Debit Note to Vikram Sharma Distributors,Posted,2024-05-20,2024-05-01
VCH-3062,COMP-0013,CN-003062,Credit Note,2024-04-05,PTY-0205,Neha Gupta Distributors,20000,3600,23600,Credit Note to Neha Gupta Distributors,Posted,2024-04-05,2024-05-01
VCH-3063,COMP-0013,CN-003063,Credit Note,2024-04-15,PTY-0206,Vikram Sharma Traders,27000,3600,30600,Credit Note to Vikram Sharma Traders,Posted,2024-04-15,2024-05-01
VCH-3064,COMP-0013,CN-003064,Credit Note,2024-05-10,PTY-0207,Amit Kumar Suppliers,34000,3600,37600,Credit Note to Amit Kumar Suppliers,Posted,2024-05-10,2024-05-01
VCH-3065,COMP-0013,CN-003065,Credit Note,2024-05-20,PTY-0208,Neha Kumar Suppliers,41000,3600,44600,Credit Note to Neha Kumar Suppliers,Posted,2024-05-20,2024-05-01
VCH-3066,COMP-0013,DLN-003066,Delivery Note,2024-04-05,PTY-0193,Vikram Sharma Suppliers,0,0,0,Delivery Note to Vikram Sharma Suppliers,Posted,2024-04-05,2024-05-01
VCH-3067,COMP-0013,DLN-003067,Delivery Note,2024-04-15,PTY-0194,Rajesh Singh Distributors,0,0,0,Delivery Note to Rajesh Singh Distributors,Posted,2024-04-15,2024-05-01
VCH-3068,COMP-0013,DLN-003068,Delivery Note,2024-05-10,PTY-0195,Priya Sharma Suppliers,0,0,0,Delivery Note to Priya Sharma Suppliers,Posted,2024-05-10,2024-05-01
VCH-3069,COMP-0013,DLN-003069,Delivery Note,2024-05-20,PTY-0196,Amit Sharma Distributors,0,0,0,Delivery Note to Amit Sharma Distributors,Posted,2024-05-20,2024-05-01
VCH-3070,COMP-0013,RN-003070,Receipt Note,2024-04-05,PTY-0197,Priya Singh Distributors,0,0,0,Receipt Note from Priya Singh Distributors,Posted,2024-04-05,2024-05-01
VCH-3071,COMP-0013,RN-003071,Receipt Note,2024-04-15,PTY-0198,Amit Patel Traders,0,0,0,Receipt Note from Amit Patel Traders,Posted,2024-04-15,2024-05-01
VCH-3072,COMP-0013,RN-003072,Receipt Note,2024-05-10,PTY-0199,Priya Kumar Traders,0,0,0,Receipt Note from Priya Kumar Traders,Posted,2024-05-10,2024-05-01
VCH-3073,COMP-0013,RN-003073,Receipt Note,2024-05-20,PTY-0200,Vikram Patel Distributors,0,0,0,Receipt Note from Vikram Patel Distributors,Posted,2024-05-20,2024-05-01
VCH-3074,COMP-0014,RCP-003074,Receipt,2024-04-05,PTY-0209,Rajesh Gupta Suppliers,25000,0,25000,Receipt from Rajesh Gupta Suppliers,Posted,2024-04-05,2024-05-01
VCH-3075,COMP-0014,RCP-003075,Receipt,2024-04-15,PTY-0210,Amit Patel Distributors,40000,0,40000,Receipt from Amit Patel Distributors,Posted,2024-04-15,2024-05-01
VCH-3076,COMP-0014,RCP-003076,Receipt,2024-05-10,PTY-0211,Amit Sharma Distributors,55000,0,55000,Receipt from Amit Sharma Distributors,Posted,2024-05-10,2024-05-01
VCH-3077,COMP-0014,RCP-003077,Receipt,2024-05-20,PTY-0212,Priya Kumar Distributors,70000,0,70000,Receipt from Priya Kumar Distributors,Posted,2024-05-20,2024-05-01
VCH-3078,COMP-0014,PAY-003078,Payment,2024-04-05,PTY-0213,Vikram Sharma Traders,30000,0,30000,Payment to Vikram Sharma Traders,Posted,2024-04-05,2024-05-01
VCH-3079,COMP-0014,PAY-003079,Payment,2024-04-15,PTY-0214,Neha Singh Traders,42000,0,42000,Payment to Neha Singh Traders,Posted,2024-04-15,2024-05-01
VCH-3080,COMP-0014,PAY-003080,Payment,2024-05-10,PTY-0215,Amit Singh Traders,54000,0,54000,Payment to Amit Singh Traders,Posted,2024-05-10,2024-05-01
VCH-3081,COMP-0014,PAY-003081,Payment,2024-05-20,PTY-0216,Rajesh Patel Distributors,66000,0,66000,Payment to Rajesh Patel Distributors,Posted,2024-05-20,2024-05-01
VCH-3082,COMP-0014,CNT-003082,Contra,2024-04-05,,,0,0,50000,Contra Entry,Posted,2024-04-05,2024-05-01
VCH-3083,COMP-0014,CNT-003083,Contra,2024-04-15,,,0,0,75000,Contra Entry,Posted,2024-04-15,2024-05-01
VCH-3084,COMP-0014,CNT-003084,Contra,2024-05-10,,,0,0,100000,Contra Entry,Posted,2024-05-10,2024-05-01
VCH-3085,COMP-0014,DN-003085,Debit Note,2024-04-05,PTY-0217,Amit Gupta Traders,15000,2700,17700,Debit Note to Amit Gupta Traders,Posted,2024-04-05,2024-05-01
VCH-3086,COMP-0014,DN-003086,Debit Note,2024-04-15,PTY-0218,Amit Singh Traders,23000,2700,25700,Debit Note to Amit Singh Traders,Posted,2024-04-15,2024-05-01
VCH-3087,COMP-0014,DN-003087,Debit Note,2024-05-10,PTY-0219,Neha Patel Distributors,31000,2700,33700,Debit Note to Neha Patel Distributors,Posted,2024-05-10,2024-05-01
VCH-3088,COMP-0014,DN-003088,Debit Note,2024-05-20,PTY-0220,Neha Singh Traders,39000,2700,41700,Debit Note to Neha Singh Traders,Posted,2024-05-20,2024-05-01
VCH-3089,COMP-0014,CN-003089,Credit Note,2024-04-05,PTY-0221,Vikram Sharma Traders,20000,3600,23600,Credit Note to Vikram Sharma Traders,Posted,2024-04-05,2024-05-01
VCH-3090,COMP-0014,CN-003090,Credit Note,2024-04-15,PTY-0222,Priya Sharma Distributors,27000,3600,30600,Credit Note to Priya Sharma Distributors,Posted,2024-04-15,2024-05-01
VCH-3091,COMP-0014,CN-003091,Credit Note,2024-05-10,PTY-0223,Amit Kumar Traders,34000,3600,37600,Credit Note to Amit Kumar Traders,Posted,2024-05-10,2024-05-01
VCH-3092,COMP-0014,CN-003092,Credit Note,2024-05-20,PTY-0224,Amit Sharma Distributors,41000,3600,44600,Credit Note to Amit Sharma Distributors,Posted,2024-05-20,2024-05-01
VCH-3093,COMP-0014,DLN-003093,Delivery Note,2024-04-05,PTY-0209,Rajesh Gupta Suppliers,0,0,0,Delivery Note to Rajesh Gupta Suppliers,Posted,2024-04-05,2024-05-01
VCH-3094,COMP-0014,DLN-003094,Delivery Note,2024-04-15,PTY-0210,Amit Patel Distributors,0,0,0,Delivery Note to Amit Patel Distributors,Posted,2024-04-15,2024-05-01
VCH-3095,COMP-0014,DLN-003095,Delivery Note,2024-05-10,PTY-0211,Amit Sharma Distributors,0,0,0,Delivery Note to Amit Sharma Distributors,Posted,2024-05-10,2024-05-01
VCH-3096,COMP-0014,DLN-003096,Delivery Note,2024-05-20,PTY-0212,Priya Kumar Distributors,0,0,0,Delivery Note to Priya Kumar Distributors,Posted,2024-05-20,2024-05-01
VCH-3097,COMP-0014,RN-003097,Receipt Note,2024-04-05,PTY-0213,Vikram Sharma Traders,0,0,0,Receipt Note from Vikram Sharma Traders,Posted,2024-04-05,2024-05-01
VCH-3098,COMP-0014,RN-003098,Receipt Note,2024-04-15,PTY-0214,Neha Singh Traders,0,0,0,Receipt Note from Neha Singh Traders,Posted,2024-04-15,2024-05-01
VCH-3099,COMP-0014,RN-003099,Receipt Note,2024-05-10,PTY-0215,Amit Singh Traders,0,0,0,Receipt Note from Amit Singh Traders,Posted,2024-05-10,2024-05-01
VCH-3100,COMP-0014,RN-003100,Receipt Note,2024-05-20,PTY-0216,Rajesh Patel Distributors,0,0,0,Receipt Note from Rajesh Patel Distributors,Posted,2024-05-20,2024-05-01
VCH-3101,COMP-0015,RCP-003101,Receipt,2024-04-05,PTY-0225,Neha Sharma Traders,25000,0,25000,Receipt from Neha Sharma Traders,Posted,2024-04-05,2024-05-01
VCH-3102,COMP-0015,RCP-003102,Receipt,2024-04-15,PTY-0226,Neha Gupta Traders,40000,0,40000,Receipt from Neha Gupta Traders,Posted,2024-04-15,2024-05-01
VCH-3103,COMP-0015,RCP-003103,Receipt,2024-05-10,PTY-0227,Priya Singh Traders,55000,0,55000,Receipt from Priya Singh Traders,Posted,2024-05-10,2024-05-01
VCH-3104,COMP-0015,RCP-003104,Receipt,2024-05-20,PTY-0228,Vikram Singh Suppliers,70000,0,70000,Receipt from Vikram Singh Suppliers,Posted,2024-05-20,2024-05-01
VCH-3105,COMP-0015,PAY-003105,Payment,2024-04-05,PTY-0229,Amit Gupta Distributors,30000,0,30000,Payment to Amit Gupta Distributors,Posted,2024-04-05,2024-05-01
VCH-3106,COMP-0015,PAY-003106,Payment,2024-04-15,PTY-0230,Vikram Sharma Distributors,42000,0,42000,Payment to Vikram Sharma Distributors,Posted,2024-04-15,2024-05-01
VCH-3107,COMP-0015,PAY-003107,Payment,2024-05-10,PTY-0231,Priya Sharma Suppliers,54000,0,54000,Payment to Priya Sharma Suppliers,Posted,2024-05-10,2024-05-01
VCH-3108,COMP-0015,PAY-003108,Payment,2024-05-20,PTY-0232,Neha Gupta Distributors,66000,0,66000,Payment to Neha Gupta Distributors,Posted,2024-05-20,2024-05-01
VCH-3109,COMP-0015,CNT-003109,Contra,2024-04-05,,,0,0,50000,Contra Entry,Posted,2024-04-05,2024-05-01
VCH-3110,COMP-0015,CNT-003110,Contra,2024-04-15,,,0,0,75000,Contra Entry,Posted,2024-04-15,2024-05-01
VCH-3111,COMP-0015,CNT-003111,Contra,2024-05-10,,,0,0,100000,Contra Entry,Posted,2024-05-10,2024-05-01
VCH-3112,COMP-0015,DN-003112,Debit Note,2024-04-05,PTY-0233,Priya Singh Traders,15000,2700,17700,Debit Note to Priya Singh Traders,Posted,2024-04-05,2024-05-01
VCH-3113,COMP-0015,DN-003113,Debit Note,2024-04-15,PTY-0234,Neha Patel Suppliers,23000,2700,25700,Debit Note to Neha Patel Suppliers,Posted,2024-04-15,2024-05-01
VCH-3114,COMP-0015,DN-003114,Debit Note,2024-05-10,PTY-0235,Rajesh Kumar Traders,31000,2700,33700,Debit Note to Rajesh Kumar Traders,Posted,2024-05-10,2024-05-01
VCH-3115,COMP-0015,DN-003115,Debit Note,2024-05-20,PTY-0236,Priya Patel Suppliers,39000,2700,41700,Debit Note to Priya Patel Suppliers,Posted,2024-05-20,2024-05-01
VCH-3116,COMP-0015,CN-003116,Credit Note,2024-04-05,PTY-0237,Vikram Sharma Distributors,20000,3600,23600,Credit Note to Vikram Sharma Distributors,Posted,2024-04-05,2024-05-01
VCH-3117,COMP-0015,CN-003117,Credit Note,2024-04-15,PTY-0238,Amit Gupta Suppliers,27000,3600,30600,Credit Note to Amit Gupta Suppliers,Posted,2024-04-15,2024-05-01
VCH-3118,COMP-0015,CN-003118,Credit Note,2024-05-10,PTY-0239,Priya Kumar Traders,34000,3600,37600,Credit Note to Priya Kumar Traders,Posted,2024-05-10,2024-05-01
VCH-3119,COMP-0015,CN-003119,Credit Note,2024-05-20,PTY-0240,Amit Singh Distributors,41000,3600,44600,Credit Note to Amit Singh Distributors,Posted,2024-05-20,2024-05-01
VCH-3120,COMP-0015,DLN-003120,Delivery Note,2024-04-05,PTY-0225,Neha Sharma Traders,0,0,0,Delivery Note to Neha Sharma Traders,Posted,2024-04-05,2024-05-01
VCH-3121,COMP-0015,DLN-003121,Delivery Note,2024-04-15,PTY-0226,Neha Gupta Traders,0,0,0,Delivery Note to Neha Gupta Traders,Posted,2024-04-15,2024-05-01
VCH-3122,COMP-0015,DLN-003122,Delivery Note,2024-05-10,PTY-0227,Priya Singh Traders,0,0,0,Delivery Note to Priya Singh Traders,Posted,2024-05-10,2024-05-01
VCH-3123,COMP-0015,DLN-003123,Delivery Note,2024-05-20,PTY-0228,Vikram Singh Suppliers,0,0,0,Delivery Note to Vikram Singh Suppliers,Posted,2024-05-20,2024-05-01
VCH-3124,COMP-0015,RN-003124,Receipt Note,2024-04-05,PTY-0229,Amit Gupta Distributors,0,0,0,Receipt Note from Amit Gupta Distributors,Posted,2024-04-05,2024-05-01
VCH-3125,COMP-0015,RN-003125,Receipt Note,2024-04-15,PTY-0230,Vikram Sharma Distributors,0,0,0,Receipt Note from Vikram Sharma Distributors,Posted,2024-04-15,2024-05-01
VCH-3126,COMP-0015,RN-003126,Receipt Note,2024-05-10,PTY-0231,Priya Sharma Suppliers,0,0,0,Receipt Note from Priya Sharma Suppliers,Posted,2024-05-10,2024-05-01
VCH-3127,COMP-0015,RN-003127,Receipt Note,2024-05-20,PTY-0232,Neha Gupta Distributors,0,0,0,Receipt Note from Neha Gupta Distributors,Posted,2024-05-20,2024-05-01
VCH-3128,COMP-0016,RCP-003128,Receipt,2024-04-05,PTY-0241,Priya Gupta Suppliers,25000,0,25000,Receipt from Priya Gupta Suppliers,Posted,2024-04-05,2024-05-01
VCH-3129,COMP-0016,RCP-003129,Receipt,2024-04-15,PTY-0242,Vikram Gupta Traders,40000,0,40000,Receipt from Vikram Gupta Traders,Posted,2024-04-15,2024-05-01
VCH-3130,COMP-0016,RCP-003130,Receipt,2024-05-10,PTY-0243,Amit Gupta Traders,55000,0,55000,Receipt from Amit Gupta Traders,Posted,2024-05-10,2024-05-01
VCH-3131,COMP-0016,RCP-003131,Receipt,2024-05-20,PTY-0244,Amit Gupta Traders,70000,0,70000,Receipt from Amit Gupta Traders,Posted,2024-05-20,2024-05-01
VCH-3132,COMP-0016,PAY-003132,Payment,2024-04-05,PTY-0245,Rajesh Kumar Distributors,30000,0,30000,Payment to Rajesh Kumar Distributors,Posted,2024-04-05,2024-05-01
VCH-3133,COMP-0016,PAY-003133,Payment,2024-04-15,PTY-0246,Priya Kumar Traders,42000,0,42000,Payment to Priya Kumar Traders,Posted,2024-04-15,2024-05-01
VCH-3134,COMP-0016,PAY-003134,Payment,2024-05-10,PTY-0247,Neha Singh Distributors,54000,0,54000,Payment to Neha Singh Distributors,Posted,2024-05-10,2024-05-01
VCH-3135,COMP-0016,PAY-003135,Payment,2024-05-20,PTY-0248,Rajesh Singh Traders,66000,0,66000,Payment to Rajesh Singh Traders,Posted,2024-05-20,2024-05-01
VCH-3136,COMP-0016,CNT-003136,Contra,2024-04-05,,,0,0,50000,Contra Entry,Posted,2024-04-05,2024-05-01
VCH-3137,COMP-0016,CNT-003137,Contra,2024-04-15,,,0,0,75000,Contra Entry,Posted,2024-04-15,2024-05-01
VCH-3138,COMP-0016,CNT-003138,Contra,2024-05-10,,,0,0,100000,Contra Entry,Posted,2024-05-10,2024-05-01
VCH-3139,COMP-0016,DN-003139,Debit Note,2024-04-05,PTY-0249,Vikram Gupta Distributors,15000,2700,17700,Debit Note to Vikram Gupta Distributors,Posted,2024-04-05,2024-05-01
VCH-3140,COMP-0016,DN-003140,Debit Note,2024-04-15,PTY-0250,Amit Kumar Traders,23000,2700,25700,Debit Note to Amit Kumar Traders,Posted,2024-04-15,2024-05-01
VCH-3141,COMP-0016,DN-003141,Debit Note,2024-05-10,PTY-0251,Amit Kumar Distributors,31000,2700,33700,Debit Note to Amit Kumar Distributors,Posted,2024-05-10,2024-05-01
VCH-3142,COMP-0016,DN-003142,Debit Note,2024-05-20,PTY-0252,Rajesh Kumar Suppliers,39000,2700,41700,Debit Note to Rajesh Kumar Suppliers,Posted,2024-05-20,2024-05-01
VCH-3143,COMP-0016,CN-003143,Credit Note,2024-04-05,PTY-0253,Rajesh Kumar Suppliers,20000,3600,23600,Credit Note to Rajesh Kumar Suppliers,Posted,2024-04-05,2024-05-01
VCH-3144,COMP-0016,CN-003144,Credit Note,2024-04-15,PTY-0254,Vikram Singh Suppliers,27000,3600,30600,Credit Note to Vikram Singh Suppliers,Posted,2024-04-15,2024-05-01
VCH-3145,COMP-0016,CN-003145,Credit Note,2024-05-10,PTY-0255,Priya Sharma Suppliers,34000,3600,37600,Credit Note to Priya Sharma Suppliers,Posted,2024-05-10,2024-05-01
VCH-3146,COMP-0016,CN-003146,Credit Note,2024-05-20,PTY-0256,Vikram Patel Suppliers,41000,3600,44600,Credit Note to Vikram Patel Suppliers,Posted,2024-05-20,2024-05-01
VCH-3147,COMP-0016,DLN-003147,Delivery Note,2024-04-05,PTY-0241,Priya Gupta Suppliers,0,0,0,Delivery Note to Priya Gupta Suppliers,Posted,2024-04-05,2024-05-01
VCH-3148,COMP-0016,DLN-003148,Delivery Note,2024-04-15,PTY-0242,Vikram Gupta Traders,0,0,0,Delivery Note to Vikram Gupta Traders,Posted,2024-04-15,2024-05-01
VCH-3149,COMP-0016,DLN-003149,Delivery Note,2024-05-10,PTY-0243,Amit Gupta Traders,0,0,0,Delivery Note to Amit Gupta Traders,Posted,2024-05-10,2024-05-01
VCH-3150,COMP-0016,DLN-003150,Delivery Note,2024-05-20,PTY-0244,Amit Gupta Traders,0,0,0,Delivery Note to Amit Gupta Traders,Posted,2024-05-20,2024-05-01
VCH-3151,COMP-0016,RN-003151,Receipt Note,2024-04-05,PTY-0245,Rajesh Kumar Distributors,0,0,0,Receipt Note from Rajesh Kumar Distributors,Posted,2024-04-05,2024-05-01
VCH-3152,COMP-0016,RN-003152,Receipt Note,2024-04-15,PTY-0246,Priya Kumar Traders,0,0,0,Receipt Note from Priya Kumar Traders,Posted,2024-04-15,2024-05-01
VCH-3153,COMP-0016,RN-003153,Receipt Note,2024-05-10,PTY-0247,Neha Singh Distributors,0,0,0,Receipt Note from Neha Singh Distributors,Posted,2024-05-10,2024-05-01
VCH-3154,COMP-0016,RN-003154,Receipt Note,2024-05-20,PTY-0248,Rajesh Singh Traders,0,0,0,Receipt Note from Rajesh Singh Traders,Posted,2024-05-20,2024-05-01
VCH-3155,COMP-0017,RCP-003155,Receipt,2024-04-05,PTY-0257,Priya Singh Traders,25000,0,25000,Receipt from Priya Singh Traders,Posted,2024-04-05,2024-05-01
VCH-3156,COMP-0017,RCP-003156,Receipt,2024-04-15,PTY-0258,Neha Patel Traders,40000,0,40000,Receipt from Neha Patel Traders,Posted,2024-04-15,2024-05-01
VCH-3157,COMP-0017,RCP-003157,Receipt,2024-05-10,PTY-0259,Priya Sharma Distributors,55000,0,55000,Receipt from Priya Sharma Distributors,Posted,2024-05-10,2024-05-01
VCH-3158,COMP-0017,RCP-003158,Receipt,2024-05-20,PTY-0260,Priya Patel Distributors,70000,0,70000,Receipt from Priya Patel Distributors,Posted,2024-05-20,2024-05-01
VCH-3159,COMP-0017,PAY-003159,Payment,2024-04-05,PTY-0261,Amit Patel Traders,30000,0,30000,Payment to Amit Patel Traders,Posted,2024-04-05,2024-05-01
VCH-3160,COMP-0017,PAY-003160,Payment,2024-04-15,PTY-0262,Vikram Kumar Suppliers,42000,0,42000,Payment to Vikram Kumar Suppliers,Posted,2024-04-15,2024-05-01
VCH-3161,COMP-0017,PAY-003161,Payment,2024-05-10,PTY-0263,Neha Singh Traders,54000,0,54000,Payment to Neha Singh Traders,Posted,2024-05-10,2024-05-01
VCH-3162,COMP-0017,PAY-003162,Payment,2024-05-20,PTY-0264,Rajesh Patel Traders,66000,0,66000,Payment to Rajesh Patel Traders,Posted,2024-05-20,2024-05-01
VCH-3163,COMP-0017,CNT-003163,Contra,2024-04-05,,,0,0,50000,Contra Entry,Posted,2024-04-05,2024-05-01
VCH-3164,COMP-0017,CNT-003164,Contra,2024-04-15,,,0,0,75000,Contra Entry,Posted,2024-04-15,2024-05-01
VCH-3165,COMP-0017,CNT-003165,Contra,2024-05-10,,,0,0,100000,Contra Entry,Posted,2024-05-10,2024-05-01
VCH-3166,COMP-0017,DN-003166,Debit Note,2024-04-05,PTY-0265,Vikram Patel Distributors,15000,2700,17700,Debit Note to Vikram Patel Distributors,Posted,2024-04-05,2024-05-01
VCH-3167,COMP-0017,DN-003167,Debit Note,2024-04-15,PTY-0266,Rajesh Sharma Traders,23000,2700,25700,Debit Note to Rajesh Sharma Traders,Posted,2024-04-15,2024-05-01
VCH-3168,COMP-0017,DN-003168,Debit Note,2024-05-10,PTY-0267,Neha Kumar Distributors,31000,2700,33700,Debit Note to Neha Kumar Distributors,Posted,2024-05-10,2024-05-01
VCH-3169,COMP-0017,DN-003169,Debit Note,2024-05-20,PTY-0268,Rajesh Gupta Suppliers,39000,2700,41700,Debit Note to Rajesh Gupta Suppliers,Posted,2024-05-20,2024-05-01
VCH-3170,COMP-0017,CN-003170,Credit Note,2024-04-05,PTY-0269,Vikram Kumar Traders,20000,3600,23600,Credit Note to Vikram Kumar Traders,Posted,2024-04-05,2024-05-01
VCH-3171,COMP-0017,CN-003171,Credit Note,2024-04-15,PTY-0270,Vikram Patel Traders,27000,3600,30600,Credit Note to Vikram Patel Traders,Posted,2024-04-15,2024-05-01
VCH-3172,COMP-0017,CN-003172,Credit Note,2024-05-10,PTY-0271,Vikram Patel Suppliers,34000,3600,37600,Credit Note to Vikram Patel Suppliers,Posted,2024-05-10,2024-05-01
VCH-3173,COMP-0017,CN-003173,Credit Note,2024-05-20,PTY-0272,Neha Sharma Suppliers,41000,3600,44600,Credit Note to Neha Sharma Suppliers,Posted,2024-05-20,2024-05-01
VCH-3174,COMP-0017,DLN-003174,Delivery Note,2024-04-05,PTY-0257,Priya Singh Traders,0,0,0,Delivery Note to Priya Singh Traders,Posted,2024-04-05,2024-05-01
VCH-3175,COMP-0017,DLN-003175,Delivery Note,2024-04-15,PTY-0258,Neha Patel Traders,0,0,0,Delivery Note to Neha Patel Traders,Posted,2024-04-15,2024-05-01
VCH-3176,COMP-0017,DLN-003176,Delivery Note,2024-05-10,PTY-0259,Priya Sharma Distributors,0,0,0,Delivery Note to Priya Sharma Distributors,Posted,2024-05-10,2024-05-01
VCH-3177,COMP-0017,DLN-003177,Delivery Note,2024-05-20,PTY-0260,Priya Patel Distributors,0,0,0,Delivery Note to Priya Patel Distributors,Posted,2024-05-20,2024-05-01
VCH-3178,COMP-0017,RN-003178,Receipt Note,2024-04-05,PTY-0261,Amit Patel Traders,0,0,0,Receipt Note from Amit Patel Traders,Posted,2024-04-05,2024-05-01
VCH-3179,COMP-0017,RN-003179,Receipt Note,2024-04-15,PTY-0262,Vikram Kumar Suppliers,0,0,0,Receipt Note from Vikram Kumar Suppliers,Posted,2024-04-15,2024-05-01
VCH-3180,COMP-0017,RN-003180,Receipt Note,2024-05-10,PTY-0263,Neha Singh Traders,0,0,0,Receipt Note from Neha Singh Traders,Posted,2024-05-10,2024-05-01
VCH-3181,COMP-0017,RN-003181,Receipt Note,2024-05-20,PTY-0264,Rajesh Patel Traders,0,0,0,Receipt Note from Rajesh Patel Traders,Posted,2024-05-20,2024-05-01
VCH-3182,COMP-0018,RCP-003182,Receipt,2024-04-05,PTY-0273,Vikram Patel Traders,25000,0,25000,Receipt from Vikram Patel Traders,Posted,2024-04-05,2024-05-01
VCH-3183,COMP-0018,RCP-003183,Receipt,2024-04-15,PTY-0274,Amit Gupta Suppliers,40000,0,40000,Receipt from Amit Gupta Suppliers,Posted,2024-04-15,2024-05-01
VCH-3184,COMP-0018,RCP-003184,Receipt,2024-05-10,PTY-0275,Priya Sharma Distributors,55000,0,55000,Receipt from Priya Sharma Distributors,Posted,2024-05-10,2024-05-01
VCH-3185,COMP-0018,RCP-003185,Receipt,2024-05-20,PTY-0276,Neha Kumar Traders,70000,0,70000,Receipt from Neha Kumar Traders,Posted,2024-05-20,2024-05-01
VCH-3186,COMP-0018,PAY-003186,Payment,2024-04-05,PTY-0277,Rajesh Singh Distributors,30000,0,30000,Payment to Rajesh Singh Distributors,Posted,2024-04-05,2024-05-01
VCH-3187,COMP-0018,PAY-003187,Payment,2024-04-15,PTY-0278,Priya Sharma Traders,42000,0,42000,Payment to Priya Sharma Traders,Posted,2024-04-15,2024-05-01
VCH-3188,COMP-0018,PAY-003188,Payment,2024-05-10,PTY-0279,Priya Sharma Traders,54000,0,54000,Payment to Priya Sharma Traders,Posted,2024-05-10,2024-05-01
VCH-3189,COMP-0018,PAY-003189,Payment,2024-05-20,PTY-0280,Priya Patel Suppliers,66000,0,66000,Payment to Priya Patel Suppliers,Posted,2024-05-20,2024-05-01
VCH-3190,COMP-0018,CNT-003190,Contra,2024-04-05,,,0,0,50000,Contra Entry,Posted,2024-04-05,2024-05-01
VCH-3191,COMP-0018,CNT-003191,Contra,2024-04-15,,,0,0,75000,Contra Entry,Posted,2024-04-15,2024-05-01
VCH-3192,COMP-0018,CNT-003192,Contra,2024-05-10,,,0,0,100000,Contra Entry,Posted,2024-05-10,2024-05-01
VCH-3193,COMP-0018,DN-003193,Debit Note,2024-04-05,PTY-0281,Amit Sharma Traders,15000,2700,17700,Debit Note to Amit Sharma Traders,Posted,2024-04-05,2024-05-01
VCH-3194,COMP-0018,DN-003194,Debit Note,2024-04-15,PTY-0282,Rajesh Gupta Suppliers,23000,2700,25700,Debit Note to Rajesh Gupta Suppliers,Posted,2024-04-15,2024-05-01
VCH-3195,COMP-0018,DN-003195,Debit Note,2024-05-10,PTY-0283,Vikram Gupta Traders,31000,2700,33700,Debit Note to Vikram Gupta Traders,Posted,2024-05-10,2024-05-01
VCH-3196,COMP-0018,DN-003196,Debit Note,2024-05-20,PTY-0284,Vikram Singh Suppliers,39000,2700,41700,Debit Note to Vikram Singh Suppliers,Posted,2024-05-20,2024-05-01
VCH-3197,COMP-0018,CN-003197,Credit Note,2024-04-05,PTY-0285,Amit Sharma Traders,20000,3600,23600,Credit Note to Amit Sharma Traders,Posted,2024-04-05,2024-05-01
VCH-3198,COMP-0018,CN-003198,Credit Note,2024-04-15,PTY-0286,Rajesh Gupta Traders,27000,3600,30600,Credit Note to Rajesh Gupta Traders,Posted,2024-04-15,2024-05-01
VCH-3199,COMP-0018,CN-003199,Credit Note,2024-05-10,PTY-0287,Rajesh Sharma Distributors,34000,3600,37600,Credit Note to Rajesh Sharma Distributors,Posted,2024-05-10,2024-05-01
VCH-3200,COMP-0018,CN-003200,Credit Note,2024-05-20,PTY-0288,Priya Patel Suppliers,41000,3600,44600,Credit Note to Priya Patel Suppliers,Posted,2024-05-20,2024-05-01
VCH-3201,COMP-0018,DLN-003201,Delivery Note,2024-04-05,PTY-0273,Vikram Patel Traders,0,0,0,Delivery Note to Vikram Patel Traders,Posted,2024-04-05,2024-05-01
VCH-3202,COMP-0018,DLN-003202,Delivery Note,2024-04-15,PTY-0274,Amit Gupta Suppliers,0,0,0,Delivery Note to Amit Gupta Suppliers,Posted,2024-04-15,2024-05-01
VCH-3203,COMP-0018,DLN-003203,Delivery Note,2024-05-10,PTY-0275,Priya Sharma Distributors,0,0,0,Delivery Note to Priya Sharma Distributors,Posted,2024-05-10,2024-05-01
VCH-3204,COMP-0018,DLN-003204,Delivery Note,2024-05-20,PTY-0276,Neha Kumar Traders,0,0,0,Delivery Note to Neha Kumar Traders,Posted,2024-05-20,2024-05-01
VCH-3205,COMP-0018,RN-003205,Receipt Note,2024-04-05,PTY-0277,Rajesh Singh Distributors,0,0,0,Receipt Note from Rajesh Singh Distributors,Posted,2024-04-05,2024-05-01
VCH-3206,COMP-0018,RN-003206,Receipt Note,2024-04-15,PTY-0278,Priya Sharma Traders,0,0,0,Receipt Note from Priya Sharma Traders,Posted,2024-04-15,2024-05-01
VCH-3207,COMP-0018,RN-003207,Receipt Note,2024-05-10,PTY-0279,Priya Sharma Traders,0,0,0,Receipt Note from Priya Sharma Traders,Posted,2024-05-10,2024-05-01
VCH-3208,COMP-0018,RN-003208,Receipt Note,2024-05-20,PTY-0280,Priya Patel Suppliers,0,0,0,Receipt Note from Priya Patel Suppliers,Posted,2024-05-20,2024-05-01
VCH-3209,COMP-0019,RCP-003209,Receipt,2024-04-05,PTY-0289,Amit Singh Suppliers,25000,0,25000,Receipt from Amit Singh Suppliers,Posted,2024-04-05,2024-05-01
VCH-3210,COMP-0019,RCP-003210,Receipt,2024-04-15,PTY-0290,Neha Patel Distributors,40000,0,40000,Receipt from Neha Patel Distributors,Posted,2024-04-15,2024-05-01
VCH-3211,COMP-0019,RCP-003211,Receipt,2024-05-10,PTY-0291,Priya Singh Distributors,55000,0,55000,Receipt from Priya Singh Distributors,Posted,2024-05-10,2024-05-01
VCH-3212,COMP-0019,RCP-003212,Receipt,2024-05-20,PTY-0292,Vikram Gupta Traders,70000,0,70000,Receipt from Vikram Gupta Traders,Posted,2024-05-20,2024-05-01
VCH-3213,COMP-0019,PAY-003213,Payment,2024-04-05,PTY-0293,Rajesh Sharma Traders,30000,0,30000,Payment to Rajesh Sharma Traders,Posted,2024-04-05,2024-05-01
VCH-3214,COMP-0019,PAY-003214,Payment,2024-04-15,PTY-0294,Amit Singh Traders,42000,0,42000,Payment to Amit Singh Traders,Posted,2024-04-15,2024-05-01
VCH-3215,COMP-0019,PAY-003215,Payment,2024-05-10,PTY-0295,Rajesh Singh Suppliers,54000,0,54000,Payment to Rajesh Singh Suppliers,Posted,2024-05-10,2024-05-01
VCH-3216,COMP-0019,PAY-003216,Payment,2024-05-20,PTY-0296,Vikram Patel Distributors,66000,0,66000,Payment to Vikram Patel Distributors,Posted,2024-05-20,2024-05-01
VCH-3217,COMP-0019,CNT-003217,Contra,2024-04-05,,,0,0,50000,Contra Entry,Posted,2024-04-05,2024-05-01
VCH-3218,COMP-0019,CNT-003218,Contra,2024-04-15,,,0,0,75000,Contra Entry,Posted,2024-04-15,2024-05-01
VCH-3219,COMP-0019,CNT-003219,Contra,2024-05-10,,,0,0,100000,Contra Entry,Posted,2024-05-10,2024-05-01
VCH-3220,COMP-0019,DN-003220,Debit Note,2024-04-05,PTY-0297,Vikram Patel Distributors,15000,2700,17700,Debit Note to Vikram Patel Distributors,Posted,2024-04-05,2024-05-01
VCH-3221,COMP-0019,DN-003221,Debit Note,2024-04-15,PTY-0298,Vikram Gupta Traders,23000,2700,25700,Debit Note to Vikram Gupta Traders,Posted,2024-04-15,2024-05-01
VCH-3222,COMP-0019,DN-003222,Debit Note,2024-05-10,PTY-0299,Rajesh Singh Traders,31000,2700,33700,Debit Note to Rajesh Singh Traders,Posted,2024-05-10,2024-05-01
VCH-3223,COMP-0019,DN-003223,Debit Note,2024-05-20,PTY-0300,Rajesh Sharma Suppliers,39000,2700,41700,Debit Note to Rajesh Sharma Suppliers,Posted,2024-05-20,2024-05-01
VCH-3224,COMP-0019,CN-003224,Credit Note,2024-04-05,PTY-0301,Priya Sharma Suppliers,20000,3600,23600,Credit Note to Priya Sharma Suppliers,Posted,2024-04-05,2024-05-01
VCH-3225,COMP-0019,CN-003225,Credit Note,2024-04-15,PTY-0302,Vikram Sharma Suppliers,27000,3600,30600,Credit Note to Vikram Sharma Suppliers,Posted,2024-04-15,2024-05-01
VCH-3226,COMP-0019,CN-003226,Credit Note,2024-05-10,PTY-0303,Neha Kumar Traders,34000,3600,37600,Credit Note to Neha Kumar Traders,Posted,2024-05-10,2024-05-01
VCH-3227,COMP-0019,CN-003227,Credit Note,2024-05-20,PTY-0304,Amit Patel Suppliers,41000,3600,44600,Credit Note to Amit Patel Suppliers,Posted,2024-05-20,2024-05-01
VCH-3228,COMP-0019,DLN-003228,Delivery Note,2024-04-05,PTY-0289,Amit Singh Suppliers,0,0,0,Delivery Note to Amit Singh Suppliers,Posted,2024-04-05,2024-05-01
VCH-3229,COMP-0019,DLN-003229,Delivery Note,2024-04-15,PTY-0290,Neha Patel Distributors,0,0,0,Delivery Note to Neha Patel Distributors,Posted,2024-04-15,2024-05-01
VCH-3230,COMP-0019,DLN-003230,Delivery Note,2024-05-10,PTY-0291,Priya Singh Distributors,0,0,0,Delivery Note to Priya Singh Distributors,Posted,2024-05-10,2024-05-01
VCH-3231,COMP-0019,DLN-003231,Delivery Note,2024-05-20,PTY-0292,Vikram Gupta Traders,0,0,0,Delivery Note to Vikram Gupta Traders,Posted,2024-05-20,2024-05-01
VCH-3232,COMP-0019,RN-003232,Receipt Note,2024-04-05,PTY-0293,Rajesh Sharma Traders,0,0,0,Receipt Note from Rajesh Sharma Traders,Posted,2024-04-05,2024-05-01
VCH-3233,COMP-0019,RN-003233,Receipt Note,2024-04-15,PTY-0294,Amit Singh Traders,0,0,0,Receipt Note from Amit Singh Traders,Posted,2024-04-15,2024-05-01
VCH-3234,COMP-0019,RN-003234,Receipt Note,2024-05-10,PTY-0295,Rajesh Singh Suppliers,0,0,0,Receipt Note from Rajesh Singh Suppliers,Posted,2024-05-10,2024-05-01
VCH-3235,COMP-0019,RN-003235,Receipt Note,2024-05-20,PTY-0296,Vikram Patel Distributors,0,0,0,Receipt Note from Vikram Patel Distributors,Posted,2024-05-20,2024-05-01
VCH-3236,COMP-0020,RCP-003236,Receipt,2024-04-05,PTY-0305,Priya Patel Suppliers,25000,0,25000,Receipt from Priya Patel Suppliers,Posted,2024-04-05,2024-05-01
VCH-3237,COMP-0020,RCP-003237,Receipt,2024-04-15,PTY-0306,Amit Sharma Distributors,40000,0,40000,Receipt from Amit Sharma Distributors,Posted,2024-04-15,2024-05-01
VCH-3238,COMP-0020,RCP-003238,Receipt,2024-05-10,PTY-0307,Priya Singh Suppliers,55000,0,55000,Receipt from Priya Singh Suppliers,Posted,2024-05-10,2024-05-01
VCH-3239,COMP-0020,RCP-003239,Receipt,2024-05-20,PTY-0308,Vikram Kumar Suppliers,70000,0,70000,Receipt from Vikram Kumar Suppliers,Posted,2024-05-20,2024-05-01
VCH-3240,COMP-0020,PAY-003240,Payment,2024-04-05,PTY-0309,Vikram Gupta Traders,30000,0,30000,Payment to Vikram Gupta Traders,Posted,2024-04-05,2024-05-01
VCH-3241,COMP-0020,PAY-003241,Payment,2024-04-15,PTY-0310,Priya Gupta Traders,42000,0,42000,Payment to Priya Gupta Traders,Posted,2024-04-15,2024-05-01
VCH-3242,COMP-0020,PAY-003242,Payment,2024-05-10,PTY-0311,Neha Gupta Traders,54000,0,54000,Payment to Neha Gupta Traders,Posted,2024-05-10,2024-05-01
VCH-3243,COMP-0020,PAY-003243,Payment,2024-05-20,PTY-0312,Rajesh Kumar Suppliers,66000,0,66000,Payment to Rajesh Kumar Suppliers,Posted,2024-05-20,2024-05-01
VCH-3244,COMP-0020,CNT-003244,Contra,2024-04-05,,,0,0,50000,Contra Entry,Posted,2024-04-05,2024-05-01
VCH-3245,COMP-0020,CNT-003245,Contra,2024-04-15,,,0,0,75000,Contra Entry,Posted,2024-04-15,2024-05-01
VCH-3246,COMP-0020,CNT-003246,Contra,2024-05-10,,,0,0,100000,Contra Entry,Posted,2024-05-10,2024-05-01
VCH-3247,COMP-0020,DN-003247,Debit Note,2024-04-05,PTY-0313,Priya Gupta Suppliers,15000,2700,17700,Debit Note to Priya Gupta Suppliers,Posted,2024-04-05,2024-05-01
VCH-3248,COMP-0020,DN-003248,Debit Note,2024-04-15,PTY-0314,Rajesh Kumar Distributors,23000,2700,25700,Debit Note to Rajesh Kumar Distributors,Posted,2024-04-15,2024-05-01
VCH-3249,COMP-0020,DN-003249,Debit Note,2024-05-10,PTY-0315,Vikram Singh Suppliers,31000,2700,33700,Debit Note to Vikram Singh Suppliers,Posted,2024-05-10,2024-05-01
VCH-3250,COMP-0020,DN-003250,Debit Note,2024-05-20,PTY-0316,Amit Singh Distributors,39000,2700,41700,Debit Note to Amit Singh Distributors,Posted,2024-05-20,2024-05-01
VCH-3251,COMP-0020,CN-003251,Credit Note,2024-04-05,PTY-0317,Priya Kumar Distributors,20000,3600,23600,Credit Note to Priya Kumar Distributors,Posted,2024-04-05,2024-05-01
VCH-3252,COMP-0020,CN-003252,Credit Note,2024-04-15,PTY-0318,Amit Gupta Traders,27000,3600,30600,Credit Note to Amit Gupta Traders,Posted,2024-04-15,2024-05-01
VCH-3253,COMP-0020,CN-003253,Credit Note,2024-05-10,PTY-0319,Rajesh Singh Suppliers,34000,3600,37600,Credit Note to Rajesh Singh Suppliers,Posted,2024-05-10,2024-05-01
VCH-3254,COMP-0020,CN-003254,Credit Note,2024-05-20,PTY-0320,Vikram Kumar Suppliers,41000,3600,44600,Credit Note to Vikram Kumar Suppliers,Posted,2024-05-20,2024-05-01
VCH-3255,COMP-0020,DLN-003255,Delivery Note,2024-04-05,PTY-0305,Priya Patel Suppliers,0,0,0,Delivery Note to Priya Patel Suppliers,Posted,2024-04-05,2024-05-01
VCH-3256,COMP-0020,DLN-003256,Delivery Note,2024-04-15,PTY-0306,Amit Sharma Distributors,0,0,0,Delivery Note to Amit Sharma Distributors,Posted,2024-04-15,2024-05-01
VCH-3257,COMP-0020,DLN-003257,Delivery Note,2024-05-10,PTY-0307,Priya Singh Suppliers,0,0,0,Delivery Note to Priya Singh Suppliers,Posted,2024-05-10,2024-05-01
VCH-3258,COMP-0020,DLN-003258,Delivery Note,2024-05-20,PTY-0308,Vikram Kumar Suppliers,0,0,0,Delivery Note to Vikram Kumar Suppliers,Posted,2024-05-20,2024-05-01
VCH-3259,COMP-0020,RN-003259,Receipt Note,2024-04-05,PTY-0309,Vikram Gupta Traders,0,0,0,Receipt Note from Vikram Gupta Traders,Posted,2024-04-05,2024-05-01
VCH-3260,COMP-0020,RN-003260,Receipt Note,2024-04-15,PTY-0310,Priya Gupta Traders,0,0,0,Receipt Note from Priya Gupta Traders,Posted,2024-04-15,2024-05-01
VCH-3261,COMP-0020,RN-003261,Receipt Note,2024-05-10,PTY-0311,Neha Gupta Traders,0,0,0,Receipt Note from Neha Gupta Traders,Posted,2024-05-10,2024-05-01
VCH-3262,COMP-0020,RN-003262,Receipt Note,2024-05-20,PTY-0312,Rajesh Kumar Suppliers,0,0,0,Receipt Note from Rajesh Kumar Suppliers,Posted,2024-05-20,2024-05-01
VCH-3263,COMP-0021,RCP-003263,Receipt,2024-04-05,PTY-0321,Rajesh Singh Traders,25000,0,25000,Receipt from Rajesh Singh Traders,Posted,2024-04-05,2024-05-01
VCH-3264,COMP-0021,RCP-003264,Receipt,2024-04-15,PTY-0322,Amit Singh Traders,40000,0,40000,Receipt from Amit Singh Traders,Posted,2024-04-15,2024-05-01
VCH-3265,COMP-0021,RCP-003265,Receipt,2024-05-10,PTY-0323,Amit Singh Distributors,55000,0,55000,Receipt from Amit Singh Distributors,Posted,2024-05-10,2024-05-01
VCH-3266,COMP-0021,RCP-003266,Receipt,2024-05-20,PTY-0324,Amit Kumar Traders,70000,0,70000,Receipt from Amit Kumar Traders,Posted,2024-05-20,2024-05-01
VCH-3267,COMP-0021,PAY-003267,Payment,2024-04-05,PTY-0325,Neha Singh Traders,30000,0,30000,Payment to Neha Singh Traders,Posted,2024-04-05,2024-05-01
VCH-3268,COMP-0021,PAY-003268,Payment,2024-04-15,PTY-0326,Vikram Patel Distributors,42000,0,42000,Payment to Vikram Patel Distributors,Posted,2024-04-15,2024-05-01
VCH-3269,COMP-0021,PAY-003269,Payment,2024-05-10,PTY-0327,Priya Singh Suppliers,54000,0,54000,Payment to Priya Singh Suppliers,Posted,2024-05-10,2024-05-01
VCH-3270,COMP-0021,PAY-003270,Payment,2024-05-20,PTY-0328,Amit Gupta Suppliers,66000,0,66000,Payment to Amit Gupta Suppliers,Posted,2024-05-20,2024-05-01
VCH-3271,COMP-0021,CNT-003271,Contra,2024-04-05,,,0,0,50000,Contra Entry,Posted,2024-04-05,2024-05-01
VCH-3272,COMP-0021,CNT-003272,Contra,2024-04-15,,,0,0,75000,Contra Entry,Posted,2024-04-15,2024-05-01
VCH-3273,COMP-0021,CNT-003273,Contra,2024-05-10,,,0,0,100000,Contra Entry,Posted,2024-05-10,2024-05-01
VCH-3274,COMP-0021,DN-003274,Debit Note,2024-04-05,PTY-0329,Rajesh Kumar Distributors,15000,2700,17700,Debit Note to Rajesh Kumar Distributors,Posted,2024-04-05,2024-05-01
VCH-3275,COMP-0021,DN-003275,Debit Note,2024-04-15,PTY-0330,Amit Singh Suppliers,23000,2700,25700,Debit Note to Amit Singh Suppliers,Posted,2024-04-15,2024-05-01
VCH-3276,COMP-0021,DN-003276,Debit Note,2024-05-10,PTY-0331,Rajesh Gupta Traders,31000,2700,33700,Debit Note to Rajesh Gupta Traders,Posted,2024-05-10,2024-05-01
VCH-3277,COMP-0021,DN-003277,Debit Note,2024-05-20,PTY-0332,Rajesh Patel Suppliers,39000,2700,41700,Debit Note to Rajesh Patel Suppliers,Posted,2024-05-20,2024-05-01
VCH-3278,COMP-0021,CN-003278,Credit Note,2024-04-05,PTY-0333,Rajesh Kumar Distributors,20000,3600,23600,Credit Note to Rajesh Kumar Distributors,Posted,2024-04-05,2024-05-01
VCH-3279,COMP-0021,CN-003279,Credit Note,2024-04-15,PTY-0334,Amit Kumar Suppliers,27000,3600,30600,Credit Note to Amit Kumar Suppliers,Posted,2024-04-15,2024-05-01
VCH-3280,COMP-0021,CN-003280,Credit Note,2024-05-10,PTY-0335,Rajesh Gupta Suppliers,34000,3600,37600,Credit Note to Rajesh Gupta Suppliers,Posted,2024-05-10,2024-05-01
VCH-3281,COMP-0021,CN-003281,Credit Note,2024-05-20,PTY-0336,Amit Patel Traders,41000,3600,44600,Credit Note to Amit Patel Traders,Posted,2024-05-20,2024-05-01
VCH-3282,COMP-0021,DLN-003282,Delivery Note,2024-04-05,PTY-0321,Rajesh Singh Traders,0,0,0,Delivery Note to Rajesh Singh Traders,Posted,2024-04-05,2024-05-01
VCH-3283,COMP-0021,DLN-003283,Delivery Note,2024-04-15,PTY-0322,Amit Singh Traders,0,0,0,Delivery Note to Amit Singh Traders,Posted,2024-04-15,2024-05-01
VCH-3284,COMP-0021,DLN-003284,Delivery Note,2024-05-10,PTY-0323,Amit Singh Distributors,0,0,0,Delivery Note to Amit Singh Distributors,Posted,2024-05-10,2024-05-01
VCH-3285,COMP-0021,DLN-003285,Delivery Note,2024-05-20,PTY-0324,Amit Kumar Traders,0,0,0,Delivery Note to Amit Kumar Traders,Posted,2024-05-20,2024-05-01
VCH-3286,COMP-0021,RN-003286,Receipt Note,2024-04-05,PTY-0325,Neha Singh Traders,0,0,0,Receipt Note from Neha Singh Traders,Posted,2024-04-05,2024-05-01
VCH-3287,COMP-0021,RN-003287,Receipt Note,2024-04-15,PTY-0326,Vikram Patel Distributors,0,0,0,Receipt Note from Vikram Patel Distributors,Posted,2024-04-15,2024-05-01
VCH-3288,COMP-0021,RN-003288,Receipt Note,2024-05-10,PTY-0327,Priya Singh Suppliers,0,0,0,Receipt Note from Priya Singh Suppliers,Posted,2024-05-10,2024-05-01
VCH-3289,COMP-0021,RN-003289,Receipt Note,2024-05-20,PTY-0328,Amit Gupta Suppliers,0,0,0,Receipt Note from Amit Gupta Suppliers,Posted,2024-05-20,2024-05-01
VCH-3290,COMP-0022,RCP-003290,Receipt,2024-04-05,PTY-0337,Neha Patel Distributors,25000,0,25000,Receipt from Neha Patel Distributors,Posted,2024-04-05,2024-05-01
VCH-3291,COMP-0022,RCP-003291,Receipt,2024-04-15,PTY-0338,Rajesh Gupta Distributors,40000,0,40000,Receipt from Rajesh Gupta Distributors,Posted,2024-04-15,2024-05-01
VCH-3292,COMP-0022,RCP-003292,Receipt,2024-05-10,PTY-0339,Priya Sharma Distributors,55000,0,55000,Receipt from Priya Sharma Distributors,Posted,2024-05-10,2024-05-01
VCH-3293,COMP-0022,RCP-003293,Receipt,2024-05-20,PTY-0340,Priya Sharma Distributors,70000,0,70000,Receipt from Priya Sharma Distributors,Posted,2024-05-20,2024-05-01
VCH-3294,COMP-0022,PAY-003294,Payment,2024-04-05,PTY-0341,Rajesh Singh Traders,30000,0,30000,Payment to Rajesh Singh Traders,Posted,2024-04-05,2024-05-01
VCH-3295,COMP-0022,PAY-003295,Payment,2024-04-15,PTY-0342,Priya Singh Suppliers,42000,0,42000,Payment to Priya Singh Suppliers,Posted,2024-04-15,2024-05-01
VCH-3296,COMP-0022,PAY-003296,Payment,2024-05-10,PTY-0343,Rajesh Sharma Suppliers,54000,0,54000,Payment to Rajesh Sharma Suppliers,Posted,2024-05-10,2024-05-01
VCH-3297,COMP-0022,PAY-003297,Payment,2024-05-20,PTY-0344,Rajesh Singh Suppliers,66000,0,66000,Payment to Rajesh Singh Suppliers,Posted,2024-05-20,2024-05-01
VCH-3298,COMP-0022,CNT-003298,Contra,2024-04-05,,,0,0,50000,Contra Entry,Posted,2024-04-05,2024-05-01
VCH-3299,COMP-0022,CNT-003299,Contra,2024-04-15,,,0,0,75000,Contra Entry,Posted,2024-04-15,2024-05-01
VCH-3300,COMP-0022,CNT-003300,Contra,2024-05-10,,,0,0,100000,Contra Entry,Posted,2024-05-10,2024-05-01
VCH-3301,COMP-0022,DN-003301,Debit Note,2024-04-05,PTY-0345,Vikram Kumar Traders,15000,2700,17700,Debit Note to Vikram Kumar Traders,Posted,2024-04-05,2024-05-01
VCH-3302,COMP-0022,DN-003302,Debit Note,2024-04-15,PTY-0346,Priya Gupta Suppliers,23000,2700,25700,Debit Note to Priya Gupta Suppliers,Posted,2024-04-15,2024-05-01
VCH-3303,COMP-0022,DN-003303,Debit Note,2024-05-10,PTY-0347,Priya Kumar Distributors,31000,2700,33700,Debit Note to Priya Kumar Distributors,Posted,2024-05-10,2024-05-01
VCH-3304,COMP-0022,DN-003304,Debit Note,2024-05-20,PTY-0348,Priya Gupta Suppliers,39000,2700,41700,Debit Note to Priya Gupta Suppliers,Posted,2024-05-20,2024-05-01
VCH-3305,COMP-0022,CN-003305,Credit Note,2024-04-05,PTY-0349,Priya Kumar Traders,20000,3600,23600,Credit Note to Priya Kumar Traders,Posted,2024-04-05,2024-05-01
VCH-3306,COMP-0022,CN-003306,Credit Note,2024-04-15,PTY-0350,Neha Gupta Suppliers,27000,3600,30600,Credit Note to Neha Gupta Suppliers,Posted,2024-04-15,2024-05-01
VCH-3307,COMP-0022,CN-003307,Credit Note,2024-05-10,PTY-0351,Amit Kumar Distributors,34000,3600,37600,Credit Note to Amit Kumar Distributors,Posted,2024-05-10,2024-05-01
VCH-3308,COMP-0022,CN-003308,Credit Note,2024-05-20,PTY-0352,Priya Kumar Suppliers,41000,3600,44600,Credit Note to Priya Kumar Suppliers,Posted,2024-05-20,2024-05-01
VCH-3309,COMP-0022,DLN-003309,Delivery Note,2024-04-05,PTY-0337,Neha Patel Distributors,0,0,0,Delivery Note to Neha Patel Distributors,Posted,2024-04-05,2024-05-01
VCH-3310,COMP-0022,DLN-003310,Delivery Note,2024-04-15,PTY-0338,Rajesh Gupta Distributors,0,0,0,Delivery Note to Rajesh Gupta Distributors,Posted,2024-04-15,2024-05-01
VCH-3311,COMP-0022,DLN-003311,Delivery Note,2024-05-10,PTY-0339,Priya Sharma Distributors,0,0,0,Delivery Note to Priya Sharma Distributors,Posted,2024-05-10,2024-05-01
VCH-3312,COMP-0022,DLN-003312,Delivery Note,2024-05-20,PTY-0340,Priya Sharma Distributors,0,0,0,Delivery Note to Priya Sharma Distributors,Posted,2024-05-20,2024-05-01
VCH-3313,COMP-0022,RN-003313,Receipt Note,2024-04-05,PTY-0341,Rajesh Singh Traders,0,0,0,Receipt Note from Rajesh Singh Traders,Posted,2024-04-05,2024-05-01
VCH-3314,COMP-0022,RN-003314,Receipt Note,2024-04-15,PTY-0342,Priya Singh Suppliers,0,0,0,Receipt Note from Priya Singh Suppliers,Posted,2024-04-15,2024-05-01
VCH-3315,COMP-0022,RN-003315,Receipt Note,2024-05-10,PTY-0343,Rajesh Sharma Suppliers,0,0,0,Receipt Note from Rajesh Sharma Suppliers,Posted,2024-05-10,2024-05-01
VCH-3316,COMP-0022,RN-003316,Receipt Note,2024-05-20,PTY-0344,Rajesh Singh Suppliers,0,0,0,Receipt Note from Rajesh Singh Suppliers,Posted,2024-05-20,2024-05-01
VCH-3317,COMP-0023,RCP-003317,Receipt,2024-04-05,PTY-0353,Priya Kumar Suppliers,25000,0,25000,Receipt from Priya Kumar Suppliers,Posted,2024-04-05,2024-05-01
VCH-3318,COMP-0023,RCP-003318,Receipt,2024-04-15,PTY-0354,Rajesh Kumar Suppliers,40000,0,40000,Receipt from Rajesh Kumar Suppliers,Posted,2024-04-15,2024-05-01
VCH-3319,COMP-0023,RCP-003319,Receipt,2024-05-10,PTY-0355,Vikram Gupta Distributors,55000,0,55000,Receipt from Vikram Gupta Distributors,Posted,2024-05-10,2024-05-01
VCH-3320,COMP-0023,RCP-003320,Receipt,2024-05-20,PTY-0356,Vikram Gupta Distributors,70000,0,70000,Receipt from Vikram Gupta Distributors,Posted,2024-05-20,2024-05-01
VCH-3321,COMP-0023,PAY-003321,Payment,2024-04-05,PTY-0357,Rajesh Singh Distributors,30000,0,30000,Payment to Rajesh Singh Distributors,Posted,2024-04-05,2024-05-01
VCH-3322,COMP-0023,PAY-003322,Payment,2024-04-15,PTY-0358,Priya Sharma Traders,42000,0,42000,Payment to Priya Sharma Traders,Posted,2024-04-15,2024-05-01
VCH-3323,COMP-0023,PAY-003323,Payment,2024-05-10,PTY-0359,Vikram Sharma Distributors,54000,0,54000,Payment to Vikram Sharma Distributors,Posted,2024-05-10,2024-05-01
VCH-3324,COMP-0023,PAY-003324,Payment,2024-05-20,PTY-0360,Neha Patel Distributors,66000,0,66000,Payment to Neha Patel Distributors,Posted,2024-05-20,2024-05-01
VCH-3325,COMP-0023,CNT-003325,Contra,2024-04-05,,,0,0,50000,Contra Entry,Posted,2024-04-05,2024-05-01
VCH-3326,COMP-0023,CNT-003326,Contra,2024-04-15,,,0,0,75000,Contra Entry,Posted,2024-04-15,2024-05-01
VCH-3327,COMP-0023,CNT-003327,Contra,2024-05-10,,,0,0,100000,Contra Entry,Posted,2024-05-10,2024-05-01
VCH-3328,COMP-0023,DN-003328,Debit Note,2024-04-05,PTY-0361,Neha Singh Distributors,15000,2700,17700,Debit Note to Neha Singh Distributors,Posted,2024-04-05,2024-05-01
VCH-3329,COMP-0023,DN-003329,Debit Note,2024-04-15,PTY-0362,Vikram Singh Distributors,23000,2700,25700,Debit Note to Vikram Singh Distributors,Posted,2024-04-15,2024-05-01
VCH-3330,COMP-0023,DN-003330,Debit Note,2024-05-10,PTY-0363,Neha Gupta Traders,31000,2700,33700,Debit Note to Neha Gupta Traders,Posted,2024-05-10,2024-05-01
VCH-3331,COMP-0023,DN-003331,Debit Note,2024-05-20,PTY-0364,Rajesh Patel Distributors,39000,2700,41700,Debit Note to Rajesh Patel Distributors,Posted,2024-05-20,2024-05-01
VCH-3332,COMP-0023,CN-003332,Credit Note,2024-04-05,PTY-0365,Neha Sharma Distributors,20000,3600,23600,Credit Note to Neha Sharma Distributors,Posted,2024-04-05,2024-05-01
VCH-3333,COMP-0023,CN-003333,Credit Note,2024-04-15,PTY-0366,Neha Kumar Distributors,27000,3600,30600,Credit Note to Neha Kumar Distributors,Posted,2024-04-15,2024-05-01
VCH-3334,COMP-0023,CN-003334,Credit Note,2024-05-10,PTY-0367,Neha Sharma Traders,34000,3600,37600,Credit Note to Neha Sharma Traders,Posted,2024-05-10,2024-05-01
VCH-3335,COMP-0023,CN-003335,Credit Note,2024-05-20,PTY-0368,Vikram Gupta Traders,41000,3600,44600,Credit Note to Vikram Gupta Traders,Posted,2024-05-20,2024-05-01
VCH-3336,COMP-0023,DLN-003336,Delivery Note,2024-04-05,PTY-0353,Priya Kumar Suppliers,0,0,0,Delivery Note to Priya Kumar Suppliers,Posted,2024-04-05,2024-05-01
VCH-3337,COMP-0023,DLN-003337,Delivery Note,2024-04-15,PTY-0354,Rajesh Kumar Suppliers,0,0,0,Delivery Note to Rajesh Kumar Suppliers,Posted,2024-04-15,2024-05-01
VCH-3338,COMP-0023,DLN-003338,Delivery Note,2024-05-10,PTY-0355,Vikram Gupta Distributors,0,0,0,Delivery Note to Vikram Gupta Distributors,Posted,2024-05-10,2024-05-01
VCH-3339,COMP-0023,DLN-003339,Delivery Note,2024-05-20,PTY-0356,Vikram Gupta Distributors,0,0,0,Delivery Note to Vikram Gupta Distributors,Posted,2024-05-20,2024-05-01
VCH-3340,COMP-0023,RN-003340,Receipt Note,2024-04-05,PTY-0357,Rajesh Singh Distributors,0,0,0,Receipt Note from Rajesh Singh Distributors,Posted,2024-04-05,2024-05-01
VCH-3341,COMP-0023,RN-003341,Receipt Note,2024-04-15,PTY-0358,Priya Sharma Traders,0,0,0,Receipt Note from Priya Sharma Traders,Posted,2024-04-15,2024-05-01
VCH-3342,COMP-0023,RN-003342,Receipt Note,2024-05-10,PTY-0359,Vikram Sharma Distributors,0,0,0,Receipt Note from Vikram Sharma Distributors,Posted,2024-05-10,2024-05-01
VCH-3343,COMP-0023,RN-003343,Receipt Note,2024-05-20,PTY-0360,Neha Patel Distributors,0,0,0,Receipt Note from Neha Patel Distributors,Posted,2024-05-20,2024-05-01
VCH-3344,COMP-0024,RCP-003344,Receipt,2024-04-05,PTY-0369,Neha Sharma Suppliers,25000,0,25000,Receipt from Neha Sharma Suppliers,Posted,2024-04-05,2024-05-01
VCH-3345,COMP-0024,RCP-003345,Receipt,2024-04-15,PTY-0370,Vikram Kumar Suppliers,40000,0,40000,Receipt from Vikram Kumar Suppliers,Posted,2024-04-15,2024-05-01
VCH-3346,COMP-0024,RCP-003346,Receipt,2024-05-10,PTY-0371,Priya Gupta Distributors,55000,0,55000,Receipt from Priya Gupta Distributors,Posted,2024-05-10,2024-05-01
VCH-3347,COMP-0024,RCP-003347,Receipt,2024-05-20,PTY-0372,Amit Kumar Suppliers,70000,0,70000,Receipt from Amit Kumar Suppliers,Posted,2024-05-20,2024-05-01
VCH-3348,COMP-0024,PAY-003348,Payment,2024-04-05,PTY-0373,Vikram Patel Distributors,30000,0,30000,Payment to Vikram Patel Distributors,Posted,2024-04-05,2024-05-01
VCH-3349,COMP-0024,PAY-003349,Payment,2024-04-15,PTY-0374,Neha Gupta Suppliers,42000,0,42000,Payment to Neha Gupta Suppliers,Posted,2024-04-15,2024-05-01
VCH-3350,COMP-0024,PAY-003350,Payment,2024-05-10,PTY-0375,Vikram Sharma Distributors,54000,0,54000,Payment to Vikram Sharma Distributors,Posted,2024-05-10,2024-05-01
VCH-3351,COMP-0024,PAY-003351,Payment,2024-05-20,PTY-0376,Neha Sharma Distributors,66000,0,66000,Payment to Neha Sharma Distributors,Posted,2024-05-20,2024-05-01
VCH-3352,COMP-0024,CNT-003352,Contra,2024-04-05,,,0,0,50000,Contra Entry,Posted,2024-04-05,2024-05-01
VCH-3353,COMP-0024,CNT-003353,Contra,2024-04-15,,,0,0,75000,Contra Entry,Posted,2024-04-15,2024-05-01
VCH-3354,COMP-0024,CNT-003354,Contra,2024-05-10,,,0,0,100000,Contra Entry,Posted,2024-05-10,2024-05-01
VCH-3355,COMP-0024,DN-003355,Debit Note,2024-04-05,PTY-0377,Priya Sharma Traders,15000,2700,17700,Debit Note to Priya Sharma Traders,Posted,2024-04-05,2024-05-01
VCH-3356,COMP-0024,DN-003356,Debit Note,2024-04-15,PTY-0378,Rajesh Sharma Suppliers,23000,2700,25700,Debit Note to Rajesh Sharma Suppliers,Posted,2024-04-15,2024-05-01
VCH-3357,COMP-0024,DN-003357,Debit Note,2024-05-10,PTY-0379,Priya Kumar Suppliers,31000,2700,33700,Debit Note to Priya Kumar Suppliers,Posted,2024-05-10,2024-05-01
VCH-3358,COMP-0024,DN-003358,Debit Note,2024-05-20,PTY-0380,Rajesh Gupta Suppliers,39000,2700,41700,Debit Note to Rajesh Gupta Suppliers,Posted,2024-05-20,2024-05-01
VCH-3359,COMP-0024,CN-003359,Credit Note,2024-04-05,PTY-0381,Rajesh Singh Distributors,20000,3600,23600,Credit Note to Rajesh Singh Distributors,Posted,2024-04-05,2024-05-01
VCH-3360,COMP-0024,CN-003360,Credit Note,2024-04-15,PTY-0382,Priya Gupta Distributors,27000,3600,30600,Credit Note to Priya Gupta Distributors,Posted,2024-04-15,2024-05-01
VCH-3361,COMP-0024,CN-003361,Credit Note,2024-05-10,PTY-0383,Neha Patel Distributors,34000,3600,37600,Credit Note to Neha Patel Distributors,Posted,2024-05-10,2024-05-01
VCH-3362,COMP-0024,CN-003362,Credit Note,2024-05-20,PTY-0384,Vikram Patel Traders,41000,3600,44600,Credit Note to Vikram Patel Traders,Posted,2024-05-20,2024-05-01
VCH-3363,COMP-0024,DLN-003363,Delivery Note,2024-04-05,PTY-0369,Neha Sharma Suppliers,0,0,0,Delivery Note to Neha Sharma Suppliers,Posted,2024-04-05,2024-05-01
VCH-3364,COMP-0024,DLN-003364,Delivery Note,2024-04-15,PTY-0370,Vikram Kumar Suppliers,0,0,0,Delivery Note to Vikram Kumar Suppliers,Posted,2024-04-15,2024-05-01
VCH-3365,COMP-0024,DLN-003365,Delivery Note,2024-05-10,PTY-0371,Priya Gupta Distributors,0,0,0,Delivery Note to Priya Gupta Distributors,Posted,2024-05-10,2024-05-01
VCH-3366,COMP-0024,DLN-003366,Delivery Note,2024-05-20,PTY-0372,Amit Kumar Suppliers,0,0,0,Delivery Note to Amit Kumar Suppliers,Posted,2024-05-20,2024-05-01
VCH-3367,COMP-0024,RN-003367,Receipt Note,2024-04-05,PTY-0373,Vikram Patel Distributors,0,0,0,Receipt Note from Vikram Patel Distributors,Posted,2024-04-05,2024-05-01
VCH-3368,COMP-0024,RN-003368,Receipt Note,2024-04-15,PTY-0374,Neha Gupta Suppliers,0,0,0,Receipt Note from Neha Gupta Suppliers,Posted,2024-04-15,2024-05-01
VCH-3369,COMP-0024,RN-003369,Receipt Note,2024-05-10,PTY-0375,Vikram Sharma Distributors,0,0,0,Receipt Note from Vikram Sharma Distributors,Posted,2024-05-10,2024-05-01
VCH-3370,COMP-0024,RN-003370,Receipt Note,2024-05-20,PTY-0376,Neha Sharma Distributors,0,0,0,Receipt Note from Neha Sharma Distributors,Posted,2024-05-20,2024-05-01
VCH-3371,COMP-0025,RCP-003371,Receipt,2024-04-05,PTY-0385,Priya Kumar Distributors,25000,0,25000,Receipt from Priya Kumar Distributors,Posted,2024-04-05,2024-05-01
VCH-3372,COMP-0025,RCP-003372,Receipt,2024-04-15,PTY-0386,Rajesh Singh Distributors,40000,0,40000,Receipt from Rajesh Singh Distributors,Posted,2024-04-15,2024-05-01
VCH-3373,COMP-0025,RCP-003373,Receipt,2024-05-10,PTY-0387,Vikram Kumar Suppliers,55000,0,55000,Receipt from Vikram Kumar Suppliers,Posted,2024-05-10,2024-05-01
VCH-3374,COMP-0025,RCP-003374,Receipt,2024-05-20,PTY-0388,Vikram Patel Distributors,70000,0,70000,Receipt from Vikram Patel Distributors,Posted,2024-05-20,2024-05-01
VCH-3375,COMP-0025,PAY-003375,Payment,2024-04-05,PTY-0389,Rajesh Gupta Traders,30000,0,30000,Payment to Rajesh Gupta Traders,Posted,2024-04-05,2024-05-01
VCH-3376,COMP-0025,PAY-003376,Payment,2024-04-15,PTY-0390,Amit Singh Distributors,42000,0,42000,Payment to Amit Singh Distributors,Posted,2024-04-15,2024-05-01
VCH-3377,COMP-0025,PAY-003377,Payment,2024-05-10,PTY-0391,Priya Singh Traders,54000,0,54000,Payment to Priya Singh Traders,Posted,2024-05-10,2024-05-01
VCH-3378,COMP-0025,PAY-003378,Payment,2024-05-20,PTY-0392,Amit Kumar Distributors,66000,0,66000,Payment to Amit Kumar Distributors,Posted,2024-05-20,2024-05-01
VCH-3379,COMP-0025,CNT-003379,Contra,2024-04-05,,,0,0,50000,Contra Entry,Posted,2024-04-05,2024-05-01
VCH-3380,COMP-0025,CNT-003380,Contra,2024-04-15,,,0,0,75000,Contra Entry,Posted,2024-04-15,2024-05-01
VCH-3381,COMP-0025,CNT-003381,Contra,2024-05-10,,,0,0,100000,Contra Entry,Posted,2024-05-10,2024-05-01
VCH-3382,COMP-0025,DN-003382,Debit Note,2024-04-05,PTY-0393,Priya Patel Traders,15000,2700,17700,Debit Note to Priya Patel Traders,Posted,2024-04-05,2024-05-01
VCH-3383,COMP-0025,DN-003383,Debit Note,2024-04-15,PTY-0394,Priya Sharma Traders,23000,2700,25700,Debit Note to Priya Sharma Traders,Posted,2024-04-15,2024-05-01
VCH-3384,COMP-0025,DN-003384,Debit Note,2024-05-10,PTY-0395,Neha Gupta Distributors,31000,2700,33700,Debit Note to Neha Gupta Distributors,Posted,2024-05-10,2024-05-01
VCH-3385,COMP-0025,DN-003385,Debit Note,2024-05-20,PTY-0396,Priya Patel Suppliers,39000,2700,41700,Debit Note to Priya Patel Suppliers,Posted,2024-05-20,2024-05-01
VCH-3386,COMP-0025,CN-003386,Credit Note,2024-04-05,PTY-0397,Priya Patel Distributors,20000,3600,23600,Credit Note to Priya Patel Distributors,Posted,2024-04-05,2024-05-01
VCH-3387,COMP-0025,CN-003387,Credit Note,2024-04-15,PTY-0398,Rajesh Patel Traders,27000,3600,30600,Credit Note to Rajesh Patel Traders,Posted,2024-04-15,2024-05-01
VCH-3388,COMP-0025,CN-003388,Credit Note,2024-05-10,PTY-0399,Priya Sharma Distributors,34000,3600,37600,Credit Note to Priya Sharma Distributors,Posted,2024-05-10,2024-05-01
VCH-3389,COMP-0025,CN-003389,Credit Note,2024-05-20,PTY-0400,Amit Sharma Distributors,41000,3600,44600,Credit Note to Amit Sharma Distributors,Posted,2024-05-20,2024-05-01
VCH-3390,COMP-0025,DLN-003390,Delivery Note,2024-04-05,PTY-0385,Priya Kumar Distributors,0,0,0,Delivery Note to Priya Kumar Distributors,Posted,2024-04-05,2024-05-01
VCH-3391,COMP-0025,DLN-003391,Delivery Note,2024-04-15,PTY-0386,Rajesh Singh Distributors,0,0,0,Delivery Note to Rajesh Singh Distributors,Posted,2024-04-15,2024-05-01
VCH-3392,COMP-0025,DLN-003392,Delivery Note,2024-05-10,PTY-0387,Vikram Kumar Suppliers,0,0,0,Delivery Note to Vikram Kumar Suppliers,Posted,2024-05-10,2024-05-01
VCH-3393,COMP-0025,DLN-003393,Delivery Note,2024-05-20,PTY-0388,Vikram Patel Distributors,0,0,0,Delivery Note to Vikram Patel Distributors,Posted,2024-05-20,2024-05-01
VCH-3394,COMP-0025,RN-003394,Receipt Note,2024-04-05,PTY-0389,Rajesh Gupta Traders,0,0,0,Receipt Note from Rajesh Gupta Traders,Posted,2024-04-05,2024-05-01
VCH-3395,COMP-0025,RN-003395,Receipt Note,2024-04-15,PTY-0390,Amit Singh Distributors,0,0,0,Receipt Note from Amit Singh Distributors,Posted,2024-04-15,2024-05-01
VCH-3396,COMP-0025,RN-003396,Receipt Note,2024-05-10,PTY-0391,Priya Singh Traders,0,0,0,Receipt Note from Priya Singh Traders,Posted,2024-05-10,2024-05-01
VCH-3397,COMP-0025,RN-003397,Receipt Note,2024-05-20,PTY-0392,Amit Kumar Distributors,0,0,0,Receipt Note from Amit Kumar Distributors,Posted,2024-05-20,2024-05-01
VCH-3398,COMP-0026,RCP-003398,Receipt,2024-04-05,PTY-0401,Vikram Sharma Suppliers,25000,0,25000,Receipt from Vikram Sharma Suppliers,Posted,2024-04-05,2024-05-01
VCH-3399,COMP-0026,RCP-003399,Receipt,2024-04-15,PTY-0402,Neha Patel Distributors,40000,0,40000,Receipt from Neha Patel Distributors,Posted,2024-04-15,2024-05-01
VCH-3400,COMP-0026,RCP-003400,Receipt,2024-05-10,PTY-0403,Priya Kumar Traders,55000,0,55000,Receipt from Priya Kumar Traders,Posted,2024-05-10,2024-05-01
VCH-3401,COMP-0026,RCP-003401,Receipt,2024-05-20,PTY-0404,Rajesh Patel Distributors,70000,0,70000,Receipt from Rajesh Patel Distributors,Posted,2024-05-20,2024-05-01
VCH-3402,COMP-0026,PAY-003402,Payment,2024-04-05,PTY-0405,Vikram Gupta Traders,30000,0,30000,Payment to Vikram Gupta Traders,Posted,2024-04-05,2024-05-01
VCH-3403,COMP-0026,PAY-003403,Payment,2024-04-15,PTY-0406,Neha Sharma Suppliers,42000,0,42000,Payment to Neha Sharma Suppliers,Posted,2024-04-15,2024-05-01
VCH-3404,COMP-0026,PAY-003404,Payment,2024-05-10,PTY-0407,Vikram Singh Suppliers,54000,0,54000,Payment to Vikram Singh Suppliers,Posted,2024-05-10,2024-05-01
VCH-3405,COMP-0026,PAY-003405,Payment,2024-05-20,PTY-0408,Neha Kumar Distributors,66000,0,66000,Payment to Neha Kumar Distributors,Posted,2024-05-20,2024-05-01
VCH-3406,COMP-0026,CNT-003406,Contra,2024-04-05,,,0,0,50000,Contra Entry,Posted,2024-04-05,2024-05-01
VCH-3407,COMP-0026,CNT-003407,Contra,2024-04-15,,,0,0,75000,Contra Entry,Posted,2024-04-15,2024-05-01
VCH-3408,COMP-0026,CNT-003408,Contra,2024-05-10,,,0,0,100000,Contra Entry,Posted,2024-05-10,2024-05-01
VCH-3409,COMP-0026,DN-003409,Debit Note,2024-04-05,PTY-0409,Amit Sharma Traders,15000,2700,17700,Debit Note to Amit Sharma Traders,Posted,2024-04-05,2024-05-01
VCH-3410,COMP-0026,DN-003410,Debit Note,2024-04-15,PTY-0410,Rajesh Patel Traders,23000,2700,25700,Debit Note to Rajesh Patel Traders,Posted,2024-04-15,2024-05-01
VCH-3411,COMP-0026,DN-003411,Debit Note,2024-05-10,PTY-0411,Amit Singh Distributors,31000,2700,33700,Debit Note to Amit Singh Distributors,Posted,2024-05-10,2024-05-01
VCH-3412,COMP-0026,DN-003412,Debit Note,2024-05-20,PTY-0412,Neha Sharma Traders,39000,2700,41700,Debit Note to Neha Sharma Traders,Posted,2024-05-20,2024-05-01
VCH-3413,COMP-0026,CN-003413,Credit Note,2024-04-05,PTY-0413,Neha Gupta Traders,20000,3600,23600,Credit Note to Neha Gupta Traders,Posted,2024-04-05,2024-05-01
VCH-3414,COMP-0026,CN-003414,Credit Note,2024-04-15,PTY-0414,Rajesh Singh Suppliers,27000,3600,30600,Credit Note to Rajesh Singh Suppliers,Posted,2024-04-15,2024-05-01
VCH-3415,COMP-0026,CN-003415,Credit Note,2024-05-10,PTY-0415,Rajesh Sharma Distributors,34000,3600,37600,Credit Note to Rajesh Sharma Distributors,Posted,2024-05-10,2024-05-01
VCH-3416,COMP-0026,CN-003416,Credit Note,2024-05-20,PTY-0416,Amit Kumar Traders,41000,3600,44600,Credit Note to Amit Kumar Traders,Posted,2024-05-20,2024-05-01
VCH-3417,COMP-0026,DLN-003417,Delivery Note,2024-04-05,PTY-0401,Vikram Sharma Suppliers,0,0,0,Delivery Note to Vikram Sharma Suppliers,Posted,2024-04-05,2024-05-01
VCH-3418,COMP-0026,DLN-003418,Delivery Note,2024-04-15,PTY-0402,Neha Patel Distributors,0,0,0,Delivery Note to Neha Patel Distributors,Posted,2024-04-15,2024-05-01
VCH-3419,COMP-0026,DLN-003419,Delivery Note,2024-05-10,PTY-0403,Priya Kumar Traders,0,0,0,Delivery Note to Priya Kumar Traders,Posted,2024-05-10,2024-05-01
VCH-3420,COMP-0026,DLN-003420,Delivery Note,2024-05-20,PTY-0404,Rajesh Patel Distributors,0,0,0,Delivery Note to Rajesh Patel Distributors,Posted,2024-05-20,2024-05-01
VCH-3421,COMP-0026,RN-003421,Receipt Note,2024-04-05,PTY-0405,Vikram Gupta Traders,0,0,0,Receipt Note from Vikram Gupta Traders,Posted,2024-04-05,2024-05-01
VCH-3422,COMP-0026,RN-003422,Receipt Note,2024-04-15,PTY-0406,Neha Sharma Suppliers,0,0,0,Receipt Note from Neha Sharma Suppliers,Posted,2024-04-15,2024-05-01
VCH-3423,COMP-0026,RN-003423,Receipt Note,2024-05-10,PTY-0407,Vikram Singh Suppliers,0,0,0,Receipt Note from Vikram Singh Suppliers,Posted,2024-05-10,2024-05-01
VCH-3424,COMP-0026,RN-003424,Receipt Note,2024-05-20,PTY-0408,Neha Kumar Distributors,0,0,0,Receipt Note from Neha Kumar Distributors,Posted,2024-05-20,2024-05-01
VCH-3425,COMP-0027,RCP-003425,Receipt,2024-04-05,PTY-0417,Vikram Sharma Distributors,25000,0,25000,Receipt from Vikram Sharma Distributors,Posted,2024-04-05,2024-05-01
VCH-3426,COMP-0027,RCP-003426,Receipt,2024-04-15,PTY-0418,Vikram Kumar Traders,40000,0,40000,Receipt from Vikram Kumar Traders,Posted,2024-04-15,2024-05-01
VCH-3427,COMP-0027,RCP-003427,Receipt,2024-05-10,PTY-0419,Amit Singh Distributors,55000,0,55000,Receipt from Amit Singh Distributors,Posted,2024-05-10,2024-05-01
VCH-3428,COMP-0027,RCP-003428,Receipt,2024-05-20,PTY-0420,Priya Singh Suppliers,70000,0,70000,Receipt from Priya Singh Suppliers,Posted,2024-05-20,2024-05-01
VCH-3429,COMP-0027,PAY-003429,Payment,2024-04-05,PTY-0421,Vikram Kumar Traders,30000,0,30000,Payment to Vikram Kumar Traders,Posted,2024-04-05,2024-05-01
VCH-3430,COMP-0027,PAY-003430,Payment,2024-04-15,PTY-0422,Amit Sharma Distributors,42000,0,42000,Payment to Amit Sharma Distributors,Posted,2024-04-15,2024-05-01
VCH-3431,COMP-0027,PAY-003431,Payment,2024-05-10,PTY-0423,Rajesh Gupta Traders,54000,0,54000,Payment to Rajesh Gupta Traders,Posted,2024-05-10,2024-05-01
VCH-3432,COMP-0027,PAY-003432,Payment,2024-05-20,PTY-0424,Vikram Gupta Suppliers,66000,0,66000,Payment to Vikram Gupta Suppliers,Posted,2024-05-20,2024-05-01
VCH-3433,COMP-0027,CNT-003433,Contra,2024-04-05,,,0,0,50000,Contra Entry,Posted,2024-04-05,2024-05-01
VCH-3434,COMP-0027,CNT-003434,Contra,2024-04-15,,,0,0,75000,Contra Entry,Posted,2024-04-15,2024-05-01
VCH-3435,COMP-0027,CNT-003435,Contra,2024-05-10,,,0,0,100000,Contra Entry,Posted,2024-05-10,2024-05-01
VCH-3436,COMP-0027,DN-003436,Debit Note,2024-04-05,PTY-0425,Priya Kumar Suppliers,15000,2700,17700,Debit Note to Priya Kumar Suppliers,Posted,2024-04-05,2024-05-01
VCH-3437,COMP-0027,DN-003437,Debit Note,2024-04-15,PTY-0426,Amit Gupta Suppliers,23000,2700,25700,Debit Note to Amit Gupta Suppliers,Posted,2024-04-15,2024-05-01
VCH-3438,COMP-0027,DN-003438,Debit Note,2024-05-10,PTY-0427,Amit Kumar Suppliers,31000,2700,33700,Debit Note to Amit Kumar Suppliers,Posted,2024-05-10,2024-05-01
VCH-3439,COMP-0027,DN-003439,Debit Note,2024-05-20,PTY-0428,Vikram Kumar Distributors,39000,2700,41700,Debit Note to Vikram Kumar Distributors,Posted,2024-05-20,2024-05-01
VCH-3440,COMP-0027,CN-003440,Credit Note,2024-04-05,PTY-0429,Vikram Kumar Suppliers,20000,3600,23600,Credit Note to Vikram Kumar Suppliers,Posted,2024-04-05,2024-05-01
VCH-3441,COMP-0027,CN-003441,Credit Note,2024-04-15,PTY-0430,Rajesh Kumar Distributors,27000,3600,30600,Credit Note to Rajesh Kumar Distributors,Posted,2024-04-15,2024-05-01
VCH-3442,COMP-0027,CN-003442,Credit Note,2024-05-10,PTY-0431,Vikram Singh Suppliers,34000,3600,37600,Credit Note to Vikram Singh Suppliers,Posted,2024-05-10,2024-05-01
VCH-3443,COMP-0027,CN-003443,Credit Note,2024-05-20,PTY-0432,Amit Patel Distributors,41000,3600,44600,Credit Note to Amit Patel Distributors,Posted,2024-05-20,2024-05-01
VCH-3444,COMP-0027,DLN-003444,Delivery Note,2024-04-05,PTY-0417,Vikram Sharma Distributors,0,0,0,Delivery Note to Vikram Sharma Distributors,Posted,2024-04-05,2024-05-01
VCH-3445,COMP-0027,DLN-003445,Delivery Note,2024-04-15,PTY-0418,Vikram Kumar Traders,0,0,0,Delivery Note to Vikram Kumar Traders,Posted,2024-04-15,2024-05-01
VCH-3446,COMP-0027,DLN-003446,Delivery Note,2024-05-10,PTY-0419,Amit Singh Distributors,0,0,0,Delivery Note to Amit Singh Distributors,Posted,2024-05-10,2024-05-01
VCH-3447,COMP-0027,DLN-003447,Delivery Note,2024-05-20,PTY-0420,Priya Singh Suppliers,0,0,0,Delivery Note to Priya Singh Suppliers,Posted,2024-05-20,2024-05-01
VCH-3448,COMP-0027,RN-003448,Receipt Note,2024-04-05,PTY-0421,Vikram Kumar Traders,0,0,0,Receipt Note from Vikram Kumar Traders,Posted,2024-04-05,2024-05-01
VCH-3449,COMP-0027,RN-003449,Receipt Note,2024-04-15,PTY-0422,Amit Sharma Distributors,0,0,0,Receipt Note from Amit Sharma Distributors,Posted,2024-04-15,2024-05-01
VCH-3450,COMP-0027,RN-003450,Receipt Note,2024-05-10,PTY-0423,Rajesh Gupta Traders,0,0,0,Receipt Note from Rajesh Gupta Traders,Posted,2024-05-10,2024-05-01
VCH-3451,COMP-0027,RN-003451,Receipt Note,2024-05-20,PTY-0424,Vikram Gupta Suppliers,0,0,0,Receipt Note from Vikram Gupta Suppliers,Posted,2024-05-20,2024-05-01
VCH-3452,COMP-0028,RCP-003452,Receipt,2024-04-05,PTY-0433,Amit Singh Suppliers,25000,0,25000,Receipt from Amit Singh Suppliers,Posted,2024-04-05,2024-05-01
VCH-3453,COMP-0028,RCP-003453,Receipt,2024-04-15,PTY-0434,Neha Gupta Traders,40000,0,40000,Receipt from Neha Gupta Traders,Posted,2024-04-15,2024-05-01
VCH-3454,COMP-0028,RCP-003454,Receipt,2024-05-10,PTY-0435,Rajesh Patel Traders,55000,0,55000,Receipt from Rajesh Patel Traders,Posted,2024-05-10,2024-05-01
VCH-3455,COMP-0028,RCP-003455,Receipt,2024-05-20,PTY-0436,Neha Sharma Traders,70000,0,70000,Receipt from Neha Sharma Traders,Posted,2024-05-20,2024-05-01
VCH-3456,COMP-0028,PAY-003456,Payment,2024-04-05,PTY-0437,Vikram Kumar Traders,30000,0,30000,Payment to Vikram Kumar Traders,Posted,2024-04-05,2024-05-01
VCH-3457,COMP-0028,PAY-003457,Payment,2024-04-15,PTY-0438,Neha Singh Distributors,42000,0,42000,Payment to Neha Singh Distributors,Posted,2024-04-15,2024-05-01
VCH-3458,COMP-0028,PAY-003458,Payment,2024-05-10,PTY-0439,Neha Kumar Suppliers,54000,0,54000,Payment to Neha Kumar Suppliers,Posted,2024-05-10,2024-05-01
VCH-3459,COMP-0028,PAY-003459,Payment,2024-05-20,PTY-0440,Priya Singh Traders,66000,0,66000,Payment to Priya Singh Traders,Posted,2024-05-20,2024-05-01
VCH-3460,COMP-0028,CNT-003460,Contra,2024-04-05,,,0,0,50000,Contra Entry,Posted,2024-04-05,2024-05-01
VCH-3461,COMP-0028,CNT-003461,Contra,2024-04-15,,,0,0,75000,Contra Entry,Posted,2024-04-15,2024-05-01
VCH-3462,COMP-0028,CNT-003462,Contra,2024-05-10,,,0,0,100000,Contra Entry,Posted,2024-05-10,2024-05-01
VCH-3463,COMP-0028,DN-003463,Debit Note,2024-04-05,PTY-0441,Neha Sharma Traders,15000,2700,17700,Debit Note to Neha Sharma Traders,Posted,2024-04-05,2024-05-01
VCH-3464,COMP-0028,DN-003464,Debit Note,2024-04-15,PTY-0442,Neha Singh Suppliers,23000,2700,25700,Debit Note to Neha Singh Suppliers,Posted,2024-04-15,2024-05-01
VCH-3465,COMP-0028,DN-003465,Debit Note,2024-05-10,PTY-0443,Vikram Sharma Distributors,31000,2700,33700,Debit Note to Vikram Sharma Distributors,Posted,2024-05-10,2024-05-01
VCH-3466,COMP-0028,DN-003466,Debit Note,2024-05-20,PTY-0444,Neha Singh Traders,39000,2700,41700,Debit Note to Neha Singh Traders,Posted,2024-05-20,2024-05-01
VCH-3467,COMP-0028,CN-003467,Credit Note,2024-04-05,PTY-0445,Priya Singh Distributors,20000,3600,23600,Credit Note to Priya Singh Distributors,Posted,2024-04-05,2024-05-01
VCH-3468,COMP-0028,CN-003468,Credit Note,2024-04-15,PTY-0446,Priya Sharma Traders,27000,3600,30600,Credit Note to Priya Sharma Traders,Posted,2024-04-15,2024-05-01
VCH-3469,COMP-0028,CN-003469,Credit Note,2024-05-10,PTY-0447,Amit Kumar Traders,34000,3600,37600,Credit Note to Amit Kumar Traders,Posted,2024-05-10,2024-05-01
VCH-3470,COMP-0028,CN-003470,Credit Note,2024-05-20,PTY-0448,Priya Kumar Distributors,41000,3600,44600,Credit Note to Priya Kumar Distributors,Posted,2024-05-20,2024-05-01
VCH-3471,COMP-0028,DLN-003471,Delivery Note,2024-04-05,PTY-0433,Amit Singh Suppliers,0,0,0,Delivery Note to Amit Singh Suppliers,Posted,2024-04-05,2024-05-01
VCH-3472,COMP-0028,DLN-003472,Delivery Note,2024-04-15,PTY-0434,Neha Gupta Traders,0,0,0,Delivery Note to Neha Gupta Traders,Posted,2024-04-15,2024-05-01
VCH-3473,COMP-0028,DLN-003473,Delivery Note,2024-05-10,PTY-0435,Rajesh Patel Traders,0,0,0,Delivery Note to Rajesh Patel Traders,Posted,2024-05-10,2024-05-01
VCH-3474,COMP-0028,DLN-003474,Delivery Note,2024-05-20,PTY-0436,Neha Sharma Traders,0,0,0,Delivery Note to Neha Sharma Traders,Posted,2024-05-20,2024-05-01
VCH-3475,COMP-0028,RN-003475,Receipt Note,2024-04-05,PTY-0437,Vikram Kumar Traders,0,0,0,Receipt Note from Vikram Kumar Traders,Posted,2024-04-05,2024-05-01
VCH-3476,COMP-0028,RN-003476,Receipt Note,2024-04-15,PTY-0438,Neha Singh Distributors,0,0,0,Receipt Note from Neha Singh Distributors,Posted,2024-04-15,2024-05-01
VCH-3477,COMP-0028,RN-003477,Receipt Note,2024-05-10,PTY-0439,Neha Kumar Suppliers,0,0,0,Receipt Note from Neha Kumar Suppliers,Posted,2024-05-10,2024-05-01
VCH-3478,COMP-0028,RN-003478,Receipt Note,2024-05-20,PTY-0440,Priya Singh Traders,0,0,0,Receipt Note from Priya Singh Traders,Posted,2024-05-20,2024-05-01
VCH-3479,COMP-0029,RCP-003479,Receipt,2024-04-05,PTY-0449,Priya Singh Distributors,25000,0,25000,Receipt from Priya Singh Distributors,Posted,2024-04-05,2024-05-01
VCH-3480,COMP-0029,RCP-003480,Receipt,2024-04-15,PTY-0450,Rajesh Patel Traders,40000,0,40000,Receipt from Rajesh Patel Traders,Posted,2024-04-15,2024-05-01
VCH-3481,COMP-0029,RCP-003481,Receipt,2024-05-10,PTY-0451,Neha Patel Traders,55000,0,55000,Receipt from Neha Patel Traders,Posted,2024-05-10,2024-05-01
VCH-3482,COMP-0029,RCP-003482,Receipt,2024-05-20,PTY-0452,Rajesh Singh Suppliers,70000,0,70000,Receipt from Rajesh Singh Suppliers,Posted,2024-05-20,2024-05-01
VCH-3483,COMP-0029,PAY-003483,Payment,2024-04-05,PTY-0453,Amit Sharma Traders,30000,0,30000,Payment to Amit Sharma Traders,Posted,2024-04-05,2024-05-01
VCH-3484,COMP-0029,PAY-003484,Payment,2024-04-15,PTY-0454,Vikram Gupta Traders,42000,0,42000,Payment to Vikram Gupta Traders,Posted,2024-04-15,2024-05-01
VCH-3485,COMP-0029,PAY-003485,Payment,2024-05-10,PTY-0455,Amit Sharma Suppliers,54000,0,54000,Payment to Amit Sharma Suppliers,Posted,2024-05-10,2024-05-01
VCH-3486,COMP-0029,PAY-003486,Payment,2024-05-20,PTY-0456,Neha Kumar Suppliers,66000,0,66000,Payment to Neha Kumar Suppliers,Posted,2024-05-20,2024-05-01
VCH-3487,COMP-0029,CNT-003487,Contra,2024-04-05,,,0,0,50000,Contra Entry,Posted,2024-04-05,2024-05-01
VCH-3488,COMP-0029,CNT-003488,Contra,2024-04-15,,,0,0,75000,Contra Entry,Posted,2024-04-15,2024-05-01
VCH-3489,COMP-0029,CNT-003489,Contra,2024-05-10,,,0,0,100000,Contra Entry,Posted,2024-05-10,2024-05-01
VCH-3490,COMP-0029,DN-003490,Debit Note,2024-04-05,PTY-0457,Neha Kumar Traders,15000,2700,17700,Debit Note to Neha Kumar Traders,Posted,2024-04-05,2024-05-01
VCH-3491,COMP-0029,DN-003491,Debit Note,2024-04-15,PTY-0458,Rajesh Gupta Traders,23000,2700,25700,Debit Note to Rajesh Gupta Traders,Posted,2024-04-15,2024-05-01
VCH-3492,COMP-0029,DN-003492,Debit Note,2024-05-10,PTY-0459,Rajesh Gupta Distributors,31000,2700,33700,Debit Note to Rajesh Gupta Distributors,Posted,2024-05-10,2024-05-01
VCH-3493,COMP-0029,DN-003493,Debit Note,2024-05-20,PTY-0460,Rajesh Sharma Suppliers,39000,2700,41700,Debit Note to Rajesh Sharma Suppliers,Posted,2024-05-20,2024-05-01
VCH-3494,COMP-0029,CN-003494,Credit Note,2024-04-05,PTY-0461,Vikram Sharma Traders,20000,3600,23600,Credit Note to Vikram Sharma Traders,Posted,2024-04-05,2024-05-01
VCH-3495,COMP-0029,CN-003495,Credit Note,2024-04-15,PTY-0462,Rajesh Sharma Traders,27000,3600,30600,Credit Note to Rajesh Sharma Traders,Posted,2024-04-15,2024-05-01
VCH-3496,COMP-0029,CN-003496,Credit Note,2024-05-10,PTY-0463,Neha Kumar Suppliers,34000,3600,37600,Credit Note to Neha Kumar Suppliers,Posted,2024-05-10,2024-05-01
VCH-3497,COMP-0029,CN-003497,Credit Note,2024-05-20,PTY-0464,Amit Gupta Traders,41000,3600,44600,Credit Note to Amit Gupta Traders,Posted,2024-05-20,2024-05-01
VCH-3498,COMP-0029,DLN-003498,Delivery Note,2024-04-05,PTY-0449,Priya Singh Distributors,0,0,0,Delivery Note to Priya Singh Distributors,Posted,2024-04-05,2024-05-01
VCH-3499,COMP-0029,DLN-003499,Delivery Note,2024-04-15,PTY-0450,Rajesh Patel Traders,0,0,0,Delivery Note to Rajesh Patel Traders,Posted,2024-04-15,2024-05-01
VCH-3500,COMP-0029,DLN-003500,Delivery Note,2024-05-10,PTY-0451,Neha Patel Traders,0,0,0,Delivery Note to Neha Patel Traders,Posted,2024-05-10,2024-05-01
VCH-3501,COMP-0029,DLN-003501,Delivery Note,2024-05-20,PTY-0452,Rajesh Singh Suppliers,0,0,0,Delivery Note to Rajesh Singh Suppliers,Posted,2024-05-20,2024-05-01
VCH-3502,COMP-0029,RN-003502,Receipt Note,2024-04-05,PTY-0453,Amit Sharma Traders,0,0,0,Receipt Note from Amit Sharma Traders,Posted,2024-04-05,2024-05-01
VCH-3503,COMP-0029,RN-003503,Receipt Note,2024-04-15,PTY-0454,Vikram Gupta Traders,0,0,0,Receipt Note from Vikram Gupta Traders,Posted,2024-04-15,2024-05-01
VCH-3504,COMP-0029,RN-003504,Receipt Note,2024-05-10,PTY-0455,Amit Sharma Suppliers,0,0,0,Receipt Note from Amit Sharma Suppliers,Posted,2024-05-10,2024-05-01
VCH-3505,COMP-0029,RN-003505,Receipt Note,2024-05-20,PTY-0456,Neha Kumar Suppliers,0,0,0,Receipt Note from Neha Kumar Suppliers,Posted,2024-05-20,2024-05-01
VCH-3506,COMP-0030,RCP-003506,Receipt,2024-04-05,PTY-0465,Vikram Patel Distributors,25000,0,25000,Receipt from Vikram Patel Distributors,Posted,2024-04-05,2024-05-01
VCH-3507,COMP-0030,RCP-003507,Receipt,2024-04-15,PTY-0466,Amit Sharma Traders,40000,0,40000,Receipt from Amit Sharma Traders,Posted,2024-04-15,2024-05-01
VCH-3508,COMP-0030,RCP-003508,Receipt,2024-05-10,PTY-0467,Vikram Sharma Traders,55000,0,55000,Receipt from Vikram Sharma Traders,Posted,2024-05-10,2024-05-01
VCH-3509,COMP-0030,RCP-003509,Receipt,2024-05-20,PTY-0468,Neha Sharma Distributors,70000,0,70000,Receipt from Neha Sharma Distributors,Posted,2024-05-20,2024-05-01
VCH-3510,COMP-0030,PAY-003510,Payment,2024-04-05,PTY-0469,Priya Kumar Distributors,30000,0,30000,Payment to Priya Kumar Distributors,Posted,2024-04-05,2024-05-01
VCH-3511,COMP-0030,PAY-003511,Payment,2024-04-15,PTY-0470,Vikram Gupta Distributors,42000,0,42000,Payment to Vikram Gupta Distributors,Posted,2024-04-15,2024-05-01
VCH-3512,COMP-0030,PAY-003512,Payment,2024-05-10,PTY-0471,Priya Kumar Suppliers,54000,0,54000,Payment to Priya Kumar Suppliers,Posted,2024-05-10,2024-05-01
VCH-3513,COMP-0030,PAY-003513,Payment,2024-05-20,PTY-0472,Priya Gupta Suppliers,66000,0,66000,Payment to Priya Gupta Suppliers,Posted,2024-05-20,2024-05-01
VCH-3514,COMP-0030,CNT-003514,Contra,2024-04-05,,,0,0,50000,Contra Entry,Posted,2024-04-05,2024-05-01
VCH-3515,COMP-0030,CNT-003515,Contra,2024-04-15,,,0,0,75000,Contra Entry,Posted,2024-04-15,2024-05-01
VCH-3516,COMP-0030,CNT-003516,Contra,2024-05-10,,,0,0,100000,Contra Entry,Posted,2024-05-10,2024-05-01
VCH-3517,COMP-0030,DN-003517,Debit Note,2024-04-05,PTY-0473,Priya Gupta Distributors,15000,2700,17700,Debit Note to Priya Gupta Distributors,Posted,2024-04-05,2024-05-01
VCH-3518,COMP-0030,DN-003518,Debit Note,2024-04-15,PTY-0474,Amit Sharma Distributors,23000,2700,25700,Debit Note to Amit Sharma Distributors,Posted,2024-04-15,2024-05-01
VCH-3519,COMP-0030,DN-003519,Debit Note,2024-05-10,PTY-0475,Vikram Singh Distributors,31000,2700,33700,Debit Note to Vikram Singh Distributors,Posted,2024-05-10,2024-05-01
VCH-3520,COMP-0030,DN-003520,Debit Note,2024-05-20,PTY-0476,Priya Gupta Traders,39000,2700,41700,Debit Note to Priya Gupta Traders,Posted,2024-05-20,2024-05-01
VCH-3521,COMP-0030,CN-003521,Credit Note,2024-04-05,PTY-0477,Rajesh Patel Traders,20000,3600,23600,Credit Note to Rajesh Patel Traders,Posted,2024-04-05,2024-05-01
VCH-3522,COMP-0030,CN-003522,Credit Note,2024-04-15,PTY-0478,Rajesh Singh Distributors,27000,3600,30600,Credit Note to Rajesh Singh Distributors,Posted,2024-04-15,2024-05-01
VCH-3523,COMP-0030,CN-003523,Credit Note,2024-05-10,PTY-0479,Amit Sharma Traders,34000,3600,37600,Credit Note to Amit Sharma Traders,Posted,2024-05-10,2024-05-01
VCH-3524,COMP-0030,CN-003524,Credit Note,2024-05-20,PTY-0480,Neha Kumar Traders,41000,3600,44600,Credit Note to Neha Kumar Traders,Posted,2024-05-20,2024-05-01
VCH-3525,COMP-0030,DLN-003525,Delivery Note,2024-04-05,PTY-0465,Vikram Patel Distributors,0,0,0,Delivery Note to Vikram Patel Distributors,Posted,2024-04-05,2024-05-01
VCH-3526,COMP-0030,DLN-003526,Delivery Note,2024-04-15,PTY-0466,Amit Sharma Traders,0,0,0,Delivery Note to Amit Sharma Traders,Posted,2024-04-15,2024-05-01
VCH-3527,COMP-0030,DLN-003527,Delivery Note,2024-05-10,PTY-0467,Vikram Sharma Traders,0,0,0,Delivery Note to Vikram Sharma Traders,Posted,2024-05-10,2024-05-01
VCH-3528,COMP-0030,DLN-003528,Delivery Note,2024-05-20,PTY-0468,Neha Sharma Distributors,0,0,0,Delivery Note to Neha Sharma Distributors,Posted,2024-05-20,2024-05-01
VCH-3529,COMP-0030,RN-003529,Receipt Note,2024-04-05,PTY-0469,Priya Kumar Distributors,0,0,0,Receipt Note from Priya Kumar Distributors,Posted,2024-04-05,2024-05-01
VCH-3530,COMP-0030,RN-003530,Receipt Note,2024-04-15,PTY-0470,Vikram Gupta Distributors,0,0,0,Receipt Note from Vikram Gupta Distributors,Posted,2024-04-15,2024-05-01
VCH-3531,COMP-0030,RN-003531,Receipt Note,2024-05-10,PTY-0471,Priya Kumar Suppliers,0,0,0,Receipt Note from Priya Kumar Suppliers,Posted,2024-05-10,2024-05-01
VCH-3532,COMP-0030,RN-003532,Receipt Note,2024-05-20,PTY-0472,Priya Gupta Suppliers,0,0,0,Receipt Note from Priya Gupta Suppliers,Posted,2024-05-20,2024-05-01
VCH-3533,COMP-0031,RCP-003533,Receipt,2024-04-05,PTY-0481,Amit Sharma Distributors,25000,0,25000,Receipt from Amit Sharma Distributors,Posted,2024-04-05,2024-05-01
VCH-3534,COMP-0031,RCP-003534,Receipt,2024-04-15,PTY-0482,Priya Sharma Traders,40000,0,40000,Receipt from Priya Sharma Traders,Posted,2024-04-15,2024-05-01
VCH-3535,COMP-0031,RCP-003535,Receipt,2024-05-10,PTY-0483,Priya Gupta Traders,55000,0,55000,Receipt from Priya Gupta Traders,Posted,2024-05-10,2024-05-01
VCH-3536,COMP-0031,RCP-003536,Receipt,2024-05-20,PTY-0484,Neha Patel Distributors,70000,0,70000,Receipt from Neha Patel Distributors,Posted,2024-05-20,2024-05-01
VCH-3537,COMP-0031,PAY-003537,Payment,2024-04-05,PTY-0485,Neha Patel Distributors,30000,0,30000,Payment to Neha Patel Distributors,Posted,2024-04-05,2024-05-01
VCH-3538,COMP-0031,PAY-003538,Payment,2024-04-15,PTY-0486,Rajesh Patel Traders,42000,0,42000,Payment to Rajesh Patel Traders,Posted,2024-04-15,2024-05-01
VCH-3539,COMP-0031,PAY-003539,Payment,2024-05-10,PTY-0487,Vikram Patel Traders,54000,0,54000,Payment to Vikram Patel Traders,Posted,2024-05-10,2024-05-01
VCH-3540,COMP-0031,PAY-003540,Payment,2024-05-20,PTY-0488,Neha Patel Distributors,66000,0,66000,Payment to Neha Patel Distributors,Posted,2024-05-20,2024-05-01
VCH-3541,COMP-0031,CNT-003541,Contra,2024-04-05,,,0,0,50000,Contra Entry,Posted,2024-04-05,2024-05-01
VCH-3542,COMP-0031,CNT-003542,Contra,2024-04-15,,,0,0,75000,Contra Entry,Posted,2024-04-15,2024-05-01
VCH-3543,COMP-0031,CNT-003543,Contra,2024-05-10,,,0,0,100000,Contra Entry,Posted,2024-05-10,2024-05-01
VCH-3544,COMP-0031,DN-003544,Debit Note,2024-04-05,PTY-0489,Neha Kumar Suppliers,15000,2700,17700,Debit Note to Neha Kumar Suppliers,Posted,2024-04-05,2024-05-01
VCH-3545,COMP-0031,DN-003545,Debit Note,2024-04-15,PTY-0490,Rajesh Singh Distributors,23000,2700,25700,Debit Note to Rajesh Singh Distributors,Posted,2024-04-15,2024-05-01
VCH-3546,COMP-0031,DN-003546,Debit Note,2024-05-10,PTY-0491,Priya Singh Suppliers,31000,2700,33700,Debit Note to Priya Singh Suppliers,Posted,2024-05-10,2024-05-01
VCH-3547,COMP-0031,DN-003547,Debit Note,2024-05-20,PTY-0492,Neha Gupta Traders,39000,2700,41700,Debit Note to Neha Gupta Traders,Posted,2024-05-20,2024-05-01
VCH-3548,COMP-0031,CN-003548,Credit Note,2024-04-05,PTY-0493,Priya Sharma Distributors,20000,3600,23600,Credit Note to Priya Sharma Distributors,Posted,2024-04-05,2024-05-01
VCH-3549,COMP-0031,CN-003549,Credit Note,2024-04-15,PTY-0494,Priya Patel Traders,27000,3600,30600,Credit Note to Priya Patel Traders,Posted,2024-04-15,2024-05-01
VCH-3550,COMP-0031,CN-003550,Credit Note,2024-05-10,PTY-0495,Neha Sharma Suppliers,34000,3600,37600,Credit Note to Neha Sharma Suppliers,Posted,2024-05-10,2024-05-01
VCH-3551,COMP-0031,CN-003551,Credit Note,2024-05-20,PTY-0496,Amit Kumar Distributors,41000,3600,44600,Credit Note to Amit Kumar Distributors,Posted,2024-05-20,2024-05-01
VCH-3552,COMP-0031,DLN-003552,Delivery Note,2024-04-05,PTY-0481,Amit Sharma Distributors,0,0,0,Delivery Note to Amit Sharma Distributors,Posted,2024-04-05,2024-05-01
VCH-3553,COMP-0031,DLN-003553,Delivery Note,2024-04-15,PTY-0482,Priya Sharma Traders,0,0,0,Delivery Note to Priya Sharma Traders,Posted,2024-04-15,2024-05-01
VCH-3554,COMP-0031,DLN-003554,Delivery Note,2024-05-10,PTY-0483,Priya Gupta Traders,0,0,0,Delivery Note to Priya Gupta Traders,Posted,2024-05-10,2024-05-01
VCH-3555,COMP-0031,DLN-003555,Delivery Note,2024-05-20,PTY-0484,Neha Patel Distributors,0,0,0,Delivery Note to Neha Patel Distributors,Posted,2024-05-20,2024-05-01
VCH-3556,COMP-0031,RN-003556,Receipt Note,2024-04-05,PTY-0485,Neha Patel Distributors,0,0,0,Receipt Note from Neha Patel Distributors,Posted,2024-04-05,2024-05-01
VCH-3557,COMP-0031,RN-003557,Receipt Note,2024-04-15,PTY-0486,Rajesh Patel Traders,0,0,0,Receipt Note from Rajesh Patel Traders,Posted,2024-04-15,2024-05-01
VCH-3558,COMP-0031,RN-003558,Receipt Note,2024-05-10,PTY-0487,Vikram Patel Traders,0,0,0,Receipt Note from Vikram Patel Traders,Posted,2024-05-10,2024-05-01
VCH-3559,COMP-0031,RN-003559,Receipt Note,2024-05-20,PTY-0488,Neha Patel Distributors,0,0,0,Receipt Note from Neha Patel Distributors,Posted,2024-05-20,2024-05-01
VCH-3560,COMP-0032,RCP-003560,Receipt,2024-04-05,PTY-0497,Rajesh Sharma Distributors,25000,0,25000,Receipt from Rajesh Sharma Distributors,Posted,2024-04-05,2024-05-01
VCH-3561,COMP-0032,RCP-003561,Receipt,2024-04-15,PTY-0498,Priya Kumar Suppliers,40000,0,40000,Receipt from Priya Kumar Suppliers,Posted,2024-04-15,2024-05-01
VCH-3562,COMP-0032,RCP-003562,Receipt,2024-05-10,PTY-0499,Priya Sharma Distributors,55000,0,55000,Receipt from Priya Sharma Distributors,Posted,2024-05-10,2024-05-01
VCH-3563,COMP-0032,RCP-003563,Receipt,2024-05-20,PTY-0500,Amit Sharma Traders,70000,0,70000,Receipt from Amit Sharma Traders,Posted,2024-05-20,2024-05-01
VCH-3564,COMP-0032,PAY-003564,Payment,2024-04-05,PTY-0501,Rajesh Sharma Distributors,30000,0,30000,Payment to Rajesh Sharma Distributors,Posted,2024-04-05,2024-05-01
VCH-3565,COMP-0032,PAY-003565,Payment,2024-04-15,PTY-0502,Neha Patel Traders,42000,0,42000,Payment to Neha Patel Traders,Posted,2024-04-15,2024-05-01
VCH-3566,COMP-0032,PAY-003566,Payment,2024-05-10,PTY-0503,Neha Sharma Traders,54000,0,54000,Payment to Neha Sharma Traders,Posted,2024-05-10,2024-05-01
VCH-3567,COMP-0032,PAY-003567,Payment,2024-05-20,PTY-0504,Amit Patel Distributors,66000,0,66000,Payment to Amit Patel Distributors,Posted,2024-05-20,2024-05-01
VCH-3568,COMP-0032,CNT-003568,Contra,2024-04-05,,,0,0,50000,Contra Entry,Posted,2024-04-05,2024-05-01
VCH-3569,COMP-0032,CNT-003569,Contra,2024-04-15,,,0,0,75000,Contra Entry,Posted,2024-04-15,2024-05-01
VCH-3570,COMP-0032,CNT-003570,Contra,2024-05-10,,,0,0,100000,Contra Entry,Posted,2024-05-10,2024-05-01
VCH-3571,COMP-0032,DN-003571,Debit Note,2024-04-05,PTY-0505,Neha Singh Distributors,15000,2700,17700,Debit Note to Neha Singh Distributors,Posted,2024-04-05,2024-05-01
VCH-3572,COMP-0032,DN-003572,Debit Note,2024-04-15,PTY-0506,Neha Kumar Traders,23000,2700,25700,Debit Note to Neha Kumar Traders,Posted,2024-04-15,2024-05-01
VCH-3573,COMP-0032,DN-003573,Debit Note,2024-05-10,PTY-0507,Rajesh Patel Traders,31000,2700,33700,Debit Note to Rajesh Patel Traders,Posted,2024-05-10,2024-05-01
VCH-3574,COMP-0032,DN-003574,Debit Note,2024-05-20,PTY-0508,Amit Singh Suppliers,39000,2700,41700,Debit Note to Amit Singh Suppliers,Posted,2024-05-20,2024-05-01
VCH-3575,COMP-0032,CN-003575,Credit Note,2024-04-05,PTY-0509,Vikram Kumar Traders,20000,3600,23600,Credit Note to Vikram Kumar Traders,Posted,2024-04-05,2024-05-01
VCH-3576,COMP-0032,CN-003576,Credit Note,2024-04-15,PTY-0510,Amit Kumar Suppliers,27000,3600,30600,Credit Note to Amit Kumar Suppliers,Posted,2024-04-15,2024-05-01
VCH-3577,COMP-0032,CN-003577,Credit Note,2024-05-10,PTY-0511,Vikram Gupta Distributors,34000,3600,37600,Credit Note to Vikram Gupta Distributors,Posted,2024-05-10,2024-05-01
VCH-3578,COMP-0032,CN-003578,Credit Note,2024-05-20,PTY-0512,Rajesh Singh Distributors,41000,3600,44600,Credit Note to Rajesh Singh Distributors,Posted,2024-05-20,2024-05-01
VCH-3579,COMP-0032,DLN-003579,Delivery Note,2024-04-05,PTY-0497,Rajesh Sharma Distributors,0,0,0,Delivery Note to Rajesh Sharma Distributors,Posted,2024-04-05,2024-05-01
VCH-3580,COMP-0032,DLN-003580,Delivery Note,2024-04-15,PTY-0498,Priya Kumar Suppliers,0,0,0,Delivery Note to Priya Kumar Suppliers,Posted,2024-04-15,2024-05-01
VCH-3581,COMP-0032,DLN-003581,Delivery Note,2024-05-10,PTY-0499,Priya Sharma Distributors,0,0,0,Delivery Note to Priya Sharma Distributors,Posted,2024-05-10,2024-05-01
VCH-3582,COMP-0032,DLN-003582,Delivery Note,2024-05-20,PTY-0500,Amit Sharma Traders,0,0,0,Delivery Note to Amit Sharma Traders,Posted,2024-05-20,2024-05-01
VCH-3583,COMP-0032,RN-003583,Receipt Note,2024-04-05,PTY-0501,Rajesh Sharma Distributors,0,0,0,Receipt Note from Rajesh Sharma Distributors,Posted,2024-04-05,2024-05-01
VCH-3584,COMP-0032,RN-003584,Receipt Note,2024-04-15,PTY-0502,Neha Patel Traders,0,0,0,Receipt Note from Neha Patel Traders,Posted,2024-04-15,2024-05-01
VCH-3585,COMP-0032,RN-003585,Receipt Note,2024-05-10,PTY-0503,Neha Sharma Traders,0,0,0,Receipt Note from Neha Sharma Traders,Posted,2024-05-10,2024-05-01
VCH-3586,COMP-0032,RN-003586,Receipt Note,2024-05-20,PTY-0504,Amit Patel Distributors,0,0,0,Receipt Note from Amit Patel Distributors,Posted,2024-05-20,2024-05-01
VCH-3587,COMP-0033,RCP-003587,Receipt,2024-04-05,PTY-0513,Vikram Kumar Traders,25000,0,25000,Receipt from Vikram Kumar Traders,Posted,2024-04-05,2024-05-01
VCH-3588,COMP-0033,RCP-003588,Receipt,2024-04-15,PTY-0514,Rajesh Kumar Suppliers,40000,0,40000,Receipt from Rajesh Kumar Suppliers,Posted,2024-04-15,2024-05-01
VCH-3589,COMP-0033,RCP-003589,Receipt,2024-05-10,PTY-0515,Rajesh Sharma Distributors,55000,0,55000,Receipt from Rajesh Sharma Distributors,Posted,2024-05-10,2024-05-01
VCH-3590,COMP-0033,RCP-003590,Receipt,2024-05-20,PTY-0516,Vikram Singh Distributors,70000,0,70000,Receipt from Vikram Singh Distributors,Posted,2024-05-20,2024-05-01
VCH-3591,COMP-0033,PAY-003591,Payment,2024-04-05,PTY-0517,Neha Gupta Distributors,30000,0,30000,Payment to Neha Gupta Distributors,Posted,2024-04-05,2024-05-01
VCH-3592,COMP-0033,PAY-003592,Payment,2024-04-15,PTY-0518,Neha Patel Distributors,42000,0,42000,Payment to Neha Patel Distributors,Posted,2024-04-15,2024-05-01
VCH-3593,COMP-0033,PAY-003593,Payment,2024-05-10,PTY-0519,Priya Sharma Traders,54000,0,54000,Payment to Priya Sharma Traders,Posted,2024-05-10,2024-05-01
VCH-3594,COMP-0033,PAY-003594,Payment,2024-05-20,PTY-0520,Priya Gupta Traders,66000,0,66000,Payment to Priya Gupta Traders,Posted,2024-05-20,2024-05-01
VCH-3595,COMP-0033,CNT-003595,Contra,2024-04-05,,,0,0,50000,Contra Entry,Posted,2024-04-05,2024-05-01
VCH-3596,COMP-0033,CNT-003596,Contra,2024-04-15,,,0,0,75000,Contra Entry,Posted,2024-04-15,2024-05-01
VCH-3597,COMP-0033,CNT-003597,Contra,2024-05-10,,,0,0,100000,Contra Entry,Posted,2024-05-10,2024-05-01
VCH-3598,COMP-0033,DN-003598,Debit Note,2024-04-05,PTY-0521,Amit Sharma Suppliers,15000,2700,17700,Debit Note to Amit Sharma Suppliers,Posted,2024-04-05,2024-05-01
VCH-3599,COMP-0033,DN-003599,Debit Note,2024-04-15,PTY-0522,Amit Gupta Traders,23000,2700,25700,Debit Note to Amit Gupta Traders,Posted,2024-04-15,2024-05-01
VCH-3600,COMP-0033,DN-003600,Debit Note,2024-05-10,PTY-0523,Rajesh Sharma Suppliers,31000,2700,33700,Debit Note to Rajesh Sharma Suppliers,Posted,2024-05-10,2024-05-01
VCH-3601,COMP-0033,DN-003601,Debit Note,2024-05-20,PTY-0524,Amit Gupta Traders,39000,2700,41700,Debit Note to Amit Gupta Traders,Posted,2024-05-20,2024-05-01
VCH-3602,COMP-0033,CN-003602,Credit Note,2024-04-05,PTY-0525,Priya Gupta Traders,20000,3600,23600,Credit Note to Priya Gupta Traders,Posted,2024-04-05,2024-05-01
VCH-3603,COMP-0033,CN-003603,Credit Note,2024-04-15,PTY-0526,Neha Kumar Distributors,27000,3600,30600,Credit Note to Neha Kumar Distributors,Posted,2024-04-15,2024-05-01
VCH-3604,COMP-0033,CN-003604,Credit Note,2024-05-10,PTY-0527,Neha Kumar Suppliers,34000,3600,37600,Credit Note to Neha Kumar Suppliers,Posted,2024-05-10,2024-05-01
VCH-3605,COMP-0033,CN-003605,Credit Note,2024-05-20,PTY-0528,Rajesh Gupta Suppliers,41000,3600,44600,Credit Note to Rajesh Gupta Suppliers,Posted,2024-05-20,2024-05-01
VCH-3606,COMP-0033,DLN-003606,Delivery Note,2024-04-05,PTY-0513,Vikram Kumar Traders,0,0,0,Delivery Note to Vikram Kumar Traders,Posted,2024-04-05,2024-05-01
VCH-3607,COMP-0033,DLN-003607,Delivery Note,2024-04-15,PTY-0514,Rajesh Kumar Suppliers,0,0,0,Delivery Note to Rajesh Kumar Suppliers,Posted,2024-04-15,2024-05-01
VCH-3608,COMP-0033,DLN-003608,Delivery Note,2024-05-10,PTY-0515,Rajesh Sharma Distributors,0,0,0,Delivery Note to Rajesh Sharma Distributors,Posted,2024-05-10,2024-05-01
VCH-3609,COMP-0033,DLN-003609,Delivery Note,2024-05-20,PTY-0516,Vikram Singh Distributors,0,0,0,Delivery Note to Vikram Singh Distributors,Posted,2024-05-20,2024-05-01
VCH-3610,COMP-0033,RN-003610,Receipt Note,2024-04-05,PTY-0517,Neha Gupta Distributors,0,0,0,Receipt Note from Neha Gupta Distributors,Posted,2024-04-05,2024-05-01
VCH-3611,COMP-0033,RN-003611,Receipt Note,2024-04-15,PTY-0518,Neha Patel Distributors,0,0,0,Receipt Note from Neha Patel Distributors,Posted,2024-04-15,2024-05-01
VCH-3612,COMP-0033,RN-003612,Receipt Note,2024-05-10,PTY-0519,Priya Sharma Traders,0,0,0,Receipt Note from Priya Sharma Traders,Posted,2024-05-10,2024-05-01
VCH-3613,COMP-0033,RN-003613,Receipt Note,2024-05-20,PTY-0520,Priya Gupta Traders,0,0,0,Receipt Note from Priya Gupta Traders,Posted,2024-05-20,2024-05-01
VCH-3614,COMP-0034,RCP-003614,Receipt,2024-04-05,PTY-0529,Amit Gupta Traders,25000,0,25000,Receipt from Amit Gupta Traders,Posted,2024-04-05,2024-05-01
VCH-3615,COMP-0034,RCP-003615,Receipt,2024-04-15,PTY-0530,Amit Patel Distributors,40000,0,40000,Receipt from Amit Patel Distributors,Posted,2024-04-15,2024-05-01
VCH-3616,COMP-0034,RCP-003616,Receipt,2024-05-10,PTY-0531,Priya Gupta Traders,55000,0,55000,Receipt from Priya Gupta Traders,Posted,2024-05-10,2024-05-01
VCH-3617,COMP-0034,RCP-003617,Receipt,2024-05-20,PTY-0532,Amit Patel Traders,70000,0,70000,Receipt from Amit Patel Traders,Posted,2024-05-20,2024-05-01
VCH-3618,COMP-0034,PAY-003618,Payment,2024-04-05,PTY-0533,Amit Kumar Traders,30000,0,30000,Payment to Amit Kumar Traders,Posted,2024-04-05,2024-05-01
VCH-3619,COMP-0034,PAY-003619,Payment,2024-04-15,PTY-0534,Amit Patel Suppliers,42000,0,42000,Payment to Amit Patel Suppliers,Posted,2024-04-15,2024-05-01
VCH-3620,COMP-0034,PAY-003620,Payment,2024-05-10,PTY-0535,Neha Singh Suppliers,54000,0,54000,Payment to Neha Singh Suppliers,Posted,2024-05-10,2024-05-01
VCH-3621,COMP-0034,PAY-003621,Payment,2024-05-20,PTY-0536,Amit Gupta Traders,66000,0,66000,Payment to Amit Gupta Traders,Posted,2024-05-20,2024-05-01
VCH-3622,COMP-0034,CNT-003622,Contra,2024-04-05,,,0,0,50000,Contra Entry,Posted,2024-04-05,2024-05-01
VCH-3623,COMP-0034,CNT-003623,Contra,2024-04-15,,,0,0,75000,Contra Entry,Posted,2024-04-15,2024-05-01
VCH-3624,COMP-0034,CNT-003624,Contra,2024-05-10,,,0,0,100000,Contra Entry,Posted,2024-05-10,2024-05-01
VCH-3625,COMP-0034,DN-003625,Debit Note,2024-04-05,PTY-0537,Rajesh Gupta Traders,15000,2700,17700,Debit Note to Rajesh Gupta Traders,Posted,2024-04-05,2024-05-01
VCH-3626,COMP-0034,DN-003626,Debit Note,2024-04-15,PTY-0538,Priya Gupta Suppliers,23000,2700,25700,Debit Note to Priya Gupta Suppliers,Posted,2024-04-15,2024-05-01
VCH-3627,COMP-0034,DN-003627,Debit Note,2024-05-10,PTY-0539,Neha Singh Distributors,31000,2700,33700,Debit Note to Neha Singh Distributors,Posted,2024-05-10,2024-05-01
VCH-3628,COMP-0034,DN-003628,Debit Note,2024-05-20,PTY-0540,Rajesh Singh Distributors,39000,2700,41700,Debit Note to Rajesh Singh Distributors,Posted,2024-05-20,2024-05-01
VCH-3629,COMP-0034,CN-003629,Credit Note,2024-04-05,PTY-0541,Vikram Singh Traders,20000,3600,23600,Credit Note to Vikram Singh Traders,Posted,2024-04-05,2024-05-01
VCH-3630,COMP-0034,CN-003630,Credit Note,2024-04-15,PTY-0542,Amit Singh Distributors,27000,3600,30600,Credit Note to Amit Singh Distributors,Posted,2024-04-15,2024-05-01
VCH-3631,COMP-0034,CN-003631,Credit Note,2024-05-10,PTY-0543,Priya Kumar Suppliers,34000,3600,37600,Credit Note to Priya Kumar Suppliers,Posted,2024-05-10,2024-05-01
VCH-3632,COMP-0034,CN-003632,Credit Note,2024-05-20,PTY-0544,Rajesh Singh Suppliers,41000,3600,44600,Credit Note to Rajesh Singh Suppliers,Posted,2024-05-20,2024-05-01
VCH-3633,COMP-0034,DLN-003633,Delivery Note,2024-04-05,PTY-0529,Amit Gupta Traders,0,0,0,Delivery Note to Amit Gupta Traders,Posted,2024-04-05,2024-05-01
VCH-3634,COMP-0034,DLN-003634,Delivery Note,2024-04-15,PTY-0530,Amit Patel Distributors,0,0,0,Delivery Note to Amit Patel Distributors,Posted,2024-04-15,2024-05-01
VCH-3635,COMP-0034,DLN-003635,Delivery Note,2024-05-10,PTY-0531,Priya Gupta Traders,0,0,0,Delivery Note to Priya Gupta Traders,Posted,2024-05-10,2024-05-01
VCH-3636,COMP-0034,DLN-003636,Delivery Note,2024-05-20,PTY-0532,Amit Patel Traders,0,0,0,Delivery Note to Amit Patel Traders,Posted,2024-05-20,2024-05-01
VCH-3637,COMP-0034,RN-003637,Receipt Note,2024-04-05,PTY-0533,Amit Kumar Traders,0,0,0,Receipt Note from Amit Kumar Traders,Posted,2024-04-05,2024-05-01
VCH-3638,COMP-0034,RN-003638,Receipt Note,2024-04-15,PTY-0534,Amit Patel Suppliers,0,0,0,Receipt Note from Amit Patel Suppliers,Posted,2024-04-15,2024-05-01
VCH-3639,COMP-0034,RN-003639,Receipt Note,2024-05-10,PTY-0535,Neha Singh Suppliers,0,0,0,Receipt Note from Neha Singh Suppliers,Posted,2024-05-10,2024-05-01
VCH-3640,COMP-0034,RN-003640,Receipt Note,2024-05-20,PTY-0536,Amit Gupta Traders,0,0,0,Receipt Note from Amit Gupta Traders,Posted,2024-05-20,2024-05-01
VCH-3641,COMP-0035,RCP-003641,Receipt,2024-04-05,PTY-0545,Priya Kumar Distributors,25000,0,25000,Receipt from Priya Kumar Distributors,Posted,2024-04-05,2024-05-01
VCH-3642,COMP-0035,RCP-003642,Receipt,2024-04-15,PTY-0546,Vikram Gupta Distributors,40000,0,40000,Receipt from Vikram Gupta Distributors,Posted,2024-04-15,2024-05-01
VCH-3643,COMP-0035,RCP-003643,Receipt,2024-05-10,PTY-0547,Vikram Singh Distributors,55000,0,55000,Receipt from Vikram Singh Distributors,Posted,2024-05-10,2024-05-01
VCH-3644,COMP-0035,RCP-003644,Receipt,2024-05-20,PTY-0548,Neha Patel Distributors,70000,0,70000,Receipt from Neha Patel Distributors,Posted,2024-05-20,2024-05-01
VCH-3645,COMP-0035,PAY-003645,Payment,2024-04-05,PTY-0549,Rajesh Kumar Distributors,30000,0,30000,Payment to Rajesh Kumar Distributors,Posted,2024-04-05,2024-05-01
VCH-3646,COMP-0035,PAY-003646,Payment,2024-04-15,PTY-0550,Rajesh Gupta Distributors,42000,0,42000,Payment to Rajesh Gupta Distributors,Posted,2024-04-15,2024-05-01
VCH-3647,COMP-0035,PAY-003647,Payment,2024-05-10,PTY-0551,Rajesh Sharma Distributors,54000,0,54000,Payment to Rajesh Sharma Distributors,Posted,2024-05-10,2024-05-01
VCH-3648,COMP-0035,PAY-003648,Payment,2024-05-20,PTY-0552,Rajesh Kumar Distributors,66000,0,66000,Payment to Rajesh Kumar Distributors,Posted,2024-05-20,2024-05-01
VCH-3649,COMP-0035,CNT-003649,Contra,2024-04-05,,,0,0,50000,Contra Entry,Posted,2024-04-05,2024-05-01
VCH-3650,COMP-0035,CNT-003650,Contra,2024-04-15,,,0,0,75000,Contra Entry,Posted,2024-04-15,2024-05-01
VCH-3651,COMP-0035,CNT-003651,Contra,2024-05-10,,,0,0,100000,Contra Entry,Posted,2024-05-10,2024-05-01
VCH-3652,COMP-0035,DN-003652,Debit Note,2024-04-05,PTY-0553,Rajesh Kumar Traders,15000,2700,17700,Debit Note to Rajesh Kumar Traders,Posted,2024-04-05,2024-05-01
VCH-3653,COMP-0035,DN-003653,Debit Note,2024-04-15,PTY-0554,Amit Sharma Suppliers,23000,2700,25700,Debit Note to Amit Sharma Suppliers,Posted,2024-04-15,2024-05-01
VCH-3654,COMP-0035,DN-003654,Debit Note,2024-05-10,PTY-0555,Priya Kumar Traders,31000,2700,33700,Debit Note to Priya Kumar Traders,Posted,2024-05-10,2024-05-01
VCH-3655,COMP-0035,DN-003655,Debit Note,2024-05-20,PTY-0556,Neha Gupta Suppliers,39000,2700,41700,Debit Note to Neha Gupta Suppliers,Posted,2024-05-20,2024-05-01
VCH-3656,COMP-0035,CN-003656,Credit Note,2024-04-05,PTY-0557,Vikram Sharma Traders,20000,3600,23600,Credit Note to Vikram Sharma Traders,Posted,2024-04-05,2024-05-01
VCH-3657,COMP-0035,CN-003657,Credit Note,2024-04-15,PTY-0558,Priya Sharma Distributors,27000,3600,30600,Credit Note to Priya Sharma Distributors,Posted,2024-04-15,2024-05-01
VCH-3658,COMP-0035,CN-003658,Credit Note,2024-05-10,PTY-0559,Neha Patel Distributors,34000,3600,37600,Credit Note to Neha Patel Distributors,Posted,2024-05-10,2024-05-01
VCH-3659,COMP-0035,CN-003659,Credit Note,2024-05-20,PTY-0560,Vikram Sharma Traders,41000,3600,44600,Credit Note to Vikram Sharma Traders,Posted,2024-05-20,2024-05-01
VCH-3660,COMP-0035,DLN-003660,Delivery Note,2024-04-05,PTY-0545,Priya Kumar Distributors,0,0,0,Delivery Note to Priya Kumar Distributors,Posted,2024-04-05,2024-05-01
VCH-3661,COMP-0035,DLN-003661,Delivery Note,2024-04-15,PTY-0546,Vikram Gupta Distributors,0,0,0,Delivery Note to Vikram Gupta Distributors,Posted,2024-04-15,2024-05-01
VCH-3662,COMP-0035,DLN-003662,Delivery Note,2024-05-10,PTY-0547,Vikram Singh Distributors,0,0,0,Delivery Note to Vikram Singh Distributors,Posted,2024-05-10,2024-05-01
VCH-3663,COMP-0035,DLN-003663,Delivery Note,2024-05-20,PTY-0548,Neha Patel Distributors,0,0,0,Delivery Note to Neha Patel Distributors,Posted,2024-05-20,2024-05-01
VCH-3664,COMP-0035,RN-003664,Receipt Note,2024-04-05,PTY-0549,Rajesh Kumar Distributors,0,0,0,Receipt Note from Rajesh Kumar Distributors,Posted,2024-04-05,2024-05-01
VCH-3665,COMP-0035,RN-003665,Receipt Note,2024-04-15,PTY-0550,Rajesh Gupta Distributors,0,0,0,Receipt Note from Rajesh Gupta Distributors,Posted,2024-04-15,2024-05-01
VCH-3666,COMP-0035,RN-003666,Receipt Note,2024-05-10,PTY-0551,Rajesh Sharma Distributors,0,0,0,Receipt Note from Rajesh Sharma Distributors,Posted,2024-05-10,2024-05-01
VCH-3667,COMP-0035,RN-003667,Receipt Note,2024-05-20,PTY-0552,Rajesh Kumar Distributors,0,0,0,Receipt Note from Rajesh Kumar Distributors,Posted,2024-05-20,2024-05-01
VCH-3668,COMP-0036,RCP-003668,Receipt,2024-04-05,PTY-0561,Neha Patel Traders,25000,0,25000,Receipt from Neha Patel Traders,Posted,2024-04-05,2024-05-01
VCH-3669,COMP-0036,RCP-003669,Receipt,2024-04-15,PTY-0562,Rajesh Patel Distributors,40000,0,40000,Receipt from Rajesh Patel Distributors,Posted,2024-04-15,2024-05-01
VCH-3670,COMP-0036,RCP-003670,Receipt,2024-05-10,PTY-0563,Neha Sharma Distributors,55000,0,55000,Receipt from Neha Sharma Distributors,Posted,2024-05-10,2024-05-01
VCH-3671,COMP-0036,RCP-003671,Receipt,2024-05-20,PTY-0564,Priya Singh Distributors,70000,0,70000,Receipt from Priya Singh Distributors,Posted,2024-05-20,2024-05-01
VCH-3672,COMP-0036,PAY-003672,Payment,2024-04-05,PTY-0565,Vikram Sharma Suppliers,30000,0,30000,Payment to Vikram Sharma Suppliers,Posted,2024-04-05,2024-05-01
VCH-3673,COMP-0036,PAY-003673,Payment,2024-04-15,PTY-0566,Neha Sharma Distributors,42000,0,42000,Payment to Neha Sharma Distributors,Posted,2024-04-15,2024-05-01
VCH-3674,COMP-0036,PAY-003674,Payment,2024-05-10,PTY-0567,Rajesh Patel Distributors,54000,0,54000,Payment to Rajesh Patel Distributors,Posted,2024-05-10,2024-05-01
VCH-3675,COMP-0036,PAY-003675,Payment,2024-05-20,PTY-0568,Amit Patel Traders,66000,0,66000,Payment to Amit Patel Traders,Posted,2024-05-20,2024-05-01
VCH-3676,COMP-0036,CNT-003676,Contra,2024-04-05,,,0,0,50000,Contra Entry,Posted,2024-04-05,2024-05-01
VCH-3677,COMP-0036,CNT-003677,Contra,2024-04-15,,,0,0,75000,Contra Entry,Posted,2024-04-15,2024-05-01
VCH-3678,COMP-0036,CNT-003678,Contra,2024-05-10,,,0,0,100000,Contra Entry,Posted,2024-05-10,2024-05-01
VCH-3679,COMP-0036,DN-003679,Debit Note,2024-04-05,PTY-0569,Priya Gupta Suppliers,15000,2700,17700,Debit Note to Priya Gupta Suppliers,Posted,2024-04-05,2024-05-01
VCH-3680,COMP-0036,DN-003680,Debit Note,2024-04-15,PTY-0570,Rajesh Gupta Distributors,23000,2700,25700,Debit Note to Rajesh Gupta Distributors,Posted,2024-04-15,2024-05-01
VCH-3681,COMP-0036,DN-003681,Debit Note,2024-05-10,PTY-0571,Priya Kumar Traders,31000,2700,33700,Debit Note to Priya Kumar Traders,Posted,2024-05-10,2024-05-01
VCH-3682,COMP-0036,DN-003682,Debit Note,2024-05-20,PTY-0572,Vikram Gupta Distributors,39000,2700,41700,Debit Note to Vikram Gupta Distributors,Posted,2024-05-20,2024-05-01
VCH-3683,COMP-0036,CN-003683,Credit Note,2024-04-05,PTY-0573,Neha Sharma Suppliers,20000,3600,23600,Credit Note to Neha Sharma Suppliers,Posted,2024-04-05,2024-05-01
VCH-3684,COMP-0036,CN-003684,Credit Note,2024-04-15,PTY-0574,Priya Patel Suppliers,27000,3600,30600,Credit Note to Priya Patel Suppliers,Posted,2024-04-15,2024-05-01
VCH-3685,COMP-0036,CN-003685,Credit Note,2024-05-10,PTY-0575,Rajesh Kumar Suppliers,34000,3600,37600,Credit Note to Rajesh Kumar Suppliers,Posted,2024-05-10,2024-05-01
VCH-3686,COMP-0036,CN-003686,Credit Note,2024-05-20,PTY-0576,Amit Gupta Suppliers,41000,3600,44600,Credit Note to Amit Gupta Suppliers,Posted,2024-05-20,2024-05-01
VCH-3687,COMP-0036,DLN-003687,Delivery Note,2024-04-05,PTY-0561,Neha Patel Traders,0,0,0,Delivery Note to Neha Patel Traders,Posted,2024-04-05,2024-05-01
VCH-3688,COMP-0036,DLN-003688,Delivery Note,2024-04-15,PTY-0562,Rajesh Patel Distributors,0,0,0,Delivery Note to Rajesh Patel Distributors,Posted,2024-04-15,2024-05-01
VCH-3689,COMP-0036,DLN-003689,Delivery Note,2024-05-10,PTY-0563,Neha Sharma Distributors,0,0,0,Delivery Note to Neha Sharma Distributors,Posted,2024-05-10,2024-05-01
VCH-3690,COMP-0036,DLN-003690,Delivery Note,2024-05-20,PTY-0564,Priya Singh Distributors,0,0,0,Delivery Note to Priya Singh Distributors,Posted,2024-05-20,2024-05-01
VCH-3691,COMP-0036,RN-003691,Receipt Note,2024-04-05,PTY-0565,Vikram Sharma Suppliers,0,0,0,Receipt Note from Vikram Sharma Suppliers,Posted,2024-04-05,2024-05-01
VCH-3692,COMP-0036,RN-003692,Receipt Note,2024-04-15,PTY-0566,Neha Sharma Distributors,0,0,0,Receipt Note from Neha Sharma Distributors,Posted,2024-04-15,2024-05-01
VCH-3693,COMP-0036,RN-003693,Receipt Note,2024-05-10,PTY-0567,Rajesh Patel Distributors,0,0,0,Receipt Note from Rajesh Patel Distributors,Posted,2024-05-10,2024-05-01
VCH-3694,COMP-0036,RN-003694,Receipt Note,2024-05-20,PTY-0568,Amit Patel Traders,0,0,0,Receipt Note from Amit Patel Traders,Posted,2024-05-20,2024-05-01
VCH-3695,COMP-0037,RCP-003695,Receipt,2024-04-05,PTY-0577,Vikram Sharma Suppliers,25000,0,25000,Receipt from Vikram Sharma Suppliers,Posted,2024-04-05,2024-05-01
VCH-3696,COMP-0037,RCP-003696,Receipt,2024-04-15,PTY-0578,Priya Sharma Distributors,40000,0,40000,Receipt from Priya Sharma Distributors,Posted,2024-04-15,2024-05-01
VCH-3697,COMP-0037,RCP-003697,Receipt,2024-05-10,PTY-0579,Priya Kumar Traders,55000,0,55000,Receipt from Priya Kumar Traders,Posted,2024-05-10,2024-05-01
VCH-3698,COMP-0037,RCP-003698,Receipt,2024-05-20,PTY-0580,Amit Sharma Suppliers,70000,0,70000,Receipt from Amit Sharma Suppliers,Posted,2024-05-20,2024-05-01
VCH-3699,COMP-0037,PAY-003699,Payment,2024-04-05,PTY-0581,Priya Kumar Suppliers,30000,0,30000,Payment to Priya Kumar Suppliers,Posted,2024-04-05,2024-05-01
VCH-3700,COMP-0037,PAY-003700,Payment,2024-04-15,PTY-0582,Priya Singh Suppliers,42000,0,42000,Payment to Priya Singh Suppliers,Posted,2024-04-15,2024-05-01
VCH-3701,COMP-0037,PAY-003701,Payment,2024-05-10,PTY-0583,Rajesh Gupta Distributors,54000,0,54000,Payment to Rajesh Gupta Distributors,Posted,2024-05-10,2024-05-01
VCH-3702,COMP-0037,PAY-003702,Payment,2024-05-20,PTY-0584,Neha Sharma Distributors,66000,0,66000,Payment to Neha Sharma Distributors,Posted,2024-05-20,2024-05-01
VCH-3703,COMP-0037,CNT-003703,Contra,2024-04-05,,,0,0,50000,Contra Entry,Posted,2024-04-05,2024-05-01
VCH-3704,COMP-0037,CNT-003704,Contra,2024-04-15,,,0,0,75000,Contra Entry,Posted,2024-04-15,2024-05-01
VCH-3705,COMP-0037,CNT-003705,Contra,2024-05-10,,,0,0,100000,Contra Entry,Posted,2024-05-10,2024-05-01
VCH-3706,COMP-0037,DN-003706,Debit Note,2024-04-05,PTY-0585,Vikram Patel Suppliers,15000,2700,17700,Debit Note to Vikram Patel Suppliers,Posted,2024-04-05,2024-05-01
VCH-3707,COMP-0037,DN-003707,Debit Note,2024-04-15,PTY-0586,Amit Singh Distributors,23000,2700,25700,Debit Note to Amit Singh Distributors,Posted,2024-04-15,2024-05-01
VCH-3708,COMP-0037,DN-003708,Debit Note,2024-05-10,PTY-0587,Priya Gupta Distributors,31000,2700,33700,Debit Note to Priya Gupta Distributors,Posted,2024-05-10,2024-05-01
VCH-3709,COMP-0037,DN-003709,Debit Note,2024-05-20,PTY-0588,Vikram Sharma Traders,39000,2700,41700,Debit Note to Vikram Sharma Traders,Posted,2024-05-20,2024-05-01
VCH-3710,COMP-0037,CN-003710,Credit Note,2024-04-05,PTY-0589,Vikram Sharma Traders,20000,3600,23600,Credit Note to Vikram Sharma Traders,Posted,2024-04-05,2024-05-01
VCH-3711,COMP-0037,CN-003711,Credit Note,2024-04-15,PTY-0590,Neha Patel Suppliers,27000,3600,30600,Credit Note to Neha Patel Suppliers,Posted,2024-04-15,2024-05-01
VCH-3712,COMP-0037,CN-003712,Credit Note,2024-05-10,PTY-0591,Vikram Singh Suppliers,34000,3600,37600,Credit Note to Vikram Singh Suppliers,Posted,2024-05-10,2024-05-01
VCH-3713,COMP-0037,CN-003713,Credit Note,2024-05-20,PTY-0592,Vikram Patel Traders,41000,3600,44600,Credit Note to Vikram Patel Traders,Posted,2024-05-20,2024-05-01
VCH-3714,COMP-0037,DLN-003714,Delivery Note,2024-04-05,PTY-0577,Vikram Sharma Suppliers,0,0,0,Delivery Note to Vikram Sharma Suppliers,Posted,2024-04-05,2024-05-01
VCH-3715,COMP-0037,DLN-003715,Delivery Note,2024-04-15,PTY-0578,Priya Sharma Distributors,0,0,0,Delivery Note to Priya Sharma Distributors,Posted,2024-04-15,2024-05-01
VCH-3716,COMP-0037,DLN-003716,Delivery Note,2024-05-10,PTY-0579,Priya Kumar Traders,0,0,0,Delivery Note to Priya Kumar Traders,Posted,2024-05-10,2024-05-01
VCH-3717,COMP-0037,DLN-003717,Delivery Note,2024-05-20,PTY-0580,Amit Sharma Suppliers,0,0,0,Delivery Note to Amit Sharma Suppliers,Posted,2024-05-20,2024-05-01
VCH-3718,COMP-0037,RN-003718,Receipt Note,2024-04-05,PTY-0581,Priya Kumar Suppliers,0,0,0,Receipt Note from Priya Kumar Suppliers,Posted,2024-04-05,2024-05-01
VCH-3719,COMP-0037,RN-003719,Receipt Note,2024-04-15,PTY-0582,Priya Singh Suppliers,0,0,0,Receipt Note from Priya Singh Suppliers,Posted,2024-04-15,2024-05-01
VCH-3720,COMP-0037,RN-003720,Receipt Note,2024-05-10,PTY-0583,Rajesh Gupta Distributors,0,0,0,Receipt Note from Rajesh Gupta Distributors,Posted,2024-05-10,2024-05-01
VCH-3721,COMP-0037,RN-003721,Receipt Note,2024-05-20,PTY-0584,Neha Sharma Distributors,0,0,0,Receipt Note from Neha Sharma Distributors,Posted,2024-05-20,2024-05-01
VCH-3722,COMP-0038,RCP-003722,Receipt,2024-04-05,PTY-0593,Vikram Patel Suppliers,25000,0,25000,Receipt from Vikram Patel Suppliers,Posted,2024-04-05,2024-05-01
VCH-3723,COMP-0038,RCP-003723,Receipt,2024-04-15,PTY-0594,Vikram Sharma Traders,40000,0,40000,Receipt from Vikram Sharma Traders,Posted,2024-04-15,2024-05-01
VCH-3724,COMP-0038,RCP-003724,Receipt,2024-05-10,PTY-0595,Neha Singh Distributors,55000,0,55000,Receipt from Neha Singh Distributors,Posted,2024-05-10,2024-05-01
VCH-3725,COMP-0038,RCP-003725,Receipt,2024-05-20,PTY-0596,Rajesh Kumar Distributors,70000,0,70000,Receipt from Rajesh Kumar Distributors,Posted,2024-05-20,2024-05-01
VCH-3726,COMP-0038,PAY-003726,Payment,2024-04-05,PTY-0597,Vikram Sharma Distributors,30000,0,30000,Payment to Vikram Sharma Distributors,Posted,2024-04-05,2024-05-01
VCH-3727,COMP-0038,PAY-003727,Payment,2024-04-15,PTY-0598,Rajesh Gupta Suppliers,42000,0,42000,Payment to Rajesh Gupta Suppliers,Posted,2024-04-15,2024-05-01
VCH-3728,COMP-0038,PAY-003728,Payment,2024-05-10,PTY-0599,Vikram Kumar Suppliers,54000,0,54000,Payment to Vikram Kumar Suppliers,Posted,2024-05-10,2024-05-01
VCH-3729,COMP-0038,PAY-003729,Payment,2024-05-20,PTY-0600,Neha Sharma Suppliers,66000,0,66000,Payment to Neha Sharma Suppliers,Posted,2024-05-20,2024-05-01
VCH-3730,COMP-0038,CNT-003730,Contra,2024-04-05,,,0,0,50000,Contra Entry,Posted,2024-04-05,2024-05-01
VCH-3731,COMP-0038,CNT-003731,Contra,2024-04-15,,,0,0,75000,Contra Entry,Posted,2024-04-15,2024-05-01
VCH-3732,COMP-0038,CNT-003732,Contra,2024-05-10,,,0,0,100000,Contra Entry,Posted,2024-05-10,2024-05-01
VCH-3733,COMP-0038,DN-003733,Debit Note,2024-04-05,PTY-0601,Priya Patel Traders,15000,2700,17700,Debit Note to Priya Patel Traders,Posted,2024-04-05,2024-05-01
VCH-3734,COMP-0038,DN-003734,Debit Note,2024-04-15,PTY-0602,Rajesh Sharma Traders,23000,2700,25700,Debit Note to Rajesh Sharma Traders,Posted,2024-04-15,2024-05-01
VCH-3735,COMP-0038,DN-003735,Debit Note,2024-05-10,PTY-0603,Priya Singh Suppliers,31000,2700,33700,Debit Note to Priya Singh Suppliers,Posted,2024-05-10,2024-05-01
VCH-3736,COMP-0038,DN-003736,Debit Note,2024-05-20,PTY-0604,Amit Sharma Suppliers,39000,2700,41700,Debit Note to Amit Sharma Suppliers,Posted,2024-05-20,2024-05-01
VCH-3737,COMP-0038,CN-003737,Credit Note,2024-04-05,PTY-0605,Vikram Kumar Distributors,20000,3600,23600,Credit Note to Vikram Kumar Distributors,Posted,2024-04-05,2024-05-01
VCH-3738,COMP-0038,CN-003738,Credit Note,2024-04-15,PTY-0606,Vikram Gupta Distributors,27000,3600,30600,Credit Note to Vikram Gupta Distributors,Posted,2024-04-15,2024-05-01
VCH-3739,COMP-0038,CN-003739,Credit Note,2024-05-10,PTY-0607,Neha Sharma Traders,34000,3600,37600,Credit Note to Neha Sharma Traders,Posted,2024-05-10,2024-05-01
VCH-3740,COMP-0038,CN-003740,Credit Note,2024-05-20,PTY-0608,Rajesh Singh Suppliers,41000,3600,44600,Credit Note to Rajesh Singh Suppliers,Posted,2024-05-20,2024-05-01
VCH-3741,COMP-0038,DLN-003741,Delivery Note,2024-04-05,PTY-0593,Vikram Patel Suppliers,0,0,0,Delivery Note to Vikram Patel Suppliers,Posted,2024-04-05,2024-05-01
VCH-3742,COMP-0038,DLN-003742,Delivery Note,2024-04-15,PTY-0594,Vikram Sharma Traders,0,0,0,Delivery Note to Vikram Sharma Traders,Posted,2024-04-15,2024-05-01
VCH-3743,COMP-0038,DLN-003743,Delivery Note,2024-05-10,PTY-0595,Neha Singh Distributors,0,0,0,Delivery Note to Neha Singh Distributors,Posted,2024-05-10,2024-05-01
VCH-3744,COMP-0038,DLN-003744,Delivery Note,2024-05-20,PTY-0596,Rajesh Kumar Distributors,0,0,0,Delivery Note to Rajesh Kumar Distributors,Posted,2024-05-20,2024-05-01
VCH-3745,COMP-0038,RN-003745,Receipt Note,2024-04-05,PTY-0597,Vikram Sharma Distributors,0,0,0,Receipt Note from Vikram Sharma Distributors,Posted,2024-04-05,2024-05-01
VCH-3746,COMP-0038,RN-003746,Receipt Note,2024-04-15,PTY-0598,Rajesh Gupta Suppliers,0,0,0,Receipt Note from Rajesh Gupta Suppliers,Posted,2024-04-15,2024-05-01
VCH-3747,COMP-0038,RN-003747,Receipt Note,2024-05-10,PTY-0599,Vikram Kumar Suppliers,0,0,0,Receipt Note from Vikram Kumar Suppliers,Posted,2024-05-10,2024-05-01
VCH-3748,COMP-0038,RN-003748,Receipt Note,2024-05-20,PTY-0600,Neha Sharma Suppliers,0,0,0,Receipt Note from Neha Sharma Suppliers,Posted,2024-05-20,2024-05-01
VCH-3749,COMP-0039,RCP-003749,Receipt,2024-04-05,PTY-0609,Amit Patel Distributors,25000,0,25000,Receipt from Amit Patel Distributors,Posted,2024-04-05,2024-05-01
VCH-3750,COMP-0039,RCP-003750,Receipt,2024-04-15,PTY-0610,Vikram Sharma Traders,40000,0,40000,Receipt from Vikram Sharma Traders,Posted,2024-04-15,2024-05-01
VCH-3751,COMP-0039,RCP-003751,Receipt,2024-05-10,PTY-0611,Amit Sharma Traders,55000,0,55000,Receipt from Amit Sharma Traders,Posted,2024-05-10,2024-05-01
VCH-3752,COMP-0039,RCP-003752,Receipt,2024-05-20,PTY-0612,Neha Gupta Traders,70000,0,70000,Receipt from Neha Gupta Traders,Posted,2024-05-20,2024-05-01
VCH-3753,COMP-0039,PAY-003753,Payment,2024-04-05,PTY-0613,Rajesh Sharma Traders,30000,0,30000,Payment to Rajesh Sharma Traders,Posted,2024-04-05,2024-05-01
VCH-3754,COMP-0039,PAY-003754,Payment,2024-04-15,PTY-0614,Priya Sharma Suppliers,42000,0,42000,Payment to Priya Sharma Suppliers,Posted,2024-04-15,2024-05-01
VCH-3755,COMP-0039,PAY-003755,Payment,2024-05-10,PTY-0615,Neha Patel Traders,54000,0,54000,Payment to Neha Patel Traders,Posted,2024-05-10,2024-05-01
VCH-3756,COMP-0039,PAY-003756,Payment,2024-05-20,PTY-0616,Amit Gupta Distributors,66000,0,66000,Payment to Amit Gupta Distributors,Posted,2024-05-20,2024-05-01
VCH-3757,COMP-0039,CNT-003757,Contra,2024-04-05,,,0,0,50000,Contra Entry,Posted,2024-04-05,2024-05-01
VCH-3758,COMP-0039,CNT-003758,Contra,2024-04-15,,,0,0,75000,Contra Entry,Posted,2024-04-15,2024-05-01
VCH-3759,COMP-0039,CNT-003759,Contra,2024-05-10,,,0,0,100000,Contra Entry,Posted,2024-05-10,2024-05-01
VCH-3760,COMP-0039,DN-003760,Debit Note,2024-04-05,PTY-0617,Amit Singh Traders,15000,2700,17700,Debit Note to Amit Singh Traders,Posted,2024-04-05,2024-05-01
VCH-3761,COMP-0039,DN-003761,Debit Note,2024-04-15,PTY-0618,Amit Kumar Suppliers,23000,2700,25700,Debit Note to Amit Kumar Suppliers,Posted,2024-04-15,2024-05-01
VCH-3762,COMP-0039,DN-003762,Debit Note,2024-05-10,PTY-0619,Rajesh Kumar Suppliers,31000,2700,33700,Debit Note to Rajesh Kumar Suppliers,Posted,2024-05-10,2024-05-01
VCH-3763,COMP-0039,DN-003763,Debit Note,2024-05-20,PTY-0620,Rajesh Singh Suppliers,39000,2700,41700,Debit Note to Rajesh Singh Suppliers,Posted,2024-05-20,2024-05-01
VCH-3764,COMP-0039,CN-003764,Credit Note,2024-04-05,PTY-0621,Neha Kumar Traders,20000,3600,23600,Credit Note to Neha Kumar Traders,Posted,2024-04-05,2024-05-01
VCH-3765,COMP-0039,CN-003765,Credit Note,2024-04-15,PTY-0622,Rajesh Kumar Distributors,27000,3600,30600,Credit Note to Rajesh Kumar Distributors,Posted,2024-04-15,2024-05-01
VCH-3766,COMP-0039,CN-003766,Credit Note,2024-05-10,PTY-0623,Neha Sharma Traders,34000,3600,37600,Credit Note to Neha Sharma Traders,Posted,2024-05-10,2024-05-01
VCH-3767,COMP-0039,CN-003767,Credit Note,2024-05-20,PTY-0624,Priya Singh Suppliers,41000,3600,44600,Credit Note to Priya Singh Suppliers,Posted,2024-05-20,2024-05-01
VCH-3768,COMP-0039,DLN-003768,Delivery Note,2024-04-05,PTY-0609,Amit Patel Distributors,0,0,0,Delivery Note to Amit Patel Distributors,Posted,2024-04-05,2024-05-01
VCH-3769,COMP-0039,DLN-003769,Delivery Note,2024-04-15,PTY-0610,Vikram Sharma Traders,0,0,0,Delivery Note to Vikram Sharma Traders,Posted,2024-04-15,2024-05-01
VCH-3770,COMP-0039,DLN-003770,Delivery Note,2024-05-10,PTY-0611,Amit Sharma Traders,0,0,0,Delivery Note to Amit Sharma Traders,Posted,2024-05-10,2024-05-01
VCH-3771,COMP-0039,DLN-003771,Delivery Note,2024-05-20,PTY-0612,Neha Gupta Traders,0,0,0,Delivery Note to Neha Gupta Traders,Posted,2024-05-20,2024-05-01
VCH-3772,COMP-0039,RN-003772,Receipt Note,2024-04-05,PTY-0613,Rajesh Sharma Traders,0,0,0,Receipt Note from Rajesh Sharma Traders,Posted,2024-04-05,2024-05-01
VCH-3773,COMP-0039,RN-003773,Receipt Note,2024-04-15,PTY-0614,Priya Sharma Suppliers,0,0,0,Receipt Note from Priya Sharma Suppliers,Posted,2024-04-15,2024-05-01
VCH-3774,COMP-0039,RN-003774,Receipt Note,2024-05-10,PTY-0615,Neha Patel Traders,0,0,0,Receipt Note from Neha Patel Traders,Posted,2024-05-10,2024-05-01
VCH-3775,COMP-0039,RN-003775,Receipt Note,2024-05-20,PTY-0616,Amit Gupta Distributors,0,0,0,Receipt Note from Amit Gupta Distributors,Posted,2024-05-20,2024-05-01
VCH-3776,COMP-0040,RCP-003776,Receipt,2024-04-05,PTY-0625,Vikram Patel Suppliers,25000,0,25000,Receipt from Vikram Patel Suppliers,Posted,2024-04-05,2024-05-01
VCH-3777,COMP-0040,RCP-003777,Receipt,2024-04-15,PTY-0626,Rajesh Sharma Suppliers,40000,0,40000,Receipt from Rajesh Sharma Suppliers,Posted,2024-04-15,2024-05-01
VCH-3778,COMP-0040,RCP-003778,Receipt,2024-05-10,PTY-0627,Rajesh Sharma Traders,55000,0,55000,Receipt from Rajesh Sharma Traders,Posted,2024-05-10,2024-05-01
VCH-3779,COMP-0040,RCP-003779,Receipt,2024-05-20,PTY-0628,Vikram Gupta Suppliers,70000,0,70000,Receipt from Vikram Gupta Suppliers,Posted,2024-05-20,2024-05-01
VCH-3780,COMP-0040,PAY-003780,Payment,2024-04-05,PTY-0629,Amit Gupta Suppliers,30000,0,30000,Payment to Amit Gupta Suppliers,Posted,2024-04-05,2024-05-01
VCH-3781,COMP-0040,PAY-003781,Payment,2024-04-15,PTY-0630,Vikram Sharma Traders,42000,0,42000,Payment to Vikram Sharma Traders,Posted,2024-04-15,2024-05-01
VCH-3782,COMP-0040,PAY-003782,Payment,2024-05-10,PTY-0631,Priya Sharma Suppliers,54000,0,54000,Payment to Priya Sharma Suppliers,Posted,2024-05-10,2024-05-01
VCH-3783,COMP-0040,PAY-003783,Payment,2024-05-20,PTY-0632,Vikram Gupta Suppliers,66000,0,66000,Payment to Vikram Gupta Suppliers,Posted,2024-05-20,2024-05-01
VCH-3784,COMP-0040,CNT-003784,Contra,2024-04-05,,,0,0,50000,Contra Entry,Posted,2024-04-05,2024-05-01
VCH-3785,COMP-0040,CNT-003785,Contra,2024-04-15,,,0,0,75000,Contra Entry,Posted,2024-04-15,2024-05-01
VCH-3786,COMP-0040,CNT-003786,Contra,2024-05-10,,,0,0,100000,Contra Entry,Posted,2024-05-10,2024-05-01
VCH-3787,COMP-0040,DN-003787,Debit Note,2024-04-05,PTY-0633,Priya Kumar Traders,15000,2700,17700,Debit Note to Priya Kumar Traders,Posted,2024-04-05,2024-05-01
VCH-3788,COMP-0040,DN-003788,Debit Note,2024-04-15,PTY-0634,Priya Singh Traders,23000,2700,25700,Debit Note to Priya Singh Traders,Posted,2024-04-15,2024-05-01
VCH-3789,COMP-0040,DN-003789,Debit Note,2024-05-10,PTY-0635,Vikram Patel Suppliers,31000,2700,33700,Debit Note to Vikram Patel Suppliers,Posted,2024-05-10,2024-05-01
VCH-3790,COMP-0040,DN-003790,Debit Note,2024-05-20,PTY-0636,Vikram Sharma Distributors,39000,2700,41700,Debit Note to Vikram Sharma Distributors,Posted,2024-05-20,2024-05-01
VCH-3791,COMP-0040,CN-003791,Credit Note,2024-04-05,PTY-0637,Vikram Sharma Traders,20000,3600,23600,Credit Note to Vikram Sharma Traders,Posted,2024-04-05,2024-05-01
VCH-3792,COMP-0040,CN-003792,Credit Note,2024-04-15,PTY-0638,Priya Gupta Suppliers,27000,3600,30600,Credit Note to Priya Gupta Suppliers,Posted,2024-04-15,2024-05-01
VCH-3793,COMP-0040,CN-003793,Credit Note,2024-05-10,PTY-0639,Rajesh Gupta Distributors,34000,3600,37600,Credit Note to Rajesh Gupta Distributors,Posted,2024-05-10,2024-05-01
VCH-3794,COMP-0040,CN-003794,Credit Note,2024-05-20,PTY-0640,Priya Gupta Suppliers,41000,3600,44600,Credit Note to Priya Gupta Suppliers,Posted,2024-05-20,2024-05-01
VCH-3795,COMP-0040,DLN-003795,Delivery Note,2024-04-05,PTY-0625,Vikram Patel Suppliers,0,0,0,Delivery Note to Vikram Patel Suppliers,Posted,2024-04-05,2024-05-01
VCH-3796,COMP-0040,DLN-003796,Delivery Note,2024-04-15,PTY-0626,Rajesh Sharma Suppliers,0,0,0,Delivery Note to Rajesh Sharma Suppliers,Posted,2024-04-15,2024-05-01
VCH-3797,COMP-0040,DLN-003797,Delivery Note,2024-05-10,PTY-0627,Rajesh Sharma Traders,0,0,0,Delivery Note to Rajesh Sharma Traders,Posted,2024-05-10,2024-05-01
VCH-3798,COMP-0040,DLN-003798,Delivery Note,2024-05-20,PTY-0628,Vikram Gupta Suppliers,0,0,0,Delivery Note to Vikram Gupta Suppliers,Posted,2024-05-20,2024-05-01
VCH-3799,COMP-0040,RN-003799,Receipt Note,2024-04-05,PTY-0629,Amit Gupta Suppliers,0,0,0,Receipt Note from Amit Gupta Suppliers,Posted,2024-04-05,2024-05-01
VCH-3800,COMP-0040,RN-003800,Receipt Note,2024-04-15,PTY-0630,Vikram Sharma Traders,0,0,0,Receipt Note from Vikram Sharma Traders,Posted,2024-04-15,2024-05-01
VCH-3801,COMP-0040,RN-003801,Receipt Note,2024-05-10,PTY-0631,Priya Sharma Suppliers,0,0,0,Receipt Note from Priya Sharma Suppliers,Posted,2024-05-10,2024-05-01
VCH-3802,COMP-0040,RN-003802,Receipt Note,2024-05-20,PTY-0632,Vikram Gupta Suppliers,0,0,0,Receipt Note from Vikram Gupta Suppliers,Posted,2024-05-20,2024-05-01
VCH-3803,COMP-0041,RCP-003803,Receipt,2024-04-05,PTY-0641,Priya Kumar Traders,25000,0,25000,Receipt from Priya Kumar Traders,Posted,2024-04-05,2024-05-01
VCH-3804,COMP-0041,RCP-003804,Receipt,2024-04-15,PTY-0642,Neha Patel Traders,40000,0,40000,Receipt from Neha Patel Traders,Posted,2024-04-15,2024-05-01
VCH-3805,COMP-0041,RCP-003805,Receipt,2024-05-10,PTY-0643,Priya Kumar Suppliers,55000,0,55000,Receipt from Priya Kumar Suppliers,Posted,2024-05-10,2024-05-01
VCH-3806,COMP-0041,RCP-003806,Receipt,2024-05-20,PTY-0644,Rajesh Kumar Suppliers,70000,0,70000,Receipt from Rajesh Kumar Suppliers,Posted,2024-05-20,2024-05-01
VCH-3807,COMP-0041,PAY-003807,Payment,2024-04-05,PTY-0645,Rajesh Kumar Distributors,30000,0,30000,Payment to Rajesh Kumar Distributors,Posted,2024-04-05,2024-05-01
VCH-3808,COMP-0041,PAY-003808,Payment,2024-04-15,PTY-0646,Vikram Kumar Traders,42000,0,42000,Payment to Vikram Kumar Traders,Posted,2024-04-15,2024-05-01
VCH-3809,COMP-0041,PAY-003809,Payment,2024-05-10,PTY-0647,Amit Kumar Traders,54000,0,54000,Payment to Amit Kumar Traders,Posted,2024-05-10,2024-05-01
VCH-3810,COMP-0041,PAY-003810,Payment,2024-05-20,PTY-0648,Rajesh Kumar Traders,66000,0,66000,Payment to Rajesh Kumar Traders,Posted,2024-05-20,2024-05-01
VCH-3811,COMP-0041,CNT-003811,Contra,2024-04-05,,,0,0,50000,Contra Entry,Posted,2024-04-05,2024-05-01
VCH-3812,COMP-0041,CNT-003812,Contra,2024-04-15,,,0,0,75000,Contra Entry,Posted,2024-04-15,2024-05-01
VCH-3813,COMP-0041,CNT-003813,Contra,2024-05-10,,,0,0,100000,Contra Entry,Posted,2024-05-10,2024-05-01
VCH-3814,COMP-0041,DN-003814,Debit Note,2024-04-05,PTY-0649,Amit Singh Traders,15000,2700,17700,Debit Note to Amit Singh Traders,Posted,2024-04-05,2024-05-01
VCH-3815,COMP-0041,DN-003815,Debit Note,2024-04-15,PTY-0650,Amit Singh Distributors,23000,2700,25700,Debit Note to Amit Singh Distributors,Posted,2024-04-15,2024-05-01
VCH-3816,COMP-0041,DN-003816,Debit Note,2024-05-10,PTY-0651,Priya Kumar Suppliers,31000,2700,33700,Debit Note to Priya Kumar Suppliers,Posted,2024-05-10,2024-05-01
VCH-3817,COMP-0041,DN-003817,Debit Note,2024-05-20,PTY-0652,Priya Sharma Traders,39000,2700,41700,Debit Note to Priya Sharma Traders,Posted,2024-05-20,2024-05-01
VCH-3818,COMP-0041,CN-003818,Credit Note,2024-04-05,PTY-0653,Amit Singh Traders,20000,3600,23600,Credit Note to Amit Singh Traders,Posted,2024-04-05,2024-05-01
VCH-3819,COMP-0041,CN-003819,Credit Note,2024-04-15,PTY-0654,Priya Singh Traders,27000,3600,30600,Credit Note to Priya Singh Traders,Posted,2024-04-15,2024-05-01
VCH-3820,COMP-0041,CN-003820,Credit Note,2024-05-10,PTY-0655,Rajesh Kumar Suppliers,34000,3600,37600,Credit Note to Rajesh Kumar Suppliers,Posted,2024-05-10,2024-05-01
VCH-3821,COMP-0041,CN-003821,Credit Note,2024-05-20,PTY-0656,Neha Patel Suppliers,41000,3600,44600,Credit Note to Neha Patel Suppliers,Posted,2024-05-20,2024-05-01
VCH-3822,COMP-0041,DLN-003822,Delivery Note,2024-04-05,PTY-0641,Priya Kumar Traders,0,0,0,Delivery Note to Priya Kumar Traders,Posted,2024-04-05,2024-05-01
VCH-3823,COMP-0041,DLN-003823,Delivery Note,2024-04-15,PTY-0642,Neha Patel Traders,0,0,0,Delivery Note to Neha Patel Traders,Posted,2024-04-15,2024-05-01
VCH-3824,COMP-0041,DLN-003824,Delivery Note,2024-05-10,PTY-0643,Priya Kumar Suppliers,0,0,0,Delivery Note to Priya Kumar Suppliers,Posted,2024-05-10,2024-05-01
VCH-3825,COMP-0041,DLN-003825,Delivery Note,2024-05-20,PTY-0644,Rajesh Kumar Suppliers,0,0,0,Delivery Note to Rajesh Kumar Suppliers,Posted,2024-05-20,2024-05-01
VCH-3826,COMP-0041,RN-003826,Receipt Note,2024-04-05,PTY-0645,Rajesh Kumar Distributors,0,0,0,Receipt Note from Rajesh Kumar Distributors,Posted,2024-04-05,2024-05-01
VCH-3827,COMP-0041,RN-003827,Receipt Note,2024-04-15,PTY-0646,Vikram Kumar Traders,0,0,0,Receipt Note from Vikram Kumar Traders,Posted,2024-04-15,2024-05-01
VCH-3828,COMP-0041,RN-003828,Receipt Note,2024-05-10,PTY-0647,Amit Kumar Traders,0,0,0,Receipt Note from Amit Kumar Traders,Posted,2024-05-10,2024-05-01
VCH-3829,COMP-0041,RN-003829,Receipt Note,2024-05-20,PTY-0648,Rajesh Kumar Traders,0,0,0,Receipt Note from Rajesh Kumar Traders,Posted,2024-05-20,2024-05-01
VCH-3830,COMP-0042,RCP-003830,Receipt,2024-04-05,PTY-0657,Neha Singh Traders,25000,0,25000,Receipt from Neha Singh Traders,Posted,2024-04-05,2024-05-01
VCH-3831,COMP-0042,RCP-003831,Receipt,2024-04-15,PTY-0658,Priya Kumar Traders,40000,0,40000,Receipt from Priya Kumar Traders,Posted,2024-04-15,2024-05-01
VCH-3832,COMP-0042,RCP-003832,Receipt,2024-05-10,PTY-0659,Priya Patel Traders,55000,0,55000,Receipt from Priya Patel Traders,Posted,2024-05-10,2024-05-01
VCH-3833,COMP-0042,RCP-003833,Receipt,2024-05-20,PTY-0660,Priya Patel Traders,70000,0,70000,Receipt from Priya Patel Traders,Posted,2024-05-20,2024-05-01
VCH-3834,COMP-0042,PAY-003834,Payment,2024-04-05,PTY-0661,Priya Sharma Suppliers,30000,0,30000,Payment to Priya Sharma Suppliers,Posted,2024-04-05,2024-05-01
VCH-3835,COMP-0042,PAY-003835,Payment,2024-04-15,PTY-0662,Priya Gupta Distributors,42000,0,42000,Payment to Priya Gupta Distributors,Posted,2024-04-15,2024-05-01
VCH-3836,COMP-0042,PAY-003836,Payment,2024-05-10,PTY-0663,Neha Sharma Distributors,54000,0,54000,Payment to Neha Sharma Distributors,Posted,2024-05-10,2024-05-01
VCH-3837,COMP-0042,PAY-003837,Payment,2024-05-20,PTY-0664,Rajesh Gupta Distributors,66000,0,66000,Payment to Rajesh Gupta Distributors,Posted,2024-05-20,2024-05-01
VCH-3838,COMP-0042,CNT-003838,Contra,2024-04-05,,,0,0,50000,Contra Entry,Posted,2024-04-05,2024-05-01
VCH-3839,COMP-0042,CNT-003839,Contra,2024-04-15,,,0,0,75000,Contra Entry,Posted,2024-04-15,2024-05-01
VCH-3840,COMP-0042,CNT-003840,Contra,2024-05-10,,,0,0,100000,Contra Entry,Posted,2024-05-10,2024-05-01
VCH-3841,COMP-0042,DN-003841,Debit Note,2024-04-05,PTY-0665,Neha Kumar Suppliers,15000,2700,17700,Debit Note to Neha Kumar Suppliers,Posted,2024-04-05,2024-05-01
VCH-3842,COMP-0042,DN-003842,Debit Note,2024-04-15,PTY-0666,Vikram Singh Suppliers,23000,2700,25700,Debit Note to Vikram Singh Suppliers,Posted,2024-04-15,2024-05-01
VCH-3843,COMP-0042,DN-003843,Debit Note,2024-05-10,PTY-0667,Neha Kumar Traders,31000,2700,33700,Debit Note to Neha Kumar Traders,Posted,2024-05-10,2024-05-01
VCH-3844,COMP-0042,DN-003844,Debit Note,2024-05-20,PTY-0668,Priya Kumar Suppliers,39000,2700,41700,Debit Note to Priya Kumar Suppliers,Posted,2024-05-20,2024-05-01
VCH-3845,COMP-0042,CN-003845,Credit Note,2024-04-05,PTY-0669,Amit Sharma Suppliers,20000,3600,23600,Credit Note to Amit Sharma Suppliers,Posted,2024-04-05,2024-05-01
VCH-3846,COMP-0042,CN-003846,Credit Note,2024-04-15,PTY-0670,Neha Patel Distributors,27000,3600,30600,Credit Note to Neha Patel Distributors,Posted,2024-04-15,2024-05-01
VCH-3847,COMP-0042,CN-003847,Credit Note,2024-05-10,PTY-0671,Vikram Sharma Suppliers,34000,3600,37600,Credit Note to Vikram Sharma Suppliers,Posted,2024-05-10,2024-05-01
VCH-3848,COMP-0042,CN-003848,Credit Note,2024-05-20,PTY-0672,Neha Gupta Suppliers,41000,3600,44600,Credit Note to Neha Gupta Suppliers,Posted,2024-05-20,2024-05-01
VCH-3849,COMP-0042,DLN-003849,Delivery Note,2024-04-05,PTY-0657,Neha Singh Traders,0,0,0,Delivery Note to Neha Singh Traders,Posted,2024-04-05,2024-05-01
VCH-3850,COMP-0042,DLN-003850,Delivery Note,2024-04-15,PTY-0658,Priya Kumar Traders,0,0,0,Delivery Note to Priya Kumar Traders,Posted,2024-04-15,2024-05-01
VCH-3851,COMP-0042,DLN-003851,Delivery Note,2024-05-10,PTY-0659,Priya Patel Traders,0,0,0,Delivery Note to Priya Patel Traders,Posted,2024-05-10,2024-05-01
VCH-3852,COMP-0042,DLN-003852,Delivery Note,2024-05-20,PTY-0660,Priya Patel Traders,0,0,0,Delivery Note to Priya Patel Traders,Posted,2024-05-20,2024-05-01
VCH-3853,COMP-0042,RN-003853,Receipt Note,2024-04-05,PTY-0661,Priya Sharma Suppliers,0,0,0,Receipt Note from Priya Sharma Suppliers,Posted,2024-04-05,2024-05-01
VCH-3854,COMP-0042,RN-003854,Receipt Note,2024-04-15,PTY-0662,Priya Gupta Distributors,0,0,0,Receipt Note from Priya Gupta Distributors,Posted,2024-04-15,2024-05-01
VCH-3855,COMP-0042,RN-003855,Receipt Note,2024-05-10,PTY-0663,Neha Sharma Distributors,0,0,0,Receipt Note from Neha Sharma Distributors,Posted,2024-05-10,2024-05-01
VCH-3856,COMP-0042,RN-003856,Receipt Note,2024-05-20,PTY-0664,Rajesh Gupta Distributors,0,0,0,Receipt Note from Rajesh Gupta Distributors,Posted,2024-05-20,2024-05-01
VCH-3857,COMP-0043,RCP-003857,Receipt,2024-04-05,PTY-0673,Amit Kumar Distributors,25000,0,25000,Receipt from Amit Kumar Distributors,Posted,2024-04-05,2024-05-01
VCH-3858,COMP-0043,RCP-003858,Receipt,2024-04-15,PTY-0674,Neha Patel Distributors,40000,0,40000,Receipt from Neha Patel Distributors,Posted,2024-04-15,2024-05-01
VCH-3859,COMP-0043,RCP-003859,Receipt,2024-05-10,PTY-0675,Neha Kumar Distributors,55000,0,55000,Receipt from Neha Kumar Distributors,Posted,2024-05-10,2024-05-01
VCH-3860,COMP-0043,RCP-003860,Receipt,2024-05-20,PTY-0676,Vikram Kumar Distributors,70000,0,70000,Receipt from Vikram Kumar Distributors,Posted,2024-05-20,2024-05-01
VCH-3861,COMP-0043,PAY-003861,Payment,2024-04-05,PTY-0677,Rajesh Kumar Distributors,30000,0,30000,Payment to Rajesh Kumar Distributors,Posted,2024-04-05,2024-05-01
VCH-3862,COMP-0043,PAY-003862,Payment,2024-04-15,PTY-0678,Neha Sharma Distributors,42000,0,42000,Payment to Neha Sharma Distributors,Posted,2024-04-15,2024-05-01
VCH-3863,COMP-0043,PAY-003863,Payment,2024-05-10,PTY-0679,Neha Singh Traders,54000,0,54000,Payment to Neha Singh Traders,Posted,2024-05-10,2024-05-01
VCH-3864,COMP-0043,PAY-003864,Payment,2024-05-20,PTY-0680,Amit Patel Suppliers,66000,0,66000,Payment to Amit Patel Suppliers,Posted,2024-05-20,2024-05-01
VCH-3865,COMP-0043,CNT-003865,Contra,2024-04-05,,,0,0,50000,Contra Entry,Posted,2024-04-05,2024-05-01
VCH-3866,COMP-0043,CNT-003866,Contra,2024-04-15,,,0,0,75000,Contra Entry,Posted,2024-04-15,2024-05-01
VCH-3867,COMP-0043,CNT-003867,Contra,2024-05-10,,,0,0,100000,Contra Entry,Posted,2024-05-10,2024-05-01
VCH-3868,COMP-0043,DN-003868,Debit Note,2024-04-05,PTY-0681,Priya Gupta Traders,15000,2700,17700,Debit Note to Priya Gupta Traders,Posted,2024-04-05,2024-05-01
VCH-3869,COMP-0043,DN-003869,Debit Note,2024-04-15,PTY-0682,Priya Gupta Traders,23000,2700,25700,Debit Note to Priya Gupta Traders,Posted,2024-04-15,2024-05-01
VCH-3870,COMP-0043,DN-003870,Debit Note,2024-05-10,PTY-0683,Neha Kumar Distributors,31000,2700,33700,Debit Note to Neha Kumar Distributors,Posted,2024-05-10,2024-05-01
VCH-3871,COMP-0043,DN-003871,Debit Note,2024-05-20,PTY-0684,Rajesh Patel Traders,39000,2700,41700,Debit Note to Rajesh Patel Traders,Posted,2024-05-20,2024-05-01
VCH-3872,COMP-0043,CN-003872,Credit Note,2024-04-05,PTY-0685,Amit Kumar Suppliers,20000,3600,23600,Credit Note to Amit Kumar Suppliers,Posted,2024-04-05,2024-05-01
VCH-3873,COMP-0043,CN-003873,Credit Note,2024-04-15,PTY-0686,Amit Patel Traders,27000,3600,30600,Credit Note to Amit Patel Traders,Posted,2024-04-15,2024-05-01
VCH-3874,COMP-0043,CN-003874,Credit Note,2024-05-10,PTY-0687,Priya Sharma Distributors,34000,3600,37600,Credit Note to Priya Sharma Distributors,Posted,2024-05-10,2024-05-01
VCH-3875,COMP-0043,CN-003875,Credit Note,2024-05-20,PTY-0688,Rajesh Kumar Distributors,41000,3600,44600,Credit Note to Rajesh Kumar Distributors,Posted,2024-05-20,2024-05-01
VCH-3876,COMP-0043,DLN-003876,Delivery Note,2024-04-05,PTY-0673,Amit Kumar Distributors,0,0,0,Delivery Note to Amit Kumar Distributors,Posted,2024-04-05,2024-05-01
VCH-3877,COMP-0043,DLN-003877,Delivery Note,2024-04-15,PTY-0674,Neha Patel Distributors,0,0,0,Delivery Note to Neha Patel Distributors,Posted,2024-04-15,2024-05-01
VCH-3878,COMP-0043,DLN-003878,Delivery Note,2024-05-10,PTY-0675,Neha Kumar Distributors,0,0,0,Delivery Note to Neha Kumar Distributors,Posted,2024-05-10,2024-05-01
VCH-3879,COMP-0043,DLN-003879,Delivery Note,2024-05-20,PTY-0676,Vikram Kumar Distributors,0,0,0,Delivery Note to Vikram Kumar Distributors,Posted,2024-05-20,2024-05-01
VCH-3880,COMP-0043,RN-003880,Receipt Note,2024-04-05,PTY-0677,Rajesh Kumar Distributors,0,0,0,Receipt Note from Rajesh Kumar Distributors,Posted,2024-04-05,2024-05-01
VCH-3881,COMP-0043,RN-003881,Receipt Note,2024-04-15,PTY-0678,Neha Sharma Distributors,0,0,0,Receipt Note from Neha Sharma Distributors,Posted,2024-04-15,2024-05-01
VCH-3882,COMP-0043,RN-003882,Receipt Note,2024-05-10,PTY-0679,Neha Singh Traders,0,0,0,Receipt Note from Neha Singh Traders,Posted,2024-05-10,2024-05-01
VCH-3883,COMP-0043,RN-003883,Receipt Note,2024-05-20,PTY-0680,Amit Patel Suppliers,0,0,0,Receipt Note from Amit Patel Suppliers,Posted,2024-05-20,2024-05-01
VCH-3884,COMP-0044,RCP-003884,Receipt,2024-04-05,PTY-0689,Vikram Kumar Distributors,25000,0,25000,Receipt from Vikram Kumar Distributors,Posted,2024-04-05,2024-05-01
VCH-3885,COMP-0044,RCP-003885,Receipt,2024-04-15,PTY-0690,Priya Kumar Distributors,40000,0,40000,Receipt from Priya Kumar Distributors,Posted,2024-04-15,2024-05-01
VCH-3886,COMP-0044,RCP-003886,Receipt,2024-05-10,PTY-0691,Amit Patel Suppliers,55000,0,55000,Receipt from Amit Patel Suppliers,Posted,2024-05-10,2024-05-01
VCH-3887,COMP-0044,RCP-003887,Receipt,2024-05-20,PTY-0692,Rajesh Singh Traders,70000,0,70000,Receipt from Rajesh Singh Traders,Posted,2024-05-20,2024-05-01
VCH-3888,COMP-0044,PAY-003888,Payment,2024-04-05,PTY-0693,Rajesh Gupta Traders,30000,0,30000,Payment to Rajesh Gupta Traders,Posted,2024-04-05,2024-05-01
VCH-3889,COMP-0044,PAY-003889,Payment,2024-04-15,PTY-0694,Amit Gupta Traders,42000,0,42000,Payment to Amit Gupta Traders,Posted,2024-04-15,2024-05-01
VCH-3890,COMP-0044,PAY-003890,Payment,2024-05-10,PTY-0695,Neha Sharma Traders,54000,0,54000,Payment to Neha Sharma Traders,Posted,2024-05-10,2024-05-01
VCH-3891,COMP-0044,PAY-003891,Payment,2024-05-20,PTY-0696,Vikram Kumar Traders,66000,0,66000,Payment to Vikram Kumar Traders,Posted,2024-05-20,2024-05-01
VCH-3892,COMP-0044,CNT-003892,Contra,2024-04-05,,,0,0,50000,Contra Entry,Posted,2024-04-05,2024-05-01
VCH-3893,COMP-0044,CNT-003893,Contra,2024-04-15,,,0,0,75000,Contra Entry,Posted,2024-04-15,2024-05-01
VCH-3894,COMP-0044,CNT-003894,Contra,2024-05-10,,,0,0,100000,Contra Entry,Posted,2024-05-10,2024-05-01
VCH-3895,COMP-0044,DN-003895,Debit Note,2024-04-05,PTY-0697,Priya Kumar Suppliers,15000,2700,17700,Debit Note to Priya Kumar Suppliers,Posted,2024-04-05,2024-05-01
VCH-3896,COMP-0044,DN-003896,Debit Note,2024-04-15,PTY-0698,Priya Singh Suppliers,23000,2700,25700,Debit Note to Priya Singh Suppliers,Posted,2024-04-15,2024-05-01
VCH-3897,COMP-0044,DN-003897,Debit Note,2024-05-10,PTY-0699,Neha Singh Traders,31000,2700,33700,Debit Note to Neha Singh Traders,Posted,2024-05-10,2024-05-01
VCH-3898,COMP-0044,DN-003898,Debit Note,2024-05-20,PTY-0700,Priya Patel Traders,39000,2700,41700,Debit Note to Priya Patel Traders,Posted,2024-05-20,2024-05-01
VCH-3899,COMP-0044,CN-003899,Credit Note,2024-04-05,PTY-0701,Neha Singh Distributors,20000,3600,23600,Credit Note to Neha Singh Distributors,Posted,2024-04-05,2024-05-01
VCH-3900,COMP-0044,CN-003900,Credit Note,2024-04-15,PTY-0702,Neha Gupta Distributors,27000,3600,30600,Credit Note to Neha Gupta Distributors,Posted,2024-04-15,2024-05-01
VCH-3901,COMP-0044,CN-003901,Credit Note,2024-05-10,PTY-0703,Vikram Kumar Traders,34000,3600,37600,Credit Note to Vikram Kumar Traders,Posted,2024-05-10,2024-05-01
VCH-3902,COMP-0044,CN-003902,Credit Note,2024-05-20,PTY-0704,Amit Sharma Suppliers,41000,3600,44600,Credit Note to Amit Sharma Suppliers,Posted,2024-05-20,2024-05-01
VCH-3903,COMP-0044,DLN-003903,Delivery Note,2024-04-05,PTY-0689,Vikram Kumar Distributors,0,0,0,Delivery Note to Vikram Kumar Distributors,Posted,2024-04-05,2024-05-01
VCH-3904,COMP-0044,DLN-003904,Delivery Note,2024-04-15,PTY-0690,Priya Kumar Distributors,0,0,0,Delivery Note to Priya Kumar Distributors,Posted,2024-04-15,2024-05-01
VCH-3905,COMP-0044,DLN-003905,Delivery Note,2024-05-10,PTY-0691,Amit Patel Suppliers,0,0,0,Delivery Note to Amit Patel Suppliers,Posted,2024-05-10,2024-05-01
VCH-3906,COMP-0044,DLN-003906,Delivery Note,2024-05-20,PTY-0692,Rajesh Singh Traders,0,0,0,Delivery Note to Rajesh Singh Traders,Posted,2024-05-20,2024-05-01
VCH-3907,COMP-0044,RN-003907,Receipt Note,2024-04-05,PTY-0693,Rajesh Gupta Traders,0,0,0,Receipt Note from Rajesh Gupta Traders,Posted,2024-04-05,2024-05-01
VCH-3908,COMP-0044,RN-003908,Receipt Note,2024-04-15,PTY-0694,Amit Gupta Traders,0,0,0,Receipt Note from Amit Gupta Traders,Posted,2024-04-15,2024-05-01
VCH-3909,COMP-0044,RN-003909,Receipt Note,2024-05-10,PTY-0695,Neha Sharma Traders,0,0,0,Receipt Note from Neha Sharma Traders,Posted,2024-05-10,2024-05-01
VCH-3910,COMP-0044,RN-003910,Receipt Note,2024-05-20,PTY-0696,Vikram Kumar Traders,0,0,0,Receipt Note from Vikram Kumar Traders,Posted,2024-05-20,2024-05-01
VCH-3911,COMP-0045,RCP-003911,Receipt,2024-04-05,PTY-0705,Vikram Patel Traders,25000,0,25000,Receipt from Vikram Patel Traders,Posted,2024-04-05,2024-05-01
VCH-3912,COMP-0045,RCP-003912,Receipt,2024-04-15,PTY-0706,Vikram Sharma Suppliers,40000,0,40000,Receipt from Vikram Sharma Suppliers,Posted,2024-04-15,2024-05-01
VCH-3913,COMP-0045,RCP-003913,Receipt,2024-05-10,PTY-0707,Neha Gupta Suppliers,55000,0,55000,Receipt from Neha Gupta Suppliers,Posted,2024-05-10,2024-05-01
VCH-3914,COMP-0045,RCP-003914,Receipt,2024-05-20,PTY-0708,Priya Gupta Distributors,70000,0,70000,Receipt from Priya Gupta Distributors,Posted,2024-05-20,2024-05-01
VCH-3915,COMP-0045,PAY-003915,Payment,2024-04-05,PTY-0709,Priya Kumar Suppliers,30000,0,30000,Payment to Priya Kumar Suppliers,Posted,2024-04-05,2024-05-01
VCH-3916,COMP-0045,PAY-003916,Payment,2024-04-15,PTY-0710,Neha Sharma Traders,42000,0,42000,Payment to Neha Sharma Traders,Posted,2024-04-15,2024-05-01
VCH-3917,COMP-0045,PAY-003917,Payment,2024-05-10,PTY-0711,Rajesh Sharma Distributors,54000,0,54000,Payment to Rajesh Sharma Distributors,Posted,2024-05-10,2024-05-01
VCH-3918,COMP-0045,PAY-003918,Payment,2024-05-20,PTY-0712,Priya Sharma Suppliers,66000,0,66000,Payment to Priya Sharma Suppliers,Posted,2024-05-20,2024-05-01
VCH-3919,COMP-0045,CNT-003919,Contra,2024-04-05,,,0,0,50000,Contra Entry,Posted,2024-04-05,2024-05-01
VCH-3920,COMP-0045,CNT-003920,Contra,2024-04-15,,,0,0,75000,Contra Entry,Posted,2024-04-15,2024-05-01
VCH-3921,COMP-0045,CNT-003921,Contra,2024-05-10,,,0,0,100000,Contra Entry,Posted,2024-05-10,2024-05-01
VCH-3922,COMP-0045,DN-003922,Debit Note,2024-04-05,PTY-0713,Priya Sharma Traders,15000,2700,17700,Debit Note to Priya Sharma Traders,Posted,2024-04-05,2024-05-01
VCH-3923,COMP-0045,DN-003923,Debit Note,2024-04-15,PTY-0714,Priya Singh Distributors,23000,2700,25700,Debit Note to Priya Singh Distributors,Posted,2024-04-15,2024-05-01
VCH-3924,COMP-0045,DN-003924,Debit Note,2024-05-10,PTY-0715,Priya Patel Distributors,31000,2700,33700,Debit Note to Priya Patel Distributors,Posted,2024-05-10,2024-05-01
VCH-3925,COMP-0045,DN-003925,Debit Note,2024-05-20,PTY-0716,Rajesh Kumar Distributors,39000,2700,41700,Debit Note to Rajesh Kumar Distributors,Posted,2024-05-20,2024-05-01
VCH-3926,COMP-0045,CN-003926,Credit Note,2024-04-05,PTY-0717,Neha Sharma Distributors,20000,3600,23600,Credit Note to Neha Sharma Distributors,Posted,2024-04-05,2024-05-01
VCH-3927,COMP-0045,CN-003927,Credit Note,2024-04-15,PTY-0718,Neha Patel Traders,27000,3600,30600,Credit Note to Neha Patel Traders,Posted,2024-04-15,2024-05-01
VCH-3928,COMP-0045,CN-003928,Credit Note,2024-05-10,PTY-0719,Neha Singh Traders,34000,3600,37600,Credit Note to Neha Singh Traders,Posted,2024-05-10,2024-05-01
VCH-3929,COMP-0045,CN-003929,Credit Note,2024-05-20,PTY-0720,Priya Singh Distributors,41000,3600,44600,Credit Note to Priya Singh Distributors,Posted,2024-05-20,2024-05-01
VCH-3930,COMP-0045,DLN-003930,Delivery Note,2024-04-05,PTY-0705,Vikram Patel Traders,0,0,0,Delivery Note to Vikram Patel Traders,Posted,2024-04-05,2024-05-01
VCH-3931,COMP-0045,DLN-003931,Delivery Note,2024-04-15,PTY-0706,Vikram Sharma Suppliers,0,0,0,Delivery Note to Vikram Sharma Suppliers,Posted,2024-04-15,2024-05-01
VCH-3932,COMP-0045,DLN-003932,Delivery Note,2024-05-10,PTY-0707,Neha Gupta Suppliers,0,0,0,Delivery Note to Neha Gupta Suppliers,Posted,2024-05-10,2024-05-01
VCH-3933,COMP-0045,DLN-003933,Delivery Note,2024-05-20,PTY-0708,Priya Gupta Distributors,0,0,0,Delivery Note to Priya Gupta Distributors,Posted,2024-05-20,2024-05-01
VCH-3934,COMP-0045,RN-003934,Receipt Note,2024-04-05,PTY-0709,Priya Kumar Suppliers,0,0,0,Receipt Note from Priya Kumar Suppliers,Posted,2024-04-05,2024-05-01
VCH-3935,COMP-0045,RN-003935,Receipt Note,2024-04-15,PTY-0710,Neha Sharma Traders,0,0,0,Receipt Note from Neha Sharma Traders,Posted,2024-04-15,2024-05-01
VCH-3936,COMP-0045,RN-003936,Receipt Note,2024-05-10,PTY-0711,Rajesh Sharma Distributors,0,0,0,Receipt Note from Rajesh Sharma Distributors,Posted,2024-05-10,2024-05-01
VCH-3937,COMP-0045,RN-003937,Receipt Note,2024-05-20,PTY-0712,Priya Sharma Suppliers,0,0,0,Receipt Note from Priya Sharma Suppliers,Posted,2024-05-20,2024-05-01
VCH-3938,COMP-0046,RCP-003938,Receipt,2024-04-05,PTY-0721,Vikram Kumar Suppliers,25000,0,25000,Receipt from Vikram Kumar Suppliers,Posted,2024-04-05,2024-05-01
VCH-3939,COMP-0046,RCP-003939,Receipt,2024-04-15,PTY-0722,Vikram Patel Suppliers,40000,0,40000,Receipt from Vikram Patel Suppliers,Posted,2024-04-15,2024-05-01
VCH-3940,COMP-0046,RCP-003940,Receipt,2024-05-10,PTY-0723,Neha Patel Suppliers,55000,0,55000,Receipt from Neha Patel Suppliers,Posted,2024-05-10,2024-05-01
VCH-3941,COMP-0046,RCP-003941,Receipt,2024-05-20,PTY-0724,Rajesh Kumar Distributors,70000,0,70000,Receipt from Rajesh Kumar Distributors,Posted,2024-05-20,2024-05-01
VCH-3942,COMP-0046,PAY-003942,Payment,2024-04-05,PTY-0725,Vikram Gupta Distributors,30000,0,30000,Payment to Vikram Gupta Distributors,Posted,2024-04-05,2024-05-01
VCH-3943,COMP-0046,PAY-003943,Payment,2024-04-15,PTY-0726,Amit Gupta Traders,42000,0,42000,Payment to Amit Gupta Traders,Posted,2024-04-15,2024-05-01
VCH-3944,COMP-0046,PAY-003944,Payment,2024-05-10,PTY-0727,Rajesh Sharma Suppliers,54000,0,54000,Payment to Rajesh Sharma Suppliers,Posted,2024-05-10,2024-05-01
VCH-3945,COMP-0046,PAY-003945,Payment,2024-05-20,PTY-0728,Neha Singh Distributors,66000,0,66000,Payment to Neha Singh Distributors,Posted,2024-05-20,2024-05-01
VCH-3946,COMP-0046,CNT-003946,Contra,2024-04-05,,,0,0,50000,Contra Entry,Posted,2024-04-05,2024-05-01
VCH-3947,COMP-0046,CNT-003947,Contra,2024-04-15,,,0,0,75000,Contra Entry,Posted,2024-04-15,2024-05-01
VCH-3948,COMP-0046,CNT-003948,Contra,2024-05-10,,,0,0,100000,Contra Entry,Posted,2024-05-10,2024-05-01
VCH-3949,COMP-0046,DN-003949,Debit Note,2024-04-05,PTY-0729,Amit Gupta Distributors,15000,2700,17700,Debit Note to Amit Gupta Distributors,Posted,2024-04-05,2024-05-01
VCH-3950,COMP-0046,DN-003950,Debit Note,2024-04-15,PTY-0730,Vikram Kumar Suppliers,23000,2700,25700,Debit Note to Vikram Kumar Suppliers,Posted,2024-04-15,2024-05-01
VCH-3951,COMP-0046,DN-003951,Debit Note,2024-05-10,PTY-0731,Amit Sharma Traders,31000,2700,33700,Debit Note to Amit Sharma Traders,Posted,2024-05-10,2024-05-01
VCH-3952,COMP-0046,DN-003952,Debit Note,2024-05-20,PTY-0732,Priya Gupta Traders,39000,2700,41700,Debit Note to Priya Gupta Traders,Posted,2024-05-20,2024-05-01
VCH-3953,COMP-0046,CN-003953,Credit Note,2024-04-05,PTY-0733,Amit Kumar Suppliers,20000,3600,23600,Credit Note to Amit Kumar Suppliers,Posted,2024-04-05,2024-05-01
VCH-3954,COMP-0046,CN-003954,Credit Note,2024-04-15,PTY-0734,Priya Sharma Distributors,27000,3600,30600,Credit Note to Priya Sharma Distributors,Posted,2024-04-15,2024-05-01
VCH-3955,COMP-0046,CN-003955,Credit Note,2024-05-10,PTY-0735,Neha Patel Distributors,34000,3600,37600,Credit Note to Neha Patel Distributors,Posted,2024-05-10,2024-05-01
VCH-3956,COMP-0046,CN-003956,Credit Note,2024-05-20,PTY-0736,Vikram Patel Distributors,41000,3600,44600,Credit Note to Vikram Patel Distributors,Posted,2024-05-20,2024-05-01
VCH-3957,COMP-0046,DLN-003957,Delivery Note,2024-04-05,PTY-0721,Vikram Kumar Suppliers,0,0,0,Delivery Note to Vikram Kumar Suppliers,Posted,2024-04-05,2024-05-01
VCH-3958,COMP-0046,DLN-003958,Delivery Note,2024-04-15,PTY-0722,Vikram Patel Suppliers,0,0,0,Delivery Note to Vikram Patel Suppliers,Posted,2024-04-15,2024-05-01
VCH-3959,COMP-0046,DLN-003959,Delivery Note,2024-05-10,PTY-0723,Neha Patel Suppliers,0,0,0,Delivery Note to Neha Patel Suppliers,Posted,2024-05-10,2024-05-01
VCH-3960,COMP-0046,DLN-003960,Delivery Note,2024-05-20,PTY-0724,Rajesh Kumar Distributors,0,0,0,Delivery Note to Rajesh Kumar Distributors,Posted,2024-05-20,2024-05-01
VCH-3961,COMP-0046,RN-003961,Receipt Note,2024-04-05,PTY-0725,Vikram Gupta Distributors,0,0,0,Receipt Note from Vikram Gupta Distributors,Posted,2024-04-05,2024-05-01
VCH-3962,COMP-0046,RN-003962,Receipt Note,2024-04-15,PTY-0726,Amit Gupta Traders,0,0,0,Receipt Note from Amit Gupta Traders,Posted,2024-04-15,2024-05-01
VCH-3963,COMP-0046,RN-003963,Receipt Note,2024-05-10,PTY-0727,Rajesh Sharma Suppliers,0,0,0,Receipt Note from Rajesh Sharma Suppliers,Posted,2024-05-10,2024-05-01
VCH-3964,COMP-0046,RN-003964,Receipt Note,2024-05-20,PTY-0728,Neha Singh Distributors,0,0,0,Receipt Note from Neha Singh Distributors,Posted,2024-05-20,2024-05-01
VCH-3965,COMP-0047,RCP-003965,Receipt,2024-04-05,PTY-0737,Rajesh Singh Traders,25000,0,25000,Receipt from Rajesh Singh Traders,Posted,2024-04-05,2024-05-01
VCH-3966,COMP-0047,RCP-003966,Receipt,2024-04-15,PTY-0738,Amit Sharma Suppliers,40000,0,40000,Receipt from Amit Sharma Suppliers,Posted,2024-04-15,2024-05-01
VCH-3967,COMP-0047,RCP-003967,Receipt,2024-05-10,PTY-0739,Rajesh Patel Traders,55000,0,55000,Receipt from Rajesh Patel Traders,Posted,2024-05-10,2024-05-01
VCH-3968,COMP-0047,RCP-003968,Receipt,2024-05-20,PTY-0740,Rajesh Kumar Distributors,70000,0,70000,Receipt from Rajesh Kumar Distributors,Posted,2024-05-20,2024-05-01
VCH-3969,COMP-0047,PAY-003969,Payment,2024-04-05,PTY-0741,Amit Singh Traders,30000,0,30000,Payment to Amit Singh Traders,Posted,2024-04-05,2024-05-01
VCH-3970,COMP-0047,PAY-003970,Payment,2024-04-15,PTY-0742,Priya Gupta Traders,42000,0,42000,Payment to Priya Gupta Traders,Posted,2024-04-15,2024-05-01
VCH-3971,COMP-0047,PAY-003971,Payment,2024-05-10,PTY-0743,Priya Sharma Traders,54000,0,54000,Payment to Priya Sharma Traders,Posted,2024-05-10,2024-05-01
VCH-3972,COMP-0047,PAY-003972,Payment,2024-05-20,PTY-0744,Rajesh Gupta Distributors,66000,0,66000,Payment to Rajesh Gupta Distributors,Posted,2024-05-20,2024-05-01
VCH-3973,COMP-0047,CNT-003973,Contra,2024-04-05,,,0,0,50000,Contra Entry,Posted,2024-04-05,2024-05-01
VCH-3974,COMP-0047,CNT-003974,Contra,2024-04-15,,,0,0,75000,Contra Entry,Posted,2024-04-15,2024-05-01
VCH-3975,COMP-0047,CNT-003975,Contra,2024-05-10,,,0,0,100000,Contra Entry,Posted,2024-05-10,2024-05-01
VCH-3976,COMP-0047,DN-003976,Debit Note,2024-04-05,PTY-0745,Neha Sharma Distributors,15000,2700,17700,Debit Note to Neha Sharma Distributors,Posted,2024-04-05,2024-05-01
VCH-3977,COMP-0047,DN-003977,Debit Note,2024-04-15,PTY-0746,Rajesh Gupta Distributors,23000,2700,25700,Debit Note to Rajesh Gupta Distributors,Posted,2024-04-15,2024-05-01
VCH-3978,COMP-0047,DN-003978,Debit Note,2024-05-10,PTY-0747,Amit Patel Traders,31000,2700,33700,Debit Note to Amit Patel Traders,Posted,2024-05-10,2024-05-01
VCH-3979,COMP-0047,DN-003979,Debit Note,2024-05-20,PTY-0748,Neha Gupta Suppliers,39000,2700,41700,Debit Note to Neha Gupta Suppliers,Posted,2024-05-20,2024-05-01
VCH-3980,COMP-0047,CN-003980,Credit Note,2024-04-05,PTY-0749,Amit Sharma Suppliers,20000,3600,23600,Credit Note to Amit Sharma Suppliers,Posted,2024-04-05,2024-05-01
VCH-3981,COMP-0047,CN-003981,Credit Note,2024-04-15,PTY-0750,Amit Kumar Distributors,27000,3600,30600,Credit Note to Amit Kumar Distributors,Posted,2024-04-15,2024-05-01
VCH-3982,COMP-0047,CN-003982,Credit Note,2024-05-10,PTY-0751,Neha Sharma Traders,34000,3600,37600,Credit Note to Neha Sharma Traders,Posted,2024-05-10,2024-05-01
VCH-3983,COMP-0047,CN-003983,Credit Note,2024-05-20,PTY-0752,Amit Singh Distributors,41000,3600,44600,Credit Note to Amit Singh Distributors,Posted,2024-05-20,2024-05-01
VCH-3984,COMP-0047,DLN-003984,Delivery Note,2024-04-05,PTY-0737,Rajesh Singh Traders,0,0,0,Delivery Note to Rajesh Singh Traders,Posted,2024-04-05,2024-05-01
VCH-3985,COMP-0047,DLN-003985,Delivery Note,2024-04-15,PTY-0738,Amit Sharma Suppliers,0,0,0,Delivery Note to Amit Sharma Suppliers,Posted,2024-04-15,2024-05-01
VCH-3986,COMP-0047,DLN-003986,Delivery Note,2024-05-10,PTY-0739,Rajesh Patel Traders,0,0,0,Delivery Note to Rajesh Patel Traders,Posted,2024-05-10,2024-05-01
VCH-3987,COMP-0047,DLN-003987,Delivery Note,2024-05-20,PTY-0740,Rajesh Kumar Distributors,0,0,0,Delivery Note to Rajesh Kumar Distributors,Posted,2024-05-20,2024-05-01
VCH-3988,COMP-0047,RN-003988,Receipt Note,2024-04-05,PTY-0741,Amit Singh Traders,0,0,0,Receipt Note from Amit Singh Traders,Posted,2024-04-05,2024-05-01
VCH-3989,COMP-0047,RN-003989,Receipt Note,2024-04-15,PTY-0742,Priya Gupta Traders,0,0,0,Receipt Note from Priya Gupta Traders,Posted,2024-04-15,2024-05-01
VCH-3990,COMP-0047,RN-003990,Receipt Note,2024-05-10,PTY-0743,Priya Sharma Traders,0,0,0,Receipt Note from Priya Sharma Traders,Posted,2024-05-10,2024-05-01
VCH-3991,COMP-0047,RN-003991,Receipt Note,2024-05-20,PTY-0744,Rajesh Gupta Distributors,0,0,0,Receipt Note from Rajesh Gupta Distributors,Posted,2024-05-20,2024-05-01
VCH-3992,COMP-0048,RCP-003992,Receipt,2024-04-05,PTY-0753,Rajesh Patel Distributors,25000,0,25000,Receipt from Rajesh Patel Distributors,Posted,2024-04-05,2024-05-01
VCH-3993,COMP-0048,RCP-003993,Receipt,2024-04-15,PTY-0754,Priya Patel Traders,40000,0,40000,Receipt from Priya Patel Traders,Posted,2024-04-15,2024-05-01
VCH-3994,COMP-0048,RCP-003994,Receipt,2024-05-10,PTY-0755,Rajesh Patel Distributors,55000,0,55000,Receipt from Rajesh Patel Distributors,Posted,2024-05-10,2024-05-01
VCH-3995,COMP-0048,RCP-003995,Receipt,2024-05-20,PTY-0756,Amit Sharma Suppliers,70000,0,70000,Receipt from Amit Sharma Suppliers,Posted,2024-05-20,2024-05-01
VCH-3996,COMP-0048,PAY-003996,Payment,2024-04-05,PTY-0757,Amit Gupta Distributors,30000,0,30000,Payment to Amit Gupta Distributors,Posted,2024-04-05,2024-05-01
VCH-3997,COMP-0048,PAY-003997,Payment,2024-04-15,PTY-0758,Neha Kumar Distributors,42000,0,42000,Payment to Neha Kumar Distributors,Posted,2024-04-15,2024-05-01
VCH-3998,COMP-0048,PAY-003998,Payment,2024-05-10,PTY-0759,Priya Kumar Distributors,54000,0,54000,Payment to Priya Kumar Distributors,Posted,2024-05-10,2024-05-01
VCH-3999,COMP-0048,PAY-003999,Payment,2024-05-20,PTY-0760,Priya Patel Distributors,66000,0,66000,Payment to Priya Patel Distributors,Posted,2024-05-20,2024-05-01
VCH-4000,COMP-0048,CNT-004000,Contra,2024-04-05,,,0,0,50000,Contra Entry,Posted,2024-04-05,2024-05-01
VCH-4001,COMP-0048,CNT-004001,Contra,2024-04-15,,,0,0,75000,Contra Entry,Posted,2024-04-15,2024-05-01
VCH-4002,COMP-0048,CNT-004002,Contra,2024-05-10,,,0,0,100000,Contra Entry,Posted,2024-05-10,2024-05-01
VCH-4003,COMP-0048,DN-004003,Debit Note,2024-04-05,PTY-0761,Amit Sharma Suppliers,15000,2700,17700,Debit Note to Amit Sharma Suppliers,Posted,2024-04-05,2024-05-01
VCH-4004,COMP-0048,DN-004004,Debit Note,2024-04-15,PTY-0762,Priya Kumar Suppliers,23000,2700,25700,Debit Note to Priya Kumar Suppliers,Posted,2024-04-15,2024-05-01
VCH-4005,COMP-0048,DN-004005,Debit Note,2024-05-10,PTY-0763,Priya Patel Traders,31000,2700,33700,Debit Note to Priya Patel Traders,Posted,2024-05-10,2024-05-01
VCH-4006,COMP-0048,DN-004006,Debit Note,2024-05-20,PTY-0764,Vikram Patel Suppliers,39000,2700,41700,Debit Note to Vikram Patel Suppliers,Posted,2024-05-20,2024-05-01
VCH-4007,COMP-0048,CN-004007,Credit Note,2024-04-05,PTY-0765,Vikram Singh Distributors,20000,3600,23600,Credit Note to Vikram Singh Distributors,Posted,2024-04-05,2024-05-01
VCH-4008,COMP-0048,CN-004008,Credit Note,2024-04-15,PTY-0766,Amit Kumar Suppliers,27000,3600,30600,Credit Note to Amit Kumar Suppliers,Posted,2024-04-15,2024-05-01
VCH-4009,COMP-0048,CN-004009,Credit Note,2024-05-10,PTY-0767,Vikram Sharma Traders,34000,3600,37600,Credit Note to Vikram Sharma Traders,Posted,2024-05-10,2024-05-01
VCH-4010,COMP-0048,CN-004010,Credit Note,2024-05-20,PTY-0768,Vikram Gupta Traders,41000,3600,44600,Credit Note to Vikram Gupta Traders,Posted,2024-05-20,2024-05-01
VCH-4011,COMP-0048,DLN-004011,Delivery Note,2024-04-05,PTY-0753,Rajesh Patel Distributors,0,0,0,Delivery Note to Rajesh Patel Distributors,Posted,2024-04-05,2024-05-01
VCH-4012,COMP-0048,DLN-004012,Delivery Note,2024-04-15,PTY-0754,Priya Patel Traders,0,0,0,Delivery Note to Priya Patel Traders,Posted,2024-04-15,2024-05-01
VCH-4013,COMP-0048,DLN-004013,Delivery Note,2024-05-10,PTY-0755,Rajesh Patel Distributors,0,0,0,Delivery Note to Rajesh Patel Distributors,Posted,2024-05-10,2024-05-01
VCH-4014,COMP-0048,DLN-004014,Delivery Note,2024-05-20,PTY-0756,Amit Sharma Suppliers,0,0,0,Delivery Note to Amit Sharma Suppliers,Posted,2024-05-20,2024-05-01
VCH-4015,COMP-0048,RN-004015,Receipt Note,2024-04-05,PTY-0757,Amit Gupta Distributors,0,0,0,Receipt Note from Amit Gupta Distributors,Posted,2024-04-05,2024-05-01
VCH-4016,COMP-0048,RN-004016,Receipt Note,2024-04-15,PTY-0758,Neha Kumar Distributors,0,0,0,Receipt Note from Neha Kumar Distributors,Posted,2024-04-15,2024-05-01
VCH-4017,COMP-0048,RN-004017,Receipt Note,2024-05-10,PTY-0759,Priya Kumar Distributors,0,0,0,Receipt Note from Priya Kumar Distributors,Posted,2024-05-10,2024-05-01
VCH-4018,COMP-0048,RN-004018,Receipt Note,2024-05-20,PTY-0760,Priya Patel Distributors,0,0,0,Receipt Note from Priya Patel Distributors,Posted,2024-05-20,2024-05-01
VCH-4019,COMP-0049,RCP-004019,Receipt,2024-04-05,PTY-0769,Neha Kumar Traders,25000,0,25000,Receipt from Neha Kumar Traders,Posted,2024-04-05,2024-05-01
VCH-4020,COMP-0049,RCP-004020,Receipt,2024-04-15,PTY-0770,Priya Singh Distributors,40000,0,40000,Receipt from Priya Singh Distributors,Posted,2024-04-15,2024-05-01
VCH-4021,COMP-0049,RCP-004021,Receipt,2024-05-10,PTY-0771,Amit Patel Traders,55000,0,55000,Receipt from Amit Patel Traders,Posted,2024-05-10,2024-05-01
VCH-4022,COMP-0049,RCP-004022,Receipt,2024-05-20,PTY-0772,Vikram Gupta Suppliers,70000,0,70000,Receipt from Vikram Gupta Suppliers,Posted,2024-05-20,2024-05-01
VCH-4023,COMP-0049,PAY-004023,Payment,2024-04-05,PTY-0773,Rajesh Kumar Suppliers,30000,0,30000,Payment to Rajesh Kumar Suppliers,Posted,2024-04-05,2024-05-01
VCH-4024,COMP-0049,PAY-004024,Payment,2024-04-15,PTY-0774,Neha Singh Distributors,42000,0,42000,Payment to Neha Singh Distributors,Posted,2024-04-15,2024-05-01
VCH-4025,COMP-0049,PAY-004025,Payment,2024-05-10,PTY-0775,Rajesh Kumar Suppliers,54000,0,54000,Payment to Rajesh Kumar Suppliers,Posted,2024-05-10,2024-05-01
VCH-4026,COMP-0049,PAY-004026,Payment,2024-05-20,PTY-0776,Rajesh Singh Distributors,66000,0,66000,Payment to Rajesh Singh Distributors,Posted,2024-05-20,2024-05-01
VCH-4027,COMP-0049,CNT-004027,Contra,2024-04-05,,,0,0,50000,Contra Entry,Posted,2024-04-05,2024-05-01
VCH-4028,COMP-0049,CNT-004028,Contra,2024-04-15,,,0,0,75000,Contra Entry,Posted,2024-04-15,2024-05-01
VCH-4029,COMP-0049,CNT-004029,Contra,2024-05-10,,,0,0,100000,Contra Entry,Posted,2024-05-10,2024-05-01
VCH-4030,COMP-0049,DN-004030,Debit Note,2024-04-05,PTY-0777,Amit Gupta Distributors,15000,2700,17700,Debit Note to Amit Gupta Distributors,Posted,2024-04-05,2024-05-01
VCH-4031,COMP-0049,DN-004031,Debit Note,2024-04-15,PTY-0778,Amit Patel Traders,23000,2700,25700,Debit Note to Amit Patel Traders,Posted,2024-04-15,2024-05-01
VCH-4032,COMP-0049,DN-004032,Debit Note,2024-05-10,PTY-0779,Rajesh Singh Suppliers,31000,2700,33700,Debit Note to Rajesh Singh Suppliers,Posted,2024-05-10,2024-05-01
VCH-4033,COMP-0049,DN-004033,Debit Note,2024-05-20,PTY-0780,Priya Sharma Distributors,39000,2700,41700,Debit Note to Priya Sharma Distributors,Posted,2024-05-20,2024-05-01
VCH-4034,COMP-0049,CN-004034,Credit Note,2024-04-05,PTY-0781,Priya Sharma Distributors,20000,3600,23600,Credit Note to Priya Sharma Distributors,Posted,2024-04-05,2024-05-01
VCH-4035,COMP-0049,CN-004035,Credit Note,2024-04-15,PTY-0782,Priya Sharma Traders,27000,3600,30600,Credit Note to Priya Sharma Traders,Posted,2024-04-15,2024-05-01
VCH-4036,COMP-0049,CN-004036,Credit Note,2024-05-10,PTY-0783,Amit Sharma Suppliers,34000,3600,37600,Credit Note to Amit Sharma Suppliers,Posted,2024-05-10,2024-05-01
VCH-4037,COMP-0049,CN-004037,Credit Note,2024-05-20,PTY-0784,Rajesh Singh Traders,41000,3600,44600,Credit Note to Rajesh Singh Traders,Posted,2024-05-20,2024-05-01
VCH-4038,COMP-0049,DLN-004038,Delivery Note,2024-04-05,PTY-0769,Neha Kumar Traders,0,0,0,Delivery Note to Neha Kumar Traders,Posted,2024-04-05,2024-05-01
VCH-4039,COMP-0049,DLN-004039,Delivery Note,2024-04-15,PTY-0770,Priya Singh Distributors,0,0,0,Delivery Note to Priya Singh Distributors,Posted,2024-04-15,2024-05-01
VCH-4040,COMP-0049,DLN-004040,Delivery Note,2024-05-10,PTY-0771,Amit Patel Traders,0,0,0,Delivery Note to Amit Patel Traders,Posted,2024-05-10,2024-05-01
VCH-4041,COMP-0049,DLN-004041,Delivery Note,2024-05-20,PTY-0772,Vikram Gupta Suppliers,0,0,0,Delivery Note to Vikram Gupta Suppliers,Posted,2024-05-20,2024-05-01
VCH-4042,COMP-0049,RN-004042,Receipt Note,2024-04-05,PTY-0773,Rajesh Kumar Suppliers,0,0,0,Receipt Note from Rajesh Kumar Suppliers,Posted,2024-04-05,2024-05-01
VCH-4043,COMP-0049,RN-004043,Receipt Note,2024-04-15,PTY-0774,Neha Singh Distributors,0,0,0,Receipt Note from Neha Singh Distributors,Posted,2024-04-15,2024-05-01
VCH-4044,COMP-0049,RN-004044,Receipt Note,2024-05-10,PTY-0775,Rajesh Kumar Suppliers,0,0,0,Receipt Note from Rajesh Kumar Suppliers,Posted,2024-05-10,2024-05-01
VCH-4045,COMP-0049,RN-004045,Receipt Note,2024-05-20,PTY-0776,Rajesh Singh Distributors,0,0,0,Receipt Note from Rajesh Singh Distributors,Posted,2024-05-20,2024-05-01
VCH-4046,COMP-0050,RCP-004046,Receipt,2024-04-05,PTY-0785,Rajesh Gupta Suppliers,25000,0,25000,Receipt from Rajesh Gupta Suppliers,Posted,2024-04-05,2024-05-01
VCH-4047,COMP-0050,RCP-004047,Receipt,2024-04-15,PTY-0786,Amit Gupta Traders,40000,0,40000,Receipt from Amit Gupta Traders,Posted,2024-04-15,2024-05-01
VCH-4048,COMP-0050,RCP-004048,Receipt,2024-05-10,PTY-0787,Priya Singh Suppliers,55000,0,55000,Receipt from Priya Singh Suppliers,Posted,2024-05-10,2024-05-01
VCH-4049,COMP-0050,RCP-004049,Receipt,2024-05-20,PTY-0788,Rajesh Sharma Distributors,70000,0,70000,Receipt from Rajesh Sharma Distributors,Posted,2024-05-20,2024-05-01
VCH-4050,COMP-0050,PAY-004050,Payment,2024-04-05,PTY-0789,Rajesh Gupta Distributors,30000,0,30000,Payment to Rajesh Gupta Distributors,Posted,2024-04-05,2024-05-01
VCH-4051,COMP-0050,PAY-004051,Payment,2024-04-15,PTY-0790,Priya Sharma Distributors,42000,0,42000,Payment to Priya Sharma Distributors,Posted,2024-04-15,2024-05-01
VCH-4052,COMP-0050,PAY-004052,Payment,2024-05-10,PTY-0791,Neha Sharma Traders,54000,0,54000,Payment to Neha Sharma Traders,Posted,2024-05-10,2024-05-01
VCH-4053,COMP-0050,PAY-004053,Payment,2024-05-20,PTY-0792,Rajesh Patel Traders,66000,0,66000,Payment to Rajesh Patel Traders,Posted,2024-05-20,2024-05-01
VCH-4054,COMP-0050,CNT-004054,Contra,2024-04-05,,,0,0,50000,Contra Entry,Posted,2024-04-05,2024-05-01
VCH-4055,COMP-0050,CNT-004055,Contra,2024-04-15,,,0,0,75000,Contra Entry,Posted,2024-04-15,2024-05-01
VCH-4056,COMP-0050,CNT-004056,Contra,2024-05-10,,,0,0,100000,Contra Entry,Posted,2024-05-10,2024-05-01
VCH-4057,COMP-0050,DN-004057,Debit Note,2024-04-05,PTY-0793,Neha Kumar Suppliers,15000,2700,17700,Debit Note to Neha Kumar Suppliers,Posted,2024-04-05,2024-05-01
VCH-4058,COMP-0050,DN-004058,Debit Note,2024-04-15,PTY-0794,Vikram Sharma Traders,23000,2700,25700,Debit Note to Vikram Sharma Traders,Posted,2024-04-15,2024-05-01
VCH-4059,COMP-0050,DN-004059,Debit Note,2024-05-10,PTY-0795,Amit Gupta Suppliers,31000,2700,33700,Debit Note to Amit Gupta Suppliers,Posted,2024-05-10,2024-05-01
VCH-4060,COMP-0050,DN-004060,Debit Note,2024-05-20,PTY-0796,Amit Patel Distributors,39000,2700,41700,Debit Note to Amit Patel Distributors,Posted,2024-05-20,2024-05-01
VCH-4061,COMP-0050,CN-004061,Credit Note,2024-04-05,PTY-0797,Priya Kumar Traders,20000,3600,23600,Credit Note to Priya Kumar Traders,Posted,2024-04-05,2024-05-01
VCH-4062,COMP-0050,CN-004062,Credit Note,2024-04-15,PTY-0798,Neha Kumar Traders,27000,3600,30600,Credit Note to Neha Kumar Traders,Posted,2024-04-15,2024-05-01
VCH-4063,COMP-0050,CN-004063,Credit Note,2024-05-10,PTY-0799,Priya Kumar Suppliers,34000,3600,37600,Credit Note to Priya Kumar Suppliers,Posted,2024-05-10,2024-05-01
VCH-4064,COMP-0050,CN-004064,Credit Note,2024-05-20,PTY-0800,Neha Patel Suppliers,41000,3600,44600,Credit Note to Neha Patel Suppliers,Posted,2024-05-20,2024-05-01
VCH-4065,COMP-0050,DLN-004065,Delivery Note,2024-04-05,PTY-0785,Rajesh Gupta Suppliers,0,0,0,Delivery Note to Rajesh Gupta Suppliers,Posted,2024-04-05,2024-05-01
VCH-4066,COMP-0050,DLN-004066,Delivery Note,2024-04-15,PTY-0786,Amit Gupta Traders,0,0,0,Delivery Note to Amit Gupta Traders,Posted,2024-04-15,2024-05-01
VCH-4067,COMP-0050,DLN-004067,Delivery Note,2024-05-10,PTY-0787,Priya Singh Suppliers,0,0,0,Delivery Note to Priya Singh Suppliers,Posted,2024-05-10,2024-05-01
VCH-4068,COMP-0050,DLN-004068,Delivery Note,2024-05-20,PTY-0788,Rajesh Sharma Distributors,0,0,0,Delivery Note to Rajesh Sharma Distributors,Posted,2024-05-20,2024-05-01
VCH-4069,COMP-0050,RN-004069,Receipt Note,2024-04-05,PTY-0789,Rajesh Gupta Distributors,0,0,0,Receipt Note from Rajesh Gupta Distributors,Posted,2024-04-05,2024-05-01
VCH-4070,COMP-0050,RN-004070,Receipt Note,2024-04-15,PTY-0790,Priya Sharma Distributors,0,0,0,Receipt Note from Priya Sharma Distributors,Posted,2024-04-15,2024-05-01
VCH-4071,COMP-0050,RN-004071,Receipt Note,2024-05-10,PTY-0791,Neha Sharma Traders,0,0,0,Receipt Note from Neha Sharma Traders,Posted,2024-05-10,2024-05-01
VCH-4072,COMP-0050,RN-004072,Receipt Note,2024-05-20,PTY-0792,Rajesh Patel Traders,0,0,0,Receipt Note from Rajesh Patel Traders,Posted,2024-05-20,2024-05-01
